timestamp,airspeed_mps,wind_combined_mps,wind1_mps,wind2_mps,pot1,pot2,steer_x_deg,steer_y_deg
2026-07-04 04:48:21.480,0.0,0.0,0.0,0.0,0,0,7.91,26.44
2026-07-04 04:48:21.977,0.4,0.0,0.4,0.4,0,1640,7.91,2.42
2026-07-04 04:48:22.477,0.4,0.0,0.4,0.4,0,1640,7.91,2.42
2026-07-04 04:48:22.976,0.4,0.0,0.4,0.4,0,1639,7.91,2.43
2026-07-04 04:48:23.473,0.4,0.0,0.4,0.4,0,1642,7.91,2.39
2026-07-04 04:48:23.975,0.4,0.0,0.4,0.4,0,1641,7.91,2.40
2026-07-04 04:48:24.535,0.4,0.0,0.4,0.4,0,1640,7.91,2.42
2026-07-04 04:48:25.035,0.4,0.0,0.4,0.4,0,1640,7.91,2.42
2026-07-04 04:48:25.517,0.4,0.0,0.4,0.4,0,1636,7.91,2.48
2026-07-04 04:48:26.019,0.4,0.0,0.4,0.4,0,1636,7.91,2.48
2026-07-04 04:48:26.518,0.4,0.0,0.4,0.4,0,1639,7.91,2.43
2026-07-04 04:48:27.015,0.4,0.0,0.4,0.4,0,1642,7.91,2.39
2026-07-04 04:48:27.518,0.4,0.0,0.4,0.4,0,1641,7.91,2.40
2026-07-04 04:48:28.016,0.4,0.0,0.4,0.4,0,1641,7.91,2.40
2026-07-04 04:48:28.475,0.4,0.0,0.4,0.4,0,1639,7.91,2.43
2026-07-04 04:48:29.031,0.4,0.0,0.4,0.4,0,1641,7.91,2.40
2026-07-04 04:48:29.527,0.4,0.0,0.4,0.4,0,1641,7.91,2.40
2026-07-04 04:48:30.028,0.4,0.0,0.4,0.4,0,1642,7.91,2.39
2026-07-04 04:48:30.512,0.4,0.0,0.4,0.4,0,1641,7.91,2.40
2026-07-04 04:48:31.012,0.4,0.0,0.4,0.4,0,1642,7.91,2.39
2026-07-04 04:48:31.510,0.4,0.0,0.4,0.4,0,1637,7.91,2.46
2026-07-04 04:48:32.006,0.4,0.0,0.4,0.4,0,1641,7.91,2.40
2026-07-04 04:48:32.515,0.4,0.0,0.4,0.4,0,1641,7.91,2.40
2026-07-04 04:48:33.182,0.4,0.0,0.4,0.4,0,1641,7.91,2.40
2026-07-04 04:48:33.508,0.4,0.0,0.4,0.4,1,1641,7.90,2.40
2026-07-04 04:48:33.990,0.4,0.0,0.4,0.4,0,1641,7.91,2.40
2026-07-04 04:48:34.502,0.4,0.0,0.4,0.4,0,1640,7.91,2.42
2026-07-04 04:48:35.000,0.4,0.0,0.4,0.4,0,1641,7.91,2.40
2026-07-04 04:48:35.501,0.4,0.0,0.4,0.4,0,1642,7.91,2.39
2026-07-04 04:48:35.996,0.4,0.0,0.4,0.4,0,1634,7.91,2.50
2026-07-04 04:48:36.501,0.4,0.0,0.4,0.4,0,1641,7.91,2.40
2026-07-04 04:48:37.031,0.4,0.0,0.4,0.4,0,1641,7.91,2.40
2026-07-04 04:48:37.484,0.4,0.0,0.4,0.4,0,1641,7.91,2.40
2026-07-04 04:48:38.011,0.4,0.0,0.4,0.4,0,1641,7.91,2.40
2026-07-04 04:48:38.507,0.4,0.0,0.4,0.4,0,1641,7.91,2.40
2026-07-04 04:48:39.013,0.4,0.0,0.4,0.4,0,1643,7.91,2.37
2026-07-04 04:48:39.525,0.4,0.0,0.4,0.4,0,1639,7.91,2.43
2026-07-04 04:48:40.476,0.4,0.0,0.4,0.4,0,1640,7.91,2.42
2026-07-04 04:48:40.538,0.4,0.0,0.4,0.4,0,1641,7.91,2.40
2026-07-04 04:48:41.037,0.4,0.0,0.4,0.4,0,1641,7.91,2.40
2026-07-04 04:48:41.475,0.4,0.0,0.4,0.4,0,1641,7.91,2.40
2026-07-04 04:48:42.034,0.4,0.0,0.4,0.4,0,1639,7.91,2.43
2026-07-04 04:48:42.534,0.4,0.0,0.4,0.4,0,1640,7.91,2.42
2026-07-04 04:48:43.030,0.4,0.0,0.4,0.4,0,1640,7.91,2.42
2026-07-04 04:48:43.515,0.4,0.0,0.4,0.4,0,1640,7.91,2.42
2026-07-04 04:48:43.984,0.4,0.0,0.4,0.4,0,1641,7.91,2.40
2026-07-04 04:48:44.482,0.4,0.0,0.4,0.4,0,1640,7.91,2.42
2026-07-04 04:48:44.996,0.4,0.0,0.4,0.4,0,1641,7.91,2.40
2026-07-04 04:48:45.526,0.4,0.0,0.4,0.4,0,1640,7.91,2.42
2026-07-04 04:48:45.993,0.4,0.0,0.4,0.4,0,1641,7.91,2.40
2026-07-04 04:48:46.472,0.4,0.0,0.4,0.4,0,1635,7.91,2.49
2026-07-04 04:48:47.000,0.4,0.0,0.4,0.4,0,1640,7.91,2.42
2026-07-04 04:48:47.492,0.4,0.0,0.4,0.4,0,1148,7.91,9.62
2026-07-04 04:48:47.978,0.4,0.0,0.4,0.4,0,1641,7.91,2.40
2026-07-04 04:48:48.508,0.4,0.0,0.4,0.4,0,1640,7.91,2.42
2026-07-04 04:48:48.999,0.4,0.0,0.4,0.4,0,1641,7.91,2.40
2026-07-04 04:48:49.493,0.4,0.0,0.4,0.4,0,1639,7.91,2.43
2026-07-04 04:48:49.993,0.4,0.0,0.4,0.4,0,1641,7.91,2.40
2026-07-04 04:48:50.493,0.4,0.0,0.4,0.4,0,1640,7.91,2.42
2026-07-04 04:48:50.992,0.4,0.0,0.4,0.4,0,1640,7.91,2.42
2026-07-04 04:48:51.506,0.4,0.0,0.4,0.4,0,1641,7.91,2.40
2026-07-04 04:48:52.005,0.4,0.0,0.4,0.4,0,1641,7.91,2.40
2026-07-04 04:48:52.508,0.4,0.0,0.4,0.4,0,1641,7.91,2.40
2026-07-04 04:48:52.997,0.4,0.0,0.4,0.4,0,1640,7.91,2.42
2026-07-04 04:48:53.510,0.4,0.0,0.4,0.4,0,1642,7.91,2.39
2026-07-04 04:48:53.996,0.4,0.0,0.4,0.4,0,1640,7.91,2.42
2026-07-04 04:48:54.525,0.4,0.0,0.4,0.4,0,1641,7.91,2.40
2026-07-04 04:48:55.008,0.4,0.0,0.4,0.4,0,1640,7.91,2.42
2026-07-04 04:48:55.505,0.4,0.0,0.4,0.4,0,1641,7.91,2.40
2026-07-04 04:48:55.986,0.4,0.0,0.4,0.4,0,1641,7.91,2.40
2026-07-04 04:48:56.515,0.4,0.0,0.4,0.4,0,1641,7.91,2.40
2026-07-04 04:48:56.999,0.4,0.0,0.4,0.4,0,1148,7.91,9.62
2026-07-04 04:48:57.491,0.4,0.0,0.4,0.4,0,1640,7.91,2.42
2026-07-04 04:48:57.989,0.4,0.0,0.4,0.4,0,1639,7.91,2.43
2026-07-04 04:48:58.484,0.4,0.0,0.4,0.4,0,1642,7.91,2.39
2026-07-04 04:48:58.979,0.4,0.0,0.4,0.4,0,1642,7.91,2.39
2026-07-04 04:48:59.538,0.4,0.0,0.4,0.4,0,1641,7.91,2.40
2026-07-04 04:49:00.024,0.4,0.0,0.4,0.4,0,1641,7.91,2.40
2026-07-04 04:49:00.519,0.4,0.0,0.4,0.4,0,1640,7.91,2.42
2026-07-04 04:49:01.010,0.4,0.0,0.4,0.4,0,1641,7.91,2.40
2026-07-04 04:49:01.506,0.4,0.0,0.4,0.4,0,1640,7.91,2.42
2026-07-04 04:49:01.985,0.4,0.0,0.4,0.4,0,1640,7.91,2.42
2026-07-04 04:49:02.497,0.4,0.0,0.4,0.4,0,1636,7.91,2.48
2026-07-04 04:49:02.995,0.4,0.0,0.4,0.4,0,1641,7.91,2.40
2026-07-04 04:49:03.486,0.4,0.0,0.4,0.4,0,1640,7.91,2.42
2026-07-04 04:49:04.023,0.4,0.0,0.4,0.4,0,1148,7.91,9.62
2026-07-04 04:49:04.507,0.4,0.0,0.4,0.4,0,1640,7.91,2.42
2026-07-04 04:49:04.983,0.4,0.0,0.4,0.4,0,1640,7.91,2.42
2026-07-04 04:49:05.486,0.4,0.0,0.4,0.4,0,1641,7.91,2.40
2026-07-04 04:49:06.044,0.4,0.0,0.4,0.4,0,1641,7.91,2.40
2026-07-04 04:49:06.511,0.4,0.0,0.4,0.4,0,1641,7.91,2.40
2026-07-04 04:49:07.003,0.4,0.0,0.4,0.4,0,1639,7.91,2.43
2026-07-04 04:49:07.508,0.4,0.0,0.4,0.4,0,1641,7.91,2.40
2026-07-04 04:49:08.006,0.4,0.0,0.4,0.4,0,1641,7.91,2.40
2026-07-04 04:49:08.506,0.4,0.0,0.4,0.4,0,1639,7.91,2.43
2026-07-04 04:49:09.037,0.4,0.0,0.4,0.4,0,1640,7.91,2.42
2026-07-04 04:49:09.501,0.4,0.0,0.4,0.4,0,1148,7.91,9.62
2026-07-04 04:49:10.483,0.4,0.0,0.4,0.4,0,1640,7.91,2.42
2026-07-04 04:49:10.545,0.4,0.0,0.4,0.4,0,1640,7.91,2.42
2026-07-04 04:49:11.034,0.4,0.0,0.4,0.4,0,1637,7.91,2.46
2026-07-04 04:49:11.522,0.4,0.0,0.4,0.4,0,1148,7.91,9.62
2026-07-04 04:49:12.020,0.4,0.0,0.4,0.4,0,1640,7.91,2.42
2026-07-04 04:49:12.518,0.4,0.0,0.4,0.4,0,1638,7.91,2.45
2026-07-04 04:49:13.017,0.4,0.0,0.4,0.4,0,1641,7.91,2.40
2026-07-04 04:49:13.498,0.4,0.0,0.4,0.4,0,1641,7.91,2.40
2026-07-04 04:49:14.022,0.4,0.0,0.4,0.4,0,1640,7.91,2.42
2026-07-04 04:49:14.490,0.4,0.0,0.4,0.4,0,1640,7.91,2.42
2026-07-04 04:49:15.022,0.4,0.0,0.4,0.4,0,1641,7.91,2.40
2026-07-04 04:49:15.502,0.4,0.0,0.4,0.4,0,1639,7.91,2.43
2026-07-04 04:49:15.989,0.4,0.0,0.4,0.4,0,1638,7.91,2.45
2026-07-04 04:49:16.500,0.4,0.0,0.4,0.4,0,1637,7.91,2.46
2026-07-04 04:49:17.015,0.4,0.0,0.4,0.4,0,1641,7.91,2.40
2026-07-04 04:49:17.545,0.4,0.0,0.4,0.4,0,1148,7.91,9.62
2026-07-04 04:49:18.044,0.4,0.0,0.4,0.4,0,1641,7.91,2.40
2026-07-04 04:49:18.524,0.4,0.0,0.4,0.4,0,1641,7.91,2.40
2026-07-04 04:49:19.003,0.4,0.0,0.4,0.4,0,1148,7.91,9.62
2026-07-04 04:49:19.539,0.4,0.0,0.4,0.4,0,1641,7.91,2.40
2026-07-04 04:49:20.039,0.4,0.0,0.4,0.4,0,1641,7.91,2.40
2026-07-04 04:49:20.537,0.4,0.0,0.4,0.4,0,1640,7.91,2.42
2026-07-04 04:49:21.037,0.4,0.0,0.4,0.4,0,1148,7.91,9.62
2026-07-04 04:49:21.536,0.4,0.0,0.4,0.4,0,1641,7.91,2.40
2026-07-04 04:49:22.016,0.4,0.0,0.4,0.4,0,1641,7.91,2.40
2026-07-04 04:49:22.492,0.4,0.0,0.4,0.4,0,1640,7.91,2.42
2026-07-04 04:49:23.046,0.4,0.0,0.4,0.4,0,1640,7.91,2.42
2026-07-04 04:49:23.529,0.4,0.0,0.4,0.4,0,1148,7.91,9.62
2026-07-04 04:49:24.012,0.4,0.0,0.4,0.4,0,1642,7.91,2.39
2026-07-04 04:49:24.508,0.4,0.0,0.4,0.4,0,1148,7.91,9.62
2026-07-04 04:49:25.004,0.4,0.0,0.4,0.4,0,1148,7.91,9.62
2026-07-04 04:49:25.491,0.4,0.0,0.4,0.4,0,1642,7.91,2.39
2026-07-04 04:49:26.022,0.4,0.0,0.4,0.4,0,1148,7.91,9.62
2026-07-04 04:49:26.507,0.4,0.0,0.4,0.4,0,1148,7.91,9.62
2026-07-04 04:49:27.005,0.4,0.0,0.4,0.4,0,1641,7.91,2.40
2026-07-04 04:49:27.506,0.4,0.0,0.4,0.4,0,1641,7.91,2.40
2026-07-04 04:49:28.009,0.4,0.0,0.4,0.4,0,1641,7.91,2.40
2026-07-04 04:49:28.508,0.4,0.0,0.4,0.4,0,1641,7.91,2.40
2026-07-04 04:49:28.989,0.4,0.0,0.4,0.4,0,1641,7.91,2.40
2026-07-04 04:49:29.510,0.4,0.0,0.4,0.4,0,1641,7.91,2.40
2026-07-04 04:49:30.014,0.4,0.0,0.4,0.4,0,1641,7.91,2.40
2026-07-04 04:49:30.495,0.4,0.0,0.4,0.4,0,1641,7.91,2.40
2026-07-04 04:49:31.038,0.4,0.0,0.4,0.4,0,1640,7.91,2.42
2026-07-04 04:49:31.542,0.4,0.0,0.4,0.4,0,1641,7.91,2.40
2026-07-04 04:49:32.038,0.4,0.0,0.4,0.4,0,1638,7.91,2.45
2026-07-04 04:49:32.540,0.4,0.0,0.4,0.4,0,1148,7.91,9.62
2026-07-04 04:49:33.038,0.4,0.0,0.4,0.4,0,1641,7.91,2.40
2026-07-04 04:49:33.536,0.4,0.0,0.4,0.4,0,1641,7.91,2.40
2026-07-04 04:49:34.040,0.4,0.0,0.4,0.4,0,1148,7.91,9.62
2026-07-04 04:49:34.541,0.4,0.0,0.4,0.4,0,1641,7.91,2.40
2026-07-04 04:49:35.036,0.4,0.0,0.4,0.4,0,1642,7.91,2.39
2026-07-04 04:49:35.540,0.4,0.0,0.4,0.4,0,1638,7.91,2.45
2026-07-04 04:49:36.035,0.4,0.0,0.4,0.4,0,1638,7.91,2.45
2026-07-04 04:49:36.532,0.4,0.0,0.4,0.4,0,1641,7.91,2.40
2026-07-04 04:49:37.032,0.4,0.0,0.4,0.4,0,1640,7.91,2.42
2026-07-04 04:49:37.499,0.4,0.0,0.4,0.4,0,1641,7.91,2.40
2026-07-04 04:49:37.989,0.4,0.0,0.4,0.4,0,1641,7.91,2.40
2026-07-04 04:49:38.505,0.4,0.0,0.4,0.4,0,1642,7.91,2.39
2026-07-04 04:49:39.028,0.4,0.0,0.4,0.4,0,1641,7.91,2.40
2026-07-04 04:49:39.540,0.4,0.0,0.4,0.4,0,1641,7.91,2.40
2026-07-04 04:49:40.038,0.4,0.0,0.4,0.4,0,1641,7.91,2.40
2026-07-04 04:49:40.540,0.4,0.0,0.4,0.4,0,1640,7.91,2.42
2026-07-04 04:49:41.037,0.4,0.0,0.4,0.4,0,1641,7.91,2.40
2026-07-04 04:49:41.536,0.4,0.0,0.4,0.4,0,1641,7.91,2.40
2026-07-04 04:49:42.017,0.4,0.0,0.4,0.4,0,1642,7.91,2.39
2026-07-04 04:49:42.502,0.4,0.0,0.4,0.4,0,1642,7.91,2.39
2026-07-04 04:49:42.998,0.4,0.0,0.4,0.4,0,1641,7.91,2.40
2026-07-04 04:49:43.531,0.4,0.0,0.4,0.4,0,1641,7.91,2.40
2026-07-04 04:49:44.009,0.4,0.0,0.4,0.4,0,1148,7.91,9.62
2026-07-04 04:49:44.492,0.4,0.0,0.4,0.4,0,1641,7.91,2.40
2026-07-04 04:49:44.984,0.4,0.0,0.4,0.4,0,1640,7.91,2.42
2026-07-04 04:49:45.530,0.4,0.0,0.4,0.4,0,1148,7.91,9.62
2026-07-04 04:49:45.996,0.4,0.0,0.4,0.4,0,1639,7.91,2.43
2026-07-04 04:49:46.494,0.4,0.0,0.4,0.4,0,1638,7.91,2.45
2026-07-04 04:49:46.990,0.4,0.0,0.4,0.4,0,1641,7.91,2.40
2026-07-04 04:49:47.490,0.4,0.0,0.4,0.4,0,1637,7.91,2.46
2026-07-04 04:49:48.017,0.4,0.0,0.4,0.4,0,1640,7.91,2.42
2026-07-04 04:49:48.492,0.4,0.0,0.4,0.4,0,1640,7.91,2.42
2026-07-04 04:49:49.511,0.4,0.0,0.4,0.4,0,1640,7.91,2.42
2026-07-04 04:49:49.511,0.4,0.0,0.4,0.4,0,1641,7.91,2.40
2026-07-04 04:49:50.010,0.4,0.0,0.4,0.4,1,1641,7.90,2.40
2026-07-04 04:49:50.508,0.4,0.0,0.4,0.4,0,1640,7.91,2.42
2026-07-04 04:49:51.004,0.4,0.0,0.4,0.4,0,1642,7.91,2.39
2026-07-04 04:49:51.507,0.4,0.0,0.4,0.4,0,1641,7.91,2.40
2026-07-04 04:49:52.006,0.4,0.0,0.4,0.4,0,1642,7.91,2.39
2026-07-04 04:49:52.501,0.4,0.0,0.4,0.4,0,1632,7.91,2.53
2026-07-04 04:49:52.989,0.4,0.0,0.4,0.4,0,1148,7.91,9.62
2026-07-04 04:49:53.517,0.4,0.0,0.4,0.4,0,1641,7.91,2.40
2026-07-04 04:49:53.984,0.4,0.0,0.4,0.4,0,1641,7.91,2.40
2026-07-04 04:49:54.524,0.4,0.0,0.4,0.4,0,1640,7.91,2.42
2026-07-04 04:49:54.997,0.4,0.0,0.4,0.4,0,1637,7.91,2.46
2026-07-04 04:49:55.544,0.4,0.0,0.4,0.4,0,1640,7.91,2.42
2026-07-04 04:49:56.026,0.4,0.0,0.4,0.4,0,1643,7.91,2.37
2026-07-04 04:49:56.524,0.4,0.0,0.4,0.4,0,1641,7.91,2.40
2026-07-04 04:49:57.021,0.4,0.0,0.4,0.4,0,1641,7.91,2.40
2026-07-04 04:49:57.520,0.4,0.0,0.4,0.4,0,1641,7.91,2.40
2026-07-04 04:49:57.996,0.4,0.0,0.4,0.4,0,1640,7.91,2.42
2026-07-04 04:49:58.540,0.4,0.0,0.4,0.4,0,1640,7.91,2.42
2026-07-04 04:49:59.035,0.4,0.0,0.4,0.4,0,1640,7.91,2.42
2026-07-04 04:49:59.541,0.4,0.0,0.4,0.4,0,1640,7.91,2.42
2026-07-04 04:50:00.040,0.4,0.0,0.4,0.4,0,1641,7.91,2.40
2026-07-04 04:50:00.538,0.4,0.0,0.4,0.4,0,1641,7.91,2.40
2026-07-04 04:50:01.489,0.4,0.0,0.4,0.4,0,1148,7.91,9.62
2026-07-04 04:50:01.489,0.4,0.0,0.4,0.4,0,1148,7.91,9.62
2026-07-04 04:50:02.024,0.4,0.0,0.4,0.4,0,1641,7.91,2.40
2026-07-04 04:50:02.520,0.4,0.0,0.4,0.4,0,1641,7.91,2.40
2026-07-04 04:50:03.001,0.4,0.0,0.4,0.4,0,1639,7.91,2.43
2026-07-04 04:50:03.538,0.4,0.0,0.4,0.4,0,1148,7.91,9.62
2026-07-04 04:50:04.028,0.4,0.0,0.4,0.4,0,1641,7.91,2.40
2026-07-04 04:50:04.510,0.4,0.0,0.4,0.4,0,1148,7.91,9.62
2026-07-04 04:50:05.005,0.4,0.0,0.4,0.4,0,1643,7.91,2.37
2026-07-04 04:50:05.504,0.4,0.0,0.4,0.4,0,1641,7.91,2.40
2026-07-04 04:50:06.542,0.4,0.0,0.4,0.4,0,1638,7.91,2.45
2026-07-04 04:50:06.544,0.4,0.0,0.4,0.4,0,1640,7.91,2.42
2026-07-04 04:50:07.039,0.4,0.0,0.4,0.4,0,1640,7.91,2.42
2026-07-04 04:50:07.536,0.4,0.0,0.4,0.4,0,1148,7.91,9.62
2026-07-04 04:50:08.021,0.4,0.0,0.4,0.4,0,1641,7.91,2.40
2026-07-04 04:50:08.502,0.4,0.0,0.4,0.4,0,1148,7.91,9.62
2026-07-04 04:50:08.984,0.4,0.0,0.4,0.4,0,1148,7.91,9.62
2026-07-04 04:50:09.525,0.4,0.0,0.4,0.4,0,1148,7.91,9.62
2026-07-04 04:50:10.004,0.4,0.0,0.4,0.4,0,1148,7.91,9.62
2026-07-04 04:50:10.533,0.4,0.0,0.4,0.4,0,1148,7.91,9.62
2026-07-04 04:50:11.005,0.4,0.0,0.4,0.4,0,1148,7.91,9.62
2026-07-04 04:50:11.543,0.4,0.0,0.4,0.4,0,1639,7.91,2.43
2026-07-04 04:50:12.040,0.4,0.0,0.4,0.4,0,1639,7.91,2.43
2026-07-04 04:50:12.540,0.4,0.0,0.4,0.4,0,1639,7.91,2.43
2026-07-04 04:50:13.037,0.4,0.0,0.4,0.4,0,1639,7.91,2.43
2026-07-04 04:50:13.539,0.4,0.0,0.4,0.4,0,1640,7.91,2.42
2026-07-04 04:50:14.037,0.4,0.0,0.4,0.4,0,1643,7.91,2.37
2026-07-04 04:50:14.531,0.4,0.0,0.4,0.4,0,1642,7.91,2.39
2026-07-04 04:50:15.029,0.4,0.0,0.4,0.4,0,1642,7.91,2.39
2026-07-04 04:50:15.511,0.4,0.0,0.4,0.4,0,1642,7.91,2.39
2026-07-04 04:50:16.008,0.4,0.0,0.4,0.4,0,1642,7.91,2.39
2026-07-04 04:50:16.504,0.4,0.0,0.4,0.4,0,1641,7.91,2.40
2026-07-04 04:50:17.485,0.4,0.0,0.4,0.4,1,1643,7.90,2.37
2026-07-04 04:50:17.545,0.4,0.0,0.4,0.4,0,1641,7.91,2.40
2026-07-04 04:50:18.013,0.4,0.0,0.4,0.4,0,1642,7.91,2.39
2026-07-04 04:50:18.509,0.4,0.0,0.4,0.4,0,1642,7.91,2.39
2026-07-04 04:50:19.005,0.4,0.0,0.4,0.4,0,1642,7.91,2.39
2026-07-04 04:50:19.485,0.4,0.0,0.4,0.4,0,1641,7.91,2.40
2026-07-04 04:50:20.029,0.4,0.0,0.4,0.4,0,1641,7.91,2.40
2026-07-04 04:50:20.526,0.4,0.0,0.4,0.4,0,1641,7.91,2.40
2026-07-04 04:50:21.020,0.4,0.0,0.4,0.4,0,1640,7.91,2.42
2026-07-04 04:50:21.521,0.4,0.0,0.4,0.4,0,1640,7.91,2.42
2026-07-04 04:50:22.011,0.4,0.0,0.4,0.4,0,1642,7.91,2.39
2026-07-04 04:50:22.484,0.4,0.0,0.4,0.4,0,1640,7.91,2.42
2026-07-04 04:50:23.022,0.4,0.0,0.4,0.4,0,1641,7.91,2.40
2026-07-04 04:50:23.528,0.4,0.0,0.4,0.4,0,1643,7.91,2.37
2026-07-04 04:50:24.022,0.4,0.0,0.4,0.4,0,1643,7.91,2.37
2026-07-04 04:50:24.521,0.4,0.0,0.4,0.4,0,1641,7.91,2.40
2026-07-04 04:50:25.020,0.4,0.0,0.4,0.4,0,1641,7.91,2.40
2026-07-04 04:50:25.520,0.4,0.0,0.4,0.4,0,1641,7.91,2.40
2026-07-04 04:50:26.020,0.4,0.0,0.4,0.4,0,1641,7.91,2.40
2026-07-04 04:50:26.501,0.4,0.0,0.4,0.4,0,1642,7.91,2.39
2026-07-04 04:50:27.045,0.4,0.0,0.4,0.4,0,1641,7.91,2.40
2026-07-04 04:50:27.516,0.4,0.0,0.4,0.4,0,1634,7.91,2.50
2026-07-04 04:50:28.011,0.4,0.0,0.4,0.4,0,1640,7.91,2.42
2026-07-04 04:50:28.510,0.4,0.0,0.4,0.4,0,1641,7.91,2.40
2026-07-04 04:50:29.001,0.4,0.0,0.4,0.4,0,1641,7.91,2.40
2026-07-04 04:50:29.497,0.4,0.0,0.4,0.4,0,1641,7.91,2.40
2026-07-04 04:50:30.046,0.4,0.0,0.4,0.4,0,1640,7.91,2.42
2026-07-04 04:50:30.493,0.4,0.0,0.4,0.4,0,1642,7.91,2.39
2026-07-04 04:50:30.989,0.4,0.0,0.4,0.4,0,1640,7.91,2.42
2026-07-04 04:50:31.494,0.4,0.0,0.4,0.4,0,1644,7.91,2.36
2026-07-04 04:50:31.995,0.4,0.0,0.4,0.4,0,1150,7.91,9.59
2026-07-04 04:50:32.490,0.4,0.0,0.4,0.4,0,1150,7.91,9.59
2026-07-04 04:50:33.518,0.4,0.0,0.4,0.4,0,1640,7.91,2.42
2026-07-04 04:50:33.519,0.4,0.0,0.4,0.4,0,1641,7.91,2.40
2026-07-04 04:50:34.024,0.4,0.0,0.4,0.4,0,1641,7.91,2.40
2026-07-04 04:50:34.520,0.4,0.0,0.4,0.4,0,1642,7.91,2.39
2026-07-04 04:50:35.016,0.4,0.0,0.4,0.4,0,1642,7.91,2.39
2026-07-04 04:50:35.529,0.4,0.0,0.4,0.4,0,1641,7.91,2.40
2026-07-04 04:50:35.995,0.4,0.0,0.4,0.4,0,1642,7.91,2.39
2026-07-04 04:50:36.495,0.4,0.0,0.4,0.4,0,1640,7.91,2.42
2026-07-04 04:50:36.990,0.4,0.0,0.4,0.4,0,1640,7.91,2.42
2026-07-04 04:50:37.489,0.4,0.0,0.4,0.4,0,1635,7.91,2.49
2026-07-04 04:50:38.035,0.4,0.0,0.4,0.4,0,1641,7.91,2.40
2026-07-04 04:50:38.516,0.4,0.0,0.4,0.4,0,1641,7.91,2.40
2026-07-04 04:50:39.014,0.4,0.0,0.4,0.4,0,1642,7.91,2.39
2026-07-04 04:50:39.537,0.4,0.0,0.4,0.4,0,1640,7.91,2.42
2026-07-04 04:50:40.027,0.4,0.0,0.4,0.4,0,1645,7.91,2.34
2026-07-04 04:50:40.523,0.4,0.0,0.4,0.4,0,1640,7.91,2.42
2026-07-04 04:50:41.017,0.4,0.0,0.4,0.4,0,1641,7.91,2.40
2026-07-04 04:50:41.486,0.4,0.0,0.4,0.4,0,1641,7.91,2.40
2026-07-04 04:50:42.030,0.4,0.0,0.4,0.4,0,1642,7.91,2.39
2026-07-04 04:50:42.497,0.4,0.0,0.4,0.4,0,1641,7.91,2.40
2026-07-04 04:50:42.989,0.4,0.0,0.4,0.4,0,1641,7.91,2.40
2026-07-04 04:50:43.487,0.4,0.0,0.4,0.4,0,1640,7.91,2.42
2026-07-04 04:50:44.029,0.4,0.0,0.4,0.4,0,1640,7.91,2.42
2026-07-04 04:50:44.497,0.4,0.0,0.4,0.4,0,1641,7.91,2.40
2026-07-04 04:50:44.988,0.4,0.0,0.4,0.4,0,1641,7.91,2.40
2026-07-04 04:50:45.540,0.4,0.0,0.4,0.4,0,1641,7.91,2.40
2026-07-04 04:50:46.039,0.4,0.0,0.4,0.4,0,1641,7.91,2.40
2026-07-04 04:50:46.535,0.4,0.0,0.4,0.4,0,1639,7.91,2.43
2026-07-04 04:50:47.014,0.4,0.0,0.4,0.4,0,1640,7.91,2.42
2026-07-04 04:50:47.544,0.4,0.0,0.4,0.4,0,1641,7.91,2.40
2026-07-04 04:50:48.025,0.4,0.0,0.4,0.4,0,1641,7.91,2.40
2026-07-04 04:50:48.525,0.4,0.0,0.4,0.4,0,1641,7.91,2.40
2026-07-04 04:50:49.020,0.4,0.0,0.4,0.4,0,1641,7.91,2.40
2026-07-04 04:50:49.517,0.4,0.0,0.4,0.4,0,1641,7.91,2.40
2026-07-04 04:50:49.998,0.4,0.0,0.4,0.4,0,1640,7.91,2.42
2026-07-04 04:50:50.494,0.4,0.0,0.4,0.4,0,1641,7.91,2.40
2026-07-04 04:50:50.988,0.4,0.0,0.4,0.4,0,1641,7.91,2.40
2026-07-04 04:50:51.491,0.4,0.0,0.4,0.4,0,1641,7.91,2.40
2026-07-04 04:50:51.987,0.4,0.0,0.4,0.4,0,1640,7.91,2.42
2026-07-04 04:50:52.530,0.4,0.0,0.4,0.4,0,1640,7.91,2.42
2026-07-04 04:50:53.012,0.4,0.0,0.4,0.4,0,1641,7.91,2.40
2026-07-04 04:50:53.497,0.4,0.0,0.4,0.4,0,1642,7.91,2.39
2026-07-04 04:50:54.041,0.4,0.0,0.4,0.4,0,1640,7.91,2.42
2026-07-04 04:50:54.539,0.4,0.0,0.4,0.4,0,1641,7.91,2.40
2026-07-04 04:50:55.033,0.4,0.0,0.4,0.4,0,1638,7.91,2.45
2026-07-04 04:50:55.517,0.4,0.0,0.4,0.4,0,1641,7.91,2.40
2026-07-04 04:50:55.998,0.4,0.0,0.4,0.4,0,1641,7.91,2.40
2026-07-04 04:50:56.492,0.4,0.0,0.4,0.4,0,1641,7.91,2.40
2026-07-04 04:50:56.993,0.4,0.0,0.4,0.4,0,1150,7.91,9.59
2026-07-04 04:50:57.531,0.4,0.0,0.4,0.4,0,1150,7.91,9.59
2026-07-04 04:50:58.010,0.4,0.0,0.4,0.4,0,1640,7.91,2.42
2026-07-04 04:50:58.507,0.4,0.0,0.4,0.4,0,1150,7.91,9.59
2026-07-04 04:50:59.005,0.4,0.0,0.4,0.4,0,1642,7.91,2.39
2026-07-04 04:50:59.543,0.4,0.0,0.4,0.4,0,1640,7.91,2.42
2026-07-04 04:51:00.023,0.4,0.0,0.4,0.4,0,1641,7.91,2.40
2026-07-04 04:51:00.526,0.4,0.0,0.4,0.4,0,1641,7.91,2.40
2026-07-04 04:51:01.021,0.4,0.0,0.4,0.4,0,1641,7.91,2.40
2026-07-04 04:51:01.520,0.4,0.0,0.4,0.4,0,1641,7.91,2.40
2026-07-04 04:51:02.012,0.4,0.0,0.4,0.4,0,1641,7.91,2.40
2026-07-04 04:51:02.540,0.4,0.0,0.4,0.4,0,1640,7.91,2.42
2026-07-04 04:51:03.037,0.4,0.0,0.4,0.4,0,1641,7.91,2.40
2026-07-04 04:51:03.537,0.4,0.0,0.4,0.4,0,1641,7.91,2.40
2026-07-04 04:51:04.030,0.4,0.0,0.4,0.4,0,1641,7.91,2.40
2026-07-04 04:51:04.507,0.4,0.0,0.4,0.4,0,1641,7.91,2.40
2026-07-04 04:51:04.989,0.4,0.0,0.4,0.4,0,1641,7.91,2.40
2026-07-04 04:51:05.538,0.4,0.0,0.4,0.4,0,1641,7.91,2.40
2026-07-04 04:51:06.031,0.4,0.0,0.4,0.4,0,1640,7.91,2.42
2026-07-04 04:51:06.516,0.4,0.0,0.4,0.4,0,1641,7.91,2.40
2026-07-04 04:51:06.988,0.4,0.0,0.4,0.4,0,1641,7.91,2.40
2026-07-04 04:51:07.528,0.4,0.0,0.4,0.4,0,1641,7.91,2.40
2026-07-04 04:51:08.025,0.4,0.0,0.4,0.4,0,1638,7.91,2.45
2026-07-04 04:51:08.519,0.4,0.0,0.4,0.4,0,1637,7.91,2.46
2026-07-04 04:51:09.019,0.4,0.0,0.4,0.4,0,1637,7.91,2.46
2026-07-04 04:51:09.500,0.4,0.0,0.4,0.4,0,1637,7.91,2.46
2026-07-04 04:51:10.044,0.4,0.0,0.4,0.4,0,1641,7.91,2.40
2026-07-04 04:51:10.543,0.4,0.0,0.4,0.4,0,1640,7.91,2.42
2026-07-04 04:51:11.039,0.4,0.0,0.4,0.4,0,1642,7.91,2.39
2026-07-04 04:51:11.536,0.4,0.0,0.4,0.4,0,1642,7.91,2.39
2026-07-04 04:51:11.998,0.4,0.0,0.4,0.4,0,1643,7.91,2.37
2026-07-04 04:51:12.540,0.4,0.0,0.4,0.4,0,1641,7.91,2.40
2026-07-04 04:51:13.037,0.4,0.0,0.4,0.4,0,1637,7.91,2.46
2026-07-04 04:51:13.724,0.4,0.0,0.4,0.4,0,1637,7.91,2.46
2026-07-04 04:51:14.039,0.4,0.0,0.4,0.4,0,1642,7.91,2.39
2026-07-04 04:51:14.041,0.4,0.0,0.4,0.4,0,1641,7.91,2.40
2026-07-04 04:51:14.515,0.4,0.0,0.4,0.4,0,1641,7.91,2.40
2026-07-04 04:51:14.988,0.4,0.0,0.4,0.4,0,1641,7.91,2.40
2026-07-04 04:51:15.541,0.4,0.0,0.4,0.4,0,1641,7.91,2.40
2026-07-04 04:51:16.028,0.4,0.0,0.4,0.4,0,1640,7.91,2.42
2026-07-04 04:51:16.524,0.4,0.0,0.4,0.4,0,1640,7.91,2.42
2026-07-04 04:51:17.021,0.4,0.0,0.4,0.4,0,1640,7.91,2.42
2026-07-04 04:51:17.517,0.4,0.0,0.4,0.4,0,1640,7.91,2.42
2026-07-04 04:51:18.046,0.4,0.0,0.4,0.4,0,1640,7.91,2.42
2026-07-04 04:51:18.541,0.4,0.0,0.4,0.4,0,1640,7.91,2.42
2026-07-04 04:51:19.031,0.4,0.0,0.4,0.4,0,1641,7.91,2.40
2026-07-04 04:51:19.500,0.4,0.0,0.4,0.4,0,1641,7.91,2.40
2026-07-04 04:51:20.013,0.4,0.0,0.4,0.4,0,1640,7.91,2.42
2026-07-04 04:51:20.493,0.4,0.0,0.4,0.4,0,1636,7.91,2.48
2026-07-04 04:51:20.989,0.4,0.0,0.4,0.4,0,1639,7.91,2.43
2026-07-04 04:51:21.550,0.4,0.0,0.4,0.4,0,1641,7.91,2.40
2026-07-04 04:51:22.029,0.4,0.0,0.4,0.4,0,1641,7.91,2.40
2026-07-04 04:51:22.509,0.4,0.0,0.4,0.4,0,1641,7.91,2.40
2026-07-04 04:51:23.509,0.4,0.0,0.4,0.4,0,1642,7.91,2.39
2026-07-04 04:51:23.510,0.4,0.0,0.4,0.4,0,1641,7.91,2.40
2026-07-04 04:51:24.005,0.4,0.0,0.4,0.4,0,1641,7.91,2.40
2026-07-04 04:51:24.492,0.4,0.0,0.4,0.4,0,1641,7.91,2.40
2026-07-04 04:51:25.525,0.4,0.0,0.4,0.4,0,1640,7.91,2.42
2026-07-04 04:51:25.527,0.4,0.0,0.4,0.4,0,1643,7.91,2.37
2026-07-04 04:51:26.020,0.4,0.0,0.4,0.4,0,1638,7.91,2.45
2026-07-04 04:51:26.516,0.4,0.0,0.4,0.4,0,1641,7.91,2.40
2026-07-04 04:51:27.002,0.4,0.0,0.4,0.4,0,1641,7.91,2.40
2026-07-04 04:51:27.545,0.4,0.0,0.4,0.4,0,1640,7.91,2.42
2026-07-04 04:51:28.028,0.4,0.0,0.4,0.4,0,1642,7.91,2.39
2026-07-04 04:51:28.701,0.4,0.4,0.4,0.4,0,1642,7.91,2.39
2026-07-04 04:51:29.005,0.4,0.4,0.4,0.4,0,1641,7.91,2.40
2026-07-04 04:51:29.005,0.4,0.4,0.4,0.4,0,1640,7.91,2.42
2026-07-04 04:51:29.508,0.4,0.4,0.4,0.4,0,1641,7.91,2.40
2026-07-04 04:51:30.003,0.4,0.4,0.4,0.4,0,1642,7.91,2.39
2026-07-04 04:51:30.540,0.4,0.4,0.4,0.4,0,1633,7.91,2.52
2026-07-04 04:51:31.037,0.4,0.4,0.4,0.4,0,1639,7.91,2.43
2026-07-04 04:51:31.529,0.4,0.4,0.4,0.4,0,1641,7.91,2.40
2026-07-04 04:51:32.006,0.4,0.4,0.4,0.0,0,1641,7.91,2.40
2026-07-04 04:51:32.508,0.4,0.4,0.4,0.4,0,1641,7.91,2.40
2026-07-04 04:51:33.003,0.4,0.4,0.4,0.4,0,1641,7.91,2.40
2026-07-04 04:51:33.507,0.4,0.4,0.4,0.4,1,1641,7.90,2.40
2026-07-04 04:51:34.005,0.4,0.4,0.4,0.4,0,1641,7.91,2.40
2026-07-04 04:51:34.486,0.4,0.4,0.4,0.4,0,1633,7.91,2.52
2026-07-04 04:51:35.260,0.4,0.4,0.4,0.4,0,1633,7.91,2.52
2026-07-04 04:51:35.513,0.4,0.4,0.4,0.4,0,1642,7.91,2.39
2026-07-04 04:51:35.515,0.4,0.4,0.4,0.4,0,1641,7.91,2.40
2026-07-04 04:51:35.996,0.4,0.4,0.4,0.4,0,1641,7.91,2.40
2026-07-04 04:51:36.493,0.4,0.4,0.4,0.4,0,1643,7.91,2.37
2026-07-04 04:51:36.988,0.4,0.4,0.4,0.4,0,1641,7.91,2.40
2026-07-04 04:51:37.531,0.4,0.4,0.4,0.4,0,1641,7.91,2.40
2026-07-04 04:51:37.996,0.4,0.4,0.4,0.4,0,1640,7.91,2.42
2026-07-04 04:51:38.530,0.4,0.4,0.4,0.4,0,1642,7.91,2.39
2026-07-04 04:51:39.021,0.4,0.4,0.4,0.4,0,1642,7.91,2.39
2026-07-04 04:51:39.515,0.4,0.4,0.4,0.4,0,1642,7.91,2.39
2026-07-04 04:51:39.998,0.4,0.4,0.4,0.4,0,1641,7.91,2.40
2026-07-04 04:51:40.492,0.4,0.4,0.4,0.4,0,1639,7.91,2.43
2026-07-04 04:51:40.988,0.4,0.4,0.4,0.4,0,1639,7.91,2.43
2026-07-04 04:51:41.489,0.4,0.4,0.4,0.4,0,1643,7.91,2.37
2026-07-04 04:51:42.512,0.4,0.4,0.4,0.4,0,1639,7.91,2.43
2026-07-04 04:51:42.515,0.4,0.4,0.4,0.4,0,1641,7.91,2.40
2026-07-04 04:51:42.996,0.4,0.4,0.4,0.4,0,1641,7.91,2.40
2026-07-04 04:51:43.542,0.4,0.4,0.4,0.4,0,1639,7.91,2.43
2026-07-04 04:51:44.025,0.4,0.4,0.4,0.4,0,1639,7.91,2.43
2026-07-04 04:51:44.524,0.4,0.4,0.4,0.4,0,1639,7.91,2.43
2026-07-04 04:51:45.019,0.4,0.4,0.4,0.4,0,1638,7.91,2.45
2026-07-04 04:51:45.518,0.4,0.4,0.4,0.4,0,1638,7.91,2.45
2026-07-04 04:51:46.034,0.4,0.4,0.4,0.4,0,1637,7.91,2.46
2026-07-04 04:51:46.500,0.4,0.4,0.4,0.4,0,1639,7.91,2.43
2026-07-04 04:51:47.039,0.4,0.4,0.4,0.4,0,1635,7.91,2.49
2026-07-04 04:51:47.497,0.4,0.4,0.4,0.4,0,1641,7.91,2.40
2026-07-04 04:51:47.994,0.4,0.4,0.4,0.4,0,1640,7.91,2.42
2026-07-04 04:51:48.541,0.4,0.4,0.4,0.4,0,1640,7.91,2.42
2026-07-04 04:51:49.034,0.4,0.4,0.4,0.4,0,1641,7.91,2.40
2026-07-04 04:51:49.516,0.4,0.4,0.4,0.4,0,1641,7.91,2.40
2026-07-04 04:51:49.998,0.4,0.4,0.4,0.4,0,1640,7.91,2.42
2026-07-04 04:51:50.493,0.4,0.4,0.4,0.4,0,1641,7.91,2.40
2026-07-04 04:51:50.988,0.4,0.4,0.4,0.4,0,1639,7.91,2.43
2026-07-04 04:51:51.494,0.4,0.4,0.4,0.4,0,1643,7.91,2.37
2026-07-04 04:51:51.989,0.4,0.4,0.4,0.4,0,1641,7.91,2.40
2026-07-04 04:51:52.489,0.4,0.4,0.4,0.4,0,1643,7.91,2.37
2026-07-04 04:51:53.046,0.4,0.4,0.4,0.4,0,1640,7.91,2.42
2026-07-04 04:51:53.531,0.4,0.4,0.4,0.4,0,1640,7.91,2.42
2026-07-04 04:51:54.027,0.4,0.4,0.4,0.4,0,1642,7.91,2.39
2026-07-04 04:51:54.524,0.4,0.4,0.4,0.4,0,1642,7.91,2.39
2026-07-04 04:51:55.021,0.4,0.4,0.4,0.4,0,1641,7.91,2.40
2026-07-04 04:51:55.490,0.4,0.4,0.4,0.4,0,1640,7.91,2.42
2026-07-04 04:51:56.045,0.4,0.4,0.4,0.4,0,1640,7.91,2.42
2026-07-04 04:51:56.524,0.4,0.4,0.4,0.4,0,1640,7.91,2.42
2026-07-04 04:51:57.021,0.4,0.4,0.4,0.4,0,1641,7.91,2.40
2026-07-04 04:51:57.524,0.4,0.4,0.4,0.4,0,1641,7.91,2.40
2026-07-04 04:51:58.012,0.4,0.4,0.4,0.4,0,1641,7.91,2.40
2026-07-04 04:51:58.493,0.4,0.4,0.4,0.4,0,1641,7.91,2.40
2026-07-04 04:51:58.988,0.4,0.4,0.4,0.4,0,1640,7.91,2.42
2026-07-04 04:51:59.539,0.4,0.4,0.4,0.4,0,1641,7.91,2.40
2026-07-04 04:52:00.029,0.4,0.4,0.4,0.4,0,1642,7.91,2.39
2026-07-04 04:52:00.493,0.4,0.4,0.4,0.4,1,1641,7.90,2.40
2026-07-04 04:52:01.037,0.4,0.4,0.4,0.4,0,1641,7.91,2.40
2026-07-04 04:52:01.513,0.4,0.4,0.4,0.4,0,1639,7.91,2.43
2026-07-04 04:52:01.996,0.4,0.4,0.4,0.4,0,1640,7.91,2.42
2026-07-04 04:52:02.491,0.4,0.4,0.4,0.4,0,1641,7.91,2.40
2026-07-04 04:52:02.989,0.4,0.4,0.4,0.4,0,1640,7.91,2.42
2026-07-04 04:52:03.504,0.4,0.4,0.4,0.4,0,1643,7.91,2.37
2026-07-04 04:52:04.044,0.4,0.4,0.4,0.4,0,1642,7.91,2.39
2026-07-04 04:52:04.524,0.4,0.4,0.4,0.4,0,1642,7.91,2.39
2026-07-04 04:52:05.020,0.4,0.4,0.4,0.4,0,1640,7.91,2.42
2026-07-04 04:52:05.544,0.4,0.4,0.4,0.4,0,1638,7.91,2.45
2026-07-04 04:52:06.011,0.4,0.4,0.4,0.4,0,1641,7.91,2.40
2026-07-04 04:52:06.506,0.4,0.4,0.4,0.4,0,1641,7.91,2.40
2026-07-04 04:52:07.005,0.4,0.4,0.4,0.4,0,1643,7.91,2.37
2026-07-04 04:52:07.506,0.4,0.4,0.4,0.4,0,1643,7.91,2.37
2026-07-04 04:52:08.509,0.4,0.4,0.4,0.4,0,1640,7.91,2.42
2026-07-04 04:52:08.510,0.4,0.4,0.4,0.4,0,1641,7.91,2.40
2026-07-04 04:52:08.993,0.4,0.4,0.4,0.4,0,1641,7.91,2.40
2026-07-04 04:52:09.542,0.4,0.4,0.4,0.4,0,1641,7.91,2.40
2026-07-04 04:52:10.023,0.4,0.4,0.4,0.4,0,1641,7.91,2.40
2026-07-04 04:52:10.524,0.4,0.4,0.4,0.4,0,1641,7.91,2.40
2026-07-04 04:52:11.020,0.4,0.4,0.4,0.4,0,1641,7.91,2.40
2026-07-04 04:52:11.502,0.4,0.4,0.4,0.4,0,1640,7.91,2.42
2026-07-04 04:52:12.028,0.4,0.4,0.4,0.4,0,1640,7.91,2.42
2026-07-04 04:52:12.508,0.4,0.4,0.4,0.4,0,1641,7.91,2.40
2026-07-04 04:52:13.005,0.4,0.4,0.4,0.4,0,1641,7.91,2.40
2026-07-04 04:52:13.505,0.4,0.4,0.4,0.4,0,1641,7.91,2.40
2026-07-04 04:52:14.004,0.4,0.4,0.4,0.4,0,1637,7.91,2.46
2026-07-04 04:52:14.503,0.4,0.4,0.4,0.4,0,1641,7.91,2.40
2026-07-04 04:52:15.001,0.4,0.4,0.4,0.4,0,1637,7.91,2.46
2026-07-04 04:52:15.543,0.4,0.4,0.4,0.4,0,1641,7.91,2.40
2026-07-04 04:52:16.026,0.4,0.4,0.4,0.4,0,1641,7.91,2.40
2026-07-04 04:52:16.522,0.4,0.4,0.4,0.4,0,1640,7.91,2.42
2026-07-04 04:52:17.021,0.4,0.4,0.4,0.4,0,1636,7.91,2.48
2026-07-04 04:52:17.525,0.4,0.4,0.4,0.4,0,1640,7.91,2.42
2026-07-04 04:52:18.020,0.4,0.4,0.4,0.4,0,1640,7.91,2.42
2026-07-04 04:52:18.522,0.4,0.4,0.4,0.4,0,1641,7.91,2.40
2026-07-04 04:52:19.018,0.4,0.4,0.4,0.4,0,1641,7.91,2.40
2026-07-04 04:52:19.545,0.4,0.4,0.4,0.4,0,1642,7.91,2.39
2026-07-04 04:52:20.028,0.4,0.4,0.4,0.4,0,1640,7.91,2.42
2026-07-04 04:52:20.525,0.4,0.4,0.4,0.4,0,1641,7.91,2.40
2026-07-04 04:52:21.020,0.4,0.4,0.4,0.4,0,1641,7.91,2.40
2026-07-04 04:52:21.520,0.4,0.4,0.4,0.4,0,1641,7.91,2.40
2026-07-04 04:52:22.020,0.4,0.4,0.4,0.4,0,1640,7.91,2.42
2026-07-04 04:52:22.503,0.4,0.4,0.4,0.4,0,1641,7.91,2.40
2026-07-04 04:52:23.037,0.4,0.4,0.4,0.4,0,1641,7.91,2.40
2026-07-04 04:52:23.514,0.4,0.4,0.4,0.4,0,1642,7.91,2.39
2026-07-04 04:52:23.997,0.4,0.4,0.4,0.4,0,1641,7.91,2.40
2026-07-04 04:52:24.494,0.4,0.4,0.4,0.4,0,1641,7.91,2.40
2026-07-04 04:52:24.989,0.4,0.4,0.4,0.4,0,1641,7.91,2.40
2026-07-04 04:52:25.493,0.4,0.4,0.4,0.4,0,1643,7.91,2.37
2026-07-04 04:52:25.993,0.4,0.4,0.4,0.4,0,1638,7.91,2.45
2026-07-04 04:52:26.532,0.4,0.4,0.4,0.4,0,1642,7.91,2.39
2026-07-04 04:52:27.020,0.4,0.4,0.4,0.4,0,1642,7.91,2.39
2026-07-04 04:52:27.523,0.4,0.4,0.4,0.4,0,1641,7.91,2.40
2026-07-04 04:52:27.997,0.4,0.4,0.4,0.4,0,1641,7.91,2.40
2026-07-04 04:52:28.524,0.4,0.4,0.4,0.4,0,1641,7.91,2.40
2026-07-04 04:52:29.032,0.4,0.4,0.4,0.4,0,1641,7.91,2.40
2026-07-04 04:52:29.513,0.4,0.4,0.4,0.4,0,1641,7.91,2.40
2026-07-04 04:52:30.729,0.4,0.4,0.4,0.4,0,1641,7.91,2.40
2026-07-04 04:52:31.037,0.4,0.4,0.4,0.4,0,1639,7.91,2.43
2026-07-04 04:52:31.039,0.4,0.4,0.4,0.4,0,1641,7.91,2.40
2026-07-04 04:52:31.040,0.4,0.4,0.4,0.4,0,1641,7.91,2.40
2026-07-04 04:52:31.536,0.4,0.4,0.4,0.4,0,1637,7.91,2.46
2026-07-04 04:52:32.037,0.4,0.4,0.4,0.4,0,1637,7.91,2.46
2026-07-04 04:52:32.539,0.4,0.4,0.4,0.4,0,1641,7.91,2.40
2026-07-04 04:52:33.038,0.4,0.4,0.4,0.4,0,1642,7.91,2.39
2026-07-04 04:52:33.533,0.4,0.4,0.4,0.4,0,1640,7.91,2.42
2026-07-04 04:52:33.998,0.4,0.4,0.4,0.4,0,1641,7.91,2.40
2026-07-04 04:52:34.525,0.4,0.4,0.4,0.4,0,1641,7.91,2.40
2026-07-04 04:52:35.023,0.4,0.4,0.4,0.4,0,1640,7.91,2.42
2026-07-04 04:52:35.522,0.4,0.4,0.4,0.4,0,1640,7.91,2.42
2026-07-04 04:52:36.003,0.4,0.4,0.4,0.4,0,1641,7.91,2.40
2026-07-04 04:52:36.530,0.4,0.4,0.4,0.4,0,1642,7.91,2.39
2026-07-04 04:52:36.991,0.4,0.4,0.4,0.4,0,1641,7.91,2.40
2026-07-04 04:52:37.495,0.4,0.4,0.4,0.4,0,1637,7.91,2.46
2026-07-04 04:52:37.991,0.4,0.4,0.4,0.4,0,1641,7.91,2.40
2026-07-04 04:52:38.551,0.4,0.4,0.4,0.4,0,1641,7.91,2.40
2026-07-04 04:52:39.046,0.4,0.4,0.4,0.4,0,1639,7.91,2.43
2026-07-04 04:52:39.516,0.4,0.4,0.4,0.4,0,1639,7.91,2.43
2026-07-04 04:52:40.045,0.4,0.4,0.4,0.4,0,1640,7.91,2.42
2026-07-04 04:52:40.524,0.4,0.4,0.4,0.4,0,1641,7.91,2.40
2026-07-04 04:52:41.022,0.4,0.4,0.4,0.4,0,1641,7.91,2.40
2026-07-04 04:52:41.510,0.4,0.4,0.4,0.4,0,1641,7.91,2.40
2026-07-04 04:52:42.006,0.4,0.4,0.4,0.4,0,1640,7.91,2.42
2026-07-04 04:52:42.505,0.4,0.4,0.4,0.4,0,1640,7.91,2.42
2026-07-04 04:52:42.999,0.4,0.4,0.4,0.4,0,1640,7.91,2.42
2026-07-04 04:52:43.529,0.4,0.4,0.4,0.4,0,1641,7.91,2.40
2026-07-04 04:52:44.012,0.4,0.4,0.4,0.4,0,1640,7.91,2.42
2026-07-04 04:52:44.493,0.4,0.4,0.4,0.4,0,1641,7.91,2.40
2026-07-04 04:52:44.989,0.4,0.4,0.4,0.4,0,1641,7.91,2.40
2026-07-04 04:52:45.493,0.4,0.4,0.4,0.4,1,1640,7.90,2.42
2026-07-04 04:52:45.993,0.4,0.4,0.4,0.4,0,1641,7.91,2.40
2026-07-04 04:52:46.489,0.4,0.4,0.4,0.4,0,1641,7.91,2.40
2026-07-04 04:52:47.500,0.4,0.4,0.4,0.4,0,1641,7.91,2.40
2026-07-04 04:52:47.502,0.4,0.4,0.4,0.4,0,1641,7.91,2.40
2026-07-04 04:52:48.041,0.4,0.4,0.4,0.4,0,1641,7.91,2.40
2026-07-04 04:52:48.536,0.4,0.4,0.4,0.4,0,1640,7.91,2.42
2026-07-04 04:52:49.034,0.4,0.4,0.4,0.4,0,1639,7.91,2.43
2026-07-04 04:52:49.517,0.4,0.4,0.4,0.4,0,1641,7.91,2.40
2026-07-04 04:52:50.043,0.4,0.4,0.4,0.4,0,1641,7.91,2.40
2026-07-04 04:52:50.540,0.4,0.4,0.4,0.4,0,1641,7.91,2.40
2026-07-04 04:52:51.033,0.4,0.4,0.4,0.4,0,1640,7.91,2.42
2026-07-04 04:52:51.502,0.4,0.4,0.4,0.4,0,1641,7.91,2.40
2026-07-04 04:52:52.026,0.4,0.4,0.4,0.4,0,1642,7.91,2.39
2026-07-04 04:52:52.523,0.4,0.4,0.4,0.4,0,1642,7.91,2.39
2026-07-04 04:52:53.017,0.4,0.4,0.4,0.4,0,1643,7.91,2.37
2026-07-04 04:52:53.549,0.4,0.4,0.4,0.4,0,1640,7.91,2.42
2026-07-04 04:52:54.030,0.4,0.4,0.4,0.4,0,1642,7.91,2.39
2026-07-04 04:52:54.509,0.4,0.4,0.4,0.4,0,1641,7.91,2.40
2026-07-04 04:52:55.006,0.4,0.4,0.4,0.4,0,1640,7.91,2.42
2026-07-04 04:52:55.506,0.4,0.4,0.4,0.4,0,1641,7.91,2.40
2026-07-04 04:52:56.003,0.4,0.4,0.4,0.4,0,1641,7.91,2.40
2026-07-04 04:52:56.551,0.4,0.4,0.4,0.4,0,1645,7.91,2.34
2026-07-04 04:52:57.016,0.4,0.4,0.4,0.4,0,1640,7.91,2.42
2026-07-04 04:52:57.517,0.4,0.4,0.4,0.4,0,1641,7.91,2.40
2026-07-04 04:52:57.997,0.4,0.4,0.4,0.4,0,1641,7.91,2.40
2026-07-04 04:52:58.508,0.4,0.4,0.4,0.4,0,1639,7.91,2.43
2026-07-04 04:52:59.038,0.4,0.4,0.4,0.4,0,1643,7.91,2.37
2026-07-04 04:52:59.522,0.4,0.4,0.4,0.4,0,1641,7.91,2.40
2026-07-04 04:53:00.004,0.4,0.4,0.4,0.4,0,1641,7.91,2.40
2026-07-04 04:53:00.493,0.4,0.4,0.4,0.4,0,1642,7.91,2.39
2026-07-04 04:53:01.030,0.4,0.4,0.4,0.4,0,1642,7.91,2.39
2026-07-04 04:53:01.529,0.4,0.4,0.4,0.4,0,1640,7.91,2.42
2026-07-04 04:53:02.045,0.4,0.4,0.4,0.4,0,1642,7.91,2.39
2026-07-04 04:53:02.717,0.4,0.4,0.4,0.4,0,1642,7.91,2.39
2026-07-04 04:53:03.004,0.4,0.4,0.4,0.4,0,1638,7.91,2.45
2026-07-04 04:53:03.005,0.4,0.4,0.4,0.4,0,1641,7.91,2.40
2026-07-04 04:53:03.507,0.4,0.4,0.4,0.4,0,1638,7.91,2.45
2026-07-04 04:53:04.005,0.4,0.4,0.4,0.4,0,1640,7.91,2.42
2026-07-04 04:53:04.508,0.4,0.4,0.4,0.4,0,1641,7.91,2.40
2026-07-04 04:53:05.003,0.4,0.4,0.4,0.4,0,1642,7.91,2.39
2026-07-04 04:53:05.501,0.4,0.4,0.4,0.4,0,1642,7.91,2.39
2026-07-04 04:53:06.045,0.4,0.4,0.4,0.4,0,1643,7.91,2.37
2026-07-04 04:53:06.524,0.4,0.4,0.4,0.4,0,1640,7.91,2.42
2026-07-04 04:53:07.035,0.4,0.4,0.4,0.4,0,1638,7.91,2.45
2026-07-04 04:53:07.538,0.4,0.4,0.4,0.4,0,1642,7.91,2.39
2026-07-04 04:53:08.037,0.4,0.4,0.4,0.4,0,1640,7.91,2.42
2026-07-04 04:53:08.535,0.4,0.4,0.4,0.4,0,1640,7.91,2.42
2026-07-04 04:53:09.032,0.4,0.4,0.4,0.4,0,1641,7.91,2.40
2026-07-04 04:53:09.498,0.4,0.4,0.4,0.4,0,1640,7.91,2.42
2026-07-04 04:53:09.995,0.4,0.4,0.4,0.4,0,1640,7.91,2.42
2026-07-04 04:53:10.537,0.4,0.4,0.4,0.4,0,1641,7.91,2.40
2026-07-04 04:53:11.037,0.4,0.4,0.4,0.4,0,1638,7.91,2.45
2026-07-04 04:53:11.532,0.4,0.4,0.4,0.4,0,1643,7.91,2.37
2026-07-04 04:53:12.506,0.4,0.4,0.4,0.4,0,1639,7.91,2.43
2026-07-04 04:53:12.506,0.4,0.4,0.4,0.4,0,1641,7.91,2.40
2026-07-04 04:53:13.005,0.4,0.4,0.4,0.4,0,1641,7.91,2.40
2026-07-04 04:53:13.544,0.4,0.4,0.4,0.4,0,1641,7.91,2.40
2026-07-04 04:53:14.012,0.4,0.4,0.4,0.4,0,1642,7.91,2.39
2026-07-04 04:53:14.509,0.4,0.4,0.4,0.4,0,1640,7.91,2.42
2026-07-04 04:53:15.004,0.4,0.4,0.4,0.4,0,1640,7.91,2.42
2026-07-04 04:53:15.548,0.4,0.4,0.4,0.4,0,1640,7.91,2.42
2026-07-04 04:53:16.013,0.4,0.4,0.4,0.4,0,1639,7.91,2.43
2026-07-04 04:53:16.493,0.4,0.4,0.4,0.4,0,1641,7.91,2.40
2026-07-04 04:53:16.988,0.4,0.4,0.4,0.4,0,1641,7.91,2.40
2026-07-04 04:53:17.493,0.4,0.4,0.4,0.4,0,1641,7.91,2.40
2026-07-04 04:53:18.029,0.4,0.4,0.4,0.4,0,1640,7.91,2.42
2026-07-04 04:53:18.498,0.4,0.4,0.4,0.4,0,1640,7.91,2.42
2026-07-04 04:53:19.028,0.4,0.4,0.4,0.4,0,1641,7.91,2.40
2026-07-04 04:53:19.512,0.4,0.4,0.4,0.4,0,1641,7.91,2.40
2026-07-04 04:53:19.993,0.4,0.4,0.4,0.4,0,1641,7.91,2.40
2026-07-04 04:53:20.486,0.4,0.4,0.4,0.4,0,1641,7.91,2.40
2026-07-04 04:53:21.042,0.4,0.4,0.4,0.4,0,1642,7.91,2.39
2026-07-04 04:53:21.541,0.4,0.4,0.4,0.4,0,1641,7.91,2.40
2026-07-04 04:53:22.023,0.4,0.4,0.4,0.4,0,1639,7.91,2.43
2026-07-04 04:53:22.508,0.4,0.4,0.4,0.4,0,1640,7.91,2.42
2026-07-04 04:53:23.046,0.4,0.4,0.4,0.4,0,1640,7.91,2.42
2026-07-04 04:53:23.504,0.4,0.4,0.4,0.4,0,1639,7.91,2.43
2026-07-04 04:53:24.042,0.4,0.4,0.4,0.4,0,1641,7.91,2.40
2026-07-04 04:53:24.526,0.4,0.4,0.4,0.4,0,1642,7.91,2.39
2026-07-04 04:53:25.021,0.4,0.4,0.4,0.4,0,1641,7.91,2.40
2026-07-04 04:53:25.517,0.4,0.4,0.4,0.4,0,1641,7.91,2.40
2026-07-04 04:53:25.997,0.4,0.4,0.4,0.4,0,1640,7.91,2.42
2026-07-04 04:53:26.525,0.4,0.4,0.4,0.4,0,1641,7.91,2.40
2026-07-04 04:53:27.006,0.4,0.4,0.4,0.4,0,1642,7.91,2.39
2026-07-04 04:53:27.491,0.4,0.4,0.4,0.4,0,1641,7.91,2.40
2026-07-04 04:53:27.991,0.4,0.4,0.4,0.4,0,1641,7.91,2.40
2026-07-04 04:53:28.521,0.4,0.4,0.4,0.4,0,1641,7.91,2.40
2026-07-04 04:53:28.997,0.4,0.4,0.4,0.4,0,1641,7.91,2.40
2026-07-04 04:53:29.520,0.4,0.4,0.4,0.4,0,1641,7.91,2.40
2026-07-04 04:53:30.025,0.4,0.4,0.4,0.4,0,1640,7.91,2.42
2026-07-04 04:53:30.522,0.4,0.4,0.4,0.4,0,1638,7.91,2.45
2026-07-04 04:53:31.021,0.4,0.4,0.4,0.4,0,1640,7.91,2.42
2026-07-04 04:53:31.501,0.4,0.4,0.4,0.4,0,1640,7.91,2.42
2026-07-04 04:53:31.996,0.4,0.4,0.4,0.4,0,1641,7.91,2.40
2026-07-04 04:53:32.538,0.4,0.4,0.4,0.4,0,1641,7.91,2.40
2026-07-04 04:53:33.038,0.4,0.4,0.4,0.4,0,1641,7.91,2.40
2026-07-04 04:53:33.539,0.4,0.4,0.4,0.4,0,1643,7.91,2.37
2026-07-04 04:53:34.035,0.4,0.4,0.4,0.4,0,1636,7.91,2.48
2026-07-04 04:53:34.722,0.4,0.4,0.4,0.4,0,1636,7.91,2.48
2026-07-04 04:53:35.037,0.4,0.4,0.4,0.4,0,1636,7.91,2.48
2026-07-04 04:53:35.038,0.4,0.4,0.4,0.4,0,1640,7.91,2.42
2026-07-04 04:53:35.539,0.4,0.4,0.4,0.4,0,1638,7.91,2.45
2026-07-04 04:53:36.027,0.4,0.4,0.4,0.4,0,1639,7.91,2.43
2026-07-04 04:53:36.520,0.4,0.4,0.4,0.4,0,1641,7.91,2.40
2026-07-04 04:53:37.021,0.4,0.4,0.4,0.4,0,1644,7.91,2.36
2026-07-04 04:53:37.522,0.4,0.4,0.4,0.4,0,1641,7.91,2.40
2026-07-04 04:53:38.003,0.4,0.4,0.4,0.4,0,1641,7.91,2.40
2026-07-04 04:53:38.485,0.4,0.4,0.4,0.4,0,1640,7.91,2.42
2026-07-04 04:53:39.020,0.4,0.4,0.4,0.4,0,1640,7.91,2.42
2026-07-04 04:53:39.502,0.4,0.4,0.4,0.4,0,1641,7.91,2.40
2026-07-04 04:53:40.019,0.4,0.4,0.4,0.4,0,1641,7.91,2.40
2026-07-04 04:53:40.491,0.4,0.4,0.4,0.4,0,1643,7.91,2.37
2026-07-04 04:53:41.025,0.4,0.4,0.4,0.4,0,1636,7.91,2.48
2026-07-04 04:53:41.525,0.4,0.4,0.4,0.4,0,1641,7.91,2.40
2026-07-04 04:53:41.996,0.4,0.4,0.4,0.4,0,1641,7.91,2.40
2026-07-04 04:53:42.523,0.4,0.4,0.4,0.4,0,1640,7.91,2.42
2026-07-04 04:53:42.999,0.4,0.4,0.4,0.4,0,1641,7.91,2.40
2026-07-04 04:53:43.529,0.4,0.4,0.4,0.4,0,1640,7.91,2.42
2026-07-04 04:53:44.009,0.4,0.4,0.4,0.4,0,1641,7.91,2.40
2026-07-04 04:53:44.509,0.4,0.4,0.4,0.4,0,1640,7.91,2.42
2026-07-04 04:53:45.005,0.4,0.4,0.4,0.4,0,1641,7.91,2.40
2026-07-04 04:53:45.506,0.4,0.4,0.4,0.4,0,1642,7.91,2.39
2026-07-04 04:53:46.006,0.4,0.4,0.4,0.4,0,1640,7.91,2.42
2026-07-04 04:53:46.506,0.4,0.4,0.4,0.4,0,1640,7.91,2.42
2026-07-04 04:53:47.020,0.4,0.4,0.4,0.4,0,1640,7.91,2.42
2026-07-04 04:53:47.513,0.4,0.4,0.4,0.4,0,1641,7.91,2.40
2026-07-04 04:53:48.556,0.4,0.4,0.4,0.4,0,1641,7.91,2.40
2026-07-04 04:53:48.557,0.4,0.4,0.4,0.4,0,1640,7.91,2.42
2026-07-04 04:53:48.988,0.4,0.4,0.4,0.4,0,1642,7.91,2.39
2026-07-04 04:53:49.552,0.4,0.4,0.4,0.4,0,1640,7.91,2.42
2026-07-04 04:53:50.034,0.4,0.4,0.4,0.4,0,1641,7.91,2.40
2026-07-04 04:53:50.525,0.4,0.4,0.4,0.4,0,1640,7.91,2.42
2026-07-04 04:53:51.023,0.4,0.4,0.4,0.4,0,1641,7.91,2.40
2026-07-04 04:53:51.542,0.4,0.4,0.4,0.4,0,1643,7.91,2.37
2026-07-04 04:53:52.041,0.4,0.4,0.4,0.4,0,1642,7.91,2.39
2026-07-04 04:53:52.537,0.4,0.4,0.4,0.4,0,1641,7.91,2.40
2026-07-04 04:53:53.040,0.4,0.4,0.4,0.4,0,1641,7.91,2.40
2026-07-04 04:53:53.537,0.4,0.4,0.4,0.4,0,1640,7.91,2.42
2026-07-04 04:53:54.012,0.4,0.4,0.4,0.4,0,1641,7.91,2.40
2026-07-04 04:53:54.541,0.4,0.4,0.4,0.4,0,1640,7.91,2.42
2026-07-04 04:53:55.020,0.4,0.4,0.4,0.4,0,1641,7.91,2.40
2026-07-04 04:53:55.505,0.4,0.4,0.4,0.4,0,1641,7.91,2.40
2026-07-04 04:53:55.995,0.4,0.4,0.4,0.4,0,1641,7.91,2.40
2026-07-04 04:53:56.508,0.4,0.4,0.4,0.4,0,1640,7.91,2.42
2026-07-04 04:53:57.044,0.4,0.4,0.4,0.4,0,1642,7.91,2.39
2026-07-04 04:53:57.538,0.4,0.4,0.4,0.4,0,1640,7.91,2.42
2026-07-04 04:53:58.038,0.4,0.4,0.4,0.4,0,1640,7.91,2.42
2026-07-04 04:53:58.535,0.4,0.4,0.4,0.4,0,1642,7.91,2.39
2026-07-04 04:53:59.032,0.4,0.4,0.4,0.4,0,1641,7.91,2.40
2026-07-04 04:53:59.530,0.4,0.4,0.4,0.4,0,1641,7.91,2.40
2026-07-04 04:54:00.025,0.4,0.4,0.4,0.4,0,1641,7.91,2.40
2026-07-04 04:54:00.522,0.4,0.4,0.4,0.4,0,1641,7.91,2.40
2026-07-04 04:54:01.018,0.4,0.4,0.4,0.4,0,1641,7.91,2.40
2026-07-04 04:54:01.512,0.4,0.4,0.4,0.4,0,1641,7.91,2.40
2026-07-04 04:54:02.009,0.4,0.4,0.4,0.4,0,1640,7.91,2.42
2026-07-04 04:54:02.523,0.4,0.4,0.4,0.4,0,1639,7.91,2.43
2026-07-04 04:54:03.004,0.4,0.4,0.4,0.4,0,1642,7.91,2.39
2026-07-04 04:54:03.489,0.4,0.4,0.4,0.4,0,1641,7.91,2.40
2026-07-04 04:54:04.012,0.4,0.4,0.4,0.4,0,1643,7.91,2.37
2026-07-04 04:54:04.508,0.4,0.4,0.4,0.4,0,1642,7.91,2.39
2026-07-04 04:54:05.007,0.4,0.4,0.4,0.4,0,1641,7.91,2.40
2026-07-04 04:54:05.496,0.4,0.4,0.4,0.4,1,1641,7.90,2.40
2026-07-04 04:54:06.016,0.4,0.4,0.4,0.4,0,1641,7.91,2.40
2026-07-04 04:54:06.523,0.4,0.4,0.4,0.4,0,1641,7.91,2.40
2026-07-04 04:54:07.052,0.4,0.4,0.4,0.4,0,1641,7.91,2.40
2026-07-04 04:54:07.493,0.4,0.4,0.4,0.4,0,1642,7.91,2.39
2026-07-04 04:54:08.051,0.4,0.4,0.4,0.4,0,1641,7.91,2.40
2026-07-04 04:54:08.525,0.4,0.4,0.4,0.4,0,1640,7.91,2.42
2026-07-04 04:54:09.015,0.4,0.4,0.4,0.4,0,1641,7.91,2.40
2026-07-04 04:54:09.531,0.4,0.4,0.4,0.4,0,1641,7.91,2.40
2026-07-04 04:54:10.012,0.4,0.4,0.4,0.4,0,1641,7.91,2.40
2026-07-04 04:54:10.510,0.4,0.4,0.4,0.4,0,1640,7.91,2.42
2026-07-04 04:54:11.006,0.4,0.4,0.4,0.4,0,1640,7.91,2.42
2026-07-04 04:54:11.507,0.4,0.4,0.4,0.4,0,1641,7.91,2.40
2026-07-04 04:54:12.010,0.4,0.4,0.4,0.4,0,1639,7.91,2.43
2026-07-04 04:54:12.506,0.4,0.4,0.4,0.4,0,1641,7.91,2.40
2026-07-04 04:54:13.006,0.4,0.4,0.4,0.4,0,1641,7.91,2.40
2026-07-04 04:54:13.503,0.4,0.4,0.4,0.4,0,1640,7.91,2.42
2026-07-04 04:54:14.045,0.4,0.4,0.4,0.4,0,1640,7.91,2.42
2026-07-04 04:54:14.541,0.4,0.4,0.4,0.4,0,1638,7.91,2.45
2026-07-04 04:54:15.036,0.4,0.4,0.4,0.4,0,1636,7.91,2.48
2026-07-04 04:54:15.534,0.4,0.4,0.4,0.4,0,1640,7.91,2.42
2026-07-04 04:54:16.007,0.4,0.4,0.4,0.4,0,1642,7.91,2.39
2026-07-04 04:54:16.524,0.4,0.4,0.4,0.4,0,1641,7.91,2.40
2026-07-04 04:54:17.003,0.4,0.4,0.4,0.4,0,1638,7.91,2.45
2026-07-04 04:54:17.507,0.4,0.4,0.4,0.4,0,1641,7.91,2.40
2026-07-04 04:54:17.996,0.4,0.4,0.4,0.4,0,1640,7.91,2.42
2026-07-04 04:54:18.533,0.4,0.4,0.4,0.4,0,1640,7.91,2.42
2026-07-04 04:54:19.016,0.4,0.4,0.4,0.4,0,1641,7.91,2.40
2026-07-04 04:54:19.500,0.4,0.4,0.4,0.4,0,1641,7.91,2.40
2026-07-04 04:54:20.039,0.4,0.4,0.4,0.4,0,1638,7.91,2.45
2026-07-04 04:54:20.539,0.4,0.4,0.4,0.4,0,1636,7.91,2.48
2026-07-04 04:54:21.037,0.4,0.4,0.4,0.4,0,1641,7.91,2.40
2026-07-04 04:54:21.536,0.4,0.4,0.4,0.4,0,1640,7.91,2.42
2026-07-04 04:54:22.013,0.4,0.4,0.4,0.4,0,1641,7.91,2.40
2026-07-04 04:54:22.492,0.4,0.4,0.4,0.4,0,1638,7.91,2.45
2026-07-04 04:54:23.493,0.4,0.4,0.4,0.4,0,1641,7.91,2.40
2026-07-04 04:54:23.559,0.4,0.4,0.4,0.4,0,1639,7.91,2.43
2026-07-04 04:54:24.043,0.4,0.4,0.4,0.4,0,1641,7.91,2.40
2026-07-04 04:54:24.512,0.4,0.4,0.4,0.4,0,1640,7.91,2.42
2026-07-04 04:54:25.053,0.4,0.4,0.4,0.4,0,1641,7.91,2.40
2026-07-04 04:54:25.494,0.4,0.4,0.4,0.4,0,1640,7.91,2.42
2026-07-04 04:54:25.992,0.4,0.4,0.4,0.4,0,1642,7.91,2.39
2026-07-04 04:54:26.550,0.4,0.4,0.4,0.4,0,1642,7.91,2.39
2026-07-04 04:54:27.033,0.4,0.4,0.4,0.4,0,1642,7.91,2.39
2026-07-04 04:54:27.518,0.4,0.4,0.4,0.4,0,1641,7.91,2.40
2026-07-04 04:54:27.997,0.4,0.4,0.4,0.4,0,1640,7.91,2.42
2026-07-04 04:54:28.541,0.4,0.4,0.4,0.4,0,1641,7.91,2.40
2026-07-04 04:54:29.025,0.4,0.4,0.4,0.4,0,1641,7.91,2.40
2026-07-04 04:54:29.523,0.4,0.4,0.4,0.4,0,1641,7.91,2.40
2026-07-04 04:54:30.207,0.4,0.4,0.4,0.4,0,1641,7.91,2.40
2026-07-04 04:54:30.523,0.4,0.4,0.4,0.4,0,1636,7.91,2.48
2026-07-04 04:54:30.524,0.4,0.4,0.4,0.4,0,1641,7.91,2.40
2026-07-04 04:54:30.996,0.4,0.4,0.4,0.4,0,1641,7.91,2.40
2026-07-04 04:54:31.539,0.4,0.4,0.4,0.4,0,1640,7.91,2.42
2026-07-04 04:54:32.014,0.4,0.4,0.4,0.4,0,1641,7.91,2.40
2026-07-04 04:54:32.495,0.4,0.4,0.4,0.4,0,1638,7.91,2.45
2026-07-04 04:54:33.038,0.4,0.4,0.4,0.4,0,1643,7.91,2.37
2026-07-04 04:54:33.528,0.4,0.4,0.4,0.4,0,1641,7.91,2.40
2026-07-04 04:54:34.024,0.4,0.4,0.4,0.4,0,1640,7.91,2.42
2026-07-04 04:54:34.520,0.4,0.4,0.4,0.4,0,1640,7.91,2.42
2026-07-04 04:54:35.020,0.4,0.4,0.4,0.4,0,1641,7.91,2.40
2026-07-04 04:54:35.501,0.4,0.4,0.4,0.4,0,1641,7.91,2.40
2026-07-04 04:54:36.028,0.4,0.4,0.4,0.4,0,1642,7.91,2.39
2026-07-04 04:54:36.508,0.4,0.4,0.4,0.4,0,1641,7.91,2.40
2026-07-04 04:54:37.052,0.4,0.4,0.4,0.4,0,1640,7.91,2.42
2026-07-04 04:54:37.493,0.4,0.4,0.4,0.4,0,1640,7.91,2.42
2026-07-04 04:54:38.049,0.4,0.4,0.4,0.4,0,1641,7.91,2.40
2026-07-04 04:54:38.531,0.4,0.4,0.4,0.4,0,1641,7.91,2.40
2026-07-04 04:54:39.036,0.4,0.4,0.4,0.4,0,1643,7.91,2.37
2026-07-04 04:54:39.493,0.4,0.4,0.4,0.4,0,1642,7.91,2.39
2026-07-04 04:54:39.990,0.4,0.4,0.4,0.4,0,1641,7.91,2.40
2026-07-04 04:54:40.549,0.4,0.4,0.4,0.4,0,1639,7.91,2.43
2026-07-04 04:54:41.046,0.4,0.4,0.4,0.4,0,1640,7.91,2.42
2026-07-04 04:54:41.512,0.4,0.4,0.4,0.4,0,1641,7.91,2.40
2026-07-04 04:54:42.009,0.4,0.4,0.4,0.4,0,1641,7.91,2.40
2026-07-04 04:54:42.509,0.4,0.4,0.4,0.4,0,1641,7.91,2.40
2026-07-04 04:54:43.006,0.4,0.4,0.4,0.4,0,1639,7.91,2.43
2026-07-04 04:54:43.506,0.4,0.4,0.4,0.4,0,1639,7.91,2.43
2026-07-04 04:54:44.045,0.4,0.4,0.4,0.4,0,1639,7.91,2.43
2026-07-04 04:54:44.524,0.4,0.4,0.4,0.4,0,1640,7.91,2.42
2026-07-04 04:54:45.012,0.4,0.4,0.4,0.4,0,1640,7.91,2.42
2026-07-04 04:54:45.509,0.4,0.4,0.4,0.4,0,1641,7.91,2.40
2026-07-04 04:54:45.996,0.4,0.4,0.4,0.4,3,1639,7.87,2.43
2026-07-04 04:54:46.493,0.4,0.4,0.4,0.4,7,1642,7.81,2.39
2026-07-04 04:54:47.053,0.4,0.4,0.4,0.4,1,1639,7.90,2.43
2026-07-04 04:54:47.490,0.6,0.4,0.4,0.4,33,1641,7.43,2.40
2026-07-04 04:54:48.045,0.7,0.4,0.4,0.4,142,1641,5.83,2.40
2026-07-04 04:54:48.486,0.9,0.4,0.4,0.4,235,1640,4.47,2.42
2026-07-04 04:54:49.020,1.0,0.4,0.4,0.4,329,1640,3.09,2.42
2026-07-04 04:54:49.510,1.1,0.4,0.4,0.4,390,1641,2.20,2.40
2026-07-04 04:54:50.007,1.2,0.4,0.4,0.4,447,1640,1.36,2.42
2026-07-04 04:54:50.505,1.3,0.4,0.4,0.4,503,1640,0.54,2.42
2026-07-04 04:54:51.048,1.5,0.4,0.4,0.4,570,1641,-0.44,2.40
2026-07-04 04:54:51.548,1.5,0.4,0.4,0.4,648,1640,-1.58,2.42
2026-07-04 04:54:52.030,1.5,0.4,0.4,0.4,664,1639,-1.82,2.43
2026-07-04 04:54:52.524,1.6,0.4,0.4,0.4,674,1636,-1.96,2.48
2026-07-04 04:54:53.018,1.6,0.4,0.4,0.4,684,1640,-2.11,2.42
2026-07-04 04:54:53.514,1.6,0.4,0.4,0.4,703,1641,-2.39,2.40
2026-07-04 04:54:53.998,1.7,0.4,0.4,0.4,729,1641,-2.77,2.40
2026-07-04 04:54:54.542,1.6,0.4,0.4,0.4,769,1639,-3.35,2.43
2026-07-04 04:54:55.035,1.5,0.4,0.4,0.4,722,1641,-2.67,2.40
2026-07-04 04:54:55.504,1.6,0.4,0.4,0.4,680,1642,-2.05,2.39
2026-07-04 04:54:55.995,1.7,0.4,0.4,0.4,737,1641,-2.89,2.40
2026-07-04 04:54:56.493,1.6,0.4,0.5,0.4,757,1641,-3.18,2.40
2026-07-04 04:54:57.051,1.6,0.4,0.5,0.4,708,1643,-2.46,2.37
2026-07-04 04:54:57.517,1.6,0.4,0.4,0.4,730,1640,-2.78,2.42
2026-07-04 04:54:58.029,1.6,0.4,0.4,0.4,722,1641,-2.67,2.40
2026-07-04 04:54:58.509,1.6,0.4,0.4,0.4,714,1643,-2.55,2.37
2026-07-04 04:54:59.006,1.6,0.4,0.4,0.4,711,1643,-2.50,2.37
2026-07-04 04:54:59.507,1.6,0.4,0.4,0.4,736,1641,-2.87,2.40
2026-07-04 04:55:00.004,1.6,0.4,0.4,0.4,746,1642,-3.02,2.39
2026-07-04 04:55:00.541,1.6,0.4,0.4,0.4,714,1642,-2.55,2.39
2026-07-04 04:55:01.044,1.7,0.4,0.4,0.4,714,1641,-2.55,2.40
2026-07-04 04:55:01.527,1.6,0.4,0.4,0.4,714,1641,-2.55,2.40
2026-07-04 04:55:02.022,1.5,0.4,0.4,0.4,686,1642,-2.14,2.39
2026-07-04 04:55:02.517,1.5,0.4,0.4,0.4,619,1643,-1.16,2.37
2026-07-04 04:55:03.001,1.5,0.4,0.4,0.4,619,1643,-1.16,2.37
2026-07-04 04:55:03.546,1.6,0.4,0.4,0.4,692,1637,-2.23,2.46
2026-07-04 04:55:04.025,1.6,0.4,0.4,0.4,710,1641,-2.49,2.40
2026-07-04 04:55:04.526,1.6,0.4,0.4,0.4,729,1642,-2.77,2.39
2026-07-04 04:55:05.019,1.7,0.4,0.4,0.4,750,1639,-3.08,2.43
2026-07-04 04:55:05.522,1.7,0.4,0.4,0.4,780,1639,-3.52,2.43
2026-07-04 04:55:06.020,1.7,0.4,0.4,0.4,796,1629,-3.75,2.58
2026-07-04 04:55:06.509,1.7,0.4,0.4,0.4,800,1636,-3.81,2.48
2026-07-04 04:55:07.032,1.8,0.4,0.4,0.4,792,1641,-3.69,2.40
2026-07-04 04:55:07.495,1.7,0.4,0.4,0.4,805,1642,-3.88,2.39
2026-07-04 04:55:07.995,1.7,0.4,0.4,0.4,748,1641,-3.05,2.40
2026-07-04 04:55:08.557,1.6,0.4,0.4,0.4,718,1640,-2.61,2.42
2026-07-04 04:55:09.052,1.7,0.4,0.4,0.4,717,1643,-2.59,2.37
2026-07-04 04:55:09.553,1.6,0.4,0.4,0.4,737,1641,-2.89,2.40
2026-07-04 04:55:10.546,1.5,0.4,0.4,0.4,702,1642,-2.37,2.39
2026-07-04 04:55:10.546,1.6,0.4,0.4,0.4,682,1640,-2.08,2.42
2026-07-04 04:55:11.037,1.5,0.4,0.4,0.4,649,1639,-1.60,2.43
2026-07-04 04:55:11.539,1.4,0.4,0.4,0.4,611,1640,-1.04,2.42
2026-07-04 04:55:12.029,1.4,0.4,0.4,0.4,610,1642,-1.03,2.39
2026-07-04 04:55:13.005,1.3,0.4,0.4,0.4,583,1643,-0.63,2.37
2026-07-04 04:55:13.006,1.1,0.4,0.4,0.4,496,1641,0.64,2.40
2026-07-04 04:55:14.007,0.9,0.4,0.4,0.4,358,1641,2.67,2.40
2026-07-04 04:55:14.008,0.8,0.4,0.4,0.4,261,1640,4.09,2.42
2026-07-04 04:55:14.505,0.7,0.4,0.4,0.4,217,1637,4.73,2.46
2026-07-04 04:55:14.999,0.6,0.4,0.4,0.4,168,1640,5.45,2.42
2026-07-04 04:55:15.516,0.6,0.4,0.4,0.4,115,1639,6.23,2.43
2026-07-04 04:55:15.994,0.5,0.4,0.4,0.4,75,1640,6.81,2.42
2026-07-04 04:55:16.541,0.5,0.4,0.4,0.4,75,1640,6.81,2.42
2026-07-04 04:55:17.038,0.4,0.4,0.4,0.4,10,1644,7.76,2.36
2026-07-04 04:55:17.503,0.4,0.4,0.4,0.4,0,1640,7.91,2.42
2026-07-04 04:55:18.043,0.4,0.4,0.4,0.4,0,1641,7.91,2.40
2026-07-04 04:55:18.509,0.4,0.4,0.4,0.4,0,1640,7.91,2.42
2026-07-04 04:55:18.997,0.5,0.4,0.4,0.4,31,1639,7.46,2.43
2026-07-04 04:55:19.543,0.5,0.4,0.4,0.4,64,1640,6.97,2.42
2026-07-04 04:55:20.025,0.6,0.4,0.4,0.4,100,1640,6.45,2.42
2026-07-04 04:55:20.517,0.7,0.4,0.4,0.4,130,1637,6.01,2.46
2026-07-04 04:55:20.999,0.7,0.4,0.4,0.4,187,1639,5.17,2.43
2026-07-04 04:55:21.528,0.8,0.4,0.4,0.4,221,1641,4.67,2.40
2026-07-04 04:55:22.022,0.8,0.4,0.4,0.4,246,1639,4.31,2.43
2026-07-04 04:55:22.519,0.9,0.4,0.4,0.4,284,1640,3.75,2.42
2026-07-04 04:55:23.053,1.0,0.4,0.4,0.4,315,1641,3.30,2.40
2026-07-04 04:55:23.543,1.0,0.4,0.4,0.4,343,1640,2.89,2.42
2026-07-04 04:55:24.040,1.0,0.4,0.4,0.4,366,1641,2.55,2.40
2026-07-04 04:55:24.537,1.0,0.4,0.4,0.4,387,1641,2.24,2.40
2026-07-04 04:55:25.021,1.2,0.4,0.4,0.4,422,1640,1.73,2.42
2026-07-04 04:55:25.496,1.3,0.4,0.4,0.4,481,1640,0.86,2.42
2026-07-04 04:55:26.039,1.2,0.4,0.4,0.4,502,1641,0.56,2.40
2026-07-04 04:55:26.535,1.3,0.4,0.4,0.4,519,1640,0.31,2.42
2026-07-04 04:55:26.999,1.4,0.4,0.4,0.4,562,1643,-0.32,2.37
2026-07-04 04:55:27.529,1.4,0.4,0.4,0.4,562,1643,-0.32,2.37
2026-07-04 04:55:28.009,1.4,0.4,0.4,0.4,562,1643,-0.32,2.37
2026-07-04 04:55:28.505,1.4,0.4,0.4,0.4,562,1643,-0.32,2.37
2026-07-04 04:55:29.038,1.4,0.4,0.4,0.4,0,0,7.91,26.44
2026-07-04 04:55:29.515,0.8,0.4,0.4,0.4,274,1633,3.90,2.52
2026-07-04 04:55:29.997,0.7,0.4,0.4,0.4,212,1640,4.80,2.42
2026-07-04 04:55:30.539,0.6,0.4,0.4,0.4,152,1641,5.68,2.40
2026-07-04 04:55:31.040,0.5,0.4,0.4,0.4,102,1640,6.42,2.42
2026-07-04 04:55:31.536,0.5,0.4,0.4,0.4,62,1640,7.00,2.42
2026-07-04 04:55:32.011,0.4,0.4,0.4,0.4,22,1640,7.59,2.42
2026-07-04 04:55:32.540,0.4,0.4,0.4,0.4,0,1639,7.91,2.43
2026-07-04 04:55:33.036,0.4,0.4,0.4,0.4,0,1641,7.91,2.40
2026-07-04 04:55:33.538,0.4,0.4,0.4,0.4,0,1639,7.91,2.43
2026-07-04 04:55:34.039,0.4,0.4,0.4,0.4,0,1640,7.91,2.42
2026-07-04 04:55:34.537,0.4,0.4,0.4,0.4,0,1640,7.91,2.42
2026-07-04 04:55:35.019,0.4,0.4,0.4,0.4,0,1640,7.91,2.42
2026-07-04 04:55:35.497,0.4,0.4,0.4,0.4,0,1640,7.91,2.42
2026-07-04 04:55:35.994,0.4,0.4,0.4,0.4,0,1640,7.91,2.42
2026-07-04 04:55:36.491,0.4,0.4,0.4,0.4,0,1642,7.91,2.39
2026-07-04 04:55:37.050,0.4,0.4,0.4,0.4,0,1640,7.91,2.42
2026-07-04 04:55:37.532,0.4,0.4,0.4,0.4,0,1642,7.91,2.39
2026-07-04 04:55:37.997,0.4,0.4,0.4,0.4,0,1640,7.91,2.42
2026-07-04 04:55:38.541,0.4,0.4,0.4,0.4,0,1630,7.91,2.56
2026-07-04 04:55:39.533,0.4,0.4,0.4,0.4,0,1641,7.91,2.40
2026-07-04 04:55:39.534,0.4,0.4,0.4,0.4,0,1641,7.91,2.40
2026-07-04 04:55:39.996,0.4,0.4,0.4,0.4,16,1641,7.68,2.40
2026-07-04 04:55:40.539,0.4,0.4,0.4,0.4,16,1641,7.68,2.40
2026-07-04 04:55:41.033,0.5,0.4,0.4,0.4,24,1641,7.56,2.40
2026-07-04 04:55:42.016,0.5,0.4,0.4,0.4,56,1638,7.09,2.45
2026-07-04 04:55:42.017,0.6,0.4,0.4,0.4,87,1640,6.64,2.42
2026-07-04 04:55:42.547,0.6,0.4,0.4,0.4,101,1640,6.43,2.42
2026-07-04 04:55:43.036,0.6,0.4,0.4,0.4,108,1641,6.33,2.40
2026-07-04 04:55:43.529,0.7,0.4,0.4,0.4,147,1640,5.76,2.42
2026-07-04 04:55:43.997,0.7,0.4,0.4,0.4,183,1641,5.23,2.40
2026-07-04 04:55:44.492,0.7,0.4,0.4,0.4,185,1640,5.20,2.42
2026-07-04 04:55:45.048,0.7,0.4,0.4,0.4,180,1639,5.27,2.43
2026-07-04 04:55:45.533,0.8,0.4,0.4,0.4,192,1639,5.10,2.43
2026-07-04 04:55:45.997,0.8,0.4,0.4,0.4,242,1641,4.37,2.40
2026-07-04 04:55:46.545,0.8,0.4,0.4,0.4,244,1642,4.34,2.39
2026-07-04 04:55:47.524,0.9,0.4,0.4,0.4,268,1640,3.98,2.42
2026-07-04 04:55:47.526,0.9,0.4,0.4,0.4,283,1641,3.76,2.40
2026-07-04 04:55:48.024,0.9,0.4,0.4,0.4,301,1639,3.50,2.43
2026-07-04 04:55:48.517,1.0,0.4,0.4,0.4,318,1641,3.25,2.40
2026-07-04 04:55:49.001,0.9,0.4,0.4,0.4,331,1640,3.06,2.42
2026-07-04 04:55:49.500,0.9,0.4,0.4,0.4,307,1638,3.41,2.45
2026-07-04 04:55:50.029,0.9,0.4,0.4,0.4,312,1641,3.34,2.40
2026-07-04 04:55:50.508,0.9,0.4,0.4,0.4,298,1641,3.54,2.40
2026-07-04 04:55:51.004,0.9,0.4,0.4,0.4,291,1642,3.65,2.39
2026-07-04 04:55:51.496,1.0,0.4,0.4,0.4,299,1643,3.53,2.37
2026-07-04 04:55:52.040,1.0,0.4,0.4,0.4,322,1642,3.19,2.39
2026-07-04 04:55:52.539,1.0,0.4,0.4,0.4,349,1640,2.80,2.42
2026-07-04 04:55:53.039,1.0,0.4,0.4,0.4,348,1640,2.81,2.42
2026-07-04 04:55:53.535,1.0,0.4,0.4,0.4,348,1641,2.81,2.40
2026-07-04 04:55:54.030,1.0,0.4,0.4,0.4,367,1637,2.53,2.46
2026-07-04 04:55:54.517,1.1,0.4,0.4,0.4,380,1641,2.34,2.40
2026-07-04 04:55:54.998,1.1,0.4,0.4,0.4,400,1642,2.05,2.39
2026-07-04 04:55:55.532,1.1,0.4,0.4,0.4,407,1640,1.95,2.42
2026-07-04 04:55:56.045,1.0,0.4,0.4,0.4,392,1640,2.17,2.42
2026-07-04 04:55:56.525,1.0,0.4,0.4,0.4,387,1642,2.24,2.39
2026-07-04 04:55:57.017,1.0,0.4,0.4,0.4,352,1641,2.75,2.40
2026-07-04 04:55:57.537,1.0,0.4,0.4,0.4,344,1641,2.87,2.40
2026-07-04 04:55:58.000,1.0,0.4,0.4,0.4,364,1641,2.58,2.40
2026-07-04 04:55:58.532,1.1,0.4,0.4,0.4,364,1641,2.58,2.40
2026-07-04 04:55:58.998,1.0,0.4,0.4,0.4,393,1640,2.15,2.42
2026-07-04 04:55:59.531,1.0,0.4,0.4,0.4,393,1640,2.15,2.42
2026-07-04 04:55:59.995,1.0,0.4,0.4,0.4,393,1640,2.15,2.42
2026-07-04 04:56:00.541,1.0,0.4,0.4,0.4,330,1641,3.08,2.40
2026-07-04 04:56:01.026,0.9,0.4,0.4,0.4,349,1637,2.80,2.46
2026-07-04 04:56:02.046,0.8,0.4,0.4,0.4,291,1641,3.65,2.40
2026-07-04 04:56:02.046,0.8,0.4,0.4,0.4,243,1641,4.35,2.40
2026-07-04 04:56:02.534,0.7,0.4,0.4,0.4,190,1639,5.13,2.43
2026-07-04 04:56:03.005,0.6,0.4,0.4,0.4,149,1641,5.73,2.40
2026-07-04 04:56:03.493,0.6,0.4,0.4,0.4,121,1641,6.14,2.40
2026-07-04 04:56:04.055,0.5,0.4,0.4,0.4,91,1637,6.58,2.46
2026-07-04 04:56:04.556,0.5,0.4,0.4,0.4,61,1640,7.02,2.42
2026-07-04 04:56:05.052,0.5,0.4,0.4,0.4,35,1639,7.40,2.43
2026-07-04 04:56:05.550,0.4,0.4,0.4,0.4,17,1640,7.66,2.42
2026-07-04 04:56:06.028,0.4,0.4,0.4,0.4,17,1640,7.66,2.42
2026-07-04 04:56:06.510,0.4,0.4,0.4,0.4,0,1641,7.91,2.40
2026-07-04 04:56:07.053,0.4,0.4,0.4,0.4,0,1641,7.91,2.40
2026-07-04 04:56:07.552,0.4,0.4,0.4,0.4,0,1639,7.91,2.43
2026-07-04 04:56:08.029,0.4,0.4,0.4,0.4,0,1640,7.91,2.42
2026-07-04 04:56:08.508,0.4,0.4,0.4,0.4,0,1640,7.91,2.42
2026-07-04 04:56:09.556,0.4,0.4,0.4,0.4,0,1639,7.91,2.43
2026-07-04 04:56:09.558,0.4,0.4,0.4,0.4,0,1641,7.91,2.40
2026-07-04 04:56:09.991,0.4,0.4,0.4,0.4,0,1640,7.91,2.42
2026-07-04 04:56:10.548,0.4,0.4,0.4,0.4,0,1641,7.91,2.40
2026-07-04 04:56:11.031,0.4,0.4,0.4,0.4,0,1640,7.91,2.42
2026-07-04 04:56:11.514,0.4,0.4,0.4,0.4,0,1641,7.91,2.40
2026-07-04 04:56:12.006,0.4,0.4,0.4,0.4,0,1640,7.91,2.42
2026-07-04 04:56:12.505,0.4,0.4,0.4,0.4,0,1640,7.91,2.42
2026-07-04 04:56:13.002,0.4,0.4,0.4,0.4,0,1641,7.91,2.40
2026-07-04 04:56:13.545,0.4,0.4,0.4,0.4,0,1641,7.91,2.40
2026-07-04 04:56:14.026,0.4,0.4,0.4,0.4,0,1642,7.91,2.39
2026-07-04 04:56:14.524,0.4,0.4,0.4,0.4,0,1640,7.91,2.42
2026-07-04 04:56:15.021,0.4,0.4,0.4,0.4,0,1640,7.91,2.42
2026-07-04 04:56:15.519,0.4,0.4,0.4,0.4,0,1641,7.91,2.40
2026-07-04 04:56:16.013,0.4,0.4,0.4,0.4,0,1639,7.91,2.43
2026-07-04 04:56:16.500,0.4,0.4,0.4,0.4,0,1640,7.91,2.42
2026-07-04 04:56:17.045,0.4,0.4,0.4,0.4,0,1641,7.91,2.40
2026-07-04 04:56:17.530,0.4,0.4,0.4,0.4,0,1642,7.91,2.39
2026-07-04 04:56:18.009,0.4,0.4,0.4,0.4,0,1640,7.91,2.42
2026-07-04 04:56:19.006,0.4,0.4,0.4,0.4,0,1640,7.91,2.42
2026-07-04 04:56:19.006,0.4,0.4,0.4,0.4,0,1641,7.91,2.40
2026-07-04 04:56:19.507,0.4,0.4,0.4,0.4,0,1640,7.91,2.42
2026-07-04 04:56:19.996,0.4,0.4,0.4,0.4,0,1642,7.91,2.39
2026-07-04 04:56:20.525,0.4,0.4,0.4,0.4,0,1641,7.91,2.40
2026-07-04 04:56:21.020,0.4,0.4,0.4,0.4,0,1641,7.91,2.40
2026-07-04 04:56:21.522,0.4,0.4,0.4,0.4,0,1641,7.91,2.40
2026-07-04 04:56:22.020,0.4,0.4,0.4,0.4,0,1643,7.91,2.37
2026-07-04 04:56:22.498,0.4,0.4,0.4,0.4,0,1642,7.91,2.39
2026-07-04 04:56:22.996,0.4,0.4,0.4,0.4,0,1641,7.91,2.40
2026-07-04 04:56:23.542,0.4,0.4,0.4,0.4,0,1641,7.91,2.40
2026-07-04 04:56:24.025,0.4,0.4,0.4,0.4,0,1641,7.91,2.40
2026-07-04 04:56:24.522,0.4,0.4,0.4,0.4,0,1643,7.91,2.37
2026-07-04 04:56:25.004,0.4,0.4,0.4,0.4,0,1643,7.91,2.37
2026-07-04 04:56:25.555,0.4,0.4,0.4,0.4,0,1641,7.91,2.40
2026-07-04 04:56:26.052,0.4,0.4,0.4,0.4,0,1641,7.91,2.40
2026-07-04 04:56:26.524,0.5,0.4,0.4,0.4,9,1641,7.78,2.40
2026-07-04 04:56:27.020,0.4,0.4,0.4,0.4,20,1635,7.62,2.49
2026-07-04 04:56:27.509,0.4,0.4,0.4,0.4,10,1643,7.76,2.37
2026-07-04 04:56:28.007,0.4,0.4,0.4,0.4,10,1643,7.76,2.37
2026-07-04 04:56:28.493,0.5,0.4,0.4,0.4,26,1641,7.53,2.40
2026-07-04 04:56:29.019,0.5,0.4,0.4,0.4,26,1641,7.53,2.40
2026-07-04 04:56:29.510,0.5,0.4,0.4,0.4,26,1641,7.53,2.40
2026-07-04 04:56:30.056,0.8,0.4,0.4,0.4,210,1640,4.83,2.42
2026-07-04 04:56:30.552,0.8,0.4,0.4,0.4,231,1639,4.53,2.43
2026-07-04 04:56:31.046,0.8,0.4,0.4,0.4,231,1639,4.53,2.43
2026-07-04 04:56:31.528,0.8,0.4,0.4,0.4,234,1641,4.48,2.40
2026-07-04 04:56:32.006,0.8,0.4,0.4,0.4,222,1639,4.66,2.43
2026-07-04 04:56:32.501,1.0,0.4,0.4,0.4,266,1640,4.01,2.42
2026-07-04 04:56:32.998,1.3,0.4,0.4,0.4,414,1641,1.85,2.40
2026-07-04 04:56:33.543,1.8,0.4,0.4,0.4,636,1641,-1.41,2.40
2026-07-04 04:56:34.025,2.0,0.4,0.4,0.4,890,1640,-5.13,2.42
2026-07-04 04:56:34.524,2.2,0.4,0.4,0.4,994,1641,-6.65,2.40
2026-07-04 04:56:35.018,2.3,0.4,0.4,0.4,1085,1637,-7.98,2.46
2026-07-04 04:56:35.502,2.4,0.4,0.4,0.4,1148,1640,-8.91,2.42
2026-07-04 04:56:36.044,2.7,0.4,0.4,0.4,1264,1639,-10.61,2.43
2026-07-04 04:56:36.524,2.8,0.4,0.4,0.4,1379,1641,-12.29,2.40
2026-07-04 04:56:37.021,2.9,0.4,0.4,0.5,1455,1641,-13.40,2.40
2026-07-04 04:56:37.524,2.9,0.4,0.7,0.6,1495,1641,-13.99,2.40
2026-07-04 04:56:38.012,2.8,0.4,0.9,0.6,1474,1641,-13.68,2.40
2026-07-04 04:56:39.036,2.9,0.4,1.2,1.4,1439,1639,-13.17,2.43
2026-07-04 04:56:39.037,2.9,0.4,1.6,1.7,1471,1642,-13.64,2.39
2026-07-04 04:56:39.534,3.0,0.4,2.0,1.7,1511,1641,-14.22,2.40
2026-07-04 04:56:40.012,3.1,0.4,2.4,2.0,1575,1639,-15.16,2.43
2026-07-04 04:56:40.556,3.2,0.4,2.5,2.2,1635,1643,-16.04,2.37
2026-07-04 04:56:41.052,3.3,0.4,2.6,2.4,1714,1641,-17.20,2.40
2026-07-04 04:56:41.546,3.4,0.4,2.6,2.6,1763,1640,-17.92,2.42
2026-07-04 04:56:41.995,3.5,0.4,2.7,2.7,1792,1642,-18.34,2.39
2026-07-04 04:56:42.525,3.5,0.4,2.9,2.7,1792,1642,-18.34,2.39
2026-07-04 04:56:43.020,3.6,0.4,3.1,2.7,1856,1641,-19.28,2.40
2026-07-04 04:56:43.525,3.6,0.4,3.0,2.8,1873,1638,-19.53,2.45
2026-07-04 04:56:44.027,3.6,0.4,2.9,2.8,1883,1641,-19.67,2.40
2026-07-04 04:56:44.520,3.5,0.4,2.9,3.1,1867,1642,-19.44,2.39
2026-07-04 04:56:45.054,3.5,0.4,2.9,3.1,1831,1641,-18.91,2.40
2026-07-04 04:56:45.527,3.6,0.4,3.2,3.0,1844,1641,-19.10,2.40
2026-07-04 04:56:46.206,3.6,0.4,3.2,3.0,1844,1641,-19.10,2.40
2026-07-04 04:56:46.517,3.6,0.4,3.4,2.9,1900,1641,-19.92,2.40
2026-07-04 04:56:46.517,3.7,0.4,3.4,3.0,1924,1641,-20.27,2.40
2026-07-04 04:56:46.999,3.7,0.4,3.4,3.0,1983,1640,-21.14,2.42
2026-07-04 04:56:47.547,3.7,0.4,3.3,3.2,1960,1641,-20.80,2.40
2026-07-04 04:56:48.013,3.7,0.4,3.2,3.3,1926,1642,-20.30,2.39
2026-07-04 04:56:48.493,3.8,0.4,3.2,3.3,1960,1640,-20.80,2.42
2026-07-04 04:56:49.052,3.8,0.4,3.2,3.3,2011,1641,-21.55,2.40
2026-07-04 04:56:49.553,3.8,0.4,3.3,3.2,2035,1637,-21.90,2.46
2026-07-04 04:56:50.028,3.8,0.4,3.5,3.2,2033,1640,-21.87,2.42
2026-07-04 04:56:50.508,3.8,0.4,3.4,3.2,2024,1645,-21.74,2.34
2026-07-04 04:56:51.005,3.9,0.4,3.4,3.2,2057,1641,-22.22,2.40
2026-07-04 04:56:51.543,4.0,0.4,3.3,3.2,2111,1641,-23.01,2.40
2026-07-04 04:56:52.038,4.0,0.4,3.4,3.3,2118,1634,-23.12,2.50
2026-07-04 04:56:52.535,4.0,0.4,3.5,3.3,2123,1641,-23.19,2.40
2026-07-04 04:56:53.031,4.0,0.4,3.6,3.3,2144,1643,-23.50,2.37
2026-07-04 04:56:53.513,3.8,0.4,3.6,3.5,2119,1643,-23.13,2.37
2026-07-04 04:56:54.550,3.6,0.4,3.6,3.4,1980,1641,-21.09,2.40
2026-07-04 04:56:54.550,3.5,0.4,3.4,3.3,1863,1641,-19.38,2.40
2026-07-04 04:56:55.012,3.3,0.4,3.2,3.2,1783,1643,-18.21,2.37
2026-07-04 04:56:55.512,3.3,0.4,2.8,2.9,1783,1643,-18.21,2.37
2026-07-04 04:56:56.061,3.3,0.4,2.5,2.8,1783,1643,-18.21,2.37
2026-07-04 04:56:56.543,2.3,0.4,2.2,2.5,1228,1641,-10.08,2.40
2026-07-04 04:56:57.038,2.0,0.4,1.8,2.3,1057,1639,-7.57,2.43
2026-07-04 04:56:57.523,1.6,0.4,1.6,2.3,865,1641,-4.76,2.40
2026-07-04 04:56:57.996,1.3,0.4,1.6,1.7,651,1639,-1.63,2.43
2026-07-04 04:56:58.541,1.0,0.4,1.2,1.5,464,1641,1.11,2.40
2026-07-04 04:56:59.036,0.8,0.4,1.0,1.3,292,1640,3.63,2.42
2026-07-04 04:56:59.537,0.6,0.4,0.9,1.1,179,1641,5.29,2.40
2026-07-04 04:57:00.500,0.5,0.4,0.9,1.0,112,1641,6.27,2.40
2026-07-04 04:57:00.556,0.5,0.4,0.7,0.9,77,1636,6.78,2.48
2026-07-04 04:57:01.052,0.4,0.4,0.7,0.8,53,1641,7.13,2.40
2026-07-04 04:57:01.551,0.4,0.4,0.6,0.7,17,1641,7.66,2.40
2026-07-04 04:57:02.028,0.4,0.4,0.6,0.6,0,1640,7.91,2.42
2026-07-04 04:57:02.509,0.4,0.4,0.6,0.6,0,1638,7.91,2.45
2026-07-04 04:57:03.052,0.4,0.4,0.5,0.5,0,1641,7.91,2.40
2026-07-04 04:57:03.550,0.4,0.4,0.5,0.5,0,1641,7.91,2.40
2026-07-04 04:57:04.013,0.4,0.4,0.5,0.5,0,1642,7.91,2.39
2026-07-04 04:57:04.492,0.4,0.4,0.5,0.5,0,1640,7.91,2.42
2026-07-04 04:57:05.038,0.4,0.4,0.4,0.4,0,1641,7.91,2.40
2026-07-04 04:57:05.529,0.4,0.4,0.4,0.4,0,1638,7.91,2.45
2026-07-04 04:57:06.008,0.4,0.4,0.4,0.4,0,1640,7.91,2.42
2026-07-04 04:57:06.508,0.4,0.4,0.4,0.4,0,1641,7.91,2.40
2026-07-04 04:57:07.005,0.4,0.4,0.4,0.4,0,1641,7.91,2.40
2026-07-04 04:57:07.549,0.4,0.4,0.4,0.4,0,1641,7.91,2.40
2026-07-04 04:57:08.000,0.4,0.4,0.4,0.4,0,1640,7.91,2.42
2026-07-04 04:57:08.540,0.4,0.4,0.4,0.4,0,1639,7.91,2.43
2026-07-04 04:57:09.038,0.4,0.4,0.4,0.4,0,1642,7.91,2.39
2026-07-04 04:57:09.537,0.4,0.4,0.4,0.4,0,1641,7.91,2.40
2026-07-04 04:57:10.017,0.4,0.4,0.4,0.4,0,1641,7.91,2.40
2026-07-04 04:57:10.547,0.4,0.4,0.4,0.4,0,1640,7.91,2.42
2026-07-04 04:57:11.037,0.4,0.4,0.4,0.4,0,1642,7.91,2.39
2026-07-04 04:57:11.532,0.4,0.4,0.4,0.4,0,1641,7.91,2.40
2026-07-04 04:57:12.010,0.4,0.4,0.4,0.4,0,1639,7.91,2.43
2026-07-04 04:57:12.558,0.4,0.4,0.4,0.4,0,1641,7.91,2.40
2026-07-04 04:57:13.554,0.4,0.4,0.4,0.4,0,1642,7.91,2.39
2026-07-04 04:57:13.555,0.4,0.4,0.4,0.4,0,1642,7.91,2.39
2026-07-04 04:57:14.035,0.4,0.4,0.4,0.4,0,1641,7.91,2.40
2026-07-04 04:57:14.999,0.4,0.4,0.4,0.4,0,1641,7.91,2.40
2026-07-04 04:57:15.059,0.4,0.4,0.4,0.4,1,1640,7.90,2.42
2026-07-04 04:57:15.497,0.4,0.4,0.4,0.4,1,1641,7.90,2.40
2026-07-04 04:57:16.040,0.4,0.4,0.4,0.4,1,1641,7.90,2.40
2026-07-04 04:57:16.537,0.4,0.4,0.4,0.4,4,1640,7.85,2.42
2026-07-04 04:57:17.018,0.4,0.4,0.4,0.4,11,1643,7.75,2.37
2026-07-04 04:57:17.498,0.5,0.4,0.4,0.4,28,1643,7.50,2.37
2026-07-04 04:57:18.041,0.5,0.4,0.5,0.4,29,1639,7.49,2.43
2026-07-04 04:57:18.537,0.5,0.4,0.5,0.4,29,1636,7.49,2.48
2026-07-04 04:57:19.020,0.5,0.4,0.6,0.4,39,1640,7.34,2.42
2026-07-04 04:57:19.497,0.4,0.4,0.7,0.4,30,1641,7.47,2.40
2026-07-04 04:57:20.056,0.4,0.4,0.8,0.4,12,1640,7.73,2.42
2026-07-04 04:57:20.489,0.4,0.4,0.9,0.4,4,1639,7.85,2.43
2026-07-04 04:57:21.050,0.4,0.4,1.0,0.4,9,1641,7.78,2.40
2026-07-04 04:57:21.531,0.5,0.4,1.0,0.4,15,1642,7.69,2.39
2026-07-04 04:57:22.014,0.5,0.4,1.0,0.4,15,1642,7.69,2.39
2026-07-04 04:57:22.555,0.4,0.4,1.0,0.4,35,1641,7.40,2.40
2026-07-04 04:57:23.053,0.4,0.4,1.1,0.4,19,1641,7.63,2.40
2026-07-04 04:57:23.550,0.4,0.4,1.1,0.4,12,1641,7.73,2.40
2026-07-04 04:57:24.029,0.4,0.4,1.1,0.4,10,1643,7.76,2.37
2026-07-04 04:57:24.510,0.4,0.4,1.1,0.4,9,1641,7.78,2.40
2026-07-04 04:57:25.004,0.4,0.4,1.1,0.4,5,1641,7.84,2.40
2026-07-04 04:57:25.513,0.4,0.4,1.1,0.4,10,1641,7.76,2.40
2026-07-04 04:57:26.005,0.4,0.4,1.1,0.4,22,1641,7.59,2.40
2026-07-04 04:57:26.492,0.4,0.4,1.1,0.4,18,1643,7.65,2.37
2026-07-04 04:57:27.020,0.4,0.4,1.1,0.4,9,1642,7.78,2.39
2026-07-04 04:57:27.510,0.4,0.4,1.1,0.4,9,1641,7.78,2.40
2026-07-04 04:57:28.008,0.4,0.4,1.1,0.4,19,1641,7.63,2.40
2026-07-04 04:57:28.502,0.4,0.4,1.1,0.4,19,1641,7.63,2.40
2026-07-04 04:57:29.047,0.4,0.4,1.1,0.4,6,1641,7.82,2.40
2026-07-04 04:57:29.516,0.4,0.4,1.1,0.4,2,1641,7.88,2.40
2026-07-04 04:57:29.998,0.4,0.4,1.0,0.4,2,1641,7.88,2.40
2026-07-04 04:57:30.555,0.4,0.4,1.0,0.4,5,1641,7.84,2.40
2026-07-04 04:57:31.048,0.4,0.4,1.0,0.4,1,1639,7.90,2.43
2026-07-04 04:57:31.533,0.4,0.4,1.0,0.4,1,1641,7.90,2.40
2026-07-04 04:57:32.012,0.4,0.4,0.9,0.4,1,1642,7.90,2.39
2026-07-04 04:57:32.492,0.4,0.4,0.9,0.4,2,1642,7.88,2.39
2026-07-04 04:57:33.052,0.4,0.4,0.9,0.4,1,1641,7.90,2.40
2026-07-04 04:57:33.556,0.4,0.4,0.9,0.4,1,1641,7.90,2.40
2026-07-04 04:57:34.052,0.4,0.4,0.9,0.4,1,1640,7.90,2.42
2026-07-04 04:57:34.542,0.4,0.4,1.0,0.4,3,1640,7.87,2.42
2026-07-04 04:57:35.005,0.4,0.4,1.0,0.4,3,1641,7.87,2.40
2026-07-04 04:57:35.511,0.4,0.4,0.9,0.4,2,1641,7.88,2.40
2026-07-04 04:57:36.009,0.4,0.4,0.9,0.4,4,1641,7.85,2.40
2026-07-04 04:57:37.004,0.4,0.4,0.8,0.4,4,1641,7.85,2.40
2026-07-04 04:57:37.005,0.4,0.4,0.8,0.4,2,1641,7.88,2.40
2026-07-04 04:57:37.508,0.4,0.4,0.8,0.4,2,1640,7.88,2.42
2026-07-04 04:57:38.006,0.4,0.4,0.9,0.4,2,1640,7.88,2.42
2026-07-04 04:57:38.501,0.4,0.4,0.9,0.4,4,1641,7.85,2.40
2026-07-04 04:57:39.045,0.4,0.4,1.0,0.4,3,1641,7.87,2.40
2026-07-04 04:57:39.529,0.4,0.4,1.0,0.4,3,1641,7.87,2.40
2026-07-04 04:57:40.012,0.4,0.4,0.9,0.4,3,1641,7.87,2.40
2026-07-04 04:57:40.507,0.4,0.4,0.9,0.4,3,1641,7.87,2.40
2026-07-04 04:57:41.002,0.4,0.4,0.9,0.4,1,1643,7.90,2.37
2026-07-04 04:57:41.543,0.4,0.4,1.0,0.4,3,1638,7.87,2.45
2026-07-04 04:57:42.015,0.4,0.4,1.0,0.4,3,1638,7.87,2.45
2026-07-04 04:57:42.494,0.4,0.4,1.0,0.4,3,1638,7.87,2.45
2026-07-04 04:57:43.054,0.4,0.4,1.1,0.4,3,1641,7.87,2.40
2026-07-04 04:57:43.553,0.4,0.4,1.1,0.4,0,1640,7.91,2.42
2026-07-04 04:57:44.028,0.4,0.4,1.1,0.4,0,1640,7.91,2.42
2026-07-04 04:57:44.526,0.4,0.4,1.1,0.4,12,1641,7.73,2.40
2026-07-04 04:57:45.019,0.4,0.4,1.1,0.4,8,1642,7.79,2.39
2026-07-04 04:57:45.521,0.4,0.4,1.1,0.4,7,1641,7.81,2.40
2026-07-04 04:57:46.020,0.4,0.4,1.2,0.4,7,1640,7.81,2.42
2026-07-04 04:57:46.509,0.4,0.4,1.2,0.4,11,1638,7.75,2.45
2026-07-04 04:57:47.048,0.4,0.4,1.2,0.4,11,1638,7.75,2.45
2026-07-04 04:57:47.515,0.4,0.4,1.2,0.4,19,1640,7.63,2.42
2026-07-04 04:57:47.998,0.4,0.4,1.1,0.4,8,1641,7.79,2.40
2026-07-04 04:57:48.542,0.4,0.4,1.1,0.4,8,1640,7.79,2.42
2026-07-04 04:57:49.038,0.4,0.4,1.1,0.4,2,1640,7.88,2.42
2026-07-04 04:57:50.019,0.4,0.4,1.1,0.4,4,1640,7.85,2.42
2026-07-04 04:57:50.020,0.4,0.4,1.1,0.4,4,1642,7.85,2.39
2026-07-04 04:57:50.491,0.4,0.4,1.1,0.4,4,1642,7.85,2.39
2026-07-04 04:57:51.038,0.4,0.4,1.1,0.4,3,1641,7.87,2.40
2026-07-04 04:57:51.538,0.4,0.4,1.0,0.4,2,1641,7.88,2.40
2026-07-04 04:57:52.542,0.4,0.4,1.0,0.4,2,1640,7.88,2.42
2026-07-04 04:57:52.543,0.4,0.4,1.0,0.4,3,1641,7.87,2.40
2026-07-04 04:57:53.037,0.4,0.4,1.0,0.4,3,1640,7.87,2.42
2026-07-04 04:57:53.530,0.4,0.4,1.0,0.4,3,1641,7.87,2.40
2026-07-04 04:57:53.998,0.4,0.4,0.9,0.4,3,1640,7.87,2.42
2026-07-04 04:57:54.541,0.4,0.4,0.9,0.4,2,1641,7.88,2.40
2026-07-04 04:57:55.516,0.4,0.4,0.9,0.4,2,1642,7.88,2.39
2026-07-04 04:57:55.517,0.4,0.4,0.9,0.4,4,1641,7.85,2.40
2026-07-04 04:57:56.041,0.4,0.4,0.9,0.4,3,1637,7.87,2.46
2026-07-04 04:57:56.540,0.4,0.4,0.9,0.4,2,1641,7.88,2.40
2026-07-04 04:57:57.039,0.4,0.4,0.9,0.4,4,1643,7.85,2.37
2026-07-04 04:57:57.539,0.4,0.4,0.9,0.4,5,1641,7.84,2.40
2026-07-04 04:57:58.034,0.4,0.4,0.9,0.4,2,1644,7.88,2.36
2026-07-04 04:57:58.501,0.4,0.4,0.9,0.4,5,1638,7.84,2.45
2026-07-04 04:57:59.037,0.4,0.4,0.9,0.4,9,1640,7.78,2.42
2026-07-04 04:57:59.537,0.4,0.4,0.9,0.4,6,1639,7.82,2.43
2026-07-04 04:58:00.037,0.4,0.4,0.9,0.4,3,1637,7.87,2.46
2026-07-04 04:58:00.536,0.4,0.4,1.0,0.4,4,1639,7.85,2.43
2026-07-04 04:58:01.021,0.4,0.4,1.0,0.4,3,1639,7.87,2.43
2026-07-04 04:58:01.510,0.4,0.4,1.0,0.4,3,1641,7.87,2.40
2026-07-04 04:58:02.007,0.4,0.4,0.9,0.4,3,1640,7.87,2.42
2026-07-04 04:58:02.505,0.4,0.4,0.9,0.4,2,1641,7.88,2.40
2026-07-04 04:58:03.047,0.4,0.4,0.9,0.4,4,1641,7.85,2.40
2026-07-04 04:58:03.516,0.4,0.4,0.9,0.4,3,1640,7.87,2.42
2026-07-04 04:58:04.044,0.4,0.4,0.8,0.4,2,1641,7.88,2.40
2026-07-04 04:58:04.525,0.4,0.4,0.8,0.4,5,1643,7.84,2.37
2026-07-04 04:58:05.021,0.5,0.4,0.7,0.4,16,1641,7.68,2.40
2026-07-04 04:58:06.058,0.5,0.4,0.6,0.4,35,1642,7.40,2.39
2026-07-04 04:58:06.060,0.6,0.4,0.6,0.4,70,1641,6.88,2.40
2026-07-04 04:58:06.550,0.6,0.4,0.5,0.4,92,1640,6.56,2.42
2026-07-04 04:58:07.047,0.6,0.4,0.5,0.4,98,1641,6.47,2.40
2026-07-04 04:58:07.514,0.5,0.4,0.5,0.4,89,1640,6.61,2.42
2026-07-04 04:58:08.009,0.5,0.4,0.5,0.4,68,1640,6.91,2.42
2026-07-04 04:58:08.503,0.5,0.4,0.5,0.4,54,1639,7.12,2.43
2026-07-04 04:58:09.003,0.4,0.4,0.5,0.4,32,1642,7.44,2.39
2026-07-04 04:58:09.501,0.4,0.4,0.5,0.4,22,1640,7.59,2.42
2026-07-04 04:58:10.055,0.4,0.4,0.5,0.4,15,1639,7.69,2.43
2026-07-04 04:58:10.550,0.4,0.4,0.4,0.4,15,1639,7.69,2.43
2026-07-04 04:58:11.051,0.4,0.4,0.5,0.4,0,1639,7.91,2.43
2026-07-04 04:58:11.524,0.4,0.4,0.5,0.4,0,1640,7.91,2.42
2026-07-04 04:58:11.996,0.4,0.4,0.4,0.4,0,1640,7.91,2.42
2026-07-04 04:58:12.512,0.4,0.4,0.4,0.4,0,1639,7.91,2.43
2026-07-04 04:58:13.006,0.4,0.4,0.4,0.4,1,1640,7.90,2.42
2026-07-04 04:58:13.510,0.4,0.4,0.4,0.4,0,1639,7.91,2.43
2026-07-04 04:58:14.004,0.4,0.4,0.4,0.4,0,1638,7.91,2.45
2026-07-04 04:58:14.507,0.4,0.4,0.4,0.4,0,1640,7.91,2.42
2026-07-04 04:58:15.002,0.4,0.4,0.4,0.4,0,1643,7.91,2.37
2026-07-04 04:58:15.502,0.4,0.4,0.4,0.4,0,1640,7.91,2.42
2026-07-04 04:58:16.048,0.4,0.4,0.4,0.4,0,1641,7.91,2.40
2026-07-04 04:58:16.509,0.4,0.4,0.4,0.4,0,1640,7.91,2.42
2026-07-04 04:58:17.004,0.4,0.4,0.4,0.4,0,1640,7.91,2.42
2026-07-04 04:58:17.506,0.4,0.4,0.4,0.4,0,1640,7.91,2.42
2026-07-04 04:58:18.030,0.4,0.4,0.4,0.4,0,1640,7.91,2.42
2026-07-04 04:58:18.507,0.4,0.4,0.4,0.4,0,1640,7.91,2.42
2026-07-04 04:58:19.011,0.4,0.4,0.4,0.4,0,1639,7.91,2.43
2026-07-04 04:58:19.553,0.4,0.4,0.4,0.4,0,1642,7.91,2.39
2026-07-04 04:58:20.032,0.4,0.4,0.4,0.4,0,1640,7.91,2.42
2026-07-04 04:58:21.035,0.4,0.4,0.4,0.4,0,1641,7.91,2.40
2026-07-04 04:58:21.035,0.4,0.4,0.4,0.4,0,1640,7.91,2.42
2026-07-04 04:58:21.508,0.4,0.4,0.4,0.4,0,1642,7.91,2.39
2026-07-04 04:58:22.008,0.4,0.4,0.4,0.4,0,1641,7.91,2.40
2026-07-04 04:58:22.509,0.4,0.4,0.4,0.4,0,1641,7.91,2.40
2026-07-04 04:58:23.006,0.4,0.4,0.4,0.4,0,1640,7.91,2.42
2026-07-04 04:58:23.499,0.4,0.4,0.4,0.4,0,1639,7.91,2.43
2026-07-04 04:58:24.011,0.4,0.4,0.4,0.4,0,1640,7.91,2.42
2026-07-04 04:58:24.519,0.4,0.4,0.4,0.4,0,1639,7.91,2.43
2026-07-04 04:58:25.004,0.4,0.4,0.4,0.4,0,1641,7.91,2.40
2026-07-04 04:58:25.505,0.4,0.4,0.4,0.4,0,1641,7.91,2.40
2026-07-04 04:58:26.005,0.4,0.4,0.4,0.4,0,1641,7.91,2.40
2026-07-04 04:58:26.507,0.4,0.4,0.4,0.4,0,1636,7.91,2.48
2026-07-04 04:58:27.046,0.4,0.4,0.4,0.4,0,1640,7.91,2.42
2026-07-04 04:58:27.524,0.4,0.4,0.4,0.4,0,1639,7.91,2.43
2026-07-04 04:58:28.009,0.4,0.4,0.4,0.4,0,1638,7.91,2.45
2026-07-04 04:58:28.509,0.4,0.4,0.4,0.4,0,1641,7.91,2.40
2026-07-04 04:58:29.003,0.4,0.4,0.4,0.4,0,1641,7.91,2.40
2026-07-04 04:58:29.531,0.4,0.4,0.4,0.4,0,1637,7.91,2.46
2026-07-04 04:58:30.037,0.4,0.4,0.4,0.4,0,1639,7.91,2.43
2026-07-04 04:58:30.540,0.4,0.4,0.4,0.4,0,1642,7.91,2.39
2026-07-04 04:58:31.007,0.4,0.4,0.4,0.4,0,1639,7.91,2.43
2026-07-04 04:58:31.540,0.4,0.4,0.4,0.4,0,1640,7.91,2.42
2026-07-04 04:58:32.040,0.4,0.4,0.4,0.4,0,1641,7.91,2.40
2026-07-04 04:58:32.533,0.4,0.4,0.4,0.4,0,1640,7.91,2.42
2026-07-04 04:58:33.558,0.4,0.4,0.4,0.4,0,1641,7.91,2.40
2026-07-04 04:58:33.559,0.4,0.4,0.4,0.4,0,1639,7.91,2.43
2026-07-04 04:58:34.555,0.4,0.4,0.4,0.4,0,1640,7.91,2.42
2026-07-04 04:58:34.556,0.4,0.4,0.4,0.4,0,1641,7.91,2.40
2026-07-04 04:58:35.041,0.4,0.4,0.4,0.4,0,1641,7.91,2.40
2026-07-04 04:58:35.524,0.4,0.4,0.4,0.4,0,1639,7.91,2.43
2026-07-04 04:58:36.021,0.4,0.4,0.4,0.4,0,1642,7.91,2.39
2026-07-04 04:58:36.516,0.4,0.4,0.4,0.4,0,1640,7.91,2.42
2026-07-04 04:58:37.030,0.4,0.4,0.4,0.4,0,1640,7.91,2.42
2026-07-04 04:58:37.546,0.4,0.4,0.4,0.4,2,1642,7.88,2.39
2026-07-04 04:58:38.027,0.4,0.4,0.4,0.4,1,1641,7.90,2.40
2026-07-04 04:58:38.525,0.4,0.4,0.4,0.4,0,1641,7.91,2.40
2026-07-04 04:58:39.020,0.4,0.4,0.4,0.4,0,1638,7.91,2.45
2026-07-04 04:58:39.520,0.4,0.4,0.4,0.4,0,1635,7.91,2.49
2026-07-04 04:58:40.001,0.4,0.4,0.4,0.4,0,1640,7.91,2.42
2026-07-04 04:58:40.525,0.4,0.4,0.4,0.4,0,1640,7.91,2.42
2026-07-04 04:58:41.023,0.4,0.4,0.4,0.4,0,1640,7.91,2.42
2026-07-04 04:58:41.552,0.4,0.4,0.4,0.4,0,1641,7.91,2.40
2026-07-04 04:58:42.053,0.4,0.4,0.4,0.4,1,1641,7.90,2.40
2026-07-04 04:58:42.549,0.4,0.4,0.4,0.4,0,1638,7.91,2.45
2026-07-04 04:58:43.033,0.4,0.4,0.4,0.4,0,1640,7.91,2.42
2026-07-04 04:58:43.500,0.4,0.4,0.4,0.4,0,1640,7.91,2.42
2026-07-04 04:58:44.024,0.4,0.4,0.4,0.4,0,1641,7.91,2.40
2026-07-04 04:58:44.542,0.4,0.4,0.4,0.4,0,1640,7.91,2.42
2026-07-04 04:58:45.036,0.4,0.4,0.4,0.4,0,1638,7.91,2.45
2026-07-04 04:58:45.536,0.4,0.4,0.4,0.4,0,1640,7.91,2.42
2026-07-04 04:58:46.035,0.4,0.4,0.4,0.4,0,1640,7.91,2.42
2026-07-04 04:58:46.539,0.4,0.4,0.4,0.4,0,1640,7.91,2.42
2026-07-04 04:58:47.033,0.4,0.4,0.4,0.4,0,1639,7.91,2.43
2026-07-04 04:58:47.532,0.4,0.4,0.4,0.4,0,1640,7.91,2.42
2026-07-04 04:58:48.029,0.4,0.4,0.4,0.4,0,1641,7.91,2.40
2026-07-04 04:58:48.542,0.4,0.4,0.4,0.4,0,1641,7.91,2.40
2026-07-04 04:58:49.006,0.4,0.4,0.4,0.4,0,1639,7.91,2.43
2026-07-04 04:58:49.508,0.4,0.4,0.4,0.4,0,1634,7.91,2.50
2026-07-04 04:58:50.004,0.4,0.4,0.4,0.4,0,1641,7.91,2.40
2026-07-04 04:58:50.530,0.4,0.4,0.4,0.4,0,1639,7.91,2.43
2026-07-04 04:58:51.042,0.4,0.4,0.4,0.4,0,1641,7.91,2.40
2026-07-04 04:58:51.537,0.4,0.4,0.4,0.4,0,1640,7.91,2.42
2026-07-04 04:58:52.035,0.4,0.4,0.4,0.4,0,1640,7.91,2.42
2026-07-04 04:58:52.539,0.4,0.4,0.4,0.4,0,1641,7.91,2.40
2026-07-04 04:58:53.006,0.4,0.4,0.4,0.4,0,1641,7.91,2.40
2026-07-04 04:58:53.504,0.4,0.4,0.4,0.4,0,1641,7.91,2.40
2026-07-04 04:58:54.030,0.4,0.4,0.4,0.4,0,1641,7.91,2.40
2026-07-04 04:58:54.537,0.4,0.4,0.4,0.4,0,1641,7.91,2.40
2026-07-04 04:58:55.509,0.4,0.4,0.4,0.4,0,1641,7.91,2.40
2026-07-04 04:58:55.510,0.4,0.4,0.4,0.4,0,1637,7.91,2.46
2026-07-04 04:58:56.001,0.4,0.4,0.4,0.4,0,1640,7.91,2.42
2026-07-04 04:58:56.515,0.4,0.4,0.4,0.4,0,1642,7.91,2.39
2026-07-04 04:58:57.041,0.4,0.4,0.4,0.4,0,1641,7.91,2.40
2026-07-04 04:58:57.509,0.4,0.4,0.4,0.4,0,1641,7.91,2.40
2026-07-04 04:58:58.020,0.4,0.4,0.4,0.4,0,1641,7.91,2.40
2026-07-04 04:58:58.537,0.4,0.4,0.4,0.4,0,1640,7.91,2.42
2026-07-04 04:58:59.030,0.4,0.4,0.4,0.4,0,1641,7.91,2.40
2026-07-04 04:58:59.552,0.4,0.4,0.4,0.4,0,1642,7.91,2.39
2026-07-04 04:59:00.054,0.4,0.4,0.4,0.4,0,1641,7.91,2.40
2026-07-04 04:59:00.550,0.4,0.4,0.4,0.4,0,1639,7.91,2.43
2026-07-04 04:59:01.019,0.4,0.4,0.4,0.4,0,1640,7.91,2.42
2026-07-04 04:59:01.505,0.4,0.4,0.4,0.4,0,1640,7.91,2.42
2026-07-04 04:59:02.144,0.4,0.4,0.4,0.4,0,1641,7.91,2.40
2026-07-04 04:59:02.509,0.4,0.4,0.4,0.4,0,1641,7.91,2.40
2026-07-04 04:59:03.012,0.4,0.4,0.4,0.4,0,1643,7.91,2.37
2026-07-04 04:59:03.520,0.4,0.4,0.4,0.4,0,1640,7.91,2.42
2026-07-04 04:59:04.037,0.4,0.4,0.4,0.4,0,1641,7.91,2.40
2026-07-04 04:59:04.507,0.4,0.4,0.4,0.4,0,1639,7.91,2.43
2026-07-04 04:59:05.002,0.4,0.4,0.4,0.4,0,1639,7.91,2.43
2026-07-04 04:59:05.511,0.4,0.4,0.4,0.4,0,1641,7.91,2.40
2026-07-04 04:59:06.008,0.4,0.4,0.4,0.4,0,1638,7.91,2.45
2026-07-04 04:59:06.508,0.4,0.4,0.4,0.4,0,1638,7.91,2.45
2026-07-04 04:59:07.002,0.4,0.4,0.4,0.4,0,1643,7.91,2.37
2026-07-04 04:59:07.546,0.4,0.4,0.4,0.4,0,1640,7.91,2.42
2026-07-04 04:59:08.009,0.4,0.4,0.4,0.4,0,1641,7.91,2.40
2026-07-04 04:59:08.504,0.4,0.4,0.4,0.4,0,1639,7.91,2.43
2026-07-04 04:59:09.026,0.4,0.4,0.4,0.4,0,1639,7.91,2.43
2026-07-04 04:59:09.691,0.4,0.4,0.4,0.4,0,1639,7.91,2.43
2026-07-04 04:59:09.998,0.4,0.4,0.4,0.4,0,1641,7.91,2.40
2026-07-04 04:59:09.998,0.4,0.4,0.4,0.4,0,1642,7.91,2.39
2026-07-04 04:59:10.538,0.4,0.4,0.4,0.4,0,1640,7.91,2.42
2026-07-04 04:59:11.035,0.4,0.4,0.4,0.4,0,1641,7.91,2.40
2026-07-04 04:59:11.500,0.4,0.4,0.4,0.4,0,1642,7.91,2.39
2026-07-04 04:59:12.067,0.4,0.4,0.4,0.4,0,1642,7.91,2.39
2026-07-04 04:59:12.501,0.4,0.4,0.4,0.4,0,1641,7.91,2.40
2026-07-04 04:59:13.004,0.4,0.4,0.4,0.4,0,1642,7.91,2.39
2026-07-04 04:59:13.511,0.4,0.4,0.4,0.4,0,1642,7.91,2.39
2026-07-04 04:59:14.037,0.4,0.4,0.4,0.4,0,1641,7.91,2.40
2026-07-04 04:59:14.505,0.4,0.4,0.4,0.4,0,1641,7.91,2.40
2026-07-04 04:59:15.004,0.4,0.4,0.4,0.4,0,1641,7.91,2.40
2026-07-04 04:59:16.014,0.4,0.4,0.4,0.4,0,1640,7.91,2.42
2026-07-04 04:59:16.014,0.4,0.4,0.4,0.4,0,1641,7.91,2.40
2026-07-04 04:59:16.507,0.4,0.4,0.4,0.4,0,1638,7.91,2.45
2026-07-04 04:59:17.010,0.4,0.4,0.4,0.4,0,1641,7.91,2.40
2026-07-04 04:59:17.506,0.4,0.4,0.4,0.4,0,1638,7.91,2.45
2026-07-04 04:59:18.006,0.4,0.4,0.4,0.4,0,1638,7.91,2.45
2026-07-04 04:59:18.538,0.4,0.4,0.4,0.4,0,1639,7.91,2.43
2026-07-04 04:59:19.005,0.4,0.4,0.4,0.4,1,1645,7.90,2.34
2026-07-04 04:59:20.012,0.4,0.4,0.4,0.4,0,1642,7.91,2.39
2026-07-04 04:59:20.013,0.4,0.4,0.4,0.4,0,1641,7.91,2.40
2026-07-04 04:59:20.507,0.4,0.4,0.4,0.4,0,1642,7.91,2.39
2026-07-04 04:59:21.004,0.4,0.4,0.4,0.4,1,1643,7.90,2.37
2026-07-04 04:59:21.552,0.4,0.4,0.4,0.4,0,1642,7.91,2.39
2026-07-04 04:59:22.049,0.4,0.4,0.4,0.4,0,1641,7.91,2.40
2026-07-04 04:59:22.498,0.4,0.4,0.4,0.4,0,1641,7.91,2.40
2026-07-04 04:59:23.010,0.4,0.4,0.4,0.4,0,1642,7.91,2.39
2026-07-04 04:59:23.524,0.4,0.4,0.4,0.4,1,1640,7.90,2.42
2026-07-04 04:59:24.519,0.4,0.4,0.4,0.4,0,1641,7.91,2.40
2026-07-04 04:59:24.520,0.4,0.4,0.4,0.4,0,1638,7.91,2.45
2026-07-04 04:59:25.001,0.4,0.4,0.4,0.4,0,1641,7.91,2.40
2026-07-04 04:59:25.532,0.4,0.4,0.4,0.4,0,1643,7.91,2.37
2026-07-04 04:59:26.038,0.4,0.4,0.4,0.4,0,1641,7.91,2.40
2026-07-04 04:59:26.537,0.4,0.4,0.4,0.4,0,1640,7.91,2.42
2026-07-04 04:59:27.003,0.4,0.4,0.4,0.4,0,1639,7.91,2.43
2026-07-04 04:59:27.555,0.4,0.4,0.4,0.4,0,1643,7.91,2.37
2026-07-04 04:59:28.027,0.4,0.4,0.4,0.4,0,1638,7.91,2.45
2026-07-04 04:59:29.052,0.4,0.4,0.4,0.4,0,1641,7.91,2.40
2026-07-04 04:59:29.053,0.4,0.4,0.4,0.4,1,1640,7.90,2.42
2026-07-04 04:59:30.007,0.4,0.4,0.4,0.4,1,1640,7.90,2.42
2026-07-04 04:59:30.008,0.4,0.4,0.4,0.4,0,1641,7.91,2.40
2026-07-04 04:59:30.505,0.4,0.4,0.4,0.4,0,1641,7.91,2.40
2026-07-04 04:59:31.019,0.4,0.4,0.4,0.4,0,1641,7.91,2.40
2026-07-04 04:59:31.551,0.4,0.4,0.4,0.4,1,1641,7.90,2.40
2026-07-04 04:59:32.024,0.4,0.4,0.4,0.4,0,1641,7.91,2.40
2026-07-04 04:59:32.549,0.4,0.4,0.4,0.4,0,1642,7.91,2.39
2026-07-04 04:59:33.012,0.4,0.4,0.4,0.4,0,1641,7.91,2.40
2026-07-04 04:59:33.526,0.4,0.4,0.4,0.4,0,1637,7.91,2.46
2026-07-04 04:59:34.035,0.4,0.4,0.4,0.4,0,1640,7.91,2.42
2026-07-04 04:59:34.531,0.4,0.4,0.4,0.4,0,1642,7.91,2.39
2026-07-04 04:59:35.037,0.4,0.4,0.4,0.4,0,1641,7.91,2.40
2026-07-04 04:59:35.527,0.4,0.4,0.4,0.4,0,1642,7.91,2.39
2026-07-04 04:59:36.036,0.4,0.4,0.4,0.4,0,1640,7.91,2.42
2026-07-04 04:59:36.508,0.4,0.4,0.4,0.4,0,1641,7.91,2.40
2026-07-04 04:59:37.004,0.4,0.4,0.4,0.4,0,1644,7.91,2.36
2026-07-04 04:59:37.553,0.4,0.4,0.4,0.4,0,1641,7.91,2.40
2026-07-04 04:59:38.046,0.4,0.4,0.4,0.4,0,1640,7.91,2.42
2026-07-04 04:59:38.507,0.4,0.4,0.4,0.4,0,1641,7.91,2.40
2026-07-04 04:59:39.038,0.4,0.4,0.4,0.4,0,1641,7.91,2.40
2026-07-04 04:59:39.536,0.4,0.4,0.4,0.4,0,1640,7.91,2.42
2026-07-04 04:59:40.028,0.4,0.4,0.4,0.4,0,1640,7.91,2.42
2026-07-04 04:59:40.557,0.4,0.4,0.4,0.4,0,1640,7.91,2.42
2026-07-04 04:59:41.038,0.4,0.4,0.4,0.4,0,1641,7.91,2.40
2026-07-04 04:59:41.533,0.4,0.4,0.4,0.4,0,1641,7.91,2.40
2026-07-04 04:59:42.537,0.4,0.4,0.4,0.4,0,1641,7.91,2.40
2026-07-04 04:59:42.538,0.4,0.4,0.4,0.4,0,1640,7.91,2.42
2026-07-04 04:59:43.020,0.4,0.4,0.4,0.4,0,1641,7.91,2.40
2026-07-04 04:59:43.521,0.4,0.4,0.4,0.4,1,1640,7.90,2.42
2026-07-04 04:59:44.019,0.4,0.4,0.4,0.4,1,1641,7.90,2.40
2026-07-04 04:59:44.524,0.4,0.4,0.4,0.4,0,1640,7.91,2.42
2026-07-04 04:59:45.047,0.4,0.4,0.4,0.4,5,1639,7.84,2.43
2026-07-04 04:59:45.524,0.4,0.4,0.4,0.4,4,1640,7.85,2.42
2026-07-04 04:59:46.022,0.4,0.4,0.4,0.4,1,1641,7.90,2.40
2026-07-04 04:59:46.519,0.4,0.4,0.4,0.4,0,1641,7.91,2.40
2026-07-04 04:59:47.048,0.4,0.4,0.4,0.4,0,1640,7.91,2.42
2026-07-04 04:59:47.532,0.4,0.4,0.4,0.4,0,1640,7.91,2.42
2026-07-04 04:59:48.038,0.4,0.4,0.4,0.4,0,1641,7.91,2.40
2026-07-04 04:59:48.553,0.4,0.4,0.4,0.4,0,1641,7.91,2.40
2026-07-04 04:59:49.053,0.4,0.4,0.4,0.4,0,1640,7.91,2.42
2026-07-04 04:59:49.552,0.4,0.4,0.4,0.4,0,1641,7.91,2.40
2026-07-04 04:59:50.001,0.4,0.4,0.4,0.4,0,1641,7.91,2.40
2026-07-04 04:59:50.514,0.4,0.4,0.4,0.4,0,1642,7.91,2.39
2026-07-04 04:59:51.003,0.4,0.4,0.4,0.4,0,1640,7.91,2.42
2026-07-04 04:59:51.512,0.4,0.4,0.4,0.4,0,1643,7.91,2.37
2026-07-04 04:59:52.038,0.4,0.4,0.4,0.4,0,1641,7.91,2.40
2026-07-04 04:59:52.521,0.4,0.4,0.4,0.4,0,1638,7.91,2.45
2026-07-04 04:59:53.037,0.4,0.4,0.4,0.4,0,1641,7.91,2.40
2026-07-04 04:59:53.508,0.4,0.4,0.4,0.4,0,1640,7.91,2.42
2026-07-04 04:59:54.057,0.4,0.4,0.4,0.4,0,1641,7.91,2.40
2026-07-04 04:59:54.557,0.4,0.4,0.4,0.4,0,1638,7.91,2.45
2026-07-04 04:59:55.049,0.4,0.4,0.4,0.4,0,1643,7.91,2.37
2026-07-04 04:59:56.048,0.4,0.4,0.4,0.4,0,1641,7.91,2.40
2026-07-04 04:59:56.049,0.4,0.4,0.4,0.4,0,1641,7.91,2.40
2026-07-04 04:59:56.516,0.4,0.4,0.4,0.4,0,1638,7.91,2.45
2026-07-04 04:59:57.035,0.4,0.4,0.4,0.4,0,1639,7.91,2.43
2026-07-04 04:59:57.524,0.4,0.4,0.4,0.4,0,1644,7.91,2.36
2026-07-04 04:59:58.008,0.4,0.4,0.4,0.4,0,1641,7.91,2.40
2026-07-04 04:59:58.523,0.4,0.4,0.4,0.4,0,1641,7.91,2.40
2026-07-04 04:59:59.043,0.4,0.4,0.4,0.4,0,1640,7.91,2.42
2026-07-04 04:59:59.507,0.4,0.4,0.4,0.4,0,1641,7.91,2.40
2026-07-04 05:00:00.007,0.4,0.4,0.4,0.4,0,1640,7.91,2.42
2026-07-04 05:00:00.507,0.4,0.4,0.4,0.4,0,1640,7.91,2.42
2026-07-04 05:00:01.003,0.4,0.4,0.4,0.4,0,1642,7.91,2.39
2026-07-04 05:00:01.532,0.4,0.4,0.4,0.4,1,1641,7.90,2.40
2026-07-04 05:00:02.055,0.4,0.4,0.4,0.4,0,1641,7.91,2.40
2026-07-04 05:00:02.553,0.4,0.4,0.4,0.4,0,1640,7.91,2.42
2026-07-04 05:00:03.050,0.4,0.4,0.4,0.4,0,1640,7.91,2.42
2026-07-04 05:00:03.532,0.4,0.4,0.4,0.4,0,1640,7.91,2.42
2026-07-04 05:00:04.037,0.4,0.4,0.4,0.4,0,1641,7.91,2.40
2026-07-04 05:00:04.508,0.4,0.4,0.4,0.4,0,1641,7.91,2.40
2026-07-04 05:00:05.006,0.4,0.4,0.4,0.4,0,1641,7.91,2.40
2026-07-04 05:00:05.501,0.4,0.4,0.4,0.4,0,1639,7.91,2.43
2026-07-04 05:00:06.012,0.4,0.4,0.4,0.4,0,1641,7.91,2.40
2026-07-04 05:00:06.523,0.4,0.4,0.4,0.4,0,1641,7.91,2.40
2026-07-04 05:00:07.020,0.4,0.4,0.4,0.4,0,1641,7.91,2.40
2026-07-04 05:00:07.520,0.4,0.4,0.4,0.4,0,1639,7.91,2.43
2026-07-04 05:00:08.008,0.4,0.4,0.4,0.4,0,1641,7.91,2.40
2026-07-04 05:00:09.003,0.4,0.4,0.4,0.4,0,1636,7.91,2.48
2026-07-04 05:00:09.004,0.4,0.4,0.4,0.4,0,1640,7.91,2.42
2026-07-04 05:00:09.512,0.4,0.4,0.4,0.4,0,1640,7.91,2.42
2026-07-04 05:00:10.011,0.4,0.4,0.4,0.4,0,1641,7.91,2.40
2026-07-04 05:00:10.508,0.4,0.4,0.4,0.4,0,1639,7.91,2.43
2026-07-04 05:00:11.051,0.4,0.4,0.4,0.4,0,1642,7.91,2.39
2026-07-04 05:00:11.552,0.4,0.4,0.4,0.4,1,1640,7.90,2.42
2026-07-04 05:00:12.028,0.4,0.4,0.4,0.4,0,1641,7.91,2.40
2026-07-04 05:00:13.023,0.4,0.4,0.4,0.4,0,1641,7.91,2.40
2026-07-04 05:00:13.024,0.4,0.4,0.4,0.4,0,1641,7.91,2.40
2026-07-04 05:00:13.518,0.4,0.4,0.4,0.4,0,1640,7.91,2.42
2026-07-04 05:00:14.037,0.4,0.4,0.4,0.4,0,1638,7.91,2.45
2026-07-04 05:00:14.543,0.4,0.4,0.4,0.4,0,1637,7.91,2.46
2026-07-04 05:00:15.004,0.4,0.4,0.4,0.4,0,1641,7.91,2.40
2026-07-04 05:00:15.507,0.4,0.4,0.4,0.4,0,1640,7.91,2.42
2026-07-04 05:00:16.006,0.4,0.4,0.4,0.4,0,1641,7.91,2.40
2026-07-04 05:00:17.000,0.4,0.4,0.4,0.4,0,1641,7.91,2.40
2026-07-04 05:00:17.064,0.4,0.4,0.4,0.4,0,1641,7.91,2.40
2026-07-04 05:00:17.538,0.4,0.4,0.4,0.4,0,1640,7.91,2.42
2026-07-04 05:00:18.042,0.4,0.4,0.4,0.4,0,1640,7.91,2.42
2026-07-04 05:00:18.526,0.4,0.4,0.4,0.4,0,1643,7.91,2.37
2026-07-04 05:00:19.020,0.4,0.4,0.4,0.4,0,1642,7.91,2.39
2026-07-04 05:00:19.519,0.4,0.4,0.4,0.4,0,1641,7.91,2.40
2026-07-04 05:00:20.020,0.4,0.4,0.4,0.4,0,1643,7.91,2.37
2026-07-04 05:00:20.538,0.4,0.4,0.4,0.4,0,1641,7.91,2.40
2026-07-04 05:00:21.005,0.4,0.4,0.4,0.4,0,1640,7.91,2.42
2026-07-04 05:00:21.537,0.4,0.4,0.4,0.4,0,1641,7.91,2.40
2026-07-04 05:00:22.007,0.4,0.4,0.4,0.4,0,1640,7.91,2.42
2026-07-04 05:00:22.509,0.4,0.4,0.4,0.4,0,1642,7.91,2.39
2026-07-04 05:00:23.005,0.4,0.4,0.4,0.4,0,1641,7.91,2.40
2026-07-04 05:00:23.539,0.4,0.4,0.4,0.4,0,1641,7.91,2.40
2026-07-04 05:00:24.026,0.4,0.4,0.4,0.4,0,1642,7.91,2.39
2026-07-04 05:00:24.522,0.4,0.4,0.4,0.4,0,1640,7.91,2.42
2026-07-04 05:00:25.020,0.4,0.4,0.4,0.4,0,1641,7.91,2.40
2026-07-04 05:00:25.519,0.4,0.4,0.4,0.4,0,1641,7.91,2.40
2026-07-04 05:00:26.008,0.4,0.4,0.4,0.4,0,1640,7.91,2.42
2026-07-04 05:00:26.524,0.4,0.4,0.4,0.4,0,1640,7.91,2.42
2026-07-04 05:00:27.036,0.4,0.4,0.4,0.4,0,1640,7.91,2.42
2026-07-04 05:00:27.537,0.4,0.4,0.4,0.4,0,1640,7.91,2.42
2026-07-04 05:00:28.037,0.4,0.4,0.4,0.4,0,1640,7.91,2.42
2026-07-04 05:00:28.524,0.4,0.4,0.4,0.4,0,1641,7.91,2.40
2026-07-04 05:00:29.037,0.4,0.4,0.4,0.4,0,1641,7.91,2.40
2026-07-04 05:00:29.538,0.4,0.4,0.4,0.4,0,1642,7.91,2.39
2026-07-04 05:00:30.038,0.4,0.4,0.4,0.4,1,1640,7.90,2.42
2026-07-04 05:00:30.545,0.4,0.4,0.4,0.4,0,1639,7.91,2.43
2026-07-04 05:00:31.004,0.4,0.4,0.4,0.4,0,1642,7.91,2.39
2026-07-04 05:00:31.553,0.4,0.4,0.4,0.4,0,1641,7.91,2.40
2026-07-04 05:00:32.052,0.4,0.4,0.4,0.4,0,1640,7.91,2.42
2026-07-04 05:00:32.552,0.4,0.4,0.4,0.4,0,1640,7.91,2.42
2026-07-04 05:00:33.048,0.4,0.4,0.4,0.4,0,1641,7.91,2.40
2026-07-04 05:00:33.508,0.4,0.4,0.4,0.4,0,1640,7.91,2.42
2026-07-04 05:00:34.004,0.4,0.4,0.4,0.4,0,1640,7.91,2.42
2026-07-04 05:00:34.524,0.4,0.4,0.4,0.4,0,1640,7.91,2.42
2026-07-04 05:00:35.053,0.4,0.4,0.4,0.4,0,1638,7.91,2.45
2026-07-04 05:00:35.552,0.4,0.4,0.4,0.4,0,1640,7.91,2.42
2026-07-04 05:00:36.035,0.4,0.4,0.4,0.4,0,1639,7.91,2.43
2026-07-04 05:00:36.500,0.4,0.4,0.4,0.4,0,1640,7.91,2.42
2026-07-04 05:00:37.015,0.4,0.4,0.4,0.4,0,1632,7.91,2.53
2026-07-04 05:00:37.508,0.4,0.4,0.4,0.4,0,1640,7.91,2.42
2026-07-04 05:00:38.026,0.4,0.4,0.4,0.4,0,1641,7.91,2.40
2026-07-04 05:00:38.524,0.4,0.4,0.4,0.4,0,1640,7.91,2.42
2026-07-04 05:00:39.022,0.4,0.4,0.4,0.4,1,1641,7.90,2.40
2026-07-04 05:00:39.502,0.4,0.4,0.4,0.4,0,1640,7.91,2.42
2026-07-04 05:00:40.032,0.4,0.4,0.4,0.4,0,1641,7.91,2.40
2026-07-04 05:00:40.538,0.4,0.4,0.4,0.4,1,1641,7.90,2.40
2026-07-04 05:00:41.011,0.4,0.4,0.4,0.4,0,1638,7.91,2.45
2026-07-04 05:00:41.525,0.4,0.4,0.4,0.4,0,1641,7.91,2.40
2026-07-04 05:00:42.022,0.4,0.4,0.4,0.4,0,1641,7.91,2.40
2026-07-04 05:00:42.508,0.4,0.4,0.4,0.4,0,1641,7.91,2.40
2026-07-04 05:00:43.013,0.4,0.4,0.4,0.4,0,1641,7.91,2.40
2026-07-04 05:00:43.542,0.4,0.4,0.4,0.4,0,1635,7.91,2.49
2026-07-04 05:00:44.037,0.4,0.4,0.4,0.4,0,1640,7.91,2.42
2026-07-04 05:00:44.508,0.4,0.4,0.4,0.4,0,1643,7.91,2.37
2026-07-04 05:00:45.005,0.4,0.4,0.4,0.4,0,1641,7.91,2.40
2026-07-04 05:00:45.537,0.4,0.4,0.4,0.4,0,1641,7.91,2.40
2026-07-04 05:00:46.522,0.4,0.4,0.4,0.4,1,1639,7.90,2.43
2026-07-04 05:00:46.522,0.4,0.4,0.4,0.4,0,1640,7.91,2.42
2026-07-04 05:00:47.020,0.4,0.4,0.4,0.4,0,1638,7.91,2.45
2026-07-04 05:00:47.541,0.4,0.4,0.4,0.4,0,1641,7.91,2.40
2026-07-04 05:00:48.008,0.4,0.4,0.4,0.4,1,1643,7.90,2.37
2026-07-04 05:00:48.508,0.4,0.4,0.4,0.4,0,1642,7.91,2.39
2026-07-04 05:00:49.005,0.4,0.4,0.4,0.4,0,1640,7.91,2.42
2026-07-04 05:00:49.510,0.4,0.4,0.4,0.4,1,1640,7.90,2.42
2026-07-04 05:00:50.055,0.4,0.4,0.4,0.4,0,1641,7.91,2.40
2026-07-04 05:00:50.552,0.4,0.4,0.4,0.4,0,1640,7.91,2.42
2026-07-04 05:00:51.028,0.4,0.4,0.4,0.4,0,1641,7.91,2.40
2026-07-04 05:00:51.511,0.4,0.4,0.4,0.4,0,1643,7.91,2.37
2026-07-04 05:00:52.038,0.4,0.4,0.4,0.4,0,1641,7.91,2.40
2026-07-04 05:00:52.536,0.4,0.4,0.4,0.4,0,1641,7.91,2.40
2026-07-04 05:00:53.037,0.4,0.4,0.4,0.4,0,1641,7.91,2.40
2026-07-04 05:00:53.508,0.4,0.4,0.4,0.4,0,1641,7.91,2.40
2026-07-04 05:00:54.011,0.4,0.4,0.4,0.4,0,1641,7.91,2.40
2026-07-04 05:00:54.537,0.4,0.4,0.4,0.4,0,1641,7.91,2.40
2026-07-04 05:00:55.052,0.4,0.4,0.4,0.4,0,1641,7.91,2.40
2026-07-04 05:00:55.535,0.4,0.4,0.4,0.4,0,1641,7.91,2.40
2026-07-04 05:00:56.039,0.4,0.4,0.4,0.4,0,1641,7.91,2.40
2026-07-04 05:00:56.540,0.4,0.4,0.4,0.4,0,1642,7.91,2.39
2026-07-04 05:00:57.035,0.4,0.4,0.4,0.4,0,1641,7.91,2.40
2026-07-04 05:00:57.521,0.4,0.4,0.4,0.4,0,1638,7.91,2.45
2026-07-04 05:00:58.037,0.4,0.4,0.4,0.4,0,1641,7.91,2.40
2026-07-04 05:00:58.999,0.4,0.4,0.4,0.4,0,1641,7.91,2.40
2026-07-04 05:00:59.052,0.4,0.4,0.4,0.4,0,1640,7.91,2.42
2026-07-04 05:00:59.509,0.4,0.4,0.4,0.4,0,1641,7.91,2.40
2026-07-04 05:01:00.037,0.4,0.4,0.4,0.4,0,1875,7.91,-1.03
2026-07-04 05:01:00.523,0.4,0.4,0.4,0.4,0,1640,7.91,2.42
2026-07-04 05:01:01.019,0.4,0.4,0.4,0.4,0,1641,7.91,2.40
2026-07-04 05:01:01.527,0.4,0.4,0.4,0.4,0,1641,7.91,2.40
2026-07-04 05:01:02.024,0.4,0.4,0.4,0.4,0,1641,7.91,2.40
2026-07-04 05:01:02.538,0.4,0.4,0.4,0.4,0,1640,7.91,2.42
2026-07-04 05:01:03.043,0.4,0.4,0.4,0.4,1,1639,7.90,2.43
2026-07-04 05:01:03.538,0.4,0.4,0.4,0.4,0,1640,7.91,2.42
2026-07-04 05:01:04.005,0.4,0.4,0.4,0.4,0,1642,7.91,2.39
2026-07-04 05:01:04.502,0.4,0.4,0.4,0.4,0,1641,7.91,2.40
2026-07-04 05:01:05.050,0.4,0.4,0.4,0.4,0,1638,7.91,2.45
2026-07-04 05:01:05.501,0.4,0.4,0.4,0.4,0,1641,7.91,2.40
2026-07-04 05:01:06.008,0.4,0.4,0.4,0.4,0,1641,7.91,2.40
2026-07-04 05:01:06.496,0.4,0.4,0.4,0.4,0,1641,7.91,2.40
2026-07-04 05:01:07.524,0.4,0.4,0.4,0.4,0,1641,7.91,2.40
2026-07-04 05:01:07.525,0.4,0.4,0.4,0.4,0,1639,7.91,2.43
2026-07-04 05:01:08.020,0.4,0.4,0.4,0.4,0,1640,7.91,2.42
2026-07-04 05:01:08.508,0.4,0.4,0.4,0.4,0,1641,7.91,2.40
2026-07-04 05:01:09.004,0.4,0.4,0.4,0.4,0,1641,7.91,2.40
2026-07-04 05:01:09.507,0.4,0.4,0.4,0.4,0,1641,7.91,2.40
2026-07-04 05:01:10.039,0.4,0.4,0.4,0.4,0,1640,7.91,2.42
2026-07-04 05:01:10.537,0.4,0.4,0.4,0.4,0,1641,7.91,2.40
2026-07-04 05:01:11.035,0.4,0.4,0.4,0.4,0,1641,7.91,2.40
2026-07-04 05:01:11.533,0.4,0.4,0.4,0.4,0,1637,7.91,2.46
2026-07-04 05:01:12.038,0.4,0.4,0.4,0.4,0,1641,7.91,2.40
2026-07-04 05:01:12.538,0.4,0.4,0.4,0.4,0,1641,7.91,2.40
2026-07-04 05:01:13.034,0.4,0.4,0.4,0.4,0,1641,7.91,2.40
2026-07-04 05:01:13.528,0.4,0.4,0.4,0.4,1,1641,7.90,2.40
2026-07-04 05:01:14.039,0.4,0.4,0.4,0.4,0,1642,7.91,2.39
2026-07-04 05:01:14.518,0.4,0.4,0.4,0.4,0,1638,7.91,2.45
2026-07-04 05:01:15.016,0.4,0.4,0.4,0.4,1,1640,7.90,2.42
2026-07-04 05:01:16.037,0.4,0.4,0.4,0.4,0,1642,7.91,2.39
2026-07-04 05:01:16.037,0.4,0.4,0.4,0.4,0,1641,7.91,2.40
2026-07-04 05:01:16.508,0.4,0.4,0.4,0.4,0,1639,7.91,2.43
2026-07-04 05:01:17.019,0.4,0.4,0.4,0.4,0,1640,7.91,2.42
2026-07-04 05:01:17.531,0.4,0.4,0.4,0.4,0,1641,7.91,2.40
2026-07-04 05:01:18.031,0.4,0.4,0.4,0.4,0,1635,7.91,2.49
2026-07-04 05:01:18.543,0.4,0.4,0.4,0.4,0,1641,7.91,2.40
2026-07-04 05:01:19.019,0.4,0.4,0.4,0.4,0,1640,7.91,2.42
2026-07-04 05:01:19.553,0.4,0.4,0.4,0.4,0,1640,7.91,2.42
2026-07-04 05:01:20.053,0.4,0.4,0.4,0.4,0,1635,7.91,2.49
2026-07-04 05:01:20.552,0.4,0.4,0.4,0.4,0,1641,7.91,2.40
2026-07-04 05:01:21.050,0.4,0.4,0.4,0.4,0,1638,7.91,2.45
2026-07-04 05:01:21.508,0.4,0.4,0.4,0.4,0,1641,7.91,2.40
2026-07-04 05:01:22.054,0.4,0.4,0.4,0.4,0,1641,7.91,2.40
2026-07-04 05:01:22.551,0.4,0.4,0.4,0.4,0,1640,7.91,2.42
2026-07-04 05:01:23.032,0.4,0.4,0.4,0.4,0,1641,7.91,2.40
2026-07-04 05:01:23.508,0.4,0.4,0.4,0.4,0,1640,7.91,2.42
2026-07-04 05:01:24.016,0.4,0.4,0.4,0.4,0,1638,7.91,2.45
2026-07-04 05:01:24.537,0.4,0.4,0.4,0.4,0,1640,7.91,2.42
2026-07-04 05:01:25.041,0.4,0.4,0.4,0.4,0,1636,7.91,2.48
2026-07-04 05:01:25.521,0.4,0.4,0.4,0.4,0,1641,7.91,2.40
2026-07-04 05:01:26.019,0.4,0.4,0.4,0.4,0,1641,7.91,2.40
2026-07-04 05:01:26.515,0.4,0.4,0.4,0.4,0,1641,7.91,2.40
2026-07-04 05:01:27.030,0.4,0.4,0.0,0.4,0,1640,7.91,2.42
2026-07-04 05:01:27.538,0.4,0.4,0.0,0.4,0,1641,7.91,2.40
2026-07-04 05:01:28.007,0.4,0.4,0.4,0.4,0,1641,7.91,2.40
2026-07-04 05:01:28.507,0.4,0.4,0.4,0.4,0,1641,7.91,2.40
2026-07-04 05:01:29.005,0.4,0.4,0.4,0.4,0,1641,7.91,2.40
2026-07-04 05:01:29.506,0.4,0.4,0.4,0.4,0,1641,7.91,2.40
2026-07-04 05:01:30.005,0.4,0.4,0.4,0.4,0,1641,7.91,2.40
2026-07-04 05:01:30.503,0.4,0.4,0.4,0.4,1,1641,7.90,2.40
2026-07-04 05:01:31.004,0.4,0.4,0.4,0.4,0,1642,7.91,2.39
2026-07-04 05:01:31.510,0.4,0.4,0.4,0.4,0,1641,7.91,2.40
2026-07-04 05:01:32.037,0.4,0.4,0.4,0.4,0,1641,7.91,2.40
2026-07-04 05:01:32.537,0.4,0.4,0.4,0.4,0,1641,7.91,2.40
2026-07-04 05:01:33.017,0.4,0.4,0.4,0.4,0,1641,7.91,2.40
2026-07-04 05:01:33.532,0.4,0.4,0.4,0.4,0,1641,7.91,2.40
2026-07-04 05:01:34.027,0.4,0.4,0.4,0.4,0,1641,7.91,2.40
2026-07-04 05:01:34.539,0.4,0.4,0.4,0.4,0,1641,7.91,2.40
2026-07-04 05:01:35.020,0.4,0.4,0.4,0.4,0,1641,7.91,2.40
2026-07-04 05:01:35.522,0.4,0.4,0.4,0.4,0,1643,7.91,2.37
2026-07-04 05:01:36.007,0.4,0.4,0.4,0.4,1,1643,7.90,2.37
2026-07-04 05:01:36.533,0.4,0.4,0.4,0.4,0,1641,7.91,2.40
2026-07-04 05:01:37.035,0.4,0.4,0.4,0.4,0,1641,7.91,2.40
2026-07-04 05:01:37.538,0.4,0.4,0.4,0.4,0,1641,7.91,2.40
2026-07-04 05:01:38.038,0.4,0.4,0.4,0.4,0,1641,7.91,2.40
2026-07-04 05:01:38.540,0.4,0.4,0.4,0.4,0,1639,7.91,2.43
2026-07-04 05:01:39.036,0.4,0.4,0.4,0.4,1,1640,7.90,2.42
2026-07-04 05:01:39.508,0.4,0.4,0.4,0.4,0,1641,7.91,2.40
2026-07-04 05:01:40.034,0.4,0.4,0.4,0.4,0,1638,7.91,2.45
2026-07-04 05:01:40.520,0.4,0.4,0.4,0.4,0,1641,7.91,2.40
2026-07-04 05:01:41.009,0.4,0.4,0.4,0.4,0,1641,7.91,2.40
2026-07-04 05:01:42.009,0.4,0.4,0.4,0.4,0,1641,7.91,2.40
2026-07-04 05:01:42.011,0.4,0.4,0.4,0.4,0,1641,7.91,2.40
2026-07-04 05:01:42.508,0.4,0.4,0.4,0.4,0,1637,7.91,2.46
2026-07-04 05:01:43.024,0.4,0.4,0.4,0.4,0,1640,7.91,2.42
2026-07-04 05:01:43.519,0.4,0.4,0.4,0.4,0,1641,7.91,2.40
2026-07-04 05:01:44.039,0.4,0.4,0.4,0.4,0,1640,7.91,2.42
2026-07-04 05:01:44.508,0.4,0.4,0.4,0.4,0,1642,7.91,2.39
2026-07-04 05:01:45.004,0.4,0.4,0.4,0.4,0,1640,7.91,2.42
2026-07-04 05:01:45.507,0.4,0.4,0.4,0.4,0,1641,7.91,2.40
2026-07-04 05:01:46.008,0.4,0.4,0.4,0.4,0,1642,7.91,2.39
2026-07-04 05:01:46.505,0.4,0.4,0.4,0.4,0,1642,7.91,2.39
2026-07-04 05:01:47.029,0.4,0.4,0.4,0.4,0,1641,7.91,2.40
2026-07-04 05:01:47.538,0.4,0.4,0.4,0.4,1,1640,7.90,2.42
2026-07-04 05:01:48.038,0.4,0.4,0.4,0.4,0,1639,7.91,2.43
2026-07-04 05:01:48.536,0.4,0.4,0.4,0.4,0,1641,7.91,2.40
2026-07-04 05:01:49.017,0.4,0.4,0.4,0.4,0,1641,7.91,2.40
2026-07-04 05:01:49.526,0.4,0.4,0.4,0.4,0,1642,7.91,2.39
2026-07-04 05:01:50.009,0.4,0.4,0.4,0.4,0,1641,7.91,2.40
2026-07-04 05:01:50.537,0.4,0.4,0.4,0.4,0,1642,7.91,2.39
2026-07-04 05:01:51.032,0.4,0.4,0.4,0.4,0,1641,7.91,2.40
2026-07-04 05:01:51.537,0.4,0.4,0.4,0.4,0,1640,7.91,2.42
2026-07-04 05:01:52.007,0.4,0.4,0.4,0.4,0,1643,7.91,2.37
2026-07-04 05:01:52.540,0.4,0.4,0.4,0.4,0,1635,7.91,2.49
2026-07-04 05:01:53.020,0.4,0.4,0.4,0.4,0,1643,7.91,2.37
2026-07-04 05:01:53.521,0.4,0.4,0.4,0.4,1,1642,7.90,2.39
2026-07-04 05:01:54.004,0.4,0.4,0.4,0.4,0,1642,7.91,2.39
2026-07-04 05:01:54.514,0.4,0.4,0.4,0.4,0,1641,7.91,2.40
2026-07-04 05:01:55.014,0.4,0.4,0.4,0.4,0,1642,7.91,2.39
2026-07-04 05:01:55.523,0.4,0.4,0.4,0.4,0,1640,7.91,2.42
2026-07-04 05:01:56.020,0.4,0.4,0.4,0.4,0,1642,7.91,2.39
2026-07-04 05:01:56.518,0.4,0.4,0.4,0.4,0,1642,7.91,2.39
2026-07-04 05:01:57.028,0.4,0.4,0.4,0.4,0,1641,7.91,2.40
2026-07-04 05:01:57.538,0.4,0.4,0.4,0.4,0,1639,7.91,2.43
2026-07-04 05:01:58.019,0.4,0.4,0.4,0.4,0,1641,7.91,2.40
2026-07-04 05:01:58.538,0.4,0.4,0.4,0.4,0,1638,7.91,2.45
2026-07-04 05:01:59.021,0.4,0.4,0.4,0.4,0,1642,7.91,2.39
2026-07-04 05:01:59.507,0.4,0.4,0.4,0.4,0,1637,7.91,2.46
2026-07-04 05:02:00.009,0.4,0.4,0.4,0.4,0,1642,7.91,2.39
2026-07-04 05:02:00.537,0.4,0.4,0.4,0.4,0,1642,7.91,2.39
2026-07-04 05:02:01.024,0.4,0.4,0.4,0.4,0,1643,7.91,2.37
2026-07-04 05:02:01.507,0.4,0.4,0.4,0.4,0,1641,7.91,2.40
2026-07-04 05:02:02.001,0.4,0.4,0.4,0.4,0,1641,7.91,2.40
2026-07-04 05:02:02.557,0.4,0.4,0.4,0.4,0,1642,7.91,2.39
2026-07-04 05:02:03.004,0.4,0.4,0.4,0.4,0,1640,7.91,2.42
2026-07-04 05:02:03.511,0.4,0.4,0.4,0.4,0,1641,7.91,2.40
2026-07-04 05:02:04.037,0.4,0.4,0.4,0.4,0,1640,7.91,2.42
2026-07-04 05:02:04.533,0.4,0.4,0.4,0.4,0,1639,7.91,2.43
2026-07-04 05:02:05.036,0.4,0.4,0.4,0.4,0,1638,7.91,2.45
2026-07-04 05:02:05.557,0.4,0.4,0.4,0.4,0,1640,7.91,2.42
2026-07-04 05:02:06.039,0.4,0.4,0.4,0.4,0,1641,7.91,2.40
2026-07-04 05:02:07.009,0.4,0.4,0.4,0.4,0,1641,7.91,2.40
2026-07-04 05:02:07.009,0.4,0.4,0.4,0.4,0,1641,7.91,2.40
2026-07-04 05:02:07.538,0.4,0.4,0.4,0.4,0,1640,7.91,2.42
2026-07-04 05:02:08.020,0.4,0.4,0.4,0.4,0,1641,7.91,2.40
2026-07-04 05:02:08.529,0.4,0.4,0.4,0.4,0,1641,7.91,2.40
2026-07-04 05:02:09.039,0.4,0.4,0.4,0.4,0,1641,7.91,2.40
2026-07-04 05:02:09.536,0.4,0.4,0.4,0.4,0,1642,7.91,2.39
2026-07-04 05:02:10.033,0.4,0.4,0.4,0.4,0,1641,7.91,2.40
2026-07-04 05:02:10.538,0.4,0.4,0.4,0.4,0,1641,7.91,2.40
2026-07-04 05:02:11.030,0.4,0.4,0.4,0.4,0,1641,7.91,2.40
2026-07-04 05:02:11.539,0.4,0.4,0.4,0.4,0,1641,7.91,2.40
2026-07-04 05:02:12.041,0.4,0.4,0.4,0.4,0,1641,7.91,2.40
2026-07-04 05:02:12.524,0.4,0.4,0.4,0.4,0,1641,7.91,2.40
2026-07-04 05:02:13.015,0.4,0.4,0.4,0.4,0,1641,7.91,2.40
2026-07-04 05:02:13.508,0.4,0.4,0.4,0.4,0,1641,7.91,2.40
2026-07-04 05:02:14.008,0.4,0.4,0.4,0.4,0,1641,7.91,2.40
2026-07-04 05:02:14.539,0.4,0.4,0.4,0.4,0,1641,7.91,2.40
2026-07-04 05:02:15.020,0.4,0.4,0.4,0.4,0,1641,7.91,2.40
2026-07-04 05:02:15.508,0.4,0.4,0.4,0.4,0,1641,7.91,2.40
2026-07-04 05:02:16.026,0.4,0.4,0.4,0.4,0,1642,7.91,2.39
2026-07-04 05:02:16.521,0.4,0.4,0.4,0.4,0,1641,7.91,2.40
2026-07-04 05:02:16.999,0.4,0.4,0.4,0.4,0,1641,7.91,2.40
2026-07-04 05:02:18.038,0.4,0.4,0.4,0.4,0,1641,7.91,2.40
2026-07-04 05:02:18.039,0.4,0.4,0.4,0.4,0,1642,7.91,2.39
2026-07-04 05:02:19.032,0.4,0.4,0.4,0.4,0,1641,7.91,2.40
2026-07-04 05:02:19.032,0.4,0.4,0.4,0.4,0,1637,7.91,2.46
2026-07-04 05:02:19.537,0.4,0.4,0.4,0.4,0,1641,7.91,2.40
2026-07-04 05:02:20.006,0.4,0.4,0.4,0.4,0,1641,7.91,2.40
2026-07-04 05:02:20.563,0.4,0.4,0.4,0.4,0,1641,7.91,2.40
2026-07-04 05:02:21.003,0.4,0.4,0.4,0.4,0,1643,7.91,2.37
2026-07-04 05:02:21.509,0.4,0.4,0.4,0.4,0,1641,7.91,2.40
2026-07-04 05:02:22.005,0.4,0.4,0.4,0.4,0,1637,7.91,2.46
2026-07-04 05:02:22.515,0.4,0.4,0.4,0.4,0,1641,7.91,2.40
2026-07-04 05:02:23.012,0.4,0.4,0.4,0.4,0,1641,7.91,2.40
2026-07-04 05:02:23.511,0.4,0.4,0.4,0.4,0,1640,7.91,2.42
2026-07-04 05:02:24.510,0.4,0.4,0.4,0.4,0,1641,7.91,2.40
2026-07-04 05:02:24.511,0.4,0.4,0.4,0.4,0,1641,7.91,2.40
2026-07-04 05:02:25.003,0.4,0.4,0.4,0.4,0,1641,7.91,2.40
2026-07-04 05:02:25.506,0.4,0.4,0.4,0.4,0,1641,7.91,2.40
2026-07-04 05:02:26.003,0.4,0.4,0.4,0.4,0,1642,7.91,2.39
2026-07-04 05:02:26.501,0.4,0.4,0.4,0.4,0,1641,7.91,2.40
2026-07-04 05:02:27.004,0.4,0.4,0.4,0.4,1,1642,7.90,2.39
2026-07-04 05:02:27.508,0.4,0.4,0.4,0.4,1,1642,7.90,2.39
2026-07-04 05:02:28.038,0.4,0.4,0.4,0.4,0,1642,7.91,2.39
2026-07-04 05:02:28.509,0.4,0.4,0.4,0.4,0,1642,7.91,2.39
2026-07-04 05:02:29.034,0.4,0.4,0.4,0.4,0,1642,7.91,2.39
2026-07-04 05:02:29.500,0.4,0.4,0.4,0.4,0,1641,7.91,2.40
2026-07-04 05:02:30.008,0.4,0.4,0.4,0.4,0,1641,7.91,2.40
2026-07-04 05:02:30.538,0.4,0.4,0.4,0.4,0,1641,7.91,2.40
2026-07-04 05:02:31.035,0.4,0.4,0.4,0.4,0,1641,7.91,2.40
2026-07-04 05:02:31.500,0.4,0.4,0.4,0.4,0,1638,7.91,2.45
2026-07-04 05:02:32.008,0.4,0.4,0.4,0.4,0,1639,7.91,2.43
2026-07-04 05:02:32.533,0.4,0.4,0.4,0.4,0,1641,7.91,2.40
2026-07-04 05:02:33.054,0.4,0.4,0.4,0.4,0,1641,7.91,2.40
2026-07-04 05:02:33.535,0.4,0.4,0.4,0.4,0,1638,7.91,2.45
2026-07-04 05:02:34.008,0.4,0.4,0.4,0.4,0,1641,7.91,2.40
2026-07-04 05:02:34.524,0.4,0.4,0.4,0.4,0,1643,7.91,2.37
2026-07-04 05:02:35.005,0.4,0.4,0.4,0.4,0,1642,7.91,2.39
2026-07-04 05:02:35.539,0.4,0.4,0.4,0.4,0,1641,7.91,2.40
2026-07-04 05:02:36.008,0.4,0.4,0.4,0.4,0,1641,7.91,2.40
2026-07-04 05:02:36.508,0.4,0.4,0.4,0.4,3,1641,7.87,2.40
2026-07-04 05:02:37.001,0.4,0.4,0.4,0.4,14,1644,7.71,2.36
2026-07-04 05:02:37.525,0.4,0.4,0.4,0.4,0,1635,7.91,2.49
2026-07-04 05:02:38.020,0.4,0.4,0.4,0.4,0,1637,7.91,2.46
2026-07-04 05:02:38.557,0.4,0.4,0.4,0.4,0,1640,7.91,2.42
2026-07-04 05:02:39.004,0.4,0.4,0.4,0.4,0,1641,7.91,2.40
2026-07-04 05:02:39.525,0.4,0.4,0.4,0.4,0,1643,7.91,2.37
2026-07-04 05:02:40.025,0.4,0.4,0.4,0.4,0,1640,7.91,2.42
2026-07-04 05:02:40.505,0.4,0.4,0.4,0.4,0,1642,7.91,2.39
2026-07-04 05:02:41.065,0.4,0.4,0.4,0.4,0,1641,7.91,2.40
2026-07-04 05:02:41.529,0.4,0.4,0.4,0.4,0,1642,7.91,2.39
2026-07-04 05:02:42.037,0.4,0.4,0.4,0.4,0,1642,7.91,2.39
2026-07-04 05:02:42.508,0.4,0.4,0.4,0.4,0,1641,7.91,2.40
2026-07-04 05:02:43.003,0.4,0.4,0.4,0.4,0,1640,7.91,2.42
2026-07-04 05:02:44.055,0.4,0.4,0.4,0.4,0,1641,7.91,2.40
2026-07-04 05:02:44.055,0.4,0.4,0.4,0.4,0,1641,7.91,2.40
2026-07-04 05:02:44.538,0.4,0.4,0.5,0.4,0,1644,7.91,2.36
2026-07-04 05:02:45.035,0.4,0.4,0.5,0.4,0,1642,7.91,2.39
2026-07-04 05:02:45.530,0.4,0.4,0.5,0.4,0,1641,7.91,2.40
2026-07-04 05:02:46.038,0.4,0.4,0.5,0.4,0,1643,7.91,2.37
2026-07-04 05:02:46.535,0.4,0.4,0.5,0.4,1,1642,7.90,2.39
2026-07-04 05:02:47.034,0.4,0.4,0.5,0.4,0,1641,7.91,2.40
2026-07-04 05:02:47.537,0.4,0.4,0.4,0.4,0,1639,7.91,2.43
2026-07-04 05:02:48.053,0.4,0.4,0.4,0.4,0,1638,7.91,2.45
2026-07-04 05:02:48.549,0.4,0.4,0.4,0.4,1,1638,7.90,2.45
2026-07-04 05:02:49.001,0.4,0.4,0.4,0.4,0,1641,7.91,2.40
2026-07-04 05:02:49.507,0.4,0.4,0.4,0.4,0,1641,7.91,2.40
2026-07-04 05:02:50.009,0.4,0.4,0.4,0.4,0,1641,7.91,2.40
2026-07-04 05:02:50.503,0.4,0.4,0.4,0.4,0,1641,7.91,2.40
2026-07-04 05:02:51.005,0.4,0.4,0.4,0.4,0,1640,7.91,2.42
2026-07-04 05:02:51.509,0.4,0.4,0.4,0.4,0,1641,7.91,2.40
2026-07-04 05:02:52.004,0.4,0.4,0.4,0.4,0,1641,7.91,2.40
2026-07-04 05:02:53.041,0.4,0.4,0.4,0.4,0,1643,7.91,2.37
2026-07-04 05:02:53.042,0.4,0.4,0.4,0.4,0,1643,7.91,2.37
2026-07-04 05:02:53.524,0.4,0.4,0.4,0.4,0,1641,7.91,2.40
2026-07-04 05:02:54.021,0.4,0.4,0.4,0.4,0,1641,7.91,2.40
2026-07-04 05:02:54.540,0.4,0.4,0.4,0.4,0,1641,7.91,2.40
2026-07-04 05:02:55.010,0.4,0.4,0.4,0.4,0,1639,7.91,2.43
2026-07-04 05:02:55.508,0.4,0.4,0.4,0.4,0,1642,7.91,2.39
2026-07-04 05:02:56.040,0.4,0.4,0.4,0.4,0,1643,7.91,2.37
2026-07-04 05:02:56.508,0.4,0.4,0.4,0.4,0,1641,7.91,2.40
2026-07-04 05:02:57.049,0.4,0.4,0.4,0.4,0,1641,7.91,2.40
2026-07-04 05:02:57.508,0.4,0.4,0.4,0.4,0,1641,7.91,2.40
2026-07-04 05:02:58.039,0.4,0.4,0.4,0.4,0,1641,7.91,2.40
2026-07-04 05:02:58.534,0.4,0.4,0.4,0.4,0,1641,7.91,2.40
2026-07-04 05:02:59.036,0.4,0.4,0.4,0.4,0,1642,7.91,2.39
2026-07-04 05:02:59.534,0.4,0.4,0.4,0.4,0,1641,7.91,2.40
2026-07-04 05:03:00.008,0.4,0.4,0.4,0.4,0,1642,7.91,2.39
2026-07-04 05:03:00.538,0.4,0.4,0.4,0.4,0,1641,7.91,2.40
2026-07-04 05:03:01.037,0.4,0.4,0.4,0.4,0,1640,7.91,2.42
2026-07-04 05:03:01.501,0.4,0.4,0.4,0.4,0,1641,7.91,2.40
2026-07-04 05:03:02.007,0.4,0.4,0.4,0.4,0,1642,7.91,2.39
2026-07-04 05:03:02.526,0.4,0.4,0.4,0.4,0,1641,7.91,2.40
2026-07-04 05:03:03.040,0.4,0.4,0.4,0.4,0,1641,7.91,2.40
2026-07-04 05:03:03.538,0.4,0.4,0.4,0.4,0,1643,7.91,2.37
2026-07-04 05:03:04.037,0.4,0.4,0.4,0.4,0,1641,7.91,2.40
2026-07-04 05:03:04.523,0.4,0.4,0.4,0.4,0,1642,7.91,2.39
2026-07-04 05:03:05.035,0.4,0.4,0.4,0.4,0,1641,7.91,2.40
2026-07-04 05:03:05.510,0.4,0.4,0.4,0.4,0,1644,7.91,2.36
2026-07-04 05:03:06.041,0.4,0.4,0.4,0.4,0,1639,7.91,2.43
2026-07-04 05:03:06.507,0.4,0.4,0.4,0.4,0,1640,7.91,2.42
2026-07-04 05:03:07.003,0.4,0.4,0.4,0.4,0,1643,7.91,2.37
2026-07-04 05:03:08.008,0.4,0.4,0.4,0.4,0,1640,7.91,2.42
2026-07-04 05:03:08.063,0.4,0.4,0.4,0.4,0,1636,7.91,2.48
2026-07-04 05:03:08.509,0.4,0.4,0.4,0.4,1,1642,7.90,2.39
2026-07-04 05:03:09.004,0.4,0.4,0.4,0.4,0,1639,7.91,2.43
2026-07-04 05:03:09.511,0.4,0.4,0.4,0.4,0,1641,7.91,2.40
2026-07-04 05:03:10.012,0.4,0.4,0.4,0.4,0,1660,7.91,2.12
2026-07-04 05:03:10.508,0.4,0.4,0.4,0.4,0,1648,7.91,2.30
2026-07-04 05:03:11.051,0.4,0.4,0.4,0.4,0,1650,7.91,2.27
2026-07-04 05:03:11.550,0.4,0.4,0.4,0.4,0,1648,7.91,2.30
2026-07-04 05:03:12.008,0.4,0.4,0.4,0.4,0,1651,7.91,2.26
2026-07-04 05:03:12.538,0.4,0.4,0.4,0.4,0,1648,7.91,2.30
2026-07-04 05:03:13.035,0.4,0.4,0.4,0.4,0,1647,7.91,2.31
2026-07-04 05:03:13.558,0.4,0.4,0.4,0.4,0,1647,7.91,2.31
2026-07-04 05:03:14.008,0.4,0.4,0.4,0.4,1,1648,7.90,2.30
2026-07-04 05:03:14.538,0.4,0.4,0.4,0.4,0,1651,7.91,2.26
2026-07-04 05:03:15.040,0.4,0.4,0.4,0.4,0,1648,7.91,2.30
2026-07-04 05:03:15.537,0.4,0.4,0.4,0.4,0,1652,7.91,2.24
2026-07-04 05:03:16.037,0.4,0.4,0.4,0.4,0,1647,7.91,2.31
2026-07-04 05:03:16.548,0.4,0.4,0.4,0.4,0,1646,7.91,2.33
2026-07-04 05:03:17.004,0.4,0.4,0.4,0.4,0,1646,7.91,2.33
2026-07-04 05:03:17.537,0.4,0.4,0.4,0.4,0,1647,7.91,2.31
2026-07-04 05:03:18.008,0.4,0.4,0.4,0.4,0,1649,7.91,2.29
2026-07-04 05:03:18.538,0.4,0.4,0.4,0.4,0,1648,7.91,2.30
2026-07-04 05:03:19.021,0.4,0.4,0.4,0.4,0,1647,7.91,2.31
2026-07-04 05:03:19.519,0.4,0.4,0.4,0.4,0,1647,7.91,2.31
2026-07-04 05:03:20.028,0.4,0.4,0.4,0.4,0,1649,7.91,2.29
2026-07-04 05:03:20.538,0.4,0.4,0.4,0.4,0,1651,7.91,2.26
2026-07-04 05:03:21.004,0.4,0.4,0.4,0.4,0,1649,7.91,2.29
2026-07-04 05:03:21.504,0.4,0.4,0.4,0.4,1,1650,7.90,2.27
2026-07-04 05:03:22.031,0.4,0.4,0.4,0.4,0,1649,7.91,2.29
2026-07-04 05:03:22.542,0.4,0.4,0.4,0.4,0,1649,7.91,2.29
2026-07-04 05:03:23.040,0.4,0.4,0.4,0.4,0,1874,7.91,-1.01
2026-07-04 05:03:23.539,0.4,0.4,0.4,0.4,0,1875,7.91,-1.03
2026-07-04 05:03:24.022,0.4,0.4,0.4,0.4,0,1875,7.91,-1.03
2026-07-04 05:03:24.521,0.4,0.4,0.4,0.4,0,1635,7.91,2.49
2026-07-04 05:03:25.002,0.4,0.4,0.4,0.4,0,1649,7.91,2.29
2026-07-04 05:03:25.570,0.4,0.4,0.4,0.4,0,1650,7.91,2.27
2026-07-04 05:03:26.043,0.4,0.4,0.4,0.4,0,1648,7.91,2.30
2026-07-04 05:03:26.538,0.4,0.4,0.4,0.4,0,1644,7.91,2.36
2026-07-04 05:03:27.037,0.4,0.4,0.4,0.4,0,1648,7.91,2.30
2026-07-04 05:03:27.538,0.4,0.4,0.4,0.4,0,1648,7.91,2.30
2026-07-04 05:03:28.022,0.4,0.4,0.4,0.4,0,1649,7.91,2.29
2026-07-04 05:03:28.519,0.4,0.4,0.4,0.4,0,1647,7.91,2.31
2026-07-04 05:03:29.064,0.4,0.4,0.4,0.4,0,1649,7.91,2.29
2026-07-04 05:03:29.509,0.4,0.4,0.4,0.4,0,1646,7.91,2.33
2026-07-04 05:03:30.026,0.4,0.4,0.4,0.4,0,1647,7.91,2.31
2026-07-04 05:03:30.508,0.4,0.4,0.4,0.4,0,1647,7.91,2.31
2026-07-04 05:03:31.554,0.4,0.4,0.4,0.4,0,1646,7.91,2.33
2026-07-04 05:03:31.557,0.4,0.4,0.4,0.4,0,1646,7.91,2.33
2026-07-04 05:03:32.001,0.4,0.4,0.4,0.4,0,1646,7.91,2.33
2026-07-04 05:03:32.515,0.4,0.4,0.4,0.4,0,1649,7.91,2.29
2026-07-04 05:03:33.013,0.4,0.4,0.4,0.4,0,1648,7.91,2.30
2026-07-04 05:03:33.509,0.4,0.4,0.4,0.4,0,1647,7.91,2.31
2026-07-04 05:03:34.053,0.4,0.4,0.4,0.4,1,1649,7.90,2.29
2026-07-04 05:03:34.539,0.4,0.4,0.4,0.4,0,1647,7.91,2.31
2026-07-04 05:03:35.035,0.4,0.4,0.0,0.4,0,1647,7.91,2.31
2026-07-04 05:03:36.022,0.4,0.4,0.4,0.4,0,1650,7.91,2.27
2026-07-04 05:03:36.023,0.4,0.4,0.4,0.4,0,1646,7.91,2.33
2026-07-04 05:03:36.521,0.4,0.4,0.4,0.4,0,1646,7.91,2.33
2026-07-04 05:03:37.020,0.4,0.4,0.4,0.4,0,1649,7.91,2.29
2026-07-04 05:03:37.538,0.4,0.4,0.4,0.4,0,1647,7.91,2.31
2026-07-04 05:03:38.039,0.4,0.4,0.4,0.4,0,1646,7.91,2.33
2026-07-04 05:03:38.556,0.4,0.4,0.4,0.4,0,1648,7.91,2.30
2026-07-04 05:03:39.037,0.4,0.4,0.4,0.4,0,1650,7.91,2.27
2026-07-04 05:03:39.536,0.4,0.4,0.4,0.4,0,1646,7.91,2.33
2026-07-04 05:03:40.008,0.4,0.4,0.4,0.4,0,1648,7.91,2.30
2026-07-04 05:03:40.511,0.4,0.4,0.4,0.4,0,1647,7.91,2.31
2026-07-04 05:03:41.036,0.4,0.4,0.4,0.4,0,1648,7.91,2.30
2026-07-04 05:03:41.539,0.4,0.4,0.4,0.4,0,1651,7.91,2.26
2026-07-04 05:03:42.037,0.4,0.4,0.4,0.4,1,1646,7.90,2.33
2026-07-04 05:03:43.023,0.4,0.4,0.4,0.4,0,1648,7.91,2.30
2026-07-04 05:03:43.023,0.4,0.4,0.4,0.4,0,1648,7.91,2.30
2026-07-04 05:03:43.561,0.4,0.4,0.4,0.4,0,1647,7.91,2.31
2026-07-04 05:03:44.000,0.4,0.4,0.4,0.4,0,1647,7.91,2.31
2026-07-04 05:03:44.556,0.4,0.4,0.4,0.4,0,1652,7.91,2.24
2026-07-04 05:03:45.063,0.4,0.4,0.4,0.4,0,1648,7.91,2.30
2026-07-04 05:03:46.036,0.4,0.4,0.4,0.4,0,1648,7.91,2.30
2026-07-04 05:03:46.037,0.4,0.4,0.4,0.4,0,1647,7.91,2.31
2026-07-04 05:03:46.509,0.4,0.4,0.4,0.4,0,1648,7.91,2.30
2026-07-04 05:03:47.004,0.4,0.4,0.4,0.4,0,1646,7.91,2.33
2026-07-04 05:03:47.511,0.4,0.4,0.4,0.4,1,1646,7.90,2.33
2026-07-04 05:03:48.038,0.4,0.4,0.4,0.4,0,1647,7.91,2.31
2026-07-04 05:03:48.535,0.4,0.4,0.4,0.4,0,1875,7.91,-1.03
2026-07-04 05:03:49.037,0.4,0.4,0.4,0.4,0,1646,7.91,2.33
2026-07-04 05:03:49.510,0.4,0.4,0.4,0.4,0,1648,7.91,2.30
2026-07-04 05:03:50.040,0.4,0.4,0.4,0.4,0,1644,7.91,2.36
2026-07-04 05:03:51.035,0.4,0.4,0.4,0.4,0,1647,7.91,2.31
2026-07-04 05:03:51.036,0.4,0.4,0.4,0.4,1,1643,7.90,2.37
2026-07-04 05:03:51.534,0.4,0.4,0.4,0.4,1,1648,7.90,2.30
2026-07-04 05:03:52.038,0.4,0.4,0.4,0.4,0,1875,7.91,-1.03
2026-07-04 05:03:52.541,0.4,0.4,0.4,0.4,0,1875,7.91,-1.03
2026-07-04 05:03:53.036,0.4,0.4,0.4,0.4,0,1649,7.91,2.29
2026-07-04 05:03:53.538,0.4,0.4,0.4,0.4,0,1648,7.91,2.30
2026-07-04 05:03:54.044,0.4,0.4,0.4,0.4,0,1647,7.91,2.31
2026-07-04 05:03:54.555,0.4,0.4,0.4,0.4,1,1650,7.90,2.27
2026-07-04 05:03:55.031,0.4,0.4,0.4,0.4,0,1648,7.91,2.30
2026-07-04 05:03:55.554,0.4,0.4,0.4,0.4,0,1649,7.91,2.29
2026-07-04 05:03:56.053,0.4,0.4,0.4,0.4,0,1646,7.91,2.33
2026-07-04 05:03:56.524,0.4,0.4,0.4,0.4,0,1647,7.91,2.31
2026-07-04 05:03:57.038,0.4,0.4,0.4,0.4,0,1647,7.91,2.31
2026-07-04 05:03:57.511,0.4,0.4,0.4,0.4,0,1649,7.91,2.29
2026-07-04 05:03:58.039,0.4,0.4,0.4,0.4,0,1651,7.91,2.26
2026-07-04 05:03:58.538,0.4,0.4,0.4,0.4,0,1648,7.91,2.30
2026-07-04 05:03:59.031,0.4,0.4,0.4,0.4,1,1652,7.90,2.24
2026-07-04 05:03:59.530,0.4,0.4,0.4,0.4,0,1647,7.91,2.31
2026-07-04 05:04:00.040,0.4,0.4,0.4,0.4,0,1647,7.91,2.31
2026-07-04 05:04:00.540,0.4,0.4,0.4,0.4,0,1647,7.91,2.31
2026-07-04 05:04:01.035,0.4,0.4,0.4,0.4,0,1647,7.91,2.31
2026-07-04 05:04:01.538,0.4,0.4,0.4,0.4,0,1651,7.91,2.26
2026-07-04 05:04:02.042,0.4,0.4,0.4,0.4,0,1646,7.91,2.33
2026-07-04 05:04:02.524,0.4,0.4,0.4,0.4,0,1649,7.91,2.29
2026-07-04 05:04:03.019,0.4,0.4,0.4,0.4,0,1649,7.91,2.29
2026-07-04 05:04:03.538,0.4,0.4,0.4,0.4,0,1650,7.91,2.27
2026-07-04 05:04:04.038,0.4,0.4,0.4,0.4,1,1646,7.90,2.33
2026-07-04 05:04:04.539,0.4,0.4,0.4,0.4,0,1647,7.91,2.31
2026-07-04 05:04:05.008,0.4,0.4,0.4,0.4,0,1647,7.91,2.31
2026-07-04 05:04:05.553,0.4,0.4,0.4,0.4,0,1645,7.91,2.34
2026-07-04 05:04:06.028,0.4,0.4,0.4,0.4,0,1648,7.91,2.30
2026-07-04 05:04:06.557,0.4,0.4,0.4,0.4,0,1649,7.91,2.29
2026-07-04 05:04:07.025,0.4,0.4,0.4,0.4,0,1649,7.91,2.29
2026-07-04 05:04:07.525,0.4,0.4,0.4,0.4,0,1650,7.91,2.27
2026-07-04 05:04:08.020,0.4,0.4,0.4,0.4,0,1650,7.91,2.27
2026-07-04 05:04:08.529,0.4,0.4,0.4,0.4,0,1648,7.91,2.30
2026-07-04 05:04:09.042,0.4,0.4,0.4,0.4,0,1647,7.91,2.31
2026-07-04 05:04:09.537,0.4,0.4,0.4,0.4,0,1875,7.91,-1.03
2026-07-04 05:04:10.028,0.4,0.4,0.4,0.4,0,1649,7.91,2.29
2026-07-04 05:04:10.537,0.4,0.4,0.4,0.4,0,1649,7.91,2.29
2026-07-04 05:04:11.009,0.4,0.4,0.4,0.4,0,1647,7.91,2.31
2026-07-04 05:04:11.505,0.4,0.4,0.4,0.4,0,1647,7.91,2.31
2026-07-04 05:04:12.004,0.4,0.4,0.4,0.4,0,1650,7.91,2.27
2026-07-04 05:04:12.544,0.4,0.4,0.4,0.4,0,1649,7.91,2.29
2026-07-04 05:04:13.037,0.4,0.4,0.4,0.4,0,1650,7.91,2.27
2026-07-04 05:04:13.537,0.4,0.4,0.4,0.4,1,1649,7.90,2.29
2026-07-04 05:04:14.039,0.4,0.4,0.4,0.4,0,1650,7.91,2.27
2026-07-04 05:04:14.537,0.4,0.4,0.4,0.4,0,1649,7.91,2.29
2026-07-04 05:04:15.007,0.4,0.4,0.4,0.4,0,1649,7.91,2.29
2026-07-04 05:04:15.503,0.4,0.4,0.4,0.4,0,1648,7.91,2.30
2026-07-04 05:04:16.049,0.4,0.4,0.4,0.4,0,1649,7.91,2.29
2026-07-04 05:04:16.556,0.4,0.4,0.4,0.4,0,1649,7.91,2.29
2026-07-04 05:04:17.004,0.4,0.4,0.4,0.4,0,1646,7.91,2.33
2026-07-04 05:04:17.510,0.4,0.4,0.4,0.4,0,1650,7.91,2.27
2026-07-04 05:04:18.010,0.4,0.4,0.4,0.4,0,1648,7.91,2.30
2026-07-04 05:04:18.538,0.4,0.4,0.4,0.4,0,1649,7.91,2.29
2026-07-04 05:04:19.020,0.4,0.4,0.4,0.4,0,1648,7.91,2.30
2026-07-04 05:04:19.548,0.4,0.4,0.4,0.4,0,1648,7.91,2.30
2026-07-04 05:04:20.008,0.4,0.4,0.4,0.4,0,1875,7.91,-1.03
2026-07-04 05:04:20.555,0.4,0.4,0.4,0.4,0,1648,7.91,2.30
2026-07-04 05:04:21.013,0.4,0.4,0.4,0.4,0,1644,7.91,2.36
2026-07-04 05:04:21.509,0.4,0.4,0.4,0.4,0,1646,7.91,2.33
2026-07-04 05:04:22.039,0.4,0.4,0.4,0.4,0,1648,7.91,2.30
2026-07-04 05:04:22.537,0.4,0.4,0.4,0.4,0,1648,7.91,2.30
2026-07-04 05:04:23.035,0.4,0.4,0.4,0.4,0,1649,7.91,2.29
2026-07-04 05:04:23.527,0.4,0.4,0.4,0.4,0,1652,7.91,2.24
2026-07-04 05:04:24.009,0.4,0.4,0.4,0.4,0,1648,7.91,2.30
2026-07-04 05:04:24.524,0.4,0.4,0.4,0.4,0,1650,7.91,2.27
2026-07-04 05:04:25.014,0.4,0.4,0.4,0.4,0,1649,7.91,2.29
2026-07-04 05:04:25.510,0.4,0.4,0.4,0.4,0,1648,7.91,2.30
2026-07-04 05:04:26.009,0.4,0.4,0.4,0.4,0,1647,7.91,2.31
2026-07-04 05:04:27.035,0.4,0.4,0.4,0.4,0,1650,7.91,2.27
2026-07-04 05:04:27.036,0.4,0.4,0.4,0.4,0,1648,7.91,2.30
2026-07-04 05:04:27.538,0.4,0.4,0.4,0.4,0,1644,7.91,2.36
2026-07-04 05:04:28.022,0.4,0.4,0.4,0.4,0,1647,7.91,2.31
2026-07-04 05:04:28.519,0.4,0.4,0.4,0.4,0,1649,7.91,2.29
2026-07-04 05:04:29.055,0.4,0.4,0.4,0.4,0,1644,7.91,2.36
2026-07-04 05:04:29.507,0.4,0.4,0.4,0.4,0,1647,7.91,2.31
2026-07-04 05:04:30.007,0.4,0.4,0.4,0.4,0,1648,7.91,2.30
2026-07-04 05:04:30.536,0.4,0.4,0.4,0.4,0,1647,7.91,2.31
2026-07-04 05:04:31.035,0.4,0.4,0.4,0.4,0,1646,7.91,2.33
2026-07-04 05:04:31.527,0.4,0.4,0.4,0.4,0,1648,7.91,2.30
2026-07-04 05:04:32.054,0.4,0.4,0.4,0.4,0,1646,7.91,2.33
2026-07-04 05:04:32.532,0.4,0.4,0.4,0.4,0,1646,7.91,2.33
2026-07-04 05:04:33.048,0.4,0.4,0.4,0.4,0,1649,7.91,2.29
2026-07-04 05:04:33.545,0.4,0.4,0.4,0.4,0,1649,7.91,2.29
2026-07-04 05:04:34.566,0.4,0.4,0.4,0.4,0,1648,7.91,2.30
2026-07-04 05:04:34.567,0.4,0.4,0.4,0.4,0,1646,7.91,2.33
2026-07-04 05:04:35.066,0.4,0.4,0.4,0.4,0,1645,7.91,2.34
2026-07-04 05:04:35.509,0.4,0.4,0.4,0.4,0,1650,7.91,2.27
2026-07-04 05:04:36.007,0.4,0.4,0.4,0.4,0,1649,7.91,2.29
2026-07-04 05:04:36.509,0.4,0.4,0.4,0.4,0,1647,7.91,2.31
2026-07-04 05:04:37.025,0.4,0.4,0.4,0.4,0,1648,7.91,2.30
2026-07-04 05:04:37.538,0.4,0.4,0.4,0.4,0,1649,7.91,2.29
2026-07-04 05:04:38.036,0.4,0.4,0.4,0.4,0,1647,7.91,2.31
2026-07-04 05:04:38.523,0.4,0.4,0.4,0.4,0,1645,7.91,2.34
2026-07-04 05:04:39.050,0.4,0.4,0.4,0.4,0,1647,7.91,2.31
2026-07-04 05:04:39.508,0.4,0.4,0.4,0.4,0,1648,7.91,2.30
2026-07-04 05:04:40.008,0.4,0.4,0.4,0.4,0,1649,7.91,2.29
2026-07-04 05:04:41.004,0.4,0.4,0.4,0.4,0,1647,7.91,2.31
2026-07-04 05:04:41.060,0.4,0.4,0.4,0.4,0,1649,7.91,2.29
2026-07-04 05:04:41.537,0.4,0.4,0.4,0.4,0,1647,7.91,2.31
2026-07-04 05:04:42.024,0.4,0.4,0.4,0.4,0,1647,7.91,2.31
2026-07-04 05:04:42.521,0.4,0.4,0.4,0.4,0,1647,7.91,2.31
2026-07-04 05:04:43.052,0.4,0.4,0.4,0.4,0,1645,7.91,2.34
2026-07-04 05:04:43.509,0.4,0.4,0.4,0.4,0,1651,7.91,2.26
2026-07-04 05:04:44.053,0.4,0.4,0.4,0.4,0,1647,7.91,2.31
2026-07-04 05:04:44.553,0.4,0.4,0.4,0.4,0,1649,7.91,2.29
2026-07-04 05:04:45.052,0.4,0.4,0.4,0.4,0,1648,7.91,2.30
2026-07-04 05:04:45.533,0.4,0.4,0.4,0.4,0,1648,7.91,2.30
2026-07-04 05:04:46.018,0.4,0.4,0.4,0.4,0,1647,7.91,2.31
2026-07-04 05:04:46.538,0.4,0.4,0.4,0.4,0,1651,7.91,2.26
2026-07-04 05:04:47.037,0.4,0.4,0.4,0.4,0,1651,7.91,2.26
2026-07-04 05:04:47.537,0.4,0.4,0.4,0.4,0,1647,7.91,2.31
2026-07-04 05:04:48.024,0.4,0.4,0.4,0.4,0,1648,7.91,2.30
2026-07-04 05:04:48.521,0.4,0.4,0.4,0.4,0,1648,7.91,2.30
2026-07-04 05:04:49.019,0.4,0.4,0.4,0.4,0,1651,7.91,2.26
2026-07-04 05:04:49.508,0.4,0.4,0.4,0.4,0,1649,7.91,2.29
2026-07-04 05:04:50.009,0.4,0.4,0.4,0.4,0,1649,7.91,2.29
2026-07-04 05:04:50.508,0.4,0.4,0.4,0.4,0,1649,7.91,2.29
2026-07-04 05:04:51.035,0.4,0.4,0.4,0.4,0,1646,7.91,2.33
2026-07-04 05:04:51.505,0.4,0.4,0.4,0.4,0,1649,7.91,2.29
2026-07-04 05:04:52.004,0.4,0.4,0.4,0.4,0,1648,7.91,2.30
2026-07-04 05:04:52.555,0.4,0.4,0.4,0.4,0,1647,7.91,2.31
2026-07-04 05:04:53.005,0.4,0.4,0.4,0.4,0,1647,7.91,2.31
2026-07-04 05:04:53.508,0.4,0.4,0.4,0.4,0,1647,7.91,2.31
2026-07-04 05:04:54.052,0.4,0.4,0.4,0.4,0,1650,7.91,2.27
2026-07-04 05:04:54.531,0.4,0.4,0.4,0.4,0,1647,7.91,2.31
2026-07-04 05:04:55.029,0.4,0.4,0.4,0.4,0,1654,7.91,2.21
2026-07-04 05:04:55.538,0.4,0.4,0.4,0.4,0,1648,7.91,2.30
2026-07-04 05:04:56.007,0.4,0.4,0.4,0.4,0,1648,7.91,2.30
2026-07-04 05:04:56.506,0.4,0.4,0.4,0.4,0,1648,7.91,2.30
2026-07-04 05:04:57.062,0.4,0.4,0.4,0.4,0,1648,7.91,2.30
2026-07-04 05:04:57.510,0.4,0.4,0.4,0.4,0,1648,7.91,2.30
2026-07-04 05:04:58.533,0.4,0.4,0.4,0.4,0,1647,7.91,2.31
2026-07-04 05:04:58.534,0.4,0.4,0.4,0.4,0,1648,7.91,2.30
2026-07-04 05:04:59.036,0.4,0.4,0.4,0.4,0,1648,7.91,2.30
2026-07-04 05:04:59.508,0.4,0.4,0.4,0.4,0,1649,7.91,2.29
2026-07-04 05:05:00.039,0.4,0.4,0.4,0.4,0,1650,7.91,2.27
2026-07-04 05:05:00.521,0.4,0.4,0.4,0.4,0,1650,7.91,2.27
2026-07-04 05:05:01.062,0.4,0.4,0.4,0.4,0,1649,7.91,2.29
2026-07-04 05:05:01.509,0.4,0.4,0.4,0.4,0,1647,7.91,2.31
2026-07-04 05:05:02.224,0.4,0.4,0.4,0.4,0,1647,7.91,2.31
2026-07-04 05:05:02.534,0.4,0.4,0.4,0.4,0,1647,7.91,2.31
2026-07-04 05:05:02.534,0.4,0.4,0.4,0.4,0,1645,7.91,2.34
2026-07-04 05:05:03.052,0.4,0.4,0.4,0.4,0,1647,7.91,2.31
2026-07-04 05:05:03.539,0.4,0.4,0.4,0.4,0,1648,7.91,2.30
2026-07-04 05:05:04.036,0.4,0.4,0.4,0.4,0,1648,7.91,2.30
2026-07-04 05:05:04.533,0.4,0.4,0.4,0.4,0,1650,7.91,2.27
2026-07-04 05:05:05.030,0.4,0.4,0.4,0.4,0,1649,7.91,2.29
2026-07-04 05:05:05.538,0.4,0.4,0.4,0.4,0,1648,7.91,2.30
2026-07-04 05:05:06.053,0.4,0.4,0.4,0.4,0,1647,7.91,2.31
2026-07-04 05:05:06.535,0.4,0.4,0.4,0.4,0,1645,7.91,2.34
2026-07-04 05:05:07.019,0.4,0.4,0.4,0.4,0,1646,7.91,2.33
2026-07-04 05:05:07.516,0.4,0.4,0.4,0.4,0,1646,7.91,2.33
2026-07-04 05:05:08.257,0.4,0.4,0.4,0.4,0,1646,7.91,2.33
2026-07-04 05:05:08.531,0.4,0.4,0.4,0.4,0,1649,7.91,2.29
2026-07-04 05:05:08.531,0.4,0.4,0.4,0.4,0,1647,7.91,2.31
2026-07-04 05:05:09.030,0.4,0.4,0.4,0.4,0,1648,7.91,2.30
2026-07-04 05:05:09.527,0.4,0.4,0.4,0.4,1,1647,7.90,2.31
2026-07-04 05:05:10.284,0.4,0.4,0.4,0.4,1,1647,7.90,2.31
2026-07-04 05:05:10.535,0.4,0.4,0.4,0.4,0,1647,7.91,2.31
2026-07-04 05:05:10.536,0.4,0.4,0.4,0.4,0,1649,7.91,2.29
2026-07-04 05:05:11.036,0.4,0.4,0.4,0.4,0,1647,7.91,2.31
2026-07-04 05:05:11.528,0.4,0.4,0.4,0.4,0,1648,7.91,2.30
2026-07-04 05:05:12.037,0.4,0.4,0.4,0.4,0,1647,7.91,2.31
2026-07-04 05:05:12.544,0.4,0.4,0.4,0.4,0,1645,7.91,2.34
2026-07-04 05:05:13.036,0.4,0.4,0.4,0.4,0,1648,7.91,2.30
2026-07-04 05:05:13.519,0.4,0.4,0.4,0.4,0,1646,7.91,2.33
2026-07-04 05:05:14.016,0.4,0.4,0.4,0.4,0,1644,7.91,2.36
2026-07-04 05:05:14.568,0.4,0.4,0.4,0.4,0,1649,7.91,2.29
2026-07-04 05:05:15.036,0.4,0.4,0.4,0.4,0,1648,7.91,2.30
2026-07-04 05:05:15.534,0.4,0.4,0.4,0.4,0,1647,7.91,2.31
2026-07-04 05:05:16.228,0.4,0.4,0.4,0.4,0,1647,7.91,2.31
2026-07-04 05:05:16.567,0.4,0.4,0.4,0.4,0,1644,7.91,2.36
2026-07-04 05:05:16.567,0.4,0.4,0.0,0.4,0,1648,7.91,2.30
2026-07-04 05:05:17.068,0.4,0.4,0.0,0.4,0,1650,7.91,2.27
2026-07-04 05:05:17.577,0.4,0.4,0.0,0.4,0,1650,7.91,2.27
2026-07-04 05:05:18.037,0.4,0.4,0.4,0.4,0,1648,7.91,2.30
2026-07-04 05:05:18.535,0.4,0.4,0.4,0.4,0,1646,7.91,2.33
2026-07-04 05:05:19.039,0.4,0.4,0.4,0.4,0,1649,7.91,2.29
2026-07-04 05:05:19.523,0.4,0.4,0.4,0.4,0,1652,7.91,2.24
2026-07-04 05:05:20.019,0.4,0.4,0.4,0.4,1,1644,7.90,2.36
2026-07-04 05:05:20.552,0.4,0.4,0.4,0.4,2,1649,7.88,2.29
2026-07-04 05:05:21.057,0.4,0.4,0.4,0.4,10,1647,7.76,2.31
2026-07-04 05:05:21.538,0.4,0.4,0.4,0.4,15,1645,7.69,2.34
2026-07-04 05:05:22.087,0.4,0.4,0.4,0.4,6,1647,7.82,2.31
2026-07-04 05:05:22.522,0.4,0.4,0.4,0.4,0,1649,7.91,2.29
2026-07-04 05:05:23.063,0.4,0.4,0.4,0.4,0,1648,7.91,2.30
2026-07-04 05:05:23.560,0.4,0.4,0.4,0.4,0,1647,7.91,2.31
2026-07-04 05:05:24.067,0.4,0.4,0.4,0.4,0,1645,7.91,2.34
2026-07-04 05:05:24.567,0.4,0.4,0.4,0.4,0,1648,7.91,2.30
2026-07-04 05:05:25.067,0.4,0.4,0.4,0.4,0,1647,7.91,2.31
2026-07-04 05:05:25.528,0.4,0.4,0.4,0.4,0,1649,7.91,2.29
2026-07-04 05:05:26.037,0.4,0.4,0.4,0.4,0,1647,7.91,2.31
2026-07-04 05:05:26.537,0.4,0.4,0.4,0.4,0,1647,7.91,2.31
2026-07-04 05:05:27.052,0.4,0.4,0.4,0.4,0,1649,7.91,2.29
2026-07-04 05:05:27.534,0.4,0.4,0.4,0.4,0,1650,7.91,2.27
2026-07-04 05:05:28.032,0.4,0.4,0.4,0.4,0,1645,7.91,2.34
2026-07-04 05:05:28.555,0.4,0.4,0.4,0.4,0,1648,7.91,2.30
2026-07-04 05:05:29.061,0.4,0.4,0.4,0.4,0,1649,7.91,2.29
2026-07-04 05:05:29.560,0.4,0.4,0.4,0.4,0,1646,7.91,2.33
2026-07-04 05:05:30.038,0.4,0.4,0.4,0.4,0,1648,7.91,2.30
2026-07-04 05:05:30.583,0.4,0.4,0.4,0.4,0,1645,7.91,2.34
2026-07-04 05:05:31.083,0.4,0.4,0.4,0.4,0,1647,7.91,2.31
2026-07-04 05:05:31.583,0.4,0.4,0.4,0.4,0,1645,7.91,2.34
2026-07-04 05:05:32.085,0.4,0.4,0.4,0.4,0,1649,7.91,2.29
2026-07-04 05:05:32.555,0.4,0.4,0.4,0.4,0,1649,7.91,2.29
2026-07-04 05:05:33.056,0.4,0.4,0.4,0.4,0,1651,7.91,2.26
2026-07-04 05:05:33.538,0.4,0.4,0.4,0.4,0,1648,7.91,2.30
2026-07-04 05:05:34.028,0.4,0.4,0.4,0.4,0,1644,7.91,2.36
2026-07-04 05:05:34.578,0.4,0.4,0.4,0.4,0,1648,7.91,2.30
2026-07-04 05:05:35.036,0.4,0.4,0.4,0.4,0,1644,7.91,2.36
2026-07-04 05:05:35.540,0.4,0.4,0.4,0.4,0,1650,7.91,2.27
2026-07-04 05:05:36.039,0.4,0.4,0.4,0.4,0,1649,7.91,2.29
2026-07-04 05:05:36.578,0.4,0.4,0.4,0.4,0,1645,7.91,2.34
2026-07-04 05:05:37.031,0.4,0.4,0.4,0.4,0,1642,7.91,2.39
2026-07-04 05:05:37.587,0.4,0.4,0.4,0.4,0,1646,7.91,2.33
2026-07-04 05:05:38.028,0.4,0.4,0.4,0.4,0,1645,7.91,2.34
2026-07-04 05:05:38.552,0.4,0.4,0.4,0.4,0,1650,7.91,2.27
2026-07-04 05:05:39.032,0.4,0.4,0.4,0.4,0,1646,7.91,2.33
2026-07-04 05:05:39.531,0.4,0.4,0.5,0.4,0,1649,7.91,2.29
2026-07-04 05:05:40.038,0.4,0.4,0.5,0.4,0,1646,7.91,2.33
2026-07-04 05:05:40.556,0.4,0.4,0.5,0.4,0,1648,7.91,2.30
2026-07-04 05:05:41.053,0.4,0.4,0.5,0.4,0,1648,7.91,2.30
2026-07-04 05:05:41.548,0.4,0.4,0.4,0.4,0,1649,7.91,2.29
2026-07-04 05:05:42.538,0.4,0.4,0.4,0.4,0,1649,7.91,2.29
2026-07-04 05:05:42.538,0.4,0.4,0.4,0.4,0,1650,7.91,2.27
2026-07-04 05:05:43.084,0.4,0.4,0.4,0.4,0,1647,7.91,2.31
2026-07-04 05:05:43.582,0.4,0.4,0.4,0.4,0,1648,7.91,2.30
2026-07-04 05:05:44.039,0.4,0.4,0.4,0.4,0,1647,7.91,2.31
2026-07-04 05:05:44.537,0.4,0.4,0.4,0.4,0,1645,7.91,2.34
2026-07-04 05:05:45.053,0.4,0.4,0.4,0.4,0,1649,7.91,2.29
2026-07-04 05:05:45.552,0.4,0.4,0.4,0.4,0,1648,7.91,2.30
2026-07-04 05:05:46.034,0.4,0.4,0.4,0.4,0,1646,7.91,2.33
2026-07-04 05:05:46.556,0.4,0.4,0.4,0.4,0,1647,7.91,2.31
2026-07-04 05:05:47.036,0.4,0.4,0.4,0.4,0,1647,7.91,2.31
2026-07-04 05:05:47.535,0.4,0.4,0.4,0.4,0,1646,7.91,2.33
2026-07-04 05:05:48.068,0.4,0.4,0.4,0.4,0,1644,7.91,2.36
2026-07-04 05:05:48.577,0.4,0.4,0.4,0.4,0,1646,7.91,2.33
2026-07-04 05:05:49.069,0.4,0.4,0.4,0.4,0,1645,7.91,2.34
2026-07-04 05:05:49.567,0.4,0.4,0.4,0.4,0,1648,7.91,2.30
2026-07-04 05:05:50.037,0.4,0.4,0.4,0.4,0,1648,7.91,2.30
2026-07-04 05:05:50.597,0.4,0.4,0.4,0.4,0,1647,7.91,2.31
2026-07-04 05:05:51.064,0.4,0.4,0.4,0.4,0,1648,7.91,2.30
2026-07-04 05:05:51.561,0.4,0.4,0.4,0.4,0,1650,7.91,2.27
2026-07-04 05:05:52.062,0.4,0.4,0.4,0.4,0,1646,7.91,2.33
2026-07-04 05:05:52.568,0.4,0.4,0.4,0.4,0,1649,7.91,2.29
2026-07-04 05:05:53.070,0.4,0.4,0.4,0.4,0,1649,7.91,2.29
2026-07-04 05:05:53.553,0.4,0.4,0.4,0.4,0,1652,7.91,2.24
2026-07-04 05:05:54.052,0.4,0.4,0.4,0.4,0,1647,7.91,2.31
2026-07-04 05:05:54.552,0.4,0.4,0.4,0.4,0,1645,7.91,2.34
2026-07-04 05:05:55.052,0.4,0.4,0.4,0.4,0,1642,7.91,2.39
2026-07-04 05:05:55.587,0.4,0.4,0.4,0.4,0,1647,7.91,2.31
2026-07-04 05:05:56.089,0.4,0.4,0.4,0.4,0,1644,7.91,2.36
2026-07-04 05:05:56.590,0.4,0.4,0.4,0.4,0,1650,7.91,2.27
2026-07-04 05:05:57.088,0.4,0.4,0.4,0.4,0,1647,7.91,2.31
2026-07-04 05:05:57.587,0.4,0.4,0.4,0.4,0,1648,7.91,2.30
2026-07-04 05:05:58.085,0.4,0.4,0.4,0.4,0,1646,7.91,2.33
2026-07-04 05:05:58.583,0.4,0.4,0.4,0.4,0,1645,7.91,2.34
2026-07-04 05:05:59.047,0.4,0.4,0.4,0.4,0,1649,7.91,2.29
2026-07-04 05:05:59.561,0.4,0.4,0.4,0.4,0,1650,7.91,2.27
2026-07-04 05:06:00.038,0.4,0.4,0.4,0.4,0,1649,7.91,2.29
2026-07-04 05:06:00.554,0.4,0.4,0.4,0.4,0,1649,7.91,2.29
2026-07-04 05:06:01.084,0.4,0.4,0.4,0.4,0,1651,7.91,2.26
2026-07-04 05:06:01.588,0.4,0.4,0.4,0.4,0,1648,7.91,2.30
2026-07-04 05:06:02.088,0.4,0.4,0.4,0.4,0,1650,7.91,2.27
2026-07-04 05:06:02.597,0.4,0.4,0.4,0.4,0,1651,7.91,2.26
2026-07-04 05:06:03.057,0.4,0.4,0.4,0.4,0,1646,7.91,2.33
2026-07-04 05:06:03.554,0.4,0.4,0.4,0.4,0,1653,7.91,2.23
2026-07-04 05:06:04.094,0.4,0.4,0.4,0.4,0,1647,7.91,2.31
2026-07-04 05:06:04.588,0.4,0.4,0.4,0.4,0,1651,7.91,2.26
2026-07-04 05:06:05.090,0.4,0.4,0.4,0.4,0,1651,7.91,2.26
2026-07-04 05:06:05.597,0.4,0.4,0.0,0.4,0,1646,7.91,2.33
2026-07-04 05:06:06.067,0.4,0.4,0.4,0.4,0,1648,7.91,2.30
2026-07-04 05:06:06.588,0.4,0.4,0.4,0.4,0,1649,7.91,2.29
2026-07-04 05:06:07.090,0.4,0.4,0.4,0.4,0,1645,7.91,2.34
2026-07-04 05:06:07.584,0.4,0.4,0.4,0.4,0,1645,7.91,2.34
2026-07-04 05:06:08.082,0.4,0.4,0.4,0.4,0,1648,7.91,2.30
2026-07-04 05:06:08.587,0.4,0.4,0.4,0.4,0,1650,7.91,2.27
2026-07-04 05:06:09.052,0.4,0.4,0.4,0.4,0,1650,7.91,2.27
2026-07-04 05:06:09.598,0.4,0.4,0.4,0.4,0,1651,7.91,2.26
2026-07-04 05:06:10.589,0.4,0.4,0.4,0.4,0,1648,7.91,2.30
2026-07-04 05:06:10.590,0.4,0.4,0.4,0.4,0,1649,7.91,2.29
2026-07-04 05:06:11.052,0.4,0.4,0.4,0.4,0,1649,7.91,2.29
2026-07-04 05:06:11.561,0.4,0.4,0.4,0.4,0,1642,7.91,2.39
2026-07-04 05:06:12.092,0.4,0.4,0.4,0.4,0,1647,7.91,2.31
2026-07-04 05:06:12.555,0.4,0.4,0.4,0.4,0,1646,7.91,2.33
2026-07-04 05:06:13.052,0.4,0.4,0.4,0.4,0,1644,7.91,2.36
2026-07-04 05:06:13.612,0.4,0.4,0.4,0.4,0,1646,7.91,2.33
2026-07-04 05:06:14.559,0.4,0.4,0.4,0.4,0,1649,7.91,2.29
2026-07-04 05:06:14.619,0.4,0.4,0.4,0.4,0,1648,7.91,2.30
2026-07-04 05:06:15.070,0.4,0.4,0.4,0.4,0,1648,7.91,2.30
2026-07-04 05:06:15.555,0.4,0.4,0.4,0.4,0,1648,7.91,2.30
2026-07-04 05:06:16.097,0.4,0.4,0.4,0.4,0,1651,7.91,2.26
2026-07-04 05:06:16.597,0.4,0.4,0.4,0.4,0,1648,7.91,2.30
2026-07-04 05:06:17.560,0.4,0.4,0.4,0.4,0,1646,7.91,2.33
2026-07-04 05:06:17.618,0.4,0.4,0.4,0.4,0,1648,7.91,2.30
2026-07-04 05:06:18.100,0.4,0.4,0.4,0.4,0,1652,7.91,2.24
2026-07-04 05:06:18.598,0.4,0.4,0.4,0.4,0,1647,7.91,2.31
2026-07-04 05:06:19.056,0.4,0.4,0.4,0.4,0,1647,7.91,2.31
2026-07-04 05:06:19.588,0.4,0.4,0.0,0.0,0,1647,7.91,2.31
2026-07-04 05:06:20.100,0.4,0.4,0.0,0.0,0,1648,7.91,2.30
2026-07-04 05:06:20.550,0.4,0.4,0.0,0.0,0,1648,7.91,2.30
2026-07-04 05:06:21.584,0.4,0.4,0.0,0.0,0,1648,7.91,2.30
2026-07-04 05:06:21.584,0.4,0.4,0.4,0.0,0,1647,7.91,2.31
2026-07-04 05:06:22.081,0.4,0.4,0.4,0.0,0,1646,7.91,2.33
2026-07-04 05:06:22.610,0.4,0.4,0.4,0.0,0,1646,7.91,2.33
2026-07-04 05:06:23.061,0.4,0.4,0.4,0.0,0,1646,7.91,2.33
2026-07-04 05:06:23.568,0.4,0.4,0.0,0.4,0,1650,7.91,2.27
2026-07-04 05:06:24.309,0.4,0.4,0.4,0.4,0,1650,7.91,2.27
2026-07-04 05:06:24.588,0.4,0.4,0.0,0.4,0,1647,7.91,2.31
2026-07-04 05:06:24.589,0.4,0.4,0.0,0.4,0,1645,7.91,2.34
2026-07-04 05:06:25.115,0.4,0.4,0.0,0.4,0,1648,7.91,2.30
2026-07-04 05:06:25.612,0.4,0.4,0.0,0.4,0,1648,7.91,2.30
2026-07-04 05:06:26.068,0.4,0.4,0.4,0.4,0,1648,7.91,2.30
2026-07-04 05:06:26.568,0.4,0.4,0.4,0.4,0,1646,7.91,2.33
2026-07-04 05:06:27.112,0.4,0.4,0.4,0.4,0,1647,7.91,2.31
2026-07-04 05:06:27.622,0.4,0.4,0.4,0.4,0,1646,7.91,2.33
2026-07-04 05:06:28.061,0.4,0.4,0.4,0.4,0,1648,7.91,2.30
2026-07-04 05:06:28.559,0.4,0.4,0.4,0.4,0,1648,7.91,2.30
2026-07-04 05:06:29.595,0.4,0.4,0.4,0.4,0,1648,7.91,2.30
2026-07-04 05:06:29.595,0.4,0.4,0.4,0.4,0,1649,7.91,2.29
2026-07-04 05:06:30.058,0.4,0.4,0.4,0.4,0,1650,7.91,2.27
2026-07-04 05:06:30.598,0.4,0.4,0.4,0.4,0,1648,7.91,2.30
2026-07-04 05:06:31.095,0.4,0.4,0.4,0.4,0,1646,7.91,2.33
2026-07-04 05:06:31.619,0.4,0.4,0.4,0.4,0,1646,7.91,2.33
2026-07-04 05:06:32.059,0.4,0.4,0.4,0.4,0,1646,7.91,2.33
2026-07-04 05:06:33.084,0.4,0.4,0.4,0.4,0,1646,7.91,2.33
2026-07-04 05:06:33.086,0.4,0.4,0.4,0.4,0,1637,7.91,2.46
2026-07-04 05:06:33.579,0.4,0.4,0.4,0.4,0,1646,7.91,2.33
2026-07-04 05:06:34.087,0.4,0.4,0.4,0.4,0,1647,7.91,2.31
2026-07-04 05:06:34.589,0.4,0.4,0.4,0.4,0,1646,7.91,2.33
2026-07-04 05:06:35.098,0.4,0.4,0.4,0.4,0,1646,7.91,2.33
2026-07-04 05:06:35.598,0.4,0.4,0.4,0.4,0,1647,7.91,2.31
2026-07-04 05:06:36.098,0.4,0.4,0.4,0.4,0,1646,7.91,2.33
2026-07-04 05:06:37.113,0.4,0.4,0.4,0.4,0,1649,7.91,2.29
2026-07-04 05:06:37.115,0.4,0.4,0.4,0.4,0,1654,7.91,2.21
2026-07-04 05:06:37.619,0.4,0.4,0.4,0.4,0,1642,7.91,2.39
2026-07-04 05:06:38.083,0.4,0.4,0.4,0.4,0,1649,7.91,2.29
2026-07-04 05:06:38.567,0.4,0.4,0.4,0.4,0,1647,7.91,2.31
2026-07-04 05:06:39.067,0.4,0.4,0.4,0.4,0,1645,7.91,2.34
2026-07-04 05:06:39.588,0.4,0.4,0.4,0.4,0,1650,7.91,2.27
2026-07-04 05:06:40.101,0.4,0.4,0.4,0.4,0,1647,7.91,2.31
2026-07-04 05:06:40.597,0.4,0.4,0.4,0.4,0,1645,7.91,2.34
2026-07-04 05:06:41.085,0.4,0.4,0.4,0.4,0,1648,7.91,2.30
2026-07-04 05:06:41.598,0.4,0.4,0.4,0.4,0,1650,7.91,2.27
2026-07-04 05:06:42.098,0.4,0.4,0.4,0.4,0,1647,7.91,2.31
2026-07-04 05:06:42.610,0.4,0.4,0.4,0.4,0,1646,7.91,2.33
2026-07-04 05:06:43.117,0.4,0.4,0.4,0.4,0,1650,7.91,2.27
2026-07-04 05:06:43.590,0.4,0.4,0.4,0.4,0,1648,7.91,2.30
2026-07-04 05:06:44.100,0.4,0.4,0.4,0.4,0,1650,7.91,2.27
2026-07-04 05:06:44.596,0.4,0.4,0.4,0.4,0,1649,7.91,2.29
2026-07-04 05:06:45.100,0.4,0.4,0.4,0.4,0,1647,7.91,2.31
2026-07-04 05:06:45.597,0.4,0.4,0.4,0.4,0,1645,7.91,2.34
2026-07-04 05:06:46.120,0.4,0.4,0.4,0.4,0,1646,7.91,2.33
2026-07-04 05:06:46.598,0.4,0.4,0.4,0.4,0,1647,7.91,2.31
2026-07-04 05:06:47.115,0.4,0.4,0.4,0.4,0,1647,7.91,2.31
2026-07-04 05:06:47.613,0.4,0.4,0.4,0.4,0,1650,7.91,2.27
2026-07-04 05:06:48.092,0.4,0.4,0.4,0.4,0,1650,7.91,2.27
2026-07-04 05:06:48.597,0.4,0.4,0.4,0.4,0,1650,7.91,2.27
2026-07-04 05:06:49.097,0.4,0.4,0.4,0.4,0,1648,7.91,2.30
2026-07-04 05:06:49.597,0.4,0.4,0.4,0.4,0,1651,7.91,2.26
2026-07-04 05:06:50.079,0.4,0.4,0.4,0.4,0,1648,7.91,2.30
2026-07-04 05:06:50.594,0.4,0.4,0.4,0.4,0,1647,7.91,2.31
2026-07-04 05:06:51.086,0.4,0.4,0.4,0.4,0,1647,7.91,2.31
2026-07-04 05:06:51.600,0.4,0.4,0.4,0.4,0,1649,7.91,2.29
2026-07-04 05:06:52.070,0.4,0.4,0.4,0.4,0,1651,7.91,2.26
2026-07-04 05:06:53.084,0.4,0.4,0.4,0.4,0,1649,7.91,2.29
2026-07-04 05:06:53.085,0.4,0.4,0.4,0.4,0,1647,7.91,2.31
2026-07-04 05:06:53.568,0.4,0.4,0.4,0.4,0,1650,7.91,2.27
2026-07-04 05:06:54.065,0.4,0.4,0.4,0.4,0,1648,7.91,2.30
2026-07-04 05:06:54.598,0.4,0.4,0.4,0.4,0,1646,7.91,2.33
2026-07-04 05:06:55.097,0.4,0.4,0.4,0.4,0,1648,7.91,2.30
2026-07-04 05:06:55.583,0.4,0.4,0.4,0.4,0,1647,7.91,2.31
2026-07-04 05:06:56.117,0.4,0.4,0.4,0.4,0,1647,7.91,2.31
2026-07-04 05:06:56.597,0.4,0.4,0.4,0.4,0,1648,7.91,2.30
2026-07-04 05:06:57.096,0.4,0.4,0.4,0.4,0,1649,7.91,2.29
2026-07-04 05:06:57.596,0.4,0.4,0.4,0.4,0,1646,7.91,2.33
2026-07-04 05:06:58.118,0.4,0.4,0.4,0.4,0,1649,7.91,2.29
2026-07-04 05:06:58.598,0.4,0.4,0.4,0.4,0,1649,7.91,2.29
2026-07-04 05:06:59.097,0.4,0.4,0.4,0.4,0,1649,7.91,2.29
2026-07-04 05:06:59.598,0.4,0.4,0.4,0.4,0,1651,7.91,2.26
2026-07-04 05:07:00.095,0.4,0.4,0.4,0.4,0,1648,7.91,2.30
2026-07-04 05:07:00.597,0.4,0.4,0.4,0.4,0,1646,7.91,2.33
2026-07-04 05:07:01.100,0.4,0.4,0.4,0.4,0,1649,7.91,2.29
2026-07-04 05:07:01.597,0.4,0.4,0.4,0.4,0,1649,7.91,2.29
2026-07-04 05:07:02.080,0.4,0.4,0.4,0.4,0,1649,7.91,2.29
2026-07-04 05:07:02.597,0.4,0.4,0.4,0.4,0,1649,7.91,2.29
2026-07-04 05:07:03.098,0.4,0.4,0.4,0.4,0,1651,7.91,2.26
2026-07-04 05:07:03.587,0.4,0.4,0.4,0.4,0,1646,7.91,2.33
2026-07-04 05:07:04.099,0.4,0.4,0.4,0.4,0,1648,7.91,2.30
2026-07-04 05:07:04.597,0.4,0.4,0.4,0.4,0,1648,7.91,2.30
2026-07-04 05:07:05.098,0.4,0.4,0.4,0.4,0,1648,7.91,2.30
2026-07-04 05:07:05.588,0.4,0.4,0.4,0.4,0,1650,7.91,2.27
2026-07-04 05:07:06.117,0.4,0.4,0.4,0.4,0,1647,7.91,2.31
2026-07-04 05:07:06.587,0.4,0.4,0.4,0.4,0,1648,7.91,2.30
2026-07-04 05:07:07.083,0.4,0.4,0.4,0.4,0,1649,7.91,2.29
2026-07-04 05:07:07.583,0.4,0.4,0.4,0.4,0,1647,7.91,2.31
2026-07-04 05:07:08.090,0.4,0.4,0.4,0.4,0,1650,7.91,2.27
2026-07-04 05:07:08.583,0.4,0.4,0.4,0.4,0,1647,7.91,2.31
2026-07-04 05:07:09.097,0.4,0.4,0.4,0.4,0,1651,7.91,2.26
2026-07-04 05:07:09.628,0.4,0.4,0.4,0.4,0,1648,7.91,2.30
2026-07-04 05:07:10.111,0.4,0.4,0.4,0.4,0,1651,7.91,2.26
2026-07-04 05:07:10.615,0.4,0.4,0.4,0.4,0,1651,7.91,2.26
2026-07-04 05:07:11.584,0.4,0.4,0.4,0.4,0,1648,7.91,2.30
2026-07-04 05:07:11.644,0.4,0.4,0.4,0.4,0,1646,7.91,2.33
2026-07-04 05:07:12.085,0.4,0.4,0.4,0.4,0,1647,7.91,2.31
2026-07-04 05:07:12.583,0.4,0.4,0.4,0.4,0,1651,7.91,2.26
2026-07-04 05:07:13.109,0.4,0.4,0.4,0.4,0,1650,7.91,2.27
2026-07-04 05:07:13.618,0.4,0.4,0.4,0.4,0,1649,7.91,2.29
2026-07-04 05:07:14.099,0.4,0.4,0.4,0.4,0,1647,7.91,2.31
2026-07-04 05:07:14.597,0.4,0.4,0.4,0.4,0,1646,7.91,2.33
2026-07-04 05:07:15.138,0.4,0.4,0.4,0.4,0,1646,7.91,2.33
2026-07-04 05:07:15.590,0.4,0.4,0.4,0.4,0,1647,7.91,2.31
2026-07-04 05:07:16.128,0.4,0.4,0.4,0.4,0,1647,7.91,2.31
2026-07-04 05:07:16.628,0.4,0.4,0.4,0.4,0,1647,7.91,2.31
2026-07-04 05:07:17.132,0.4,0.4,0.4,0.4,0,1649,7.91,2.29
2026-07-04 05:07:17.628,0.4,0.4,0.4,0.4,0,1645,7.91,2.34
2026-07-04 05:07:18.092,0.4,0.4,0.4,0.4,0,1650,7.91,2.27
2026-07-04 05:07:18.592,0.4,0.4,0.4,0.4,0,1652,7.91,2.24
2026-07-04 05:07:19.117,0.4,0.4,0.4,0.4,0,1648,7.91,2.30
2026-07-04 05:07:19.613,0.4,0.4,0.4,0.4,0,1648,7.91,2.30
2026-07-04 05:07:20.123,0.4,0.4,0.4,0.4,0,1646,7.91,2.33
2026-07-04 05:07:20.600,0.4,0.4,0.4,0.4,0,1649,7.91,2.29
2026-07-04 05:07:21.095,0.4,0.4,0.4,0.4,0,1647,7.91,2.31
2026-07-04 05:07:21.609,0.4,0.4,0.4,0.4,0,1645,7.91,2.34
2026-07-04 05:07:22.122,0.4,0.4,0.4,0.4,0,1645,7.91,2.34
2026-07-04 05:07:22.589,0.4,0.4,0.4,0.4,0,1645,7.91,2.34
2026-07-04 05:07:23.147,0.4,0.4,0.0,0.4,0,1643,7.91,2.37
2026-07-04 05:07:23.641,0.4,0.4,0.0,0.0,0,1643,7.91,2.37
2026-07-04 05:07:24.086,0.4,0.4,0.0,0.0,0,1646,7.91,2.33
2026-07-04 05:07:24.601,0.4,0.4,0.0,0.4,0,1649,7.91,2.29
2026-07-04 05:07:25.084,0.4,0.4,0.4,0.4,0,1649,7.91,2.29
2026-07-04 05:07:25.645,0.4,0.4,0.4,0.4,0,1647,7.91,2.31
2026-07-04 05:07:26.146,0.4,0.4,0.4,0.4,0,1645,7.91,2.34
2026-07-04 05:07:26.643,0.4,0.4,0.4,0.4,0,1649,7.91,2.29
2026-07-04 05:07:27.111,0.4,0.4,0.0,0.4,0,1649,7.91,2.29
2026-07-04 05:07:27.611,0.4,0.4,0.0,0.4,0,1647,7.91,2.31
2026-07-04 05:07:28.119,0.4,0.4,0.0,0.4,0,1647,7.91,2.31
2026-07-04 05:07:28.624,0.4,0.4,0.0,0.0,0,1647,7.91,2.31
2026-07-04 05:07:29.138,0.4,0.4,0.0,0.0,0,1647,7.91,2.31
2026-07-04 05:07:29.589,0.4,0.4,0.0,0.0,0,1650,7.91,2.27
2026-07-04 05:07:30.117,0.4,0.4,0.0,0.0,0,1650,7.91,2.27
2026-07-04 05:07:30.613,0.4,0.4,0.0,0.4,0,1650,7.91,2.27
2026-07-04 05:07:31.108,0.4,0.4,0.4,0.4,0,1649,7.91,2.29
2026-07-04 05:07:32.118,0.4,0.4,0.4,0.4,0,1646,7.91,2.33
2026-07-04 05:07:32.119,0.4,0.4,0.4,0.4,0,1646,7.91,2.33
2026-07-04 05:07:32.618,0.4,0.4,0.4,0.4,0,1646,7.91,2.33
2026-07-04 05:07:33.098,0.4,0.4,0.0,0.4,0,1649,7.91,2.29
2026-07-04 05:07:33.599,0.4,0.4,0.0,0.4,0,1649,7.91,2.29
2026-07-04 05:07:34.097,0.4,0.4,0.4,0.4,0,1647,7.91,2.31
2026-07-04 05:07:34.636,0.4,0.4,0.4,0.4,0,1645,7.91,2.34
2026-07-04 05:07:35.098,0.4,0.4,0.4,0.4,0,1646,7.91,2.33
2026-07-04 05:07:35.630,0.4,0.4,0.4,0.4,0,1648,7.91,2.30
2026-07-04 05:07:36.098,0.4,0.4,0.4,0.4,0,1647,7.91,2.31
2026-07-04 05:07:36.600,0.4,0.4,0.4,0.4,0,1649,7.91,2.29
2026-07-04 05:07:37.147,0.4,0.4,0.4,0.4,0,1645,7.91,2.34
2026-07-04 05:07:38.119,0.4,0.4,0.0,0.4,0,1648,7.91,2.30
2026-07-04 05:07:38.120,0.4,0.4,0.0,0.4,0,1649,7.91,2.29
2026-07-04 05:07:38.598,0.4,0.4,0.0,0.4,0,1646,7.91,2.33
2026-07-04 05:07:39.117,0.4,0.4,0.0,0.4,0,1647,7.91,2.31
2026-07-04 05:07:39.615,0.4,0.4,0.0,0.4,0,1647,7.91,2.31
2026-07-04 05:07:40.113,0.4,0.4,0.4,0.4,11,1647,7.75,2.31
2026-07-04 05:07:40.616,0.4,0.4,0.4,0.4,14,1650,7.71,2.27
2026-07-04 05:07:41.304,0.5,0.4,0.4,0.4,14,1650,7.71,2.27
2026-07-04 05:07:41.613,0.5,0.4,0.4,0.4,49,1648,7.19,2.30
2026-07-04 05:07:41.614,0.6,0.4,0.4,0.4,93,1645,6.55,2.34
2026-07-04 05:07:42.118,0.7,0.4,0.4,0.4,150,1650,5.71,2.27
2026-07-04 05:07:42.620,0.8,0.4,0.4,0.4,205,1647,4.91,2.31
2026-07-04 05:07:43.122,0.9,0.4,0.4,0.4,279,1647,3.82,2.31
2026-07-04 05:07:43.618,1.0,0.4,0.4,0.4,337,1648,2.97,2.30
2026-07-04 05:07:44.128,1.0,0.4,0.4,0.4,382,1647,2.31,2.31
2026-07-04 05:07:44.665,1.0,0.4,0.4,0.4,386,1648,2.26,2.30
2026-07-04 05:07:45.146,1.1,0.4,0.4,0.4,382,1645,2.31,2.34
2026-07-04 05:07:45.646,1.0,0.4,0.4,0.4,388,1649,2.23,2.29
2026-07-04 05:07:46.131,1.0,0.4,0.4,0.4,374,1645,2.43,2.34
2026-07-04 05:07:47.097,1.0,0.4,0.4,0.4,354,1651,2.72,2.26
2026-07-04 05:07:47.151,1.0,0.4,0.4,0.4,334,1645,3.02,2.34
2026-07-04 05:07:47.629,0.9,0.4,0.4,0.4,327,1648,3.12,2.30
2026-07-04 05:07:48.131,0.9,0.4,0.4,0.4,327,1648,3.12,2.30
2026-07-04 05:07:48.610,0.9,0.4,0.4,0.4,297,1647,3.56,2.31
2026-07-04 05:07:49.135,0.9,0.4,0.4,0.4,283,1645,3.76,2.34
2026-07-04 05:07:50.127,0.9,0.4,0.4,0.4,288,1649,3.69,2.29
2026-07-04 05:07:50.127,0.9,0.4,0.4,0.4,299,1647,3.53,2.31
2026-07-04 05:07:50.598,0.9,0.4,0.4,0.4,294,1650,3.60,2.27
2026-07-04 05:07:51.129,0.9,0.4,0.4,0.4,309,1651,3.38,2.26
2026-07-04 05:07:51.645,0.9,0.4,0.4,0.4,280,1648,3.81,2.30
2026-07-04 05:07:52.164,0.8,0.4,0.4,0.4,256,1647,4.16,2.31
2026-07-04 05:07:52.599,0.7,0.4,0.4,0.4,213,1651,4.79,2.26
2026-07-04 05:07:53.142,0.6,0.4,0.4,0.4,171,1646,5.41,2.33
2026-07-04 05:07:53.658,0.6,0.4,0.4,0.4,127,1648,6.05,2.30
2026-07-04 05:07:54.117,0.6,0.4,0.4,0.4,104,1650,6.39,2.27
2026-07-04 05:07:54.629,0.6,0.4,0.4,0.4,101,1648,6.43,2.30
2026-07-04 05:07:55.115,0.6,0.4,0.4,0.4,96,1645,6.50,2.34
2026-07-04 05:07:55.616,0.6,0.4,0.4,0.4,90,1646,6.59,2.33
2026-07-04 05:07:56.110,0.6,0.4,0.4,0.4,90,1652,6.59,2.24
2026-07-04 05:07:56.635,0.5,0.4,0.4,0.4,81,1649,6.72,2.29
2026-07-04 05:07:57.151,0.5,0.4,0.4,0.4,65,1647,6.96,2.31
2026-07-04 05:07:57.651,0.5,0.4,0.4,0.4,61,1651,7.02,2.26
2026-07-04 05:07:58.133,0.4,0.4,0.4,0.4,51,1649,7.16,2.29
2026-07-04 05:07:58.629,0.5,0.4,0.4,0.4,45,1647,7.25,2.31
2026-07-04 05:07:59.128,0.4,0.4,0.4,0.4,42,1646,7.29,2.33
2026-07-04 05:07:59.643,0.5,0.4,0.4,0.4,28,1648,7.50,2.30
2026-07-04 05:08:00.142,0.5,0.4,0.4,0.4,35,1648,7.40,2.30
2026-07-04 05:08:00.648,0.5,0.4,0.4,0.4,59,1649,7.05,2.29
2026-07-04 05:08:01.136,0.5,0.4,0.4,0.4,69,1649,6.90,2.29
2026-07-04 05:08:02.150,0.6,0.4,0.4,0.4,62,1646,7.00,2.33
2026-07-04 05:08:02.151,0.6,0.4,0.4,0.4,101,1649,6.43,2.29
2026-07-04 05:08:02.620,0.7,0.4,0.4,0.4,126,1652,6.06,2.24
2026-07-04 05:08:03.162,0.7,0.4,0.4,0.4,151,1650,5.70,2.27
2026-07-04 05:08:03.659,0.6,0.4,0.4,0.4,150,1650,5.71,2.27
2026-07-04 05:08:04.159,0.7,0.4,0.4,0.4,143,1650,5.82,2.27
2026-07-04 05:08:04.610,0.7,0.4,0.4,0.4,148,1648,5.74,2.30
2026-07-04 05:08:05.126,0.6,0.4,0.4,0.4,140,1649,5.86,2.29
2026-07-04 05:08:05.609,0.6,0.4,0.4,0.4,118,1649,6.18,2.29
2026-07-04 05:08:06.118,0.5,0.4,0.4,0.4,91,1650,6.58,2.27
2026-07-04 05:08:06.631,0.5,0.4,0.4,0.4,76,1646,6.80,2.33
2026-07-04 05:08:07.162,0.5,0.4,0.4,0.4,51,1647,7.16,2.31
2026-07-04 05:08:08.149,0.5,0.4,0.4,0.4,32,1649,7.44,2.29
2026-07-04 05:08:08.150,0.4,0.4,0.4,0.4,18,1648,7.65,2.30
2026-07-04 05:08:08.640,0.4,0.4,0.4,0.4,0,1649,7.91,2.29
2026-07-04 05:08:09.149,0.4,0.4,0.4,0.4,0,1649,7.91,2.29
2026-07-04 05:08:09.660,0.4,0.4,0.4,0.4,0,1650,7.91,2.27
2026-07-04 05:08:10.165,0.4,0.4,0.4,0.4,0,1646,7.91,2.33
2026-07-04 05:08:10.659,0.4,0.4,0.4,0.4,0,1648,7.91,2.30
2026-07-04 05:08:11.621,0.4,0.4,0.4,0.4,0,1653,7.91,2.23
2026-07-04 05:08:11.622,0.4,0.4,0.4,0.4,0,1652,7.91,2.24
2026-07-04 05:08:12.120,0.4,0.4,0.4,0.4,0,1647,7.91,2.31
2026-07-04 05:08:12.660,0.4,0.4,0.4,0.4,0,1645,7.91,2.34
2026-07-04 05:08:13.149,0.4,0.4,0.4,0.4,0,1648,7.91,2.30
2026-07-04 05:08:13.610,0.4,0.4,0.4,0.4,1,1650,7.90,2.27
2026-07-04 05:08:14.117,0.4,0.4,0.4,0.4,1,1648,7.90,2.30
2026-07-04 05:08:14.622,0.4,0.4,0.4,0.4,1,1648,7.90,2.30
2026-07-04 05:08:15.149,0.5,0.4,0.4,0.4,21,1650,7.60,2.27
2026-07-04 05:08:15.645,0.5,0.4,0.4,0.4,45,1652,7.25,2.24
2026-07-04 05:08:16.146,0.5,0.4,0.4,0.4,38,1652,7.35,2.24
2026-07-04 05:08:16.635,0.5,0.4,0.4,0.4,28,1649,7.50,2.29
2026-07-04 05:08:17.644,0.5,0.4,0.4,0.4,28,1656,7.50,2.18
2026-07-04 05:08:17.645,0.5,0.4,0.4,0.4,29,1649,7.49,2.29
2026-07-04 05:08:18.146,0.4,0.4,0.4,0.4,10,1647,7.76,2.31
2026-07-04 05:08:18.664,0.4,0.4,0.4,0.4,0,1649,7.91,2.29
2026-07-04 05:08:19.162,0.4,0.4,0.4,0.4,0,1649,7.91,2.29
2026-07-04 05:08:19.660,0.4,0.4,0.4,0.4,1,1649,7.90,2.29
2026-07-04 05:08:20.137,0.4,0.4,0.4,0.4,2,1651,7.88,2.26
2026-07-04 05:08:20.648,0.4,0.4,0.4,0.4,13,1650,7.72,2.27
2026-07-04 05:08:21.145,0.5,0.4,0.4,0.4,34,1650,7.41,2.27
2026-07-04 05:08:21.644,0.5,0.4,0.4,0.4,57,1647,7.08,2.31
2026-07-04 05:08:22.127,0.5,0.4,0.4,0.4,57,1649,7.08,2.29
2026-07-04 05:08:22.636,0.5,0.4,0.4,0.4,62,1648,7.00,2.30
2026-07-04 05:08:23.149,0.6,0.4,0.4,0.4,77,1648,6.78,2.30
2026-07-04 05:08:23.618,0.6,0.4,0.4,0.4,94,1647,6.53,2.31
2026-07-04 05:08:24.178,0.6,0.4,0.4,0.4,103,1647,6.40,2.31
2026-07-04 05:08:24.644,0.6,0.4,0.4,0.4,112,1646,6.27,2.33
2026-07-04 05:08:25.144,0.6,0.4,0.4,0.4,122,1648,6.12,2.30
2026-07-04 05:08:25.644,0.6,0.4,0.4,0.4,122,1648,6.12,2.30
2026-07-04 05:08:26.149,0.6,0.4,0.0,0.4,111,1651,6.28,2.26
2026-07-04 05:08:26.629,0.6,0.4,0.0,0.0,111,1651,6.28,2.26
2026-07-04 05:08:27.172,0.6,0.4,0.0,0.4,111,1651,6.28,2.26
2026-07-04 05:08:27.676,0.6,0.4,0.0,0.4,111,1651,6.28,2.26
2026-07-04 05:08:28.162,0.5,0.4,0.0,0.4,60,1648,7.03,2.30
2026-07-04 05:08:28.661,0.5,0.4,0.0,0.4,60,1648,7.03,2.30
2026-07-04 05:08:29.159,0.5,0.4,0.0,0.4,60,1648,7.03,2.30
2026-07-04 05:08:29.629,0.5,0.4,0.4,0.4,60,1648,7.03,2.30
2026-07-04 05:08:30.183,0.4,0.4,0.4,0.4,7,1646,7.81,2.33
2026-07-04 05:08:30.651,0.4,0.4,0.4,0.4,0,1645,7.91,2.34
2026-07-04 05:08:31.181,0.4,0.4,0.4,0.4,0,1648,7.91,2.30
2026-07-04 05:08:31.644,0.4,0.4,0.4,0.4,0,1648,7.91,2.30
2026-07-04 05:08:32.149,0.4,0.4,0.4,0.4,0,1649,7.91,2.29
2026-07-04 05:08:32.668,0.4,0.4,0.4,0.4,0,1646,7.91,2.33
2026-07-04 05:08:33.179,0.4,0.4,0.4,0.4,0,1648,7.91,2.30
2026-07-04 05:08:33.675,0.4,0.4,0.4,0.4,0,1646,7.91,2.33
2026-07-04 05:08:34.148,0.4,0.4,0.4,0.4,0,1650,7.91,2.27
2026-07-04 05:08:34.664,0.4,0.4,0.4,0.4,0,1648,7.91,2.30
2026-07-04 05:08:35.150,0.4,0.4,0.4,0.4,0,1649,7.91,2.29
2026-07-04 05:08:35.644,0.4,0.4,0.4,0.4,0,1647,7.91,2.31
2026-07-04 05:08:36.180,0.4,0.4,0.4,0.4,0,1652,7.91,2.24
2026-07-04 05:08:36.668,0.4,0.4,0.4,0.4,0,1648,7.91,2.30
2026-07-04 05:08:37.181,0.4,0.4,0.4,0.4,0,1647,7.91,2.31
2026-07-04 05:08:37.677,0.4,0.4,0.4,0.4,0,1648,7.91,2.30
2026-07-04 05:08:38.177,0.4,0.4,0.4,0.4,0,1648,7.91,2.30
2026-07-04 05:08:38.635,0.4,0.4,0.4,0.4,0,1647,7.91,2.31
2026-07-04 05:08:39.132,0.4,0.4,0.4,0.4,0,1648,7.91,2.30
2026-07-04 05:08:39.628,0.4,0.4,0.4,0.4,0,1651,7.91,2.26
2026-07-04 05:08:40.168,0.4,0.4,0.4,0.4,0,1645,7.91,2.34
2026-07-04 05:08:40.678,0.4,0.4,0.4,0.4,0,1648,7.91,2.30
2026-07-04 05:08:41.177,0.4,0.4,0.4,0.4,0,1649,7.91,2.29
2026-07-04 05:08:41.677,0.4,0.4,0.4,0.4,0,1648,7.91,2.30
2026-07-04 05:08:42.167,0.4,0.4,0.4,0.4,0,1648,7.91,2.30
2026-07-04 05:08:42.678,0.4,0.4,0.4,0.4,0,1648,7.91,2.30
2026-07-04 05:08:43.131,0.4,0.4,0.4,0.4,0,1649,7.91,2.29
2026-07-04 05:08:43.628,0.4,0.4,0.4,0.4,0,1647,7.91,2.31
2026-07-04 05:08:44.127,0.4,0.4,0.4,0.4,0,1650,7.91,2.27
2026-07-04 05:08:44.648,0.4,0.4,0.4,0.4,0,1647,7.91,2.31
2026-07-04 05:08:45.149,0.4,0.4,0.4,0.4,0,1648,7.91,2.30
2026-07-04 05:08:45.638,0.4,0.4,0.4,0.4,0,1647,7.91,2.31
2026-07-04 05:08:46.149,0.4,0.4,0.4,0.4,0,1645,7.91,2.34
2026-07-04 05:08:47.142,0.4,0.4,0.4,0.4,0,1649,7.91,2.29
2026-07-04 05:08:47.143,0.4,0.4,0.4,0.4,0,1649,7.91,2.29
2026-07-04 05:08:47.644,0.4,0.4,0.4,0.4,0,1649,7.91,2.29
2026-07-04 05:08:48.151,0.4,0.4,0.4,0.4,0,1645,7.91,2.34
2026-07-04 05:08:48.647,0.4,0.4,0.4,0.4,0,1649,7.91,2.29
2026-07-04 05:08:49.142,0.4,0.4,0.4,0.4,0,1646,7.91,2.33
2026-07-04 05:08:49.642,0.4,0.4,0.4,0.4,0,1649,7.91,2.29
2026-07-04 05:08:50.148,0.4,0.4,0.4,0.4,0,1648,7.91,2.30
2026-07-04 05:08:50.647,0.4,0.4,0.0,0.4,0,1651,7.91,2.26
2026-07-04 05:08:51.166,0.4,0.4,0.0,0.4,0,1651,7.91,2.26
2026-07-04 05:08:51.659,0.4,0.4,0.0,0.4,0,1642,7.91,2.39
2026-07-04 05:08:52.178,0.4,0.4,0.0,0.4,0,1644,7.91,2.36
2026-07-04 05:08:52.677,0.4,0.4,0.4,0.4,0,1649,7.91,2.29
2026-07-04 05:08:53.179,0.4,0.4,0.4,0.4,0,1648,7.91,2.30
2026-07-04 05:08:53.634,0.4,0.4,0.4,0.4,0,1650,7.91,2.27
2026-07-04 05:08:54.192,0.4,0.4,0.4,0.0,0,1650,7.91,2.27
2026-07-04 05:08:54.667,0.4,0.4,0.0,0.0,0,1651,7.91,2.26
2026-07-04 05:08:55.178,0.4,0.4,0.0,0.0,0,1650,7.91,2.27
2026-07-04 05:08:55.675,0.4,0.4,0.0,0.0,0,1647,7.91,2.31
2026-07-04 05:08:56.175,0.4,0.4,0.0,0.0,0,1651,7.91,2.26
2026-07-04 05:08:56.668,0.4,0.4,0.0,0.0,0,1651,7.91,2.26
2026-07-04 05:08:57.143,0.4,0.4,0.0,0.0,0,1648,7.91,2.30
2026-07-04 05:08:58.177,0.4,0.4,0.0,0.0,0,1650,7.91,2.27
2026-07-04 05:08:58.177,0.4,0.4,0.0,0.0,0,1647,7.91,2.31
2026-07-04 05:08:58.659,0.4,0.4,0.0,0.0,0,1649,7.91,2.29
2026-07-04 05:08:59.159,0.4,0.4,0.0,0.4,10,1654,7.76,2.21
2026-07-04 05:08:59.637,0.5,0.4,0.0,0.4,41,1651,7.31,2.26
2026-07-04 05:09:00.148,0.7,0.4,0.0,0.4,126,1649,6.06,2.29
2026-07-04 05:09:00.693,1.0,0.4,0.0,0.4,266,1647,4.01,2.31
2026-07-04 05:09:01.189,1.1,0.4,0.0,0.4,382,1646,2.31,2.33
2026-07-04 05:09:01.673,1.3,0.4,0.0,0.4,467,1651,1.07,2.26
2026-07-04 05:09:02.178,1.3,0.4,0.0,0.4,535,1649,0.07,2.29
2026-07-04 05:09:02.678,1.3,0.4,0.0,0.4,535,1649,0.07,2.29
2026-07-04 05:09:03.195,1.4,0.4,0.0,0.4,597,1649,-0.83,2.29
2026-07-04 05:09:03.693,1.4,0.4,0.0,0.4,597,1649,-0.83,2.29
2026-07-04 05:09:04.190,1.6,0.4,0.0,0.4,692,1649,-2.23,2.29
2026-07-04 05:09:04.690,1.7,0.4,0.5,0.4,724,1648,-2.70,2.30
2026-07-04 05:09:05.139,1.9,0.4,0.5,0.5,824,1648,-4.16,2.30
2026-07-04 05:09:05.644,2.0,0.4,0.5,0.7,903,1649,-5.32,2.29
2026-07-04 05:09:06.148,2.1,0.4,1.2,1.1,972,1647,-6.33,2.31
2026-07-04 05:09:06.667,2.2,0.4,1.2,1.1,1042,1647,-7.35,2.31
2026-07-04 05:09:07.166,2.4,0.4,1.2,1.1,1114,1650,-8.41,2.27
2026-07-04 05:09:07.642,2.6,0.4,1.2,1.1,1227,1643,-10.06,2.37
2026-07-04 05:09:08.139,2.6,0.4,2.6,2.5,1227,1643,-10.06,2.37
2026-07-04 05:09:08.650,2.9,0.4,2.6,2.5,1442,1635,-13.21,2.49
2026-07-04 05:09:09.675,2.9,0.4,2.6,2.7,1471,1630,-13.64,2.56
2026-07-04 05:09:09.676,2.9,0.4,2.6,2.8,1480,1632,-13.77,2.53
2026-07-04 05:09:10.178,3.0,0.4,3.0,2.8,1515,1632,-14.28,2.53
2026-07-04 05:09:10.678,3.1,0.4,3.0,2.9,1559,1636,-14.93,2.48
2026-07-04 05:09:11.163,3.1,0.4,3.0,2.9,1603,1633,-15.57,2.52
2026-07-04 05:09:11.642,3.1,0.4,3.0,2.9,1614,1631,-15.73,2.55
2026-07-04 05:09:12.181,3.2,0.4,3.0,3.2,1631,1630,-15.98,2.56
2026-07-04 05:09:12.678,3.2,0.4,3.0,3.2,1678,1631,-16.67,2.55
2026-07-04 05:09:13.192,3.2,0.4,3.0,3.1,1655,1633,-16.33,2.52
2026-07-04 05:09:14.150,3.3,0.4,3.0,3.1,1700,1631,-16.99,2.55
2026-07-04 05:09:14.207,3.4,0.4,3.1,3.1,1747,1633,-17.68,2.52
2026-07-04 05:09:14.681,3.4,0.4,3.1,3.1,1780,1631,-18.16,2.55
2026-07-04 05:09:15.194,3.2,0.4,3.1,3.1,1736,1631,-17.52,2.55
2026-07-04 05:09:15.692,3.3,0.4,3.1,3.1,1705,1631,-17.07,2.55
2026-07-04 05:09:16.192,3.3,0.4,3.1,3.1,1707,1632,-17.09,2.53
2026-07-04 05:09:16.644,3.2,0.4,3.1,3.1,1721,1631,-17.30,2.55
2026-07-04 05:09:17.163,3.3,0.4,3.1,3.0,1704,1632,-17.05,2.53
2026-07-04 05:09:17.668,3.3,0.4,3.2,2.9,1714,1630,-17.20,2.56
2026-07-04 05:09:18.170,3.3,0.4,3.2,3.0,1714,1626,-17.20,2.62
2026-07-04 05:09:18.670,3.3,0.4,3.2,3.1,1724,1633,-17.34,2.52
2026-07-04 05:09:19.178,3.4,0.4,3.2,3.1,1758,1631,-17.84,2.55
2026-07-04 05:09:19.660,3.5,0.4,3.2,3.2,1789,1631,-18.30,2.55
2026-07-04 05:09:20.160,3.5,0.4,3.2,3.2,1848,1633,-19.16,2.52
2026-07-04 05:09:20.698,3.5,0.4,3.4,3.1,1844,1635,-19.10,2.49
2026-07-04 05:09:21.195,3.3,0.4,3.4,3.0,1781,1633,-18.18,2.52
2026-07-04 05:09:21.648,3.1,0.4,3.1,2.8,1678,1634,-16.67,2.50
2026-07-04 05:09:22.149,2.9,0.4,2.9,2.5,1558,1631,-14.91,2.55
2026-07-04 05:09:22.648,2.7,0.4,2.9,2.2,1435,1632,-13.11,2.53
2026-07-04 05:09:23.147,2.5,0.4,2.9,2.1,1340,1630,-11.72,2.56
2026-07-04 05:09:23.676,2.3,0.4,2.9,1.9,1218,1631,-9.93,2.55
2026-07-04 05:09:24.171,2.1,0.4,2.0,1.9,1104,1634,-8.26,2.50
2026-07-04 05:09:24.677,1.9,0.4,1.8,1.6,973,1632,-6.34,2.53
2026-07-04 05:09:25.148,1.9,0.4,1.6,1.5,973,1632,-6.34,2.53
2026-07-04 05:09:25.873,1.6,0.4,1.6,1.5,973,1632,-6.34,2.53
2026-07-04 05:09:26.148,1.6,0.4,1.6,1.4,740,1632,-2.93,2.53
2026-07-04 05:09:26.208,1.4,0.4,1.3,1.3,650,1633,-1.61,2.52
2026-07-04 05:09:27.189,1.3,0.4,1.2,1.2,582,1631,-0.62,2.55
2026-07-04 05:09:27.190,1.2,0.4,1.1,1.1,498,1632,0.62,2.53
2026-07-04 05:09:27.688,1.2,0.4,1.1,1.0,498,1632,0.62,2.53
2026-07-04 05:09:28.208,1.0,0.4,0.9,0.9,406,1630,1.96,2.56
2026-07-04 05:09:28.650,0.9,0.4,0.8,0.8,339,1630,2.94,2.56
2026-07-04 05:09:29.193,0.8,0.4,0.8,0.8,282,1631,3.78,2.55
2026-07-04 05:09:29.693,0.7,0.4,0.7,0.8,227,1629,4.58,2.58
2026-07-04 05:09:30.172,0.6,0.4,0.6,0.6,175,1635,5.35,2.49
2026-07-04 05:09:30.677,0.6,0.4,0.6,0.6,136,1633,5.92,2.52
2026-07-04 05:09:31.208,0.5,0.4,0.5,0.5,99,1636,6.46,2.48
2026-07-04 05:09:31.677,0.5,0.4,0.5,0.5,67,1631,6.93,2.55
2026-07-04 05:09:32.177,0.4,0.4,0.5,0.5,31,1634,7.46,2.50
2026-07-04 05:09:32.677,0.4,0.4,0.4,0.4,2,1626,7.88,2.62
2026-07-04 05:09:33.163,0.4,0.4,0.5,0.4,0,1632,7.91,2.53
2026-07-04 05:09:33.703,0.4,0.4,0.5,0.4,0,1634,7.91,2.50
2026-07-04 05:09:34.202,0.4,0.4,0.5,0.4,0,1630,7.91,2.56
2026-07-04 05:09:34.665,0.4,0.4,0.5,0.4,0,1629,7.91,2.58
2026-07-04 05:09:35.157,0.4,0.4,0.4,0.4,0,1632,7.91,2.53
2026-07-04 05:09:35.669,0.4,0.4,0.4,0.4,0,1637,7.91,2.46
2026-07-04 05:09:36.178,0.4,0.4,0.4,0.5,1,1632,7.90,2.53
2026-07-04 05:09:37.175,0.4,0.4,0.4,0.5,8,1631,7.79,2.55
2026-07-04 05:09:37.175,0.4,0.4,0.4,0.5,13,1628,7.72,2.59
2026-07-04 05:09:38.201,0.5,0.4,0.4,0.4,23,1631,7.57,2.55
2026-07-04 05:09:38.202,0.5,0.4,0.4,0.4,34,1684,7.41,1.77
2026-07-04 05:09:38.667,0.5,0.4,0.4,0.4,34,1630,7.41,2.56
2026-07-04 05:09:39.207,0.6,0.4,0.4,0.4,77,1631,6.78,2.55
2026-07-04 05:09:39.704,0.6,0.4,0.4,0.4,113,1630,6.25,2.56
2026-07-04 05:09:40.208,0.7,0.4,0.4,0.4,138,1632,5.89,2.53
2026-07-04 05:09:40.708,0.7,0.4,0.4,0.4,174,1631,5.36,2.55
2026-07-04 05:09:41.207,0.8,0.4,0.4,0.4,206,1638,4.89,2.45
2026-07-04 05:09:41.707,0.7,0.4,0.5,0.4,219,1633,4.70,2.52
2026-07-04 05:09:42.178,0.7,0.4,0.4,0.6,196,1632,5.04,2.53
2026-07-04 05:09:42.687,0.7,0.4,0.4,0.6,186,1631,5.19,2.55
2026-07-04 05:09:43.691,0.8,0.4,0.4,0.7,195,1634,5.05,2.50
2026-07-04 05:09:43.692,0.8,0.4,0.4,0.7,217,1630,4.73,2.56
2026-07-04 05:09:44.208,0.8,0.4,0.4,0.7,241,1632,4.38,2.53
2026-07-04 05:09:44.708,0.8,0.4,0.5,0.7,235,1630,4.47,2.56
2026-07-04 05:09:45.223,0.8,0.4,0.5,0.7,240,1635,4.39,2.49
2026-07-04 05:09:45.708,0.8,0.4,0.4,0.6,230,1634,4.54,2.50
2026-07-04 05:09:46.171,0.8,0.4,0.5,0.6,223,1629,4.64,2.58
2026-07-04 05:09:46.674,0.8,0.4,0.5,0.6,211,1630,4.82,2.56
2026-07-04 05:09:47.179,0.8,0.4,0.4,0.6,216,1632,4.75,2.53
2026-07-04 05:09:47.682,0.8,0.4,0.4,0.6,219,1632,4.70,2.53
2026-07-04 05:09:48.164,0.8,0.4,0.4,0.6,212,1627,4.80,2.61
2026-07-04 05:09:48.659,0.8,0.4,0.4,0.7,215,1632,4.76,2.53
2026-07-04 05:09:49.204,0.7,0.4,0.4,0.7,201,1635,4.97,2.49
2026-07-04 05:09:49.699,0.7,0.4,0.4,0.7,199,1634,5.00,2.50
2026-07-04 05:09:50.222,0.7,0.4,0.4,0.7,189,1632,5.14,2.53
2026-07-04 05:09:50.663,0.7,0.4,0.4,0.7,171,1631,5.41,2.55
2026-07-04 05:09:51.162,0.7,0.4,0.4,0.7,165,1632,5.49,2.53
2026-07-04 05:09:51.692,0.6,0.4,0.4,0.8,148,1628,5.74,2.59
2026-07-04 05:09:52.163,0.6,0.4,0.4,0.9,138,1633,5.89,2.52
2026-07-04 05:09:53.161,0.6,0.4,0.4,0.9,124,1629,6.09,2.58
2026-07-04 05:09:53.214,0.6,0.4,0.4,0.9,113,1631,6.25,2.55
2026-07-04 05:09:53.691,0.6,0.4,0.4,0.9,108,1631,6.33,2.55
2026-07-04 05:09:54.188,0.6,0.4,0.4,0.9,108,1633,6.33,2.52
2026-07-04 05:09:54.707,0.6,0.4,0.4,0.9,108,1633,6.33,2.52
2026-07-04 05:09:55.179,0.6,0.4,0.4,0.8,93,1632,6.55,2.53
2026-07-04 05:09:55.674,0.5,0.4,0.4,0.8,85,1632,6.67,2.53
2026-07-04 05:09:56.208,0.5,0.4,0.4,0.7,65,1634,6.96,2.50
2026-07-04 05:09:57.180,0.4,0.4,0.4,0.7,37,1634,7.37,2.50
2026-07-04 05:09:57.182,0.4,0.4,0.4,0.6,18,1631,7.65,2.55
2026-07-04 05:09:57.674,0.4,0.4,0.4,0.5,3,1633,7.87,2.52
2026-07-04 05:09:58.187,0.4,0.4,0.4,0.5,0,1634,7.91,2.50
2026-07-04 05:09:58.708,0.4,0.4,0.4,0.4,0,1632,7.91,2.53
2026-07-04 05:09:59.207,0.4,0.4,0.4,0.4,0,1634,7.91,2.50
2026-07-04 05:09:59.723,0.4,0.4,0.4,0.4,0,1636,7.91,2.48
2026-07-04 05:10:00.198,0.4,0.4,0.4,0.5,0,1633,7.91,2.52
2026-07-04 05:10:00.699,0.4,0.4,0.4,0.5,0,1635,7.91,2.49
2026-07-04 05:10:01.208,0.4,0.4,0.4,0.4,0,1632,7.91,2.53
2026-07-04 05:10:01.710,0.4,0.4,0.4,0.4,0,1632,7.91,2.53
2026-07-04 05:10:02.194,0.4,0.4,0.4,0.4,0,1634,7.91,2.50
2026-07-04 05:10:02.718,0.4,0.4,0.4,0.4,0,1631,7.91,2.55
2026-07-04 05:10:03.207,0.4,0.4,0.4,0.4,0,1635,7.91,2.49
2026-07-04 05:10:03.697,0.4,0.4,0.4,0.4,0,1632,7.91,2.53
2026-07-04 05:10:04.209,0.4,0.4,0.4,0.4,0,1632,7.91,2.53
2026-07-04 05:10:04.894,0.4,0.4,0.4,0.4,0,1632,7.91,2.53
2026-07-04 05:10:05.204,0.4,0.4,0.4,0.4,0,1632,7.91,2.53
2026-07-04 05:10:05.205,0.4,0.4,0.4,0.4,0,1638,7.91,2.45
2026-07-04 05:10:05.693,0.4,0.4,0.4,0.5,0,1631,7.91,2.55
2026-07-04 05:10:06.207,0.4,0.4,0.4,0.5,0,1632,7.91,2.53
2026-07-04 05:10:06.677,0.4,0.4,0.4,0.5,0,1635,7.91,2.49
2026-07-04 05:10:07.178,0.4,0.4,0.4,0.4,0,1634,7.91,2.50
2026-07-04 05:10:07.676,0.4,0.4,0.4,0.4,0,1635,7.91,2.49
2026-07-04 05:10:08.228,0.4,0.4,0.4,0.4,0,1629,7.91,2.58
2026-07-04 05:10:08.676,0.4,0.4,0.4,0.4,0,1633,7.91,2.52
2026-07-04 05:10:09.225,0.4,0.4,0.4,0.4,0,1632,7.91,2.53
2026-07-04 05:10:09.721,0.4,0.4,0.4,0.4,0,1636,7.91,2.48
2026-07-04 05:10:10.178,0.4,0.4,0.4,0.4,0,1632,7.91,2.53
2026-07-04 05:10:10.678,0.4,0.4,0.4,0.4,0,1634,7.91,2.50
2026-07-04 05:10:11.207,0.4,0.4,0.4,0.4,0,1630,7.91,2.56
2026-07-04 05:10:11.707,0.4,0.4,0.4,0.4,0,1628,7.91,2.59
2026-07-04 05:10:12.229,0.4,0.4,0.4,0.4,0,1630,7.91,2.56
2026-07-04 05:10:12.677,0.4,0.4,0.4,0.4,0,1631,7.91,2.55
2026-07-04 05:10:13.723,0.4,0.4,0.4,0.4,0,1634,7.91,2.50
2026-07-04 05:10:13.724,0.4,0.4,0.4,0.4,0,1634,7.91,2.50
2026-07-04 05:10:14.208,0.4,0.4,0.4,0.4,0,1634,7.91,2.50
2026-07-04 05:10:14.693,0.4,0.4,0.4,0.4,0,1632,7.91,2.53
2026-07-04 05:10:15.190,0.4,0.4,0.4,0.4,0,1631,7.91,2.55
2026-07-04 05:10:15.690,0.4,0.4,0.4,0.4,0,1631,7.91,2.55
2026-07-04 05:10:16.207,0.4,0.4,0.4,0.4,0,1631,7.91,2.55
2026-07-04 05:10:17.239,0.4,0.4,0.4,0.4,0,1633,7.91,2.52
2026-07-04 05:10:17.240,0.4,0.4,0.4,0.4,0,1633,7.91,2.52
2026-07-04 05:10:17.694,0.4,0.4,0.4,0.4,0,1634,7.91,2.50
2026-07-04 05:10:18.197,0.4,0.4,0.4,0.4,0,1633,7.91,2.52
2026-07-04 05:10:19.227,0.4,0.4,0.4,0.4,0,1633,7.91,2.52
2026-07-04 05:10:19.228,0.4,0.4,0.4,0.4,0,1633,7.91,2.52
2026-07-04 05:10:19.723,0.4,0.4,0.4,0.4,0,1629,7.91,2.58
2026-07-04 05:10:20.224,0.4,0.4,0.4,0.4,0,1629,7.91,2.58
2026-07-04 05:10:20.698,0.4,0.4,0.4,0.4,0,1630,7.91,2.56
2026-07-04 05:10:21.207,0.4,0.4,0.4,0.4,0,1633,7.91,2.52
2026-07-04 05:10:21.708,0.4,0.4,0.4,0.4,0,1636,7.91,2.48
2026-07-04 05:10:22.197,0.4,0.4,0.4,0.4,0,1629,7.91,2.58
2026-07-04 05:10:22.701,0.4,0.4,0.4,0.4,0,1631,7.91,2.55
2026-07-04 05:10:23.227,0.4,0.4,0.4,0.4,0,1633,7.91,2.52
2026-07-04 05:10:23.720,0.4,0.4,0.4,0.4,0,1632,7.91,2.53
2026-07-04 05:10:24.229,0.4,0.4,0.4,0.4,0,1628,7.91,2.59
2026-07-04 05:10:24.677,0.4,0.4,0.4,0.4,0,1631,7.91,2.55
2026-07-04 05:10:25.238,0.4,0.4,0.4,0.4,0,1630,7.91,2.56
2026-07-04 05:10:25.731,0.4,0.4,0.4,0.4,0,1633,7.91,2.52
2026-07-04 05:10:26.178,0.4,0.4,0.4,0.4,0,1633,7.91,2.52
2026-07-04 05:10:26.707,0.4,0.4,0.5,0.4,0,1628,7.91,2.59
2026-07-04 05:10:27.178,0.4,0.4,0.5,0.4,0,1633,7.91,2.52
2026-07-04 05:10:27.723,0.4,0.4,0.4,0.4,0,1634,7.91,2.50
2026-07-04 05:10:28.178,0.4,0.4,0.4,0.4,0,1633,7.91,2.52
2026-07-04 05:10:28.680,0.4,0.4,0.4,0.4,0,1633,7.91,2.52
2026-07-04 05:10:29.226,0.4,0.4,0.4,0.4,26,1632,7.53,2.53
2026-07-04 05:10:29.719,0.4,0.4,0.4,0.4,7,1632,7.81,2.53
2026-07-04 05:10:30.215,0.4,0.4,0.4,0.4,7,1632,7.81,2.53
2026-07-04 05:10:30.677,0.4,0.4,0.4,0.4,1,1634,7.90,2.50
2026-07-04 05:10:31.228,0.4,0.4,0.4,0.4,0,1635,7.91,2.49
2026-07-04 05:10:31.737,0.4,0.4,0.4,0.4,1,1635,7.90,2.49
2026-07-04 05:10:32.219,0.4,0.4,0.4,0.4,0,1633,7.91,2.52
2026-07-04 05:10:32.738,0.4,0.4,0.4,0.4,0,1634,7.91,2.50
2026-07-04 05:10:33.236,0.4,0.4,0.4,0.4,0,1633,7.91,2.52
2026-07-04 05:10:33.724,0.4,0.4,0.4,0.4,0,1633,7.91,2.52
2026-07-04 05:10:34.224,0.4,0.4,0.4,0.4,0,1633,7.91,2.52
2026-07-04 05:10:34.697,0.4,0.4,0.4,0.4,0,1633,7.91,2.52
2026-07-04 05:10:35.196,0.4,0.4,0.4,0.4,0,1635,7.91,2.49
2026-07-04 05:10:35.710,0.4,0.4,0.4,0.4,0,1635,7.91,2.49
2026-07-04 05:10:36.193,0.4,0.4,0.4,0.4,1,1632,7.90,2.53
2026-07-04 05:10:36.692,0.4,0.4,0.4,0.4,1,1632,7.90,2.53
2026-07-04 05:10:37.217,0.4,0.4,0.4,0.4,1,1632,7.90,2.53
2026-07-04 05:10:37.729,0.4,0.4,0.4,0.4,0,1631,7.91,2.55
2026-07-04 05:10:38.221,0.4,0.4,0.4,0.4,1,1630,7.90,2.56
2026-07-04 05:10:38.697,0.4,0.4,0.4,0.4,0,1636,7.91,2.48
2026-07-04 05:10:39.208,0.4,0.4,0.4,0.4,1,1633,7.90,2.52
2026-07-04 05:10:39.728,0.4,0.4,0.4,0.4,0,1632,7.91,2.53
2026-07-04 05:10:40.225,0.4,0.4,0.4,0.4,0,1632,7.91,2.53
2026-07-04 05:10:40.689,0.4,0.4,0.4,0.4,0,1628,7.91,2.59
2026-07-04 05:10:41.196,0.4,0.4,0.4,0.4,0,1628,7.91,2.59
2026-07-04 05:10:42.207,0.4,0.4,0.4,0.4,0,1631,7.91,2.55
2026-07-04 05:10:42.208,0.4,0.4,0.4,0.4,0,1631,7.91,2.55
2026-07-04 05:10:42.707,0.4,0.4,0.4,0.4,0,1631,7.91,2.55
2026-07-04 05:10:43.196,0.4,0.4,0.4,0.4,0,1630,7.91,2.56
2026-07-04 05:10:43.702,0.4,0.4,0.4,0.4,0,1636,7.91,2.48
2026-07-04 05:10:44.201,0.4,0.4,0.4,0.4,0,1632,7.91,2.53
2026-07-04 05:10:44.708,0.4,0.4,0.4,0.4,0,1632,7.91,2.53
2026-07-04 05:10:45.208,0.4,0.4,0.4,0.4,0,1627,7.91,2.61
2026-07-04 05:10:46.255,0.4,0.4,0.4,0.4,1,1631,7.90,2.55
2026-07-04 05:10:46.257,0.4,0.4,0.4,0.4,0,1633,7.91,2.52
2026-07-04 05:10:47.190,0.4,0.4,0.4,0.4,0,1633,7.91,2.52
2026-07-04 05:10:47.251,0.4,0.4,0.4,0.4,0,1631,7.91,2.55
2026-07-04 05:10:47.692,0.4,0.4,0.4,0.4,0,1633,7.91,2.52
2026-07-04 05:10:48.208,0.4,0.4,0.4,0.4,0,1631,7.91,2.55
2026-07-04 05:10:48.707,0.4,0.4,0.4,0.4,0,1629,7.91,2.58
2026-07-04 05:10:49.234,0.4,0.4,0.4,0.4,0,1633,7.91,2.52
2026-07-04 05:10:49.730,0.4,0.4,0.4,0.4,0,1632,7.91,2.53
2026-07-04 05:10:50.196,0.4,0.4,0.4,0.4,0,1630,7.91,2.56
2026-07-04 05:10:50.723,0.4,0.4,0.4,0.4,0,1632,7.91,2.53
2026-07-04 05:10:51.204,0.4,0.4,0.4,0.4,0,1630,7.91,2.56
2026-07-04 05:10:52.207,0.4,0.4,0.4,0.4,0,1633,7.91,2.52
2026-07-04 05:10:52.207,0.4,0.4,0.4,0.4,0,1630,7.91,2.56
2026-07-04 05:10:52.737,0.4,0.4,0.4,0.4,0,1630,7.91,2.56
2026-07-04 05:10:53.238,0.4,0.4,0.4,0.4,0,1631,7.91,2.55
2026-07-04 05:10:53.749,0.4,0.4,0.4,0.4,1,1634,7.90,2.50
2026-07-04 05:10:54.209,0.4,0.4,0.4,0.4,0,1630,7.91,2.56
2026-07-04 05:10:54.697,0.4,0.4,0.4,0.4,0,1630,7.91,2.56
2026-07-04 05:10:55.254,0.4,0.4,0.4,0.4,0,1631,7.91,2.55
2026-07-04 05:10:55.724,0.4,0.4,0.4,0.4,0,1634,7.91,2.50
2026-07-04 05:10:56.238,0.4,0.4,0.4,0.4,1,1632,7.90,2.53
2026-07-04 05:10:56.709,0.4,0.4,0.4,0.4,0,1630,7.91,2.56
2026-07-04 05:10:57.225,0.4,0.4,0.4,0.4,0,1634,7.91,2.50
2026-07-04 05:10:57.724,0.4,0.4,0.4,0.4,0,1633,7.91,2.52
2026-07-04 05:10:58.204,0.4,0.4,0.4,0.4,0,1630,7.91,2.56
2026-07-04 05:10:58.700,0.4,0.4,0.4,0.4,0,1634,7.91,2.50
2026-07-04 05:10:59.197,0.4,0.4,0.4,0.4,0,1638,7.91,2.45
2026-07-04 05:10:59.739,0.4,0.4,0.4,0.4,0,1631,7.91,2.55
2026-07-04 05:11:00.739,0.4,0.4,0.4,0.4,0,1633,7.91,2.52
2026-07-04 05:11:00.740,0.4,0.4,0.4,0.4,0,1634,7.91,2.50
2026-07-04 05:11:01.257,0.4,0.4,0.4,0.4,0,1631,7.91,2.55
2026-07-04 05:11:01.708,0.4,0.4,0.4,0.4,0,1631,7.91,2.55
2026-07-04 05:11:02.195,0.4,0.4,0.4,0.4,0,1632,7.91,2.53
2026-07-04 05:11:02.755,0.4,0.4,0.4,0.4,0,1632,7.91,2.53
2026-07-04 05:11:03.219,0.4,0.4,0.4,0.4,0,1631,7.91,2.55
2026-07-04 05:11:03.723,0.4,0.4,0.4,0.4,0,1634,7.91,2.50
2026-07-04 05:11:04.230,0.4,0.4,0.4,0.4,0,1631,7.91,2.55
2026-07-04 05:11:04.738,0.4,0.4,0.4,0.4,0,1634,7.91,2.50
2026-07-04 05:11:05.224,0.4,0.4,0.4,0.4,0,1635,7.91,2.49
2026-07-04 05:11:05.724,0.4,0.4,0.4,0.4,0,1633,7.91,2.52
2026-07-04 05:11:06.221,0.4,0.4,0.4,0.4,0,1633,7.91,2.52
2026-07-04 05:11:06.734,0.4,0.4,0.4,0.4,0,1631,7.91,2.55
2026-07-04 05:11:07.228,0.4,0.4,0.4,0.4,0,1631,7.91,2.55
2026-07-04 05:11:07.734,0.4,0.4,0.4,0.4,0,1632,7.91,2.53
2026-07-04 05:11:08.238,0.4,0.4,0.4,0.4,0,1632,7.91,2.53
2026-07-04 05:11:08.739,0.4,0.4,0.4,0.4,0,1632,7.91,2.53
2026-07-04 05:11:09.238,0.4,0.4,0.4,0.4,0,1632,7.91,2.53
2026-07-04 05:11:09.738,0.4,0.4,0.4,0.4,0,1631,7.91,2.55
2026-07-04 05:11:10.249,0.4,0.4,0.4,0.4,0,1631,7.91,2.55
2026-07-04 05:11:10.758,0.4,0.4,0.4,0.4,0,1632,7.91,2.53
2026-07-04 05:11:11.257,0.4,0.4,0.4,0.4,0,1633,7.91,2.52
2026-07-04 05:11:11.709,0.4,0.4,0.4,0.4,0,1633,7.91,2.52
2026-07-04 05:11:12.207,0.4,0.4,0.4,0.4,0,1636,7.91,2.48
2026-07-04 05:11:12.758,0.4,0.4,0.4,0.4,0,1630,7.91,2.56
2026-07-04 05:11:13.208,0.4,0.4,0.4,0.4,0,1631,7.91,2.55
2026-07-04 05:11:13.708,0.4,0.4,0.4,0.4,0,1632,7.91,2.53
2026-07-04 05:11:14.257,0.4,0.4,0.4,0.4,0,1631,7.91,2.55
2026-07-04 05:11:14.754,0.4,0.4,0.4,0.4,0,1632,7.91,2.53
2026-07-04 05:11:15.257,0.4,0.4,0.4,0.4,0,1633,7.91,2.52
2026-07-04 05:11:15.708,0.4,0.4,0.4,0.4,0,1633,7.91,2.52
2026-07-04 05:11:16.227,0.4,0.4,0.4,0.4,0,1631,7.91,2.55
2026-07-04 05:11:16.722,0.4,0.4,0.4,0.4,0,1630,7.91,2.56
2026-07-04 05:11:17.228,0.4,0.4,0.4,0.4,0,1630,7.91,2.56
2026-07-04 05:11:17.729,0.4,0.4,0.4,0.4,0,1630,7.91,2.56
2026-07-04 05:11:18.238,0.4,0.4,0.4,0.4,0,1632,7.91,2.53
2026-07-04 05:11:18.724,0.4,0.4,0.4,0.4,0,1633,7.91,2.52
2026-07-04 05:11:19.222,0.4,0.4,0.4,0.4,0,1633,7.91,2.52
2026-07-04 05:11:19.734,0.4,0.4,0.4,0.4,0,1631,7.91,2.55
2026-07-04 05:11:20.228,0.4,0.4,0.4,0.4,0,1630,7.91,2.56
2026-07-04 05:11:20.728,0.4,0.4,0.4,0.4,0,1632,7.91,2.53
2026-07-04 05:11:21.237,0.4,0.4,0.4,0.4,0,1633,7.91,2.52
2026-07-04 05:11:21.722,0.4,0.4,0.4,0.4,0,1635,7.91,2.49
2026-07-04 05:11:22.250,0.4,0.4,0.4,0.4,0,1633,7.91,2.52
2026-07-04 05:11:22.759,0.4,0.4,0.4,0.4,0,1630,7.91,2.56
2026-07-04 05:11:23.208,0.4,0.4,0.4,0.4,0,1631,7.91,2.55
2026-07-04 05:11:23.755,0.4,0.4,0.4,0.4,0,1631,7.91,2.55
2026-07-04 05:11:24.227,0.4,0.4,0.4,0.4,0,1637,7.91,2.46
2026-07-04 05:11:24.727,0.4,0.4,0.4,0.4,0,1637,7.91,2.46
2026-07-04 05:11:25.237,0.4,0.4,0.4,0.4,0,1629,7.91,2.58
2026-07-04 05:11:25.727,0.4,0.4,0.4,0.4,0,1632,7.91,2.53
2026-07-04 05:11:26.257,0.4,0.4,0.4,0.4,0,1634,7.91,2.50
2026-07-04 05:11:26.761,0.4,0.4,0.4,0.4,0,1632,7.91,2.53
2026-07-04 05:11:27.260,0.4,0.4,0.4,0.4,0,1633,7.91,2.52
2026-07-04 05:11:27.772,0.4,0.4,0.4,0.4,0,1631,7.91,2.55
2026-07-04 05:11:28.256,0.4,0.4,0.4,0.4,0,1631,7.91,2.55
2026-07-04 05:11:28.754,0.4,0.4,0.4,0.4,0,1632,7.91,2.53
2026-07-04 05:11:29.229,0.4,0.4,0.4,0.4,0,1631,7.91,2.55
2026-07-04 05:11:29.724,0.4,0.4,0.4,0.4,0,1632,7.91,2.53
2026-07-04 05:11:30.250,0.4,0.4,0.4,0.4,0,1632,7.91,2.53
2026-07-04 05:11:30.758,0.4,0.4,0.4,0.4,0,1631,7.91,2.55
2026-07-04 05:11:31.262,0.4,0.4,0.4,0.4,0,1635,7.91,2.49
2026-07-04 05:11:31.771,0.4,0.4,0.4,0.4,0,1633,7.91,2.52
2026-07-04 05:11:32.749,0.4,0.4,0.4,0.4,0,1630,7.91,2.56
2026-07-04 05:11:32.750,0.4,0.4,0.4,0.4,0,1629,7.91,2.58
2026-07-04 05:11:33.257,0.4,0.4,0.4,0.4,1,1629,7.90,2.58
2026-07-04 05:11:33.737,0.4,0.4,0.4,0.4,7,1631,7.81,2.55
2026-07-04 05:11:34.224,0.4,0.4,0.4,0.4,2,1631,7.88,2.55
2026-07-04 05:11:34.750,0.4,0.4,0.4,0.4,1,1630,7.90,2.56
2026-07-04 05:11:35.274,0.4,0.4,0.4,0.4,1,1630,7.90,2.56
2026-07-04 05:11:35.771,0.4,0.4,0.4,0.4,1,1631,7.90,2.55
2026-07-04 05:11:36.268,0.4,0.4,0.4,0.4,2,1631,7.88,2.55
2026-07-04 05:11:36.759,0.4,0.4,0.4,0.4,1,1633,7.90,2.52
2026-07-04 05:11:37.250,0.4,0.4,0.4,0.4,2,1635,7.88,2.49
2026-07-04 05:11:37.749,0.4,0.4,0.4,0.5,2,1633,7.88,2.52
2026-07-04 05:11:38.259,0.4,0.4,0.4,0.6,5,1627,7.84,2.61
2026-07-04 05:11:38.774,0.4,0.4,0.4,0.6,4,1633,7.85,2.52
2026-07-04 05:11:39.271,0.4,0.4,0.4,0.6,2,1633,7.88,2.52
2026-07-04 05:11:39.768,0.4,0.4,0.4,0.8,7,1634,7.81,2.50
2026-07-04 05:11:40.228,0.4,0.4,0.4,0.8,4,1634,7.85,2.50
2026-07-04 05:11:40.728,0.4,0.4,0.4,0.8,4,1634,7.85,2.50
2026-07-04 05:11:41.257,0.4,0.4,0.4,0.8,16,1630,7.68,2.56
2026-07-04 05:11:41.764,0.4,0.4,0.4,0.9,21,1633,7.60,2.52
2026-07-04 05:11:42.238,0.5,0.4,0.4,0.9,26,1634,7.53,2.50
2026-07-04 05:11:42.777,0.4,0.4,0.4,0.9,26,1631,7.53,2.55
2026-07-04 05:11:43.228,0.4,0.4,0.4,1.0,15,1632,7.69,2.53
2026-07-04 05:11:43.734,0.4,0.4,0.4,1.0,5,1634,7.84,2.50
2026-07-04 05:11:44.228,0.4,0.4,0.4,1.0,4,1633,7.85,2.52
2026-07-04 05:11:44.727,0.4,0.4,0.4,1.0,4,1634,7.85,2.50
2026-07-04 05:11:45.222,0.4,0.4,0.4,1.0,2,1633,7.88,2.52
2026-07-04 05:11:45.753,0.4,0.4,0.4,1.0,2,1631,7.88,2.55
2026-07-04 05:11:46.228,0.4,0.4,0.4,0.0,3,1636,7.87,2.48
2026-07-04 05:11:46.727,0.4,0.4,0.4,0.0,5,1631,7.84,2.55
2026-07-04 05:11:47.227,0.4,0.4,0.4,1.2,3,1630,7.87,2.56
2026-07-04 05:11:47.730,0.4,0.4,0.4,1.2,6,1627,7.82,2.61
2026-07-04 05:11:48.257,0.4,0.4,0.4,1.2,15,1630,7.69,2.56
2026-07-04 05:11:48.759,0.4,0.4,0.4,1.2,18,1633,7.65,2.52
2026-07-04 05:11:49.262,0.4,0.4,0.4,1.2,9,1631,7.78,2.55
2026-07-04 05:11:49.738,0.4,0.4,0.4,1.2,1,1634,7.90,2.50
2026-07-04 05:11:50.230,0.4,0.4,0.4,1.2,1,1630,7.90,2.56
2026-07-04 05:11:50.729,0.4,0.4,0.4,1.2,3,1632,7.87,2.53
2026-07-04 05:11:51.226,0.4,0.4,0.4,1.2,3,1632,7.87,2.53
2026-07-04 05:11:51.784,0.4,0.4,0.4,1.2,5,1633,7.84,2.52
2026-07-04 05:11:52.258,0.4,0.4,0.4,1.2,17,1633,7.66,2.52
2026-07-04 05:11:52.758,0.4,0.4,0.4,1.2,8,1631,7.79,2.55
2026-07-04 05:11:53.254,0.4,0.4,0.4,1.1,3,1633,7.87,2.52
2026-07-04 05:11:53.756,0.4,0.4,0.4,1.1,2,1632,7.88,2.53
2026-07-04 05:11:54.251,0.4,0.4,0.4,1.1,2,1632,7.88,2.53
2026-07-04 05:11:54.754,0.4,0.4,0.4,1.1,2,1636,7.88,2.48
2026-07-04 05:11:55.250,0.4,0.4,0.4,1.0,4,1632,7.85,2.53
2026-07-04 05:11:55.755,0.5,0.4,0.4,1.0,16,1630,7.68,2.56
2026-07-04 05:11:56.258,0.5,0.4,0.4,1.0,44,1635,7.27,2.49
2026-07-04 05:11:56.727,0.5,0.4,0.4,1.0,36,1632,7.38,2.53
2026-07-04 05:11:57.286,0.5,0.4,0.4,0.0,35,1634,7.40,2.50
2026-07-04 05:11:57.781,0.5,0.4,0.4,0.0,50,1631,7.18,2.55
2026-07-04 05:11:58.277,0.5,0.4,0.4,0.0,49,1631,7.19,2.55
2026-07-04 05:11:58.754,0.5,0.4,0.4,0.0,54,1633,7.12,2.52
2026-07-04 05:11:59.257,0.5,0.4,0.4,1.0,54,1633,7.12,2.52
2026-07-04 05:11:59.759,0.5,0.4,0.4,1.0,68,1631,6.91,2.55
2026-07-04 05:12:00.254,0.5,0.4,0.4,1.0,72,1631,6.86,2.55
2026-07-04 05:12:00.778,0.5,0.4,0.4,1.0,63,1631,6.99,2.55
2026-07-04 05:12:01.231,0.5,0.4,0.4,0.0,51,1633,7.16,2.52
2026-07-04 05:12:01.769,0.5,0.4,0.4,0.0,45,1634,7.25,2.50
2026-07-04 05:12:02.281,0.5,0.4,0.4,0.0,45,1634,7.25,2.50
2026-07-04 05:12:02.727,0.5,0.4,0.4,0.0,85,1632,6.67,2.53
2026-07-04 05:12:03.231,0.5,0.4,0.4,0.0,85,1632,6.67,2.53
2026-07-04 05:12:03.788,0.5,0.4,0.4,0.0,70,1629,6.88,2.58
2026-07-04 05:12:04.250,0.5,0.4,0.4,0.0,62,1634,7.00,2.50
2026-07-04 05:12:04.774,0.5,0.4,0.4,0.0,59,1627,7.05,2.61
2026-07-04 05:12:05.259,0.5,0.4,0.4,0.0,51,1636,7.16,2.48
2026-07-04 05:12:05.773,0.5,0.4,0.4,0.0,58,1635,7.06,2.49
2026-07-04 05:12:06.258,0.6,0.4,0.4,0.9,81,1633,6.72,2.52
2026-07-04 05:12:06.756,0.6,0.4,0.4,0.9,99,1630,6.46,2.56
2026-07-04 05:12:07.253,0.6,0.4,0.4,0.9,98,1638,6.47,2.45
2026-07-04 05:12:07.760,0.6,0.4,0.4,0.9,106,1630,6.36,2.56
2026-07-04 05:12:08.253,0.6,0.4,0.4,0.9,115,1631,6.23,2.55
2026-07-04 05:12:08.757,0.6,0.4,0.4,0.0,114,1634,6.24,2.50
2026-07-04 05:12:09.238,0.6,0.4,0.4,0.0,115,1630,6.23,2.56
2026-07-04 05:12:09.787,0.6,0.4,0.4,0.0,111,1634,6.28,2.50
2026-07-04 05:12:10.256,0.5,0.4,0.4,0.8,99,1634,6.46,2.50
2026-07-04 05:12:10.778,0.5,0.4,0.4,0.8,76,1632,6.80,2.53
2026-07-04 05:12:11.275,0.5,0.4,0.4,0.6,47,1634,7.22,2.50
2026-07-04 05:12:11.761,0.4,0.4,0.4,0.6,22,1636,7.59,2.48
2026-07-04 05:12:12.273,0.4,0.4,0.4,0.5,2,1634,7.88,2.50
2026-07-04 05:12:12.752,0.4,0.4,0.4,0.5,1,1635,7.90,2.49
2026-07-04 05:12:13.255,0.4,0.4,0.4,0.5,0,1633,7.91,2.52
2026-07-04 05:12:13.755,0.4,0.4,0.4,0.5,0,1632,7.91,2.53
2026-07-04 05:12:14.509,0.4,0.4,0.4,0.5,0,1632,7.91,2.53
2026-07-04 05:12:14.740,0.4,0.4,0.4,0.0,0,1630,7.91,2.56
2026-07-04 05:12:14.740,0.4,0.4,0.4,0.0,0,1630,7.91,2.56
2026-07-04 05:12:15.238,0.4,0.4,0.4,0.7,0,1636,7.91,2.48
2026-07-04 05:12:15.785,0.4,0.4,0.4,0.8,0,1635,7.91,2.49
2026-07-04 05:12:16.257,0.4,0.4,0.4,0.8,1,1636,7.90,2.48
2026-07-04 05:12:16.756,0.4,0.4,0.4,0.8,0,1632,7.91,2.53
2026-07-04 05:12:17.273,0.4,0.4,0.4,0.8,0,1634,7.91,2.50
2026-07-04 05:12:17.738,0.4,0.4,0.4,0.7,0,1632,7.91,2.53
2026-07-04 05:12:18.284,0.4,0.4,0.4,0.7,0,1631,7.91,2.55
2026-07-04 05:12:18.787,0.4,0.4,0.4,0.6,1,1634,7.90,2.50
2026-07-04 05:12:19.275,0.4,0.4,0.4,0.6,0,1633,7.91,2.52
2026-07-04 05:12:19.787,0.4,0.4,0.4,0.6,0,1633,7.91,2.52
2026-07-04 05:12:20.257,0.4,0.4,0.4,0.6,0,1631,7.91,2.55
2026-07-04 05:12:20.989,0.4,0.4,0.4,0.6,0,1631,7.91,2.55
2026-07-04 05:12:21.287,0.4,0.4,0.4,0.5,0,1634,7.91,2.50
2026-07-04 05:12:21.288,0.4,0.4,0.4,0.5,0,1635,7.91,2.49
2026-07-04 05:12:21.789,0.4,0.4,0.4,0.5,0,1625,7.91,2.64
2026-07-04 05:12:22.282,0.4,0.4,0.4,0.4,0,1634,7.91,2.50
2026-07-04 05:12:22.758,0.4,0.4,0.4,0.4,0,1635,7.91,2.49
2026-07-04 05:12:23.258,0.4,0.4,0.4,0.4,0,1630,7.91,2.56
2026-07-04 05:12:23.761,0.4,0.4,0.4,0.4,1,1630,7.90,2.56
2026-07-04 05:12:24.300,0.4,0.4,0.4,0.4,0,1631,7.91,2.55
2026-07-04 05:12:24.787,0.4,0.4,0.4,0.4,0,1631,7.91,2.55
2026-07-04 05:12:25.275,0.4,0.4,0.4,0.4,0,1633,7.91,2.52
2026-07-04 05:12:25.788,0.4,0.4,0.4,0.4,0,1633,7.91,2.52
2026-07-04 05:12:26.758,0.4,0.4,0.4,0.4,0,1633,7.91,2.52
2026-07-04 05:12:26.759,0.4,0.4,0.4,0.4,1,1637,7.90,2.46
2026-07-04 05:12:27.257,0.4,0.4,0.4,0.4,0,1630,7.91,2.56
2026-07-04 05:12:27.804,0.4,0.4,0.4,0.4,0,1632,7.91,2.53
2026-07-04 05:12:28.286,0.4,0.4,0.4,0.4,0,1632,7.91,2.53
2026-07-04 05:12:28.757,0.4,0.4,0.4,0.4,0,1632,7.91,2.53
2026-07-04 05:12:29.265,0.4,0.4,0.4,0.4,0,1634,7.91,2.50
2026-07-04 05:12:29.755,0.4,0.4,0.4,0.4,1,1632,7.90,2.53
2026-07-04 05:12:30.794,0.4,0.4,0.4,0.4,0,1629,7.91,2.58
2026-07-04 05:12:30.795,0.4,0.4,0.4,0.4,0,1633,7.91,2.52
2026-07-04 05:12:31.290,0.4,0.4,0.4,0.4,0,1630,7.91,2.56
2026-07-04 05:12:31.787,0.4,0.4,0.4,0.4,0,1628,7.91,2.59
2026-07-04 05:12:32.301,0.4,0.4,0.4,0.4,0,1630,7.91,2.56
2026-07-04 05:12:32.785,0.4,0.4,0.4,0.4,0,1635,7.91,2.49
2026-07-04 05:12:33.284,0.4,0.4,0.4,0.4,0,1633,7.91,2.52
2026-07-04 05:12:33.788,0.4,0.4,0.4,0.4,0,1630,7.91,2.56
2026-07-04 05:12:34.287,0.4,0.4,0.4,0.4,1,1632,7.90,2.53
2026-07-04 05:12:34.788,0.4,0.4,0.4,0.4,0,1632,7.91,2.53
2026-07-04 05:12:35.293,0.4,0.4,0.4,0.4,0,1625,7.91,2.64
2026-07-04 05:12:35.759,0.4,0.4,0.4,0.4,0,1632,7.91,2.53
2026-07-04 05:12:36.254,0.4,0.4,0.4,0.4,0,1632,7.91,2.53
2026-07-04 05:12:36.784,0.4,0.4,0.4,0.4,1,1632,7.90,2.53
2026-07-04 05:12:37.257,0.4,0.4,0.0,0.4,1,1636,7.90,2.48
2026-07-04 05:12:37.748,0.4,0.4,0.4,0.4,0,1630,7.91,2.56
2026-07-04 05:12:38.258,0.4,0.4,0.4,0.4,0,1630,7.91,2.56
2026-07-04 05:12:38.773,0.4,0.4,0.4,0.4,0,1631,7.91,2.55
2026-07-04 05:12:39.272,0.4,0.4,0.4,0.4,0,1629,7.91,2.58
2026-07-04 05:12:39.749,0.4,0.4,0.4,0.4,2,1629,7.88,2.58
2026-07-04 05:12:40.289,0.4,0.4,0.4,0.4,0,1631,7.91,2.55
2026-07-04 05:12:41.276,0.4,0.4,0.4,0.4,0,1630,7.91,2.56
2026-07-04 05:12:41.277,0.4,0.4,0.4,0.4,0,1630,7.91,2.56
2026-07-04 05:12:41.777,0.4,0.4,0.4,0.4,0,1630,7.91,2.56
2026-07-04 05:12:42.288,0.4,0.4,0.4,0.4,0,1632,7.91,2.53
2026-07-04 05:12:42.772,0.4,0.4,0.4,0.4,0,1631,7.91,2.55
2026-07-04 05:12:43.268,0.4,0.4,0.4,0.4,0,1630,7.91,2.56
2026-07-04 05:12:43.768,0.4,0.4,0.4,0.4,0,1631,7.91,2.55
2026-07-04 05:12:44.282,0.4,0.4,0.4,0.4,0,1632,7.91,2.53
2026-07-04 05:12:44.790,0.4,0.4,0.4,0.4,0,1631,7.91,2.55
2026-07-04 05:12:45.288,0.4,0.4,0.4,0.4,0,1631,7.91,2.55
2026-07-04 05:12:45.774,0.4,0.4,0.4,0.4,0,1631,7.91,2.55
2026-07-04 05:12:46.270,0.4,0.4,0.4,0.4,0,1633,7.91,2.52
2026-07-04 05:12:46.808,0.4,0.4,0.4,0.4,6,1632,7.82,2.53
2026-07-04 05:12:47.260,0.4,0.4,0.4,0.4,1,1629,7.90,2.58
2026-07-04 05:12:47.772,0.4,0.4,0.4,0.4,0,1637,7.91,2.46
2026-07-04 05:12:48.289,0.4,0.4,0.4,0.4,0,1634,7.91,2.50
2026-07-04 05:12:48.788,0.4,0.4,0.4,0.4,0,1632,7.91,2.53
2026-07-04 05:12:49.284,0.4,0.4,0.4,0.4,0,1632,7.91,2.53
2026-07-04 05:12:49.812,0.4,0.4,0.4,0.4,0,1633,7.91,2.52
2026-07-04 05:12:50.263,0.4,0.4,0.4,0.5,0,1630,7.91,2.56
2026-07-04 05:12:50.756,0.4,0.4,0.4,0.4,0,1634,7.91,2.50
2026-07-04 05:12:51.305,0.4,0.4,0.4,0.4,0,1634,7.91,2.50
2026-07-04 05:12:51.789,0.4,0.4,0.4,0.4,0,1633,7.91,2.52
2026-07-04 05:12:52.286,0.4,0.4,0.4,0.5,0,1635,7.91,2.49
2026-07-04 05:12:52.766,0.4,0.4,0.4,0.4,1,1631,7.90,2.55
2026-07-04 05:12:53.287,0.4,0.4,0.4,0.5,1,1631,7.90,2.55
2026-07-04 05:12:53.761,0.4,0.4,0.4,0.5,1,1632,7.90,2.53
2026-07-04 05:12:54.321,0.4,0.4,0.4,0.5,0,1630,7.91,2.56
2026-07-04 05:12:54.815,0.4,0.4,0.4,0.5,0,1632,7.91,2.53
2026-07-04 05:12:55.307,0.4,0.4,0.4,0.5,0,1630,7.91,2.56
2026-07-04 05:12:55.763,0.4,0.4,0.4,0.5,1,1632,7.90,2.53
2026-07-04 05:12:56.289,0.4,0.4,0.4,0.6,0,1630,7.91,2.56
2026-07-04 05:12:57.284,0.4,0.4,0.4,0.6,1,1630,7.90,2.56
2026-07-04 05:12:57.285,0.4,0.4,0.4,0.5,0,1630,7.91,2.56
2026-07-04 05:12:57.772,0.4,0.4,0.4,0.5,1,1631,7.90,2.55
2026-07-04 05:12:58.261,0.4,0.4,0.4,0.5,0,1630,7.91,2.56
2026-07-04 05:12:58.791,0.4,0.4,0.4,0.5,1,1630,7.90,2.56
2026-07-04 05:12:59.288,0.4,0.4,0.4,0.5,0,1630,7.91,2.56
2026-07-04 05:12:59.783,0.4,0.4,0.4,0.6,0,1631,7.91,2.55
2026-07-04 05:13:00.311,0.4,0.4,0.4,0.7,1,1629,7.90,2.58
2026-07-04 05:13:00.787,0.4,0.4,0.4,0.8,0,1633,7.91,2.52
2026-07-04 05:13:01.288,0.4,0.4,0.4,0.7,0,1632,7.91,2.53
2026-07-04 05:13:01.772,0.4,0.4,0.4,0.8,1,1633,7.90,2.52
2026-07-04 05:13:02.272,0.4,0.4,0.4,0.9,0,1633,7.91,2.52
2026-07-04 05:13:02.772,0.4,0.4,0.4,1.0,0,1629,7.91,2.58
2026-07-04 05:13:03.788,0.4,0.4,0.4,1.1,0,1634,7.91,2.50
2026-07-04 05:13:03.789,0.4,0.4,0.4,1.1,2,1632,7.88,2.53
2026-07-04 05:13:04.306,0.4,0.4,0.4,1.2,4,1630,7.85,2.56
2026-07-04 05:13:04.802,0.4,0.4,0.4,1.1,20,1630,7.62,2.56
2026-07-04 05:13:05.288,0.4,0.4,0.4,1.1,9,1630,7.78,2.56
2026-07-04 05:13:05.978,0.4,0.4,0.4,1.1,9,1630,7.78,2.56
2026-07-04 05:13:06.278,0.4,0.4,0.4,1.0,0,1631,7.91,2.55
2026-07-04 05:13:06.279,0.4,0.4,0.4,0.9,0,1630,7.91,2.56
2026-07-04 05:13:07.318,0.4,0.4,0.4,0.8,0,1636,7.91,2.48
2026-07-04 05:13:07.319,0.4,0.4,0.4,0.8,0,1635,7.91,2.49
2026-07-04 05:13:07.804,0.4,0.4,0.4,0.7,1,1634,7.90,2.50
2026-07-04 05:13:08.318,0.4,0.4,0.4,0.9,0,1630,7.91,2.56
2026-07-04 05:13:08.817,0.4,0.4,0.4,1.2,0,1630,7.91,2.56
2026-07-04 05:13:09.318,0.4,0.4,0.4,1.4,0,1633,7.91,2.52
2026-07-04 05:13:09.804,0.4,0.4,0.4,1.4,0,1630,7.91,2.56
2026-07-04 05:13:10.313,0.4,0.4,0.4,1.5,1,1632,7.90,2.53
2026-07-04 05:13:10.818,0.4,0.4,0.4,1.5,0,1633,7.91,2.52
2026-07-04 05:13:11.320,0.4,0.4,0.4,1.5,1,1631,7.90,2.55
2026-07-04 05:13:11.804,0.4,0.4,0.4,1.7,1,1630,7.90,2.56
2026-07-04 05:13:12.317,0.4,0.4,0.4,1.8,1,1631,7.90,2.55
2026-07-04 05:13:12.819,0.4,0.4,0.4,2.0,3,1630,7.87,2.56
2026-07-04 05:13:13.289,0.4,0.4,0.4,2.0,6,1634,7.82,2.50
2026-07-04 05:13:13.776,0.4,0.4,0.4,2.0,1,1630,7.90,2.56
2026-07-04 05:13:14.289,0.4,0.4,0.4,2.0,0,1630,7.91,2.56
2026-07-04 05:13:14.787,0.4,0.4,0.4,1.9,0,1631,7.91,2.55
2026-07-04 05:13:15.277,0.4,0.4,0.4,1.6,0,1631,7.91,2.55
2026-07-04 05:13:15.789,0.4,0.4,0.4,1.5,0,1631,7.91,2.55
2026-07-04 05:13:16.288,0.4,0.4,0.4,1.3,0,1632,7.91,2.53
2026-07-04 05:13:16.794,0.4,0.4,0.4,1.3,0,1633,7.91,2.52
2026-07-04 05:13:17.275,0.4,0.4,0.4,1.4,0,1633,7.91,2.52
2026-07-04 05:13:17.803,0.4,0.4,0.4,1.4,0,1632,7.91,2.53
2026-07-04 05:13:18.309,0.4,0.4,0.4,1.3,1,1632,7.90,2.53
2026-07-04 05:13:18.818,0.4,0.4,0.4,1.2,0,1634,7.91,2.50
2026-07-04 05:13:19.288,0.4,0.4,0.4,1.0,0,1634,7.91,2.50
2026-07-04 05:13:19.773,0.4,0.4,0.4,1.1,0,1632,7.91,2.53
2026-07-04 05:13:20.317,0.4,0.4,0.4,1.2,0,1630,7.91,2.56
2026-07-04 05:13:20.788,0.4,0.4,0.4,1.3,0,1631,7.91,2.55
2026-07-04 05:13:21.788,0.4,0.4,0.4,1.2,0,1629,7.91,2.58
2026-07-04 05:13:21.790,0.4,0.4,0.4,1.2,0,1631,7.91,2.55
2026-07-04 05:13:22.287,0.4,0.4,0.4,1.0,1,1630,7.90,2.56
2026-07-04 05:13:22.785,0.4,0.4,0.4,1.0,0,1629,7.91,2.58
2026-07-04 05:13:23.276,0.4,0.4,0.4,1.1,0,1632,7.91,2.53
2026-07-04 05:13:23.818,0.4,0.4,0.4,1.4,1,1632,7.90,2.53
2026-07-04 05:13:24.334,0.4,0.4,0.4,1.4,0,1632,7.91,2.53
2026-07-04 05:13:24.830,0.4,0.4,0.4,0.5,0,1632,7.91,2.53
2026-07-04 05:13:25.290,0.4,0.4,0.4,0.5,0,1631,7.91,2.55
2026-07-04 05:13:25.804,0.4,0.4,0.4,0.4,0,1632,7.91,2.53
2026-07-04 05:13:26.303,0.4,0.4,0.4,0.4,0,1628,7.91,2.59
2026-07-04 05:13:26.804,0.4,0.4,0.4,0.4,0,1630,7.91,2.56
2026-07-04 05:13:27.329,0.4,0.4,0.4,0.4,0,1634,7.91,2.50
2026-07-04 05:13:27.817,0.4,0.4,0.4,0.4,0,1632,7.91,2.53
2026-07-04 05:13:28.310,0.4,0.4,0.4,0.4,0,1634,7.91,2.50
2026-07-04 05:13:28.819,0.4,0.4,0.4,0.4,0,1630,7.91,2.56
2026-07-04 05:13:29.289,0.4,0.4,0.4,0.4,0,1625,7.91,2.64
2026-07-04 05:13:29.837,0.4,0.4,0.4,0.4,0,1625,7.91,2.64
2026-07-04 05:13:30.331,0.4,0.4,0.4,0.4,0,1625,7.91,2.64
2026-07-04 05:13:30.783,0.4,0.4,0.4,0.4,1,1631,7.90,2.55
2026-07-04 05:13:31.292,0.4,0.4,0.4,0.4,2,1632,7.88,2.53
2026-07-04 05:13:31.795,0.4,0.4,0.4,0.4,2,1632,7.88,2.53
2026-07-04 05:13:32.285,0.4,0.4,0.4,0.4,1,1631,7.90,2.55
2026-07-04 05:13:32.804,0.4,0.4,0.4,0.4,0,1630,7.91,2.56
2026-07-04 05:13:33.302,0.4,0.4,0.4,0.4,0,1630,7.91,2.56
2026-07-04 05:13:33.802,0.4,0.4,0.4,0.4,0,1631,7.91,2.55
2026-07-04 05:13:34.282,0.4,0.4,0.4,0.4,0,1628,7.91,2.59
2026-07-04 05:13:34.791,0.4,0.4,0.4,0.4,1,1630,7.90,2.56
2026-07-04 05:13:35.288,0.4,0.4,0.4,0.4,0,1634,7.91,2.50
2026-07-04 05:13:35.789,0.4,0.4,0.4,0.4,1,1632,7.90,2.53
2026-07-04 05:13:36.332,0.4,0.4,0.4,0.4,0,1633,7.91,2.52
2026-07-04 05:13:36.834,0.4,0.4,0.4,0.4,0,1631,7.91,2.55
2026-07-04 05:13:37.308,0.4,0.4,0.4,0.4,0,1633,7.91,2.52
2026-07-04 05:13:37.818,0.4,0.4,0.4,0.4,0,1634,7.91,2.50
2026-07-04 05:13:38.318,0.4,0.4,0.4,0.4,0,1630,7.91,2.56
2026-07-04 05:13:38.819,0.4,0.4,0.4,0.4,0,1632,7.91,2.53
2026-07-04 05:13:39.316,0.4,0.4,0.4,0.4,1,1631,7.90,2.55
2026-07-04 05:13:39.828,0.4,0.4,0.4,0.4,0,1632,7.91,2.53
2026-07-04 05:13:40.279,0.4,0.4,0.4,0.4,0,1635,7.91,2.49
2026-07-04 05:13:40.790,0.4,0.4,0.4,0.4,0,1631,7.91,2.55
2026-07-04 05:13:41.290,0.4,0.4,0.4,0.4,0,1636,7.91,2.48
2026-07-04 05:13:41.846,0.4,0.4,0.4,0.4,1,1628,7.90,2.59
2026-07-04 05:13:42.304,0.4,0.4,0.4,0.4,0,1632,7.91,2.53
2026-07-04 05:13:42.793,0.4,0.4,0.4,0.4,0,1633,7.91,2.52
2026-07-04 05:13:43.318,0.4,0.4,0.4,0.4,0,1635,7.91,2.49
2026-07-04 05:13:43.804,0.4,0.4,0.4,0.4,0,1638,7.91,2.45
2026-07-04 05:13:44.310,0.4,0.4,0.4,0.4,1,1632,7.90,2.53
2026-07-04 05:13:44.818,0.4,0.4,0.4,0.4,0,1633,7.91,2.52
2026-07-04 05:13:45.318,0.4,0.4,0.4,0.4,0,1632,7.91,2.53
2026-07-04 05:13:45.818,0.4,0.4,0.4,0.4,0,1630,7.91,2.56
2026-07-04 05:13:46.294,0.4,0.4,0.4,0.4,0,1631,7.91,2.55
2026-07-04 05:13:46.818,0.4,0.4,0.4,0.4,1,1630,7.90,2.56
2026-07-04 05:13:47.287,0.4,0.4,0.4,0.4,0,1631,7.91,2.55
2026-07-04 05:13:47.832,0.4,0.4,0.4,0.4,0,1632,7.91,2.53
2026-07-04 05:13:48.313,1.0,0.4,0.4,0.4,59,1630,7.05,2.56
2026-07-04 05:13:48.838,0.8,0.4,0.4,0.4,323,1629,3.18,2.58
2026-07-04 05:13:49.333,0.4,0.4,0.4,0.4,174,1634,5.36,2.50
2026-07-04 05:13:49.843,0.4,0.4,0.4,0.4,8,1632,7.79,2.53
2026-07-04 05:13:50.287,0.4,0.4,0.4,0.4,4,1632,7.85,2.53
2026-07-04 05:13:50.837,0.4,0.4,0.4,0.4,2,1634,7.88,2.50
2026-07-04 05:13:51.334,0.4,0.4,0.4,0.4,0,1632,7.91,2.53
2026-07-04 05:13:51.833,0.4,0.4,0.4,0.4,1,1629,7.90,2.58
2026-07-04 05:13:52.313,0.4,0.4,0.4,0.4,1,1631,7.90,2.55
2026-07-04 05:13:52.818,0.4,0.4,0.4,0.4,1,1631,7.90,2.55
2026-07-04 05:13:53.837,0.4,0.4,0.4,0.4,1,1631,7.90,2.55
2026-07-04 05:13:53.838,0.4,0.4,0.4,0.4,0,1631,7.91,2.55
2026-07-04 05:13:54.331,0.4,0.4,0.4,0.4,0,1634,7.91,2.50
2026-07-04 05:13:54.844,0.4,0.4,0.4,0.4,0,1631,7.91,2.55
2026-07-04 05:13:55.836,0.4,0.4,0.4,0.4,0,1633,7.91,2.52
2026-07-04 05:13:55.836,0.4,0.4,0.4,0.4,0,1631,7.91,2.55
2026-07-04 05:13:56.347,0.4,0.4,0.4,0.4,1,1632,7.90,2.53
2026-07-04 05:13:56.850,0.4,0.4,0.4,0.4,0,1634,7.91,2.50
2026-07-04 05:13:57.348,0.4,0.4,0.4,0.4,0,1628,7.91,2.59
2026-07-04 05:13:57.849,0.4,0.4,0.4,0.4,0,1635,7.91,2.49
2026-07-04 05:13:58.312,0.4,0.4,0.4,0.4,0,1631,7.91,2.55
2026-07-04 05:13:58.837,0.4,0.4,0.4,0.4,0,1631,7.91,2.55
2026-07-04 05:13:59.337,0.4,0.4,0.4,0.4,0,1631,7.91,2.55
2026-07-04 05:13:59.838,0.4,0.4,0.4,0.4,0,1632,7.91,2.53
2026-07-04 05:14:00.316,0.4,0.4,0.4,0.4,0,1635,7.91,2.49
2026-07-04 05:14:00.820,0.4,0.4,0.4,0.4,0,1633,7.91,2.52
2026-07-04 05:14:01.316,0.4,0.4,0.4,0.4,0,1631,7.91,2.55
2026-07-04 05:14:01.814,0.4,0.4,0.4,0.4,0,1631,7.91,2.55
2026-07-04 05:14:02.310,0.4,0.4,0.4,0.4,0,1631,7.91,2.55
2026-07-04 05:14:02.818,0.4,0.4,0.4,0.4,0,1630,7.91,2.56
2026-07-04 05:14:03.806,0.4,0.4,0.4,0.4,0,1631,7.91,2.55
2026-07-04 05:14:03.868,0.4,0.4,0.4,0.4,0,1633,7.91,2.52
2026-07-04 05:14:04.301,0.4,0.4,0.4,0.4,0,1631,7.91,2.55
2026-07-04 05:14:04.812,0.4,0.4,0.4,0.4,0,1630,7.91,2.56
2026-07-04 05:14:05.319,0.4,0.4,0.4,0.4,0,1635,7.91,2.49
2026-07-04 05:14:05.805,0.4,0.4,0.4,0.4,0,1632,7.91,2.53
2026-07-04 05:14:06.344,0.4,0.4,0.4,0.0,0,1630,7.91,2.56
2026-07-04 05:14:06.848,0.4,0.4,0.4,0.4,0,1632,7.91,2.53
2026-07-04 05:14:07.320,0.4,0.4,0.4,0.4,0,1632,7.91,2.53
2026-07-04 05:14:07.817,0.4,0.4,0.4,0.4,0,1632,7.91,2.53
2026-07-04 05:14:08.320,0.4,0.4,0.4,0.4,0,1633,7.91,2.52
2026-07-04 05:14:08.818,0.4,0.4,0.4,0.4,0,1630,7.91,2.56
2026-07-04 05:14:09.348,0.4,0.4,0.4,0.4,0,1631,7.91,2.55
2026-07-04 05:14:09.849,0.4,0.4,0.4,0.4,0,1631,7.91,2.55
2026-07-04 05:14:10.332,0.4,0.4,0.4,0.4,0,1632,7.91,2.53
2026-07-04 05:14:10.807,0.4,0.4,0.4,0.4,0,1635,7.91,2.49
2026-07-04 05:14:11.321,0.4,0.4,0.4,0.4,0,1631,7.91,2.55
2026-07-04 05:14:11.850,0.4,0.4,0.4,0.4,0,1635,7.91,2.49
2026-07-04 05:14:12.833,0.4,0.4,0.4,0.4,0,1630,7.91,2.56
2026-07-04 05:14:12.833,0.4,0.4,0.4,0.4,0,1631,7.91,2.55
2026-07-04 05:14:13.314,0.4,0.4,0.4,0.4,0,1632,7.91,2.53
2026-07-04 05:14:13.829,0.4,0.4,0.4,0.4,0,1634,7.91,2.50
2026-07-04 05:14:14.359,0.4,0.4,0.4,0.4,0,1630,7.91,2.56
2026-07-04 05:14:14.817,0.4,0.4,0.4,0.4,0,1635,7.91,2.49
2026-07-04 05:14:15.348,0.4,0.4,0.4,0.4,0,1634,7.91,2.50
2026-07-04 05:14:15.811,0.4,0.4,0.4,0.0,0,1631,7.91,2.55
2026-07-04 05:14:16.341,0.4,0.4,0.4,0.4,0,1631,7.91,2.55
2026-07-04 05:14:16.838,0.4,0.4,0.4,0.4,0,1631,7.91,2.55
2026-07-04 05:14:17.335,0.4,0.4,0.4,0.4,0,1629,7.91,2.58
2026-07-04 05:14:17.814,0.4,0.4,0.4,0.4,0,1631,7.91,2.55
2026-07-04 05:14:18.310,0.4,0.4,0.4,0.4,0,1625,7.91,2.64
2026-07-04 05:14:18.848,0.4,0.4,0.4,0.4,0,1633,7.91,2.52
2026-07-04 05:14:19.849,0.4,0.4,0.4,0.4,0,1631,7.91,2.55
2026-07-04 05:14:19.851,0.4,0.4,0.4,0.0,0,1628,7.91,2.59
2026-07-04 05:14:20.345,0.4,0.4,0.4,0.0,0,1629,7.91,2.58
2026-07-04 05:14:20.848,0.4,0.4,0.4,0.0,1,1632,7.90,2.53
2026-07-04 05:14:21.818,0.4,0.4,0.4,0.0,0,1632,7.91,2.53
2026-07-04 05:14:21.818,0.4,0.4,0.4,0.0,0,1630,7.91,2.56
2026-07-04 05:14:22.316,0.4,0.4,0.4,0.4,0,1631,7.91,2.55
2026-07-04 05:14:22.864,0.4,0.4,0.4,0.4,0,1632,7.91,2.53
2026-07-04 05:14:23.348,0.4,0.4,0.4,0.4,0,1633,7.91,2.52
2026-07-04 05:14:23.845,0.4,0.4,0.4,0.4,0,1630,7.91,2.56
2026-07-04 05:14:24.314,0.4,0.4,0.4,0.4,0,1632,7.91,2.53
2026-07-04 05:14:24.818,0.4,0.4,0.4,0.4,0,1633,7.91,2.52
2026-07-04 05:14:25.317,0.4,0.4,0.4,0.4,0,1633,7.91,2.52
2026-07-04 05:14:25.827,0.4,0.4,0.4,0.4,0,1631,7.91,2.55
2026-07-04 05:14:26.358,0.4,0.4,0.4,0.4,0,1631,7.91,2.55
2026-07-04 05:14:26.819,0.4,0.4,0.4,0.4,0,1631,7.91,2.55
2026-07-04 05:14:27.333,0.4,0.4,0.4,0.4,0,1632,7.91,2.53
2026-07-04 05:14:27.836,0.4,0.4,0.4,0.4,0,1631,7.91,2.55
2026-07-04 05:14:28.332,0.4,0.4,0.4,0.4,0,1630,7.91,2.56
2026-07-04 05:14:28.848,0.4,0.4,0.4,0.4,0,1637,7.91,2.46
2026-07-04 05:14:29.318,0.4,0.4,0.4,0.4,0,1630,7.91,2.56
2026-07-04 05:14:29.836,0.4,0.4,0.4,0.4,0,1632,7.91,2.53
2026-07-04 05:14:30.316,0.4,0.4,0.4,0.4,0,1630,7.91,2.56
2026-07-04 05:14:30.818,0.4,0.4,0.4,0.4,0,1637,7.91,2.46
2026-07-04 05:14:31.344,0.4,0.4,0.4,0.4,0,1635,7.91,2.49
2026-07-04 05:14:31.851,0.4,0.4,0.4,0.4,0,1623,7.91,2.67
2026-07-04 05:14:32.348,0.4,0.4,0.4,0.4,0,1623,7.91,2.67
2026-07-04 05:14:32.848,0.4,0.4,0.4,0.4,0,1634,7.91,2.50
2026-07-04 05:14:33.347,0.4,0.4,0.4,0.4,0,1634,7.91,2.50
2026-07-04 05:14:33.858,0.4,0.4,0.4,0.4,0,1634,7.91,2.50
2026-07-04 05:14:34.316,0.4,0.4,0.4,0.4,0,1630,7.91,2.56
2026-07-04 05:14:34.848,0.4,0.4,0.4,0.0,0,1632,7.91,2.53
2026-07-04 05:14:35.349,0.4,0.4,0.4,0.4,0,1634,7.91,2.50
2026-07-04 05:14:35.836,0.4,0.4,0.4,0.4,0,1635,7.91,2.49
2026-07-04 05:14:36.349,0.4,0.4,0.4,0.4,0,1631,7.91,2.55
2026-07-04 05:14:36.840,0.4,0.4,0.4,0.4,0,1628,7.91,2.59
2026-07-04 05:14:37.319,0.4,0.4,0.4,0.4,0,1630,7.91,2.56
2026-07-04 05:14:37.848,0.4,0.4,0.4,0.4,0,1631,7.91,2.55
2026-07-04 05:14:38.317,0.4,0.4,0.4,0.4,0,1631,7.91,2.55
2026-07-04 05:14:38.865,0.4,0.4,0.4,0.4,0,1632,7.91,2.53
2026-07-04 05:14:39.365,0.4,0.4,0.4,0.4,0,1630,7.91,2.56
2026-07-04 05:14:39.864,0.4,0.4,0.4,0.4,0,1631,7.91,2.55
2026-07-04 05:14:40.346,0.4,0.4,0.4,0.4,0,1632,7.91,2.53
2026-07-04 05:14:40.841,0.4,0.4,0.4,0.4,0,1632,7.91,2.53
2026-07-04 05:14:41.369,0.4,0.4,0.4,0.4,0,1631,7.91,2.55
2026-07-04 05:14:41.825,0.4,0.4,0.4,0.0,0,1632,7.91,2.53
2026-07-04 05:14:42.333,0.4,0.4,0.4,0.0,0,1631,7.91,2.55
2026-07-04 05:14:42.819,0.4,0.4,0.4,0.0,0,1633,7.91,2.52
2026-07-04 05:14:43.317,0.4,0.4,0.4,0.0,0,1630,7.91,2.56
2026-07-04 05:14:43.816,0.4,0.4,0.4,0.4,0,1634,7.91,2.50
2026-07-04 05:14:44.363,0.4,0.4,0.4,0.4,0,1628,7.91,2.59
2026-07-04 05:14:44.863,0.4,0.4,0.4,0.4,0,1635,7.91,2.49
2026-07-04 05:14:45.347,0.4,0.4,0.4,0.4,0,1632,7.91,2.53
2026-07-04 05:14:45.836,0.4,0.4,0.4,0.4,0,1635,7.91,2.49
2026-07-04 05:14:46.342,0.4,0.4,0.4,0.4,0,1631,7.91,2.55
2026-07-04 05:14:46.839,0.4,0.4,0.4,0.4,0,1634,7.91,2.50
2026-07-04 05:14:47.869,0.4,0.4,0.4,0.4,0,1630,7.91,2.56
2026-07-04 05:14:47.871,0.4,0.4,0.4,0.4,0,1632,7.91,2.53
2026-07-04 05:14:48.364,0.4,0.4,0.4,0.4,0,1630,7.91,2.56
2026-07-04 05:14:48.837,0.4,0.4,0.4,0.4,0,1630,7.91,2.56
2026-07-04 05:14:49.348,0.4,0.4,0.4,0.4,0,1632,7.91,2.53
2026-07-04 05:14:49.817,0.4,0.4,0.4,0.4,0,1630,7.91,2.56
2026-07-04 05:14:50.365,0.4,0.4,0.4,0.4,0,1631,7.91,2.55
2026-07-04 05:14:50.839,0.4,0.4,0.4,0.4,0,1632,7.91,2.53
2026-07-04 05:14:51.349,0.4,0.4,0.4,0.4,0,1630,7.91,2.56
2026-07-04 05:14:51.850,0.4,0.4,0.4,0.4,0,1632,7.91,2.53
2026-07-04 05:14:52.344,0.4,0.4,0.4,0.4,0,1634,7.91,2.50
2026-07-04 05:14:52.838,0.4,0.4,0.4,0.4,0,1633,7.91,2.52
2026-07-04 05:14:53.349,0.4,0.4,0.4,0.4,0,1634,7.91,2.50
2026-07-04 05:14:53.847,0.4,0.4,0.4,0.4,0,1631,7.91,2.55
2026-07-04 05:14:54.351,0.4,0.4,0.4,0.4,0,1633,7.91,2.52
2026-07-04 05:14:54.832,0.4,0.4,0.4,0.4,0,1633,7.91,2.52
2026-07-04 05:14:55.378,0.4,0.4,0.4,0.4,0,1634,7.91,2.50
2026-07-04 05:14:55.883,0.4,0.4,0.4,0.0,0,1631,7.91,2.55
2026-07-04 05:14:56.379,0.4,0.4,0.4,0.0,0,1632,7.91,2.53
2026-07-04 05:14:56.880,0.4,0.4,0.4,0.0,0,1632,7.91,2.53
2026-07-04 05:14:57.378,0.4,0.4,0.4,0.0,0,1633,7.91,2.52
2026-07-04 05:14:57.859,0.4,0.4,0.4,0.0,0,1633,7.91,2.52
2026-07-04 05:14:58.868,0.4,0.4,0.4,0.0,0,1630,7.91,2.56
2026-07-04 05:14:58.868,0.4,0.4,0.4,0.4,0,1631,7.91,2.55
2026-07-04 05:14:59.388,0.4,0.4,0.4,0.4,0,1633,7.91,2.52
2026-07-04 05:14:59.842,0.4,0.4,0.4,0.4,0,1632,7.91,2.53
2026-07-04 05:15:00.341,0.4,0.4,0.4,0.4,0,1632,7.91,2.53
2026-07-04 05:15:00.836,0.4,0.4,0.4,0.0,0,1635,7.91,2.49
2026-07-04 05:15:01.332,0.4,0.4,0.4,0.0,0,1635,7.91,2.49
2026-07-04 05:15:01.873,0.4,0.4,0.4,0.4,0,1631,7.91,2.55
2026-07-04 05:15:02.335,0.4,0.4,0.4,0.4,0,1633,7.91,2.52
2026-07-04 05:15:02.868,0.4,0.4,0.4,0.4,0,1630,7.91,2.56
2026-07-04 05:15:03.372,0.4,0.4,0.4,0.4,0,1629,7.91,2.58
2026-07-04 05:15:03.836,0.4,0.4,0.4,0.4,0,1630,7.91,2.56
2026-07-04 05:15:04.348,0.4,0.4,0.4,0.4,0,1631,7.91,2.55
2026-07-04 05:15:04.832,0.4,0.4,0.4,0.4,0,1636,7.91,2.48
2026-07-04 05:15:05.361,0.4,0.4,0.4,0.4,0,1633,7.91,2.52
2026-07-04 05:15:05.837,0.4,0.4,0.4,0.4,0,1627,7.91,2.61
2026-07-04 05:15:06.339,0.4,0.4,0.4,0.4,0,1633,7.91,2.52
2026-07-04 05:15:06.871,0.4,0.4,0.4,0.4,0,1632,7.91,2.53
2026-07-04 05:15:07.363,0.4,0.4,0.4,0.4,0,1631,7.91,2.55
2026-07-04 05:15:07.826,0.4,0.4,0.4,0.4,0,1630,7.91,2.56
2026-07-04 05:15:08.379,0.4,0.4,0.4,0.4,0,1633,7.91,2.52
2026-07-04 05:15:08.889,0.4,0.4,0.4,0.4,0,1631,7.91,2.55
2026-07-04 05:15:09.350,0.4,0.4,0.4,0.4,0,1631,7.91,2.55
2026-07-04 05:15:09.836,0.4,0.4,0.4,0.0,0,1626,7.91,2.62
2026-07-04 05:15:10.396,0.4,0.4,0.4,0.4,0,1634,7.91,2.50
2026-07-04 05:15:10.833,0.4,0.4,0.4,0.4,0,1636,7.91,2.48
2026-07-04 05:15:11.387,0.4,0.4,0.4,0.4,0,1632,7.91,2.53
2026-07-04 05:15:11.869,0.4,0.4,0.4,0.4,0,1633,7.91,2.52
2026-07-04 05:15:12.870,0.4,0.4,0.4,0.4,1,1633,7.90,2.52
2026-07-04 05:15:12.870,0.4,0.4,0.4,0.4,1,1633,7.90,2.52
2026-07-04 05:15:13.348,0.4,0.4,0.4,0.4,0,1634,7.91,2.50
2026-07-04 05:15:13.850,0.4,0.4,0.4,0.0,0,1634,7.91,2.50
2026-07-04 05:15:14.390,0.4,0.4,0.4,0.0,0,1630,7.91,2.56
2026-07-04 05:15:14.848,0.4,0.4,0.4,0.0,0,1632,7.91,2.53
2026-07-04 05:15:15.351,0.4,0.4,0.4,0.4,0,1632,7.91,2.53
2026-07-04 05:15:15.836,0.4,0.4,0.4,0.4,0,1627,7.91,2.61
2026-07-04 05:15:17.065,0.4,0.4,0.4,0.4,0,1627,7.91,2.61
2026-07-04 05:15:17.381,0.4,0.4,0.4,0.4,0,1629,7.91,2.58
2026-07-04 05:15:17.381,0.4,0.4,0.4,0.4,0,1633,7.91,2.52
2026-07-04 05:15:17.382,0.4,0.4,0.4,0.4,0,1633,7.91,2.52
2026-07-04 05:15:17.870,0.4,0.4,0.4,0.4,0,1633,7.91,2.52
2026-07-04 05:15:18.378,0.4,0.4,0.4,0.4,0,1633,7.91,2.52
2026-07-04 05:15:18.838,0.4,0.4,0.4,0.4,0,1631,7.91,2.55
2026-07-04 05:15:19.378,0.4,0.4,0.4,0.4,0,1635,7.91,2.49
2026-07-04 05:15:19.878,0.4,0.4,0.4,0.4,0,1634,7.91,2.50
2026-07-04 05:15:20.389,0.4,0.4,0.4,0.4,0,1630,7.91,2.56
2026-07-04 05:15:20.849,0.4,0.4,0.4,0.4,0,1634,7.91,2.50
2026-07-04 05:15:21.351,0.4,0.4,0.4,0.4,0,1629,7.91,2.58
2026-07-04 05:15:21.848,0.4,0.4,0.4,0.4,0,1628,7.91,2.59
2026-07-04 05:15:22.347,0.4,0.4,0.4,0.4,0,1634,7.91,2.50
2026-07-04 05:15:22.872,0.4,0.4,0.4,0.4,0,1632,7.91,2.53
2026-07-04 05:15:23.395,0.4,0.4,0.4,0.4,0,1632,7.91,2.53
2026-07-04 05:15:23.898,0.4,0.4,0.4,0.4,0,1630,7.91,2.56
2026-07-04 05:15:24.396,0.4,0.4,0.4,0.4,0,1632,7.91,2.53
2026-07-04 05:15:24.878,0.4,0.4,0.4,0.4,0,1632,7.91,2.53
2026-07-04 05:15:25.364,0.4,0.4,0.4,0.4,0,1633,7.91,2.52
2026-07-04 05:15:25.864,0.4,0.4,0.4,0.0,0,1631,7.91,2.55
2026-07-04 05:15:26.342,0.4,0.4,0.4,0.4,0,1632,7.91,2.53
2026-07-04 05:15:26.849,0.4,0.4,0.4,0.4,0,1630,7.91,2.56
2026-07-04 05:15:27.348,0.4,0.4,0.4,0.4,0,1632,7.91,2.53
2026-07-04 05:15:27.869,0.4,0.4,0.4,0.4,0,1633,7.91,2.52
2026-07-04 05:15:28.362,0.4,0.4,0.4,0.4,0,1632,7.91,2.53
2026-07-04 05:15:28.892,0.4,0.4,0.4,0.4,0,1634,7.91,2.50
2026-07-04 05:15:29.398,0.4,0.4,0.4,0.4,0,1630,7.91,2.56
2026-07-04 05:15:29.855,0.4,0.4,0.4,0.4,0,1633,7.91,2.52
2026-07-04 05:15:30.368,0.4,0.4,0.4,0.4,0,1631,7.91,2.55
2026-07-04 05:15:30.867,0.4,0.4,0.4,0.4,0,1631,7.91,2.55
2026-07-04 05:15:31.352,0.4,0.4,0.4,0.4,0,1629,7.91,2.58
2026-07-04 05:15:31.847,0.4,0.4,0.4,0.4,0,1630,7.91,2.56
2026-07-04 05:15:32.364,0.4,0.4,0.4,0.4,0,1635,7.91,2.49
2026-07-04 05:15:32.840,0.4,0.4,0.4,0.4,0,1631,7.91,2.55
2026-07-04 05:15:33.378,0.4,0.4,0.4,0.4,0,1634,7.91,2.50
2026-07-04 05:15:33.869,0.4,0.4,0.4,0.4,0,1633,7.91,2.52
2026-07-04 05:15:34.396,0.4,0.4,0.4,0.4,0,1630,7.91,2.56
2026-07-04 05:15:34.882,0.4,0.4,0.4,0.4,0,1633,7.91,2.52
2026-07-04 05:15:35.368,0.4,0.4,0.4,0.4,0,1633,7.91,2.52
2026-07-04 05:15:35.858,0.4,0.4,0.4,0.4,0,1633,7.91,2.52
2026-07-04 05:15:36.364,0.4,0.4,0.4,0.4,0,1630,7.91,2.56
2026-07-04 05:15:36.870,0.4,0.4,0.4,0.4,0,1631,7.91,2.55
2026-07-04 05:15:37.369,0.4,0.4,0.4,0.4,0,1632,7.91,2.53
2026-07-04 05:15:37.897,0.4,0.4,0.4,0.4,0,1630,7.91,2.56
2026-07-04 05:15:38.396,0.4,0.4,0.4,0.4,0,1635,7.91,2.49
2026-07-04 05:15:38.879,0.4,0.4,0.4,0.4,0,1630,7.91,2.56
2026-07-04 05:15:39.378,0.4,0.4,0.4,0.4,0,1632,7.91,2.53
2026-07-04 05:15:39.861,0.4,0.4,0.4,0.4,0,1631,7.91,2.55
2026-07-04 05:15:40.373,0.4,0.4,0.4,0.4,0,1630,7.91,2.56
2026-07-04 05:15:40.871,0.4,0.4,0.4,0.4,0,1634,7.91,2.50
2026-07-04 05:15:41.395,0.4,0.4,0.4,0.4,0,1635,7.91,2.49
2026-07-04 05:15:41.884,0.4,0.4,0.4,0.4,0,1633,7.91,2.52
2026-07-04 05:15:42.390,0.4,0.4,0.4,0.4,0,1632,7.91,2.53
2026-07-04 05:15:42.897,0.4,0.4,0.4,0.4,0,1632,7.91,2.53
2026-07-04 05:15:43.348,0.4,0.4,0.4,0.4,0,1631,7.91,2.55
2026-07-04 05:15:43.881,0.4,0.4,0.4,0.4,0,1635,7.91,2.49
2026-07-04 05:15:44.376,0.4,0.4,0.4,0.4,0,1628,7.91,2.59
2026-07-04 05:15:44.868,0.4,0.4,0.4,0.4,0,1631,7.91,2.55
2026-07-04 05:15:45.367,0.4,0.4,0.4,0.4,0,1633,7.91,2.52
2026-07-04 05:15:45.869,0.4,0.4,0.4,0.4,0,1632,7.91,2.53
2026-07-04 05:15:46.361,0.4,0.4,0.4,0.4,0,1634,7.91,2.50
2026-07-04 05:15:47.369,0.4,0.4,0.4,0.4,0,1635,7.91,2.49
2026-07-04 05:15:47.369,0.4,0.4,0.5,0.4,0,1634,7.91,2.50
2026-07-04 05:15:47.869,0.4,0.4,0.4,0.4,0,1633,7.91,2.52
2026-07-04 05:15:48.371,0.4,0.4,0.4,0.4,0,1632,7.91,2.53
2026-07-04 05:15:48.884,0.4,0.4,0.4,0.4,0,1633,7.91,2.52
2026-07-04 05:15:49.869,0.4,0.4,0.4,0.4,0,1633,7.91,2.52
2026-07-04 05:15:49.869,0.4,0.4,0.4,0.4,1,1628,7.90,2.59
2026-07-04 05:15:50.412,0.4,0.4,0.4,0.4,0,1633,7.91,2.52
2026-07-04 05:15:50.911,0.4,0.4,0.4,0.4,0,1630,7.91,2.56
2026-07-04 05:15:51.409,0.4,0.4,0.4,0.4,0,1634,7.91,2.50
2026-07-04 05:15:51.910,0.4,0.4,0.4,0.4,0,1633,7.91,2.52
2026-07-04 05:15:52.392,0.4,0.4,0.4,0.4,0,1632,7.91,2.53
2026-07-04 05:15:52.861,0.4,0.4,0.4,0.4,0,1632,7.91,2.53
2026-07-04 05:15:53.368,0.4,0.4,0.4,0.4,0,1631,7.91,2.55
2026-07-04 05:15:53.857,0.4,0.4,0.4,0.4,0,1630,7.91,2.56
2026-07-04 05:15:54.379,0.4,0.4,0.4,0.4,0,1633,7.91,2.52
2026-07-04 05:15:54.897,0.4,0.4,0.4,0.4,0,1632,7.91,2.53
2026-07-04 05:15:55.400,0.4,0.4,0.4,0.4,0,1629,7.91,2.58
2026-07-04 05:15:55.868,0.4,0.4,0.4,0.4,0,1631,7.91,2.55
2026-07-04 05:15:56.364,0.4,0.4,0.4,0.4,0,1630,7.91,2.56
2026-07-04 05:15:56.869,0.4,0.4,0.4,0.4,0,1631,7.91,2.55
2026-07-04 05:15:57.369,0.4,0.4,0.4,0.4,0,1633,7.91,2.52
2026-07-04 05:15:57.883,0.4,0.4,0.4,0.4,0,1635,7.91,2.49
2026-07-04 05:15:58.396,0.4,0.4,0.4,0.4,0,1631,7.91,2.55
2026-07-04 05:15:58.882,0.4,0.4,0.4,0.4,0,1631,7.91,2.55
2026-07-04 05:15:59.878,0.4,0.4,0.4,0.4,0,1632,7.91,2.53
2026-07-04 05:15:59.878,0.4,0.4,0.4,0.4,0,1633,7.91,2.52
2026-07-04 05:16:00.378,0.4,0.4,0.4,0.4,0,1635,7.91,2.49
2026-07-04 05:16:00.890,0.4,0.4,0.4,0.0,0,1635,7.91,2.49
2026-07-04 05:16:01.404,0.4,0.4,0.4,0.0,0,1635,7.91,2.49
2026-07-04 05:16:01.904,0.4,0.4,0.4,0.0,0,1633,7.91,2.52
2026-07-04 05:16:02.412,0.4,0.4,0.4,0.0,0,1632,7.91,2.53
2026-07-04 05:16:02.911,0.4,0.4,0.4,0.0,0,1632,7.91,2.53
2026-07-04 05:16:03.393,0.4,0.4,0.4,0.0,0,1632,7.91,2.53
2026-07-04 05:16:03.897,0.4,0.4,0.4,0.0,0,1630,7.91,2.56
2026-07-04 05:16:04.396,0.4,0.4,0.4,0.0,0,1631,7.91,2.55
2026-07-04 05:16:05.099,0.4,0.4,0.4,0.0,0,1631,7.91,2.55
2026-07-04 05:16:05.412,0.4,0.4,0.4,0.0,0,1631,7.91,2.55
2026-07-04 05:16:05.911,0.4,0.4,0.4,0.0,1,1629,7.90,2.58
2026-07-04 05:16:05.912,0.4,0.4,0.4,0.0,0,1632,7.91,2.53
2026-07-04 05:16:06.399,0.4,0.4,0.4,0.0,0,1631,7.91,2.55
2026-07-04 05:16:06.897,0.4,0.4,0.4,0.0,0,1632,7.91,2.53
2026-07-04 05:16:07.401,0.4,0.4,0.4,0.4,0,1632,7.91,2.53
2026-07-04 05:16:07.917,0.4,0.4,0.4,0.4,0,1633,7.91,2.52
2026-07-04 05:16:08.414,0.4,0.4,0.4,0.4,0,1632,7.91,2.53
2026-07-04 05:16:08.909,0.4,0.4,0.4,0.4,0,1630,7.91,2.56
2026-07-04 05:16:09.408,0.4,0.4,0.4,0.0,0,1630,7.91,2.56
2026-07-04 05:16:09.869,0.4,0.4,0.4,0.0,0,1629,7.91,2.58
2026-07-04 05:16:10.371,0.4,0.4,0.4,0.0,0,1632,7.91,2.53
2026-07-04 05:16:10.900,0.4,0.4,0.4,0.0,0,1630,7.91,2.56
2026-07-04 05:16:11.414,0.4,0.4,0.4,0.0,0,1632,7.91,2.53
2026-07-04 05:16:11.910,0.4,0.4,0.4,0.0,0,1633,7.91,2.52
2026-07-04 05:16:12.381,0.4,0.4,0.4,0.0,0,1631,7.91,2.55
2026-07-04 05:16:12.931,0.4,0.4,0.4,0.0,0,1634,7.91,2.50
2026-07-04 05:16:13.426,0.4,0.4,0.4,0.0,0,1635,7.91,2.49
2026-07-04 05:16:13.918,0.4,0.4,0.4,0.0,0,1633,7.91,2.52
2026-07-04 05:16:14.365,0.4,0.4,0.4,0.0,0,1632,7.91,2.53
2026-07-04 05:16:14.869,0.4,0.4,0.4,0.0,0,1631,7.91,2.55
2026-07-04 05:16:15.398,0.4,0.4,0.4,0.0,0,1632,7.91,2.53
2026-07-04 05:16:15.897,0.4,0.4,0.4,0.0,0,1633,7.91,2.52
2026-07-04 05:16:16.395,0.4,0.4,0.4,0.0,0,1631,7.91,2.55
2026-07-04 05:16:16.919,0.4,0.4,0.4,0.0,0,1634,7.91,2.50
2026-07-04 05:16:17.407,0.4,0.4,0.4,0.0,0,1631,7.91,2.55
2026-07-04 05:16:17.868,0.4,0.4,0.4,0.0,0,1635,7.91,2.49
2026-07-04 05:16:18.391,0.4,0.4,0.4,0.4,0,1632,7.91,2.53
2026-07-04 05:16:18.902,0.4,0.4,0.4,0.4,0,1633,7.91,2.52
2026-07-04 05:16:19.380,0.4,0.4,0.4,0.4,0,1630,7.91,2.56
2026-07-04 05:16:20.130,0.4,0.4,0.4,0.4,0,1630,7.91,2.56
2026-07-04 05:16:20.423,0.4,0.4,0.4,0.4,0,1636,7.91,2.48
2026-07-04 05:16:20.424,0.4,0.4,0.4,0.4,0,1634,7.91,2.50
2026-07-04 05:16:20.893,0.4,0.4,0.4,0.4,0,1634,7.91,2.50
2026-07-04 05:16:21.368,0.4,0.4,0.4,0.4,0,1634,7.91,2.50
2026-07-04 05:16:21.929,0.4,0.4,0.4,0.0,0,1631,7.91,2.55
2026-07-04 05:16:22.444,0.4,0.4,0.4,0.0,0,1633,7.91,2.52
2026-07-04 05:16:22.882,0.4,0.4,0.4,0.4,0,1634,7.91,2.50
2026-07-04 05:16:23.383,0.4,0.4,0.4,0.4,0,1631,7.91,2.55
2026-07-04 05:16:23.882,0.4,0.4,0.4,0.4,0,1632,7.91,2.53
2026-07-04 05:16:24.412,0.4,0.4,0.4,0.4,0,1630,7.91,2.56
2026-07-04 05:16:24.902,0.4,0.4,0.4,0.0,0,1630,7.91,2.56
2026-07-04 05:16:25.404,0.4,0.4,0.4,0.4,5,1634,7.84,2.50
2026-07-04 05:16:25.902,0.4,0.4,0.4,0.4,1,1633,7.90,2.52
2026-07-04 05:16:26.429,0.4,0.4,0.4,0.4,0,1631,7.91,2.55
2026-07-04 05:16:26.926,0.4,0.4,0.4,0.4,0,1636,7.91,2.48
2026-07-04 05:16:27.407,0.4,0.4,0.4,0.4,0,1632,7.91,2.53
2026-07-04 05:16:27.922,0.4,0.4,0.4,0.0,0,1633,7.91,2.52
2026-07-04 05:16:28.423,0.4,0.4,0.4,0.0,0,1633,7.91,2.52
2026-07-04 05:16:28.927,0.4,0.4,0.4,0.0,0,1630,7.91,2.56
2026-07-04 05:16:29.448,0.4,0.4,0.4,0.0,0,1631,7.91,2.55
2026-07-04 05:16:29.902,0.4,0.4,0.4,0.0,0,1631,7.91,2.55
2026-07-04 05:16:30.396,0.4,0.4,0.4,0.0,0,1630,7.91,2.56
2026-07-04 05:16:30.917,0.4,0.4,0.4,0.0,0,1630,7.91,2.56
2026-07-04 05:16:31.398,0.4,0.4,0.4,0.4,0,1632,7.91,2.53
2026-07-04 05:16:31.927,0.4,0.4,0.4,0.4,0,1631,7.91,2.55
2026-07-04 05:16:32.379,0.4,0.4,0.4,0.4,0,1630,7.91,2.56
2026-07-04 05:16:32.930,0.4,0.4,0.4,0.4,0,1631,7.91,2.55
2026-07-04 05:16:33.398,0.4,0.4,0.4,0.4,0,1630,7.91,2.56
2026-07-04 05:16:33.890,0.4,0.4,0.4,0.4,0,1635,7.91,2.49
2026-07-04 05:16:34.427,0.4,0.4,0.4,0.4,0,1630,7.91,2.56
2026-07-04 05:16:34.898,0.4,0.4,0.4,0.4,0,1632,7.91,2.53
2026-07-04 05:16:35.404,0.4,0.4,0.4,0.4,0,1630,7.91,2.56
2026-07-04 05:16:35.928,0.4,0.4,0.4,0.4,0,1632,7.91,2.53
2026-07-04 05:16:36.398,0.4,0.4,0.4,0.4,0,1631,7.91,2.55
2026-07-04 05:16:37.398,0.4,0.4,0.4,0.4,0,1634,7.91,2.50
2026-07-04 05:16:37.399,0.4,0.4,0.4,0.4,0,1633,7.91,2.52
2026-07-04 05:16:37.915,0.4,0.4,0.4,0.4,0,1632,7.91,2.53
2026-07-04 05:16:38.407,0.4,0.4,0.4,0.0,0,1632,7.91,2.53
2026-07-04 05:16:38.928,0.4,0.4,0.4,0.0,0,1632,7.91,2.53
2026-07-04 05:16:39.896,0.4,0.4,0.4,0.0,0,1636,7.91,2.48
2026-07-04 05:16:39.898,0.4,0.4,0.4,0.0,0,1631,7.91,2.55
2026-07-04 05:16:40.421,0.4,0.4,0.4,0.4,0,1630,7.91,2.56
2026-07-04 05:16:41.411,0.4,0.4,0.4,0.4,0,1628,7.91,2.59
2026-07-04 05:16:41.412,0.4,0.4,0.4,0.4,0,1633,7.91,2.52
2026-07-04 05:16:41.907,0.4,0.4,0.4,0.4,0,1630,7.91,2.56
2026-07-04 05:16:42.413,0.4,0.4,0.4,0.0,0,1629,7.91,2.58
2026-07-04 05:16:42.927,0.4,0.4,0.4,0.0,0,1630,7.91,2.56
2026-07-04 05:16:43.417,0.4,0.4,0.4,0.0,0,1630,7.91,2.56
2026-07-04 05:16:43.899,0.4,0.4,0.4,0.0,0,1631,7.91,2.55
2026-07-04 05:16:44.396,0.4,0.4,0.4,0.0,0,1632,7.91,2.53
2026-07-04 05:16:44.892,0.4,0.4,0.4,0.0,0,1630,7.91,2.56
2026-07-04 05:16:45.428,0.4,0.4,0.4,0.4,0,1632,7.91,2.53
2026-07-04 05:16:45.897,0.4,0.4,0.4,0.4,0,1632,7.91,2.53
2026-07-04 05:16:46.398,0.4,0.4,0.4,0.4,0,1635,7.91,2.49
2026-07-04 05:16:46.896,0.4,0.4,0.4,0.4,0,1635,7.91,2.49
2026-07-04 05:16:47.397,0.4,0.4,0.4,0.0,0,1631,7.91,2.55
2026-07-04 05:16:47.899,0.4,0.4,0.4,0.0,0,1630,7.91,2.56
2026-07-04 05:16:48.396,0.4,0.4,0.4,0.0,0,1634,7.91,2.50
2026-07-04 05:16:48.919,0.4,0.4,0.4,0.0,0,1634,7.91,2.50
2026-07-04 05:16:49.431,0.4,0.4,0.4,0.4,0,1632,7.91,2.53
2026-07-04 05:16:49.917,0.4,0.4,0.4,0.4,0,1633,7.91,2.52
2026-07-04 05:16:50.412,0.4,0.4,0.4,0.4,0,1629,7.91,2.58
2026-07-04 05:16:50.911,0.4,0.4,0.4,0.4,1,1623,7.90,2.67
2026-07-04 05:16:51.433,0.4,0.4,0.4,0.4,0,1633,7.91,2.52
2026-07-04 05:16:51.928,0.4,0.4,0.4,0.4,0,1630,7.91,2.56
2026-07-04 05:16:52.428,0.4,0.4,0.4,0.4,1,1632,7.90,2.53
2026-07-04 05:16:52.925,0.4,0.4,0.4,0.4,0,1630,7.91,2.56
2026-07-04 05:16:53.400,0.4,0.4,0.4,0.4,0,1630,7.91,2.56
2026-07-04 05:16:53.916,0.4,0.4,0.4,0.4,0,1630,7.91,2.56
2026-07-04 05:16:54.601,0.4,0.4,0.4,0.4,0,1630,7.91,2.56
2026-07-04 05:16:54.913,0.4,0.4,0.4,0.0,0,1630,7.91,2.56
2026-07-04 05:16:54.914,0.4,0.4,0.4,0.4,1,1634,7.90,2.50
2026-07-04 05:16:55.440,0.4,0.4,0.4,0.4,0,1629,7.91,2.58
2026-07-04 05:16:55.942,0.4,0.4,0.4,0.4,0,1632,7.91,2.53
2026-07-04 05:16:56.408,0.4,0.4,0.4,0.4,0,1633,7.91,2.52
2026-07-04 05:16:56.917,0.4,0.4,0.4,0.4,0,1634,7.91,2.50
2026-07-04 05:16:57.428,0.4,0.4,0.4,0.4,0,1631,7.91,2.55
2026-07-04 05:16:57.896,0.4,0.4,0.4,0.4,0,1632,7.91,2.53
2026-07-04 05:16:58.396,0.4,0.4,0.4,0.4,0,1630,7.91,2.56
2026-07-04 05:16:58.915,0.4,0.4,0.4,0.4,0,1632,7.91,2.53
2026-07-04 05:16:59.423,0.4,0.4,0.4,0.4,0,1633,7.91,2.52
2026-07-04 05:16:59.945,0.4,0.4,0.4,0.4,0,1631,7.91,2.55
2026-07-04 05:17:00.432,0.4,0.4,0.4,0.4,0,1630,7.91,2.56
2026-07-04 05:17:00.996,0.4,0.4,0.4,0.4,0,1629,7.91,2.58
2026-07-04 05:17:01.503,0.4,0.4,0.4,0.4,0,1630,7.91,2.56
2026-07-04 05:17:01.904,0.4,0.4,0.4,0.4,0,1630,7.91,2.56
2026-07-04 05:17:02.434,0.4,0.4,0.4,0.4,0,1630,7.91,2.56
2026-07-04 05:17:02.922,0.4,0.4,0.4,0.4,0,1630,7.91,2.56
2026-07-04 05:17:03.514,0.4,0.4,0.4,0.4,0,1631,7.91,2.55
2026-07-04 05:17:03.930,0.4,0.4,0.4,0.4,0,1629,7.91,2.58
2026-07-04 05:17:04.429,0.4,0.4,0.4,0.4,0,1631,7.91,2.55
2026-07-04 05:17:04.927,0.4,0.4,0.4,0.4,0,1631,7.91,2.55
2026-07-04 05:17:05.519,0.4,0.4,0.4,0.4,0,1629,7.91,2.58
2026-07-04 05:17:05.896,0.4,0.4,0.4,0.4,0,1624,7.91,2.65
2026-07-04 05:17:06.428,0.4,0.4,0.4,0.4,0,1631,7.91,2.55
2026-07-04 05:17:06.964,0.4,0.4,0.4,0.4,0,1629,7.91,2.58
2026-07-04 05:17:07.398,0.4,0.4,0.4,0.4,0,1634,7.91,2.50
2026-07-04 05:17:07.895,0.4,0.4,0.4,0.4,0,1632,7.91,2.53
2026-07-04 05:17:08.396,0.4,0.4,0.4,0.4,0,1631,7.91,2.55
2026-07-04 05:17:08.897,0.4,0.4,0.4,0.4,0,1626,7.91,2.62
2026-07-04 05:17:09.468,0.4,0.4,0.4,0.4,0,1631,7.91,2.55
2026-07-04 05:17:09.933,0.4,0.4,0.4,0.4,0,1627,7.91,2.61
2026-07-04 05:17:10.416,0.4,0.4,0.4,0.4,0,1632,7.91,2.53
2026-07-04 05:17:10.897,0.4,0.4,0.4,0.4,0,1631,7.91,2.55
2026-07-04 05:17:11.443,0.4,0.4,0.4,0.4,1,1632,7.90,2.53
2026-07-04 05:17:11.915,0.4,0.4,0.4,0.4,0,1626,7.91,2.62
2026-07-04 05:17:12.435,0.4,0.4,0.4,0.4,0,1630,7.91,2.56
2026-07-04 05:17:12.917,0.4,0.4,0.4,0.4,0,1634,7.91,2.50
2026-07-04 05:17:13.412,0.4,0.4,0.4,0.4,0,1634,7.91,2.50
2026-07-04 05:17:13.912,0.4,0.4,0.4,0.4,0,1632,7.91,2.53
2026-07-04 05:17:14.409,0.4,0.4,0.4,0.4,0,1631,7.91,2.55
2026-07-04 05:17:14.930,0.4,0.4,0.4,0.4,2,1632,7.88,2.53
2026-07-04 05:17:15.452,0.4,0.4,0.4,0.4,0,1632,7.91,2.53
2026-07-04 05:17:15.901,0.4,0.4,0.4,0.4,0,1632,7.91,2.53
2026-07-04 05:17:16.413,0.4,0.4,0.4,0.4,0,1629,7.91,2.58
2026-07-04 05:17:16.913,0.4,0.4,0.4,0.4,1,1631,7.90,2.55
2026-07-04 05:17:17.408,0.4,0.4,0.4,0.4,0,1633,7.91,2.52
2026-07-04 05:17:17.938,0.4,0.4,0.4,0.4,3,1634,7.87,2.50
2026-07-04 05:17:18.402,0.4,0.4,0.4,0.4,3,1629,7.87,2.58
2026-07-04 05:17:18.897,0.4,0.4,0.4,0.4,0,1631,7.91,2.55
2026-07-04 05:17:19.458,0.4,0.4,0.4,0.4,0,1632,7.91,2.53
2026-07-04 05:17:19.958,0.4,0.4,0.4,0.4,0,1632,7.91,2.53
2026-07-04 05:17:20.412,0.4,0.4,0.4,0.4,0,1630,7.91,2.56
2026-07-04 05:17:20.898,0.4,0.4,0.4,0.4,1,1630,7.90,2.56
2026-07-04 05:17:21.448,0.4,0.4,0.4,0.4,0,1632,7.91,2.53
2026-07-04 05:17:21.958,0.4,0.4,0.4,0.4,0,1631,7.91,2.55
2026-07-04 05:17:22.432,0.4,0.4,0.4,0.4,0,1631,7.91,2.55
2026-07-04 05:17:22.951,0.4,0.4,0.4,0.4,0,1630,7.91,2.56
2026-07-04 05:17:23.418,0.4,0.4,0.4,0.4,0,1632,7.91,2.53
2026-07-04 05:17:23.950,0.4,0.4,0.4,0.4,0,1631,7.91,2.55
2026-07-04 05:17:24.466,0.4,0.4,0.4,0.4,0,1630,7.91,2.56
2026-07-04 05:17:24.957,0.4,0.4,0.4,0.4,0,1630,7.91,2.56
2026-07-04 05:17:25.908,0.4,0.4,0.4,0.4,0,1630,7.91,2.56
2026-07-04 05:17:25.969,0.4,0.4,0.4,0.4,0,1632,7.91,2.53
2026-07-04 05:17:26.457,0.4,0.4,0.4,0.4,0,1631,7.91,2.55
2026-07-04 05:17:26.958,0.4,0.4,0.4,0.4,0,1630,7.91,2.56
2026-07-04 05:17:27.419,0.4,0.4,0.4,0.4,0,1630,7.91,2.56
2026-07-04 05:17:27.928,0.4,0.4,0.4,0.4,0,1631,7.91,2.55
2026-07-04 05:17:28.443,0.4,0.4,0.4,0.4,0,1631,7.91,2.55
2026-07-04 05:17:28.945,0.4,0.4,0.4,0.4,0,1631,7.91,2.55
2026-07-04 05:17:29.443,0.4,0.4,0.4,0.4,0,1633,7.91,2.52
2026-07-04 05:17:29.942,0.4,0.4,0.4,0.4,0,1634,7.91,2.50
2026-07-04 05:17:30.460,0.4,0.4,0.4,0.4,0,1631,7.91,2.55
2026-07-04 05:17:30.937,0.4,0.4,0.4,0.4,0,1631,7.91,2.55
2026-07-04 05:17:31.429,0.4,0.4,0.4,0.4,0,1631,7.91,2.55
2026-07-04 05:17:31.930,0.4,0.4,0.4,0.4,0,1630,7.91,2.56
2026-07-04 05:17:32.460,0.4,0.4,0.4,0.4,0,1632,7.91,2.53
2026-07-04 05:17:32.983,0.4,0.4,0.4,0.4,1,1633,7.90,2.52
2026-07-04 05:17:33.447,0.4,0.4,0.4,0.4,1,1634,7.90,2.50
2026-07-04 05:17:33.942,0.4,0.4,0.4,0.4,0,1630,7.91,2.56
2026-07-04 05:17:34.531,0.4,0.4,0.5,0.4,0,1630,7.91,2.56
2026-07-04 05:17:34.923,0.4,0.4,0.5,0.4,0,1632,7.91,2.53
2026-07-04 05:17:35.405,0.4,0.4,0.5,0.4,0,1631,7.91,2.55
2026-07-04 05:17:35.917,0.4,0.4,0.5,0.4,0,1634,7.91,2.50
2026-07-04 05:17:36.432,0.4,0.4,0.5,0.4,0,1632,7.91,2.53
2026-07-04 05:17:36.929,0.4,0.4,0.5,0.4,0,1635,7.91,2.49
2026-07-04 05:17:37.429,0.4,0.4,0.6,0.4,0,1635,7.91,2.49
2026-07-04 05:17:37.925,0.4,0.4,0.6,0.4,0,1633,7.91,2.52
2026-07-04 05:17:38.421,0.4,0.4,0.5,0.4,0,1632,7.91,2.53
2026-07-04 05:17:38.959,0.4,0.4,0.5,0.4,0,1631,7.91,2.55
2026-07-04 05:17:39.430,0.4,0.4,0.5,0.4,0,1633,7.91,2.52
2026-07-04 05:17:40.459,0.4,0.4,0.5,0.4,0,1631,7.91,2.55
2026-07-04 05:17:40.460,0.4,0.4,0.6,0.4,0,1631,7.91,2.55
2026-07-04 05:17:40.944,0.4,0.4,0.6,0.4,0,1634,7.91,2.50
2026-07-04 05:17:41.429,0.4,0.4,0.6,0.4,0,1632,7.91,2.53
2026-07-04 05:17:41.932,0.4,0.4,0.6,0.4,0,1633,7.91,2.52
2026-07-04 05:17:42.911,0.4,0.4,0.6,0.4,1,1631,7.90,2.55
2026-07-04 05:17:42.972,0.4,0.4,0.7,0.4,0,1629,7.91,2.58
2026-07-04 05:17:43.451,0.4,0.4,0.7,0.4,0,1633,7.91,2.52
2026-07-04 05:17:43.951,0.4,0.4,0.7,0.4,0,1633,7.91,2.52
2026-07-04 05:17:44.444,0.4,0.4,0.7,0.4,0,1635,7.91,2.49
2026-07-04 05:17:44.935,0.4,0.4,0.7,0.4,0,1632,7.91,2.53
2026-07-04 05:17:45.449,0.4,0.4,0.7,0.4,0,1634,7.91,2.50
2026-07-04 05:17:45.961,0.4,0.4,0.7,0.4,0,1631,7.91,2.55
2026-07-04 05:17:46.429,0.4,0.4,0.6,0.4,0,1631,7.91,2.55
2026-07-04 05:17:46.960,0.4,0.4,0.6,0.4,0,1631,7.91,2.55
2026-07-04 05:17:47.430,0.4,0.4,0.6,0.4,0,1634,7.91,2.50
2026-07-04 05:17:48.074,0.4,0.4,0.6,0.4,0,1631,7.91,2.55
2026-07-04 05:17:48.943,0.4,0.4,0.6,0.4,0,1633,7.91,2.52
2026-07-04 05:17:48.944,0.4,0.4,0.6,0.4,0,1633,7.91,2.52
2026-07-04 05:17:49.458,0.4,0.4,0.5,0.4,0,1631,7.91,2.55
2026-07-04 05:17:49.931,0.4,0.4,0.5,0.4,0,1631,7.91,2.55
2026-07-04 05:17:50.428,0.4,0.4,0.5,0.4,0,1633,7.91,2.52
2026-07-04 05:17:50.957,0.4,0.4,0.6,0.4,0,1632,7.91,2.53
2026-07-04 05:17:51.444,0.4,0.4,0.6,0.4,0,1631,7.91,2.55
2026-07-04 05:17:51.942,0.4,0.4,0.7,0.4,0,1632,7.91,2.53
2026-07-04 05:17:52.476,0.4,0.4,0.7,0.4,0,1631,7.91,2.55
2026-07-04 05:17:52.973,0.4,0.4,0.9,0.4,0,1633,7.91,2.52
2026-07-04 05:17:53.448,0.4,0.4,0.7,0.4,0,1632,7.91,2.53
2026-07-04 05:17:53.955,0.4,0.4,0.6,0.4,0,1628,7.91,2.59
2026-07-04 05:17:54.420,0.4,0.4,0.5,0.4,0,1632,7.91,2.53
2026-07-04 05:17:54.930,0.4,0.4,0.5,0.4,0,1631,7.91,2.55
2026-07-04 05:17:55.458,0.4,0.4,0.5,0.4,0,1631,7.91,2.55
2026-07-04 05:17:56.427,0.4,0.4,0.5,0.4,0,1633,7.91,2.52
2026-07-04 05:17:56.428,0.4,0.4,0.5,0.4,0,1631,7.91,2.55
2026-07-04 05:17:56.966,0.4,0.4,0.6,0.4,0,1630,7.91,2.56
2026-07-04 05:17:57.457,0.4,0.4,0.6,0.4,0,1632,7.91,2.53
2026-07-04 05:17:57.929,0.4,0.4,0.6,0.4,0,1633,7.91,2.52
2026-07-04 05:17:58.428,0.4,0.4,0.7,0.4,0,1633,7.91,2.52
2026-07-04 05:17:58.928,0.4,0.4,0.7,0.4,0,1630,7.91,2.56
2026-07-04 05:17:59.422,0.4,0.4,0.7,0.4,0,1632,7.91,2.53
2026-07-04 05:17:59.980,0.4,0.4,0.7,0.4,1,1634,7.90,2.50
2026-07-04 05:18:00.433,0.4,0.4,0.8,0.4,0,1633,7.91,2.52
2026-07-04 05:18:00.928,0.4,0.4,0.8,0.4,0,1631,7.91,2.55
2026-07-04 05:18:01.479,0.4,0.4,0.8,0.4,0,1632,7.91,2.53
2026-07-04 05:18:01.957,0.4,0.4,0.8,0.4,0,1629,7.91,2.58
2026-07-04 05:18:02.448,0.4,0.4,0.9,0.4,0,1631,7.91,2.55
2026-07-04 05:18:02.946,0.4,0.4,0.9,0.4,0,1631,7.91,2.55
2026-07-04 05:18:03.490,0.4,0.4,0.9,0.4,0,1634,7.91,2.50
2026-07-04 05:18:03.950,0.4,0.4,0.9,0.4,0,1629,7.91,2.58
2026-07-04 05:18:04.477,0.4,0.4,0.9,0.4,0,1629,7.91,2.58
2026-07-04 05:18:04.973,0.4,0.4,0.9,0.4,0,1634,7.91,2.50
2026-07-04 05:18:05.456,0.4,0.4,0.9,0.4,0,1634,7.91,2.50
2026-07-04 05:18:05.961,0.4,0.4,0.9,0.4,0,1631,7.91,2.55
2026-07-04 05:18:06.431,0.4,0.4,0.9,0.4,0,1631,7.91,2.55
2026-07-04 05:18:06.933,0.4,0.4,0.9,0.4,0,1634,7.91,2.50
2026-07-04 05:18:07.428,0.4,0.4,0.9,0.4,0,1629,7.91,2.58
2026-07-04 05:18:07.929,0.4,0.4,0.8,0.4,0,1632,7.91,2.53
2026-07-04 05:18:08.929,0.4,0.4,0.8,0.4,0,1633,7.91,2.52
2026-07-04 05:18:08.988,0.4,0.4,0.8,0.4,0,1631,7.91,2.55
2026-07-04 05:18:09.429,0.4,0.4,0.8,0.4,0,1629,7.91,2.58
2026-07-04 05:18:09.978,0.4,0.4,0.8,0.4,0,1629,7.91,2.58
2026-07-04 05:18:10.429,0.4,0.4,0.8,0.4,0,1629,7.91,2.58
2026-07-04 05:18:10.956,0.4,0.4,0.8,0.4,0,1629,7.91,2.58
2026-07-04 05:18:11.932,0.4,0.4,0.8,0.4,0,1631,7.91,2.55
2026-07-04 05:18:11.993,0.4,0.4,0.7,0.4,0,1630,7.91,2.56
2026-07-04 05:18:12.489,0.4,0.4,0.7,0.4,0,1631,7.91,2.55
2026-07-04 05:18:12.988,0.4,0.4,0.7,0.4,0,1637,7.91,2.46
2026-07-04 05:18:13.474,0.4,0.4,0.8,0.4,0,1631,7.91,2.55
2026-07-04 05:18:13.950,0.4,0.4,0.8,0.4,0,1632,7.91,2.53
2026-07-04 05:18:14.462,0.4,0.4,0.8,0.4,0,1634,7.91,2.50
2026-07-04 05:18:14.958,0.4,0.4,0.8,0.4,0,1633,7.91,2.52
2026-07-04 05:18:15.457,0.4,0.4,0.8,0.4,0,1633,7.91,2.52
2026-07-04 05:18:15.928,0.4,0.4,0.8,0.4,0,1632,7.91,2.53
2026-07-04 05:18:16.445,0.4,0.4,0.7,0.4,0,1636,7.91,2.48
2026-07-04 05:18:16.928,0.4,0.4,0.8,0.4,0,1632,7.91,2.53
2026-07-04 05:18:17.477,0.4,0.4,0.8,0.4,0,1630,7.91,2.56
2026-07-04 05:18:17.973,0.4,0.4,0.8,0.4,0,1632,7.91,2.53
2026-07-04 05:18:18.476,0.4,0.4,0.8,0.4,0,1631,7.91,2.55
2026-07-04 05:18:18.972,0.4,0.4,0.7,0.4,0,1633,7.91,2.52
2026-07-04 05:18:19.448,0.4,0.4,0.7,0.4,0,1631,7.91,2.55
2026-07-04 05:18:19.959,0.4,0.4,0.7,0.4,0,1630,7.91,2.56
2026-07-04 05:18:20.487,0.4,0.4,0.7,0.4,0,1628,7.91,2.59
2026-07-04 05:18:20.947,0.4,0.4,0.7,0.4,0,1632,7.91,2.53
2026-07-04 05:18:21.485,0.4,0.4,0.7,0.4,0,1634,7.91,2.50
2026-07-04 05:18:22.171,0.4,0.4,0.7,0.4,0,1634,7.91,2.50
2026-07-04 05:18:22.461,0.4,0.4,0.7,0.4,0,1632,7.91,2.53
2026-07-04 05:18:22.463,0.4,0.4,0.7,0.4,0,1634,7.91,2.50
2026-07-04 05:18:22.991,0.4,0.4,0.7,0.4,0,1630,7.91,2.56
2026-07-04 05:18:23.476,0.4,0.4,0.8,0.4,0,1631,7.91,2.55
2026-07-04 05:18:23.953,0.4,0.4,0.8,0.4,0,1631,7.91,2.55
2026-07-04 05:18:24.445,0.4,0.4,0.8,0.4,0,1632,7.91,2.53
2026-07-04 05:18:24.949,0.4,0.4,0.9,0.4,0,1633,7.91,2.52
2026-07-04 05:18:25.487,0.4,0.4,0.9,0.4,0,1631,7.91,2.55
2026-07-04 05:18:25.957,0.4,0.4,0.8,0.4,0,1632,7.91,2.53
2026-07-04 05:18:26.443,0.4,0.4,0.8,0.4,0,1628,7.91,2.59
2026-07-04 05:18:26.946,0.4,0.4,0.8,0.4,0,1633,7.91,2.52
2026-07-04 05:18:27.444,0.4,0.4,0.8,0.4,0,1633,7.91,2.52
2026-07-04 05:18:27.970,0.4,0.4,0.8,0.4,0,1631,7.91,2.55
2026-07-04 05:18:28.476,0.4,0.4,0.8,0.4,0,1632,7.91,2.53
2026-07-04 05:18:28.992,0.4,0.4,0.8,0.4,0,1631,7.91,2.55
2026-07-04 05:18:29.960,0.4,0.4,0.8,0.4,0,1634,7.91,2.50
2026-07-04 05:18:29.960,0.4,0.4,0.8,0.4,0,1629,7.91,2.58
2026-07-04 05:18:30.475,0.4,0.4,0.8,0.4,0,1631,7.91,2.55
2026-07-04 05:18:30.974,0.4,0.4,0.8,0.4,0,1632,7.91,2.53
2026-07-04 05:18:31.475,0.4,0.4,0.8,0.4,1,1632,7.90,2.53
2026-07-04 05:18:31.973,0.4,0.4,0.8,0.4,7,1631,7.81,2.55
2026-07-04 05:18:32.473,0.4,0.4,0.8,0.4,4,1636,7.85,2.48
2026-07-04 05:18:32.948,0.4,0.4,0.8,0.4,1,1632,7.90,2.53
2026-07-04 05:18:33.449,0.4,0.4,0.8,0.4,4,1631,7.85,2.55
2026-07-04 05:18:34.450,0.4,0.4,0.8,0.4,0,1632,7.91,2.53
2026-07-04 05:18:34.452,0.4,0.4,0.8,0.4,1,1632,7.90,2.53
2026-07-04 05:18:34.958,0.4,0.4,0.8,0.4,5,1632,7.84,2.53
2026-07-04 05:18:35.459,0.4,0.4,0.8,0.4,13,1635,7.72,2.49
2026-07-04 05:18:35.958,0.5,0.4,0.9,0.4,26,1633,7.53,2.52
2026-07-04 05:18:36.501,0.5,0.4,0.9,0.4,47,1632,7.22,2.53
2026-07-04 05:18:36.950,0.5,0.4,0.9,0.4,56,1632,7.09,2.53
2026-07-04 05:18:37.457,0.5,0.4,0.9,0.4,71,1632,6.87,2.53
2026-07-04 05:18:37.942,0.6,0.4,0.9,0.4,85,1631,6.67,2.55
2026-07-04 05:18:38.490,0.6,0.4,0.9,0.4,102,1630,6.42,2.56
2026-07-04 05:18:38.978,0.6,0.4,1.0,0.4,118,1630,6.18,2.56
2026-07-04 05:18:39.508,0.6,0.4,1.0,0.4,131,1629,5.99,2.58
2026-07-04 05:18:39.978,0.6,0.4,0.9,0.4,131,1632,5.99,2.53
2026-07-04 05:18:40.488,0.6,0.4,0.9,0.4,113,1630,6.25,2.56
2026-07-04 05:18:40.973,0.5,0.4,0.9,0.4,90,1630,6.59,2.56
2026-07-04 05:18:41.471,0.5,0.4,0.9,0.4,85,1632,6.67,2.53
2026-07-04 05:18:41.953,0.5,0.4,0.9,0.4,68,1634,6.91,2.50
2026-07-04 05:18:42.504,0.5,0.4,0.9,0.4,56,1633,7.09,2.52
2026-07-04 05:18:42.972,0.5,0.4,0.9,0.4,48,1631,7.21,2.55
2026-07-04 05:18:43.450,0.5,0.4,0.9,0.4,53,1631,7.13,2.55
2026-07-04 05:18:43.958,0.5,0.4,0.9,0.4,32,1633,7.44,2.52
2026-07-04 05:18:44.456,0.4,0.4,0.9,0.4,18,1633,7.65,2.52
2026-07-04 05:18:44.979,0.5,0.4,0.9,0.4,20,1631,7.62,2.55
2026-07-04 05:18:45.448,0.4,0.4,0.9,0.4,26,1632,7.53,2.53
2026-07-04 05:18:46.003,0.4,0.4,0.9,0.4,7,1630,7.81,2.56
2026-07-04 05:18:46.487,0.4,0.4,0.9,0.4,0,1629,7.91,2.58
2026-07-04 05:18:46.948,0.4,0.4,0.9,0.4,0,1632,7.91,2.53
2026-07-04 05:18:47.459,0.4,0.4,0.9,0.4,0,1632,7.91,2.53
2026-07-04 05:18:47.979,0.4,0.4,0.8,0.4,0,1633,7.91,2.52
2026-07-04 05:18:48.476,0.4,0.4,0.8,0.4,0,1634,7.91,2.50
2026-07-04 05:18:48.972,0.4,0.4,0.8,0.4,0,1633,7.91,2.52
2026-07-04 05:18:49.459,0.4,0.4,0.8,0.4,0,1632,7.91,2.53
2026-07-04 05:18:49.959,0.4,0.4,0.8,0.4,0,1634,7.91,2.50
2026-07-04 05:18:50.489,0.4,0.4,0.8,0.4,0,1631,7.91,2.55
2026-07-04 05:18:50.989,0.4,0.4,0.8,0.4,0,1633,7.91,2.52
2026-07-04 05:18:51.472,0.4,0.4,0.8,0.4,0,1629,7.91,2.58
2026-07-04 05:18:51.951,0.4,0.4,0.8,0.4,0,1631,7.91,2.55
2026-07-04 05:18:52.459,0.4,0.4,0.8,0.4,0,1631,7.91,2.55
2026-07-04 05:18:52.959,0.4,0.4,0.8,0.4,0,1633,7.91,2.52
2026-07-04 05:18:53.462,0.4,0.4,0.8,0.4,0,1631,7.91,2.55
2026-07-04 05:18:53.957,0.4,0.4,0.8,0.4,0,1631,7.91,2.55
2026-07-04 05:18:54.980,0.4,0.4,0.8,0.4,0,1631,7.91,2.55
2026-07-04 05:18:54.980,0.4,0.4,0.8,0.4,0,1635,7.91,2.49
2026-07-04 05:18:55.488,0.4,0.4,0.8,0.4,1,1630,7.90,2.56
2026-07-04 05:18:55.957,0.4,0.4,0.8,0.4,0,1632,7.91,2.53
2026-07-04 05:18:56.455,0.4,0.4,0.8,0.4,1,1629,7.90,2.58
2026-07-04 05:18:56.988,0.4,0.4,0.7,0.4,0,1633,7.91,2.52
2026-07-04 05:18:57.480,0.4,0.4,0.7,0.4,0,1631,7.91,2.55
2026-07-04 05:18:58.011,0.4,0.4,0.7,0.4,0,1633,7.91,2.52
2026-07-04 05:18:58.488,0.4,0.4,0.7,0.4,0,1632,7.91,2.53
2026-07-04 05:18:58.988,0.4,0.4,0.7,0.4,0,2133,7.91,-4.80
2026-07-04 05:18:59.490,0.4,0.4,0.8,0.4,0,1632,7.91,2.53
2026-07-04 05:18:59.989,0.4,0.4,0.8,0.4,0,1634,7.91,2.50
2026-07-04 05:19:00.475,0.4,0.4,0.7,0.4,0,1633,7.91,2.52
2026-07-04 05:19:00.972,0.4,0.4,0.7,0.4,0,1630,7.91,2.56
2026-07-04 05:19:01.480,0.4,0.4,0.7,0.4,0,1634,7.91,2.50
2026-07-04 05:19:01.976,0.4,0.4,0.7,0.4,0,1630,7.91,2.56
2026-07-04 05:19:02.473,0.4,0.4,0.7,0.4,0,1631,7.91,2.55
2026-07-04 05:19:02.974,0.4,0.4,0.7,0.4,0,1635,7.91,2.49
2026-07-04 05:19:03.484,0.4,0.4,0.7,0.4,0,1631,7.91,2.55
2026-07-04 05:19:03.988,0.4,0.4,0.7,0.4,0,1633,7.91,2.52
2026-07-04 05:19:04.476,0.4,0.4,0.7,0.4,0,1631,7.91,2.55
2026-07-04 05:19:05.020,0.4,0.4,0.7,0.4,0,1629,7.91,2.58
2026-07-04 05:19:05.461,0.4,0.4,0.7,0.4,0,1634,7.91,2.50
2026-07-04 05:19:05.980,0.4,0.4,0.7,0.4,0,1630,7.91,2.56
2026-07-04 05:19:06.489,0.4,0.4,0.7,0.4,0,1633,7.91,2.52
2026-07-04 05:19:07.023,0.4,0.4,0.7,0.4,0,1632,7.91,2.53
2026-07-04 05:19:07.522,0.4,0.4,0.7,0.4,0,1632,7.91,2.53
2026-07-04 05:19:08.000,0.4,0.4,0.7,0.4,1,1635,7.90,2.49
2026-07-04 05:19:08.498,0.4,0.4,0.7,0.4,1,1635,7.90,2.49
2026-07-04 05:19:08.958,0.4,0.4,0.7,0.4,0,1634,7.91,2.50
2026-07-04 05:19:09.488,0.4,0.4,0.7,0.4,0,1629,7.91,2.58
2026-07-04 05:19:09.988,0.4,0.4,0.7,0.4,0,1629,7.91,2.58
2026-07-04 05:19:10.488,0.4,0.4,0.7,0.4,0,1634,7.91,2.50
2026-07-04 05:19:11.196,0.4,0.4,0.7,0.4,0,1634,7.91,2.50
2026-07-04 05:19:11.483,0.4,0.4,0.7,0.4,0,1634,7.91,2.50
2026-07-04 05:19:11.484,0.4,0.4,0.7,0.4,0,1631,7.91,2.55
2026-07-04 05:19:11.988,0.4,0.4,0.8,0.4,0,1633,7.91,2.52
2026-07-04 05:19:12.475,0.4,0.4,0.8,0.4,0,1635,7.91,2.49
2026-07-04 05:19:12.990,0.4,0.4,0.9,0.4,0,1629,7.91,2.58
2026-07-04 05:19:13.472,0.4,0.4,0.9,0.4,0,1632,7.91,2.53
2026-07-04 05:19:14.019,0.4,0.4,0.9,0.4,0,1633,7.91,2.52
2026-07-04 05:19:14.476,0.4,0.4,0.9,0.4,0,1632,7.91,2.53
2026-07-04 05:19:15.005,0.4,0.4,0.9,0.4,0,1632,7.91,2.53
2026-07-04 05:19:15.504,0.4,0.4,0.9,0.4,0,1630,7.91,2.56
2026-07-04 05:19:15.985,0.4,0.4,0.8,0.4,0,1631,7.91,2.55
2026-07-04 05:19:16.476,0.4,0.4,0.8,0.4,0,1634,7.91,2.50
2026-07-04 05:19:16.974,0.4,0.4,0.8,0.4,1,1633,7.90,2.52
2026-07-04 05:19:17.508,0.4,0.4,0.9,0.4,0,1634,7.91,2.50
2026-07-04 05:19:17.988,0.4,0.4,0.9,0.4,0,1632,7.91,2.53
2026-07-04 05:19:18.516,0.4,0.4,0.9,0.4,0,1630,7.91,2.56
2026-07-04 05:19:18.978,0.4,0.4,0.9,0.4,0,1630,7.91,2.56
2026-07-04 05:19:19.524,0.4,0.4,0.9,0.4,1,1632,7.90,2.53
2026-07-04 05:19:20.019,0.4,0.4,0.9,0.4,0,1633,7.91,2.52
2026-07-04 05:19:20.477,0.4,0.4,0.9,0.4,2,1633,7.88,2.52
2026-07-04 05:19:21.005,0.4,0.4,0.9,0.4,0,1628,7.91,2.59
2026-07-04 05:19:21.509,0.4,0.4,0.9,0.4,1,1632,7.90,2.53
2026-07-04 05:19:22.005,0.4,0.4,0.9,0.4,0,1631,7.91,2.55
2026-07-04 05:19:22.480,0.4,0.4,0.9,0.4,1,1631,7.90,2.55
2026-07-04 05:19:22.982,0.4,0.4,0.9,0.4,0,1632,7.91,2.53
2026-07-04 05:19:23.477,0.4,0.4,0.8,0.4,1,1632,7.90,2.53
2026-07-04 05:19:23.988,0.4,0.4,0.8,0.4,0,1632,7.91,2.53
2026-07-04 05:19:24.522,0.4,0.4,0.8,0.4,0,1632,7.91,2.53
2026-07-04 05:19:25.021,0.4,0.4,0.8,0.4,1,1629,7.90,2.58
2026-07-04 05:19:25.521,0.4,0.4,0.7,0.4,0,1630,7.91,2.56
2026-07-04 05:19:26.020,0.4,0.4,0.7,0.4,0,1632,7.91,2.53
2026-07-04 05:19:26.477,0.4,0.4,0.7,0.4,0,1630,7.91,2.56
2026-07-04 05:19:27.003,0.4,0.4,0.7,0.4,0,1633,7.91,2.52
2026-07-04 05:19:27.514,0.4,0.4,0.7,0.4,10,1632,7.76,2.53
2026-07-04 05:19:27.988,0.4,0.4,0.7,0.4,4,1632,7.85,2.53
2026-07-04 05:19:28.476,0.4,0.4,0.7,0.4,3,1630,7.87,2.56
2026-07-04 05:19:28.971,0.4,0.4,0.8,0.4,9,1629,7.78,2.58
2026-07-04 05:19:29.476,0.5,0.4,0.8,0.4,22,1633,7.59,2.52
2026-07-04 05:19:30.033,0.5,0.4,0.8,0.4,49,1633,7.19,2.52
2026-07-04 05:19:30.483,0.5,0.4,0.9,0.4,49,1633,7.19,2.52
2026-07-04 05:19:30.991,0.6,0.4,0.9,0.4,85,1633,6.67,2.52
2026-07-04 05:19:31.525,0.5,0.4,0.9,0.4,82,1631,6.71,2.55
2026-07-04 05:19:32.020,0.5,0.4,1.0,0.4,60,1630,7.03,2.56
2026-07-04 05:19:32.504,0.5,0.4,1.0,0.4,54,1633,7.12,2.52
2026-07-04 05:19:33.003,0.5,0.4,1.0,0.4,57,1632,7.08,2.53
2026-07-04 05:19:33.509,0.5,0.4,1.0,0.4,31,1633,7.46,2.52
2026-07-04 05:19:33.978,0.5,0.4,1.0,0.4,31,1633,7.46,2.52
2026-07-04 05:19:34.489,0.4,0.4,0.9,0.4,17,1633,7.66,2.52
2026-07-04 05:19:35.006,0.4,0.4,0.9,0.4,3,1633,7.87,2.52
2026-07-04 05:19:35.475,0.4,0.4,1.0,0.4,0,1632,7.91,2.53
2026-07-04 05:19:35.999,0.4,0.4,1.0,0.4,4,1631,7.85,2.55
2026-07-04 05:19:36.514,0.4,0.4,1.0,0.4,3,1634,7.87,2.50
2026-07-04 05:19:37.020,0.4,0.4,1.0,0.4,0,1630,7.91,2.56
2026-07-04 05:19:37.523,0.4,0.4,1.0,0.4,4,1633,7.85,2.52
2026-07-04 05:19:38.009,0.4,0.4,1.0,0.4,1,1635,7.90,2.49
2026-07-04 05:19:38.515,0.4,0.4,1.0,0.4,0,1630,7.91,2.56
2026-07-04 05:19:39.012,0.4,0.4,1.0,0.4,7,1631,7.81,2.55
2026-07-04 05:19:39.513,0.4,0.4,1.1,0.4,0,1632,7.91,2.53
2026-07-04 05:19:39.977,0.4,0.4,1.1,0.4,0,1631,7.91,2.55
2026-07-04 05:19:40.475,0.4,0.4,0.9,0.4,0,1632,7.91,2.53
2026-07-04 05:19:41.033,0.4,0.4,0.9,0.4,0,1629,7.91,2.58
2026-07-04 05:19:41.490,0.4,0.4,0.9,0.4,0,1634,7.91,2.50
2026-07-04 05:19:42.009,0.4,0.4,0.9,0.4,0,1631,7.91,2.55
2026-07-04 05:19:42.500,0.4,0.4,0.9,0.4,0,1630,7.91,2.56
2026-07-04 05:19:43.005,0.4,0.4,0.9,0.4,0,1630,7.91,2.56
2026-07-04 05:19:43.481,0.4,0.4,0.9,0.4,0,1628,7.91,2.59
2026-07-04 05:19:44.008,0.4,0.4,0.9,0.4,0,1635,7.91,2.49
2026-07-04 05:19:45.005,0.4,0.4,0.9,0.4,0,1630,7.91,2.56
2026-07-04 05:19:45.006,0.4,0.4,0.9,0.4,0,1633,7.91,2.52
2026-07-04 05:19:45.485,0.4,0.4,1.0,0.4,0,1639,7.91,2.43
2026-07-04 05:19:45.983,0.4,0.4,1.0,0.4,0,1634,7.91,2.50
2026-07-04 05:19:46.992,0.4,0.4,1.0,0.4,0,1630,7.91,2.56
2026-07-04 05:19:46.995,0.4,0.4,1.0,0.4,0,1633,7.91,2.52
2026-07-04 05:19:47.486,0.4,0.4,1.0,0.4,0,1631,7.91,2.55
2026-07-04 05:19:48.010,0.4,0.4,1.0,0.4,0,1625,7.91,2.64
2026-07-04 05:19:48.523,0.4,0.4,1.0,0.4,0,1633,7.91,2.52
2026-07-04 05:19:48.990,0.4,0.4,0.9,0.4,0,1631,7.91,2.55
2026-07-04 05:19:49.479,0.4,0.4,1.0,0.4,0,1632,7.91,2.53
2026-07-04 05:19:50.025,0.4,0.4,1.0,0.4,0,1630,7.91,2.56
2026-07-04 05:19:50.519,0.4,0.4,1.0,0.4,0,1631,7.91,2.55
2026-07-04 05:19:51.003,0.4,0.4,1.0,0.4,0,1631,7.91,2.55
2026-07-04 05:19:51.508,0.4,0.4,1.0,0.4,0,1632,7.91,2.53
2026-07-04 05:19:52.010,0.4,0.4,1.0,0.4,0,1631,7.91,2.55
2026-07-04 05:19:52.536,0.4,0.4,0.9,0.4,0,1629,7.91,2.58
2026-07-04 05:19:53.014,0.4,0.4,1.0,0.4,0,1632,7.91,2.53
2026-07-04 05:19:53.480,0.4,0.4,1.0,0.4,0,1634,7.91,2.50
2026-07-04 05:19:54.009,0.4,0.4,0.9,0.4,0,1633,7.91,2.52
2026-07-04 05:19:54.504,0.4,0.4,0.9,0.4,0,1633,7.91,2.52
2026-07-04 05:19:55.004,0.4,0.4,0.9,0.4,0,1630,7.91,2.56
2026-07-04 05:19:55.501,0.4,0.4,0.9,0.4,0,1633,7.91,2.52
2026-07-04 05:19:55.990,0.4,0.4,0.9,0.4,0,1634,7.91,2.50
2026-07-04 05:19:56.508,0.4,0.4,0.9,0.4,1,1630,7.90,2.56
2026-07-04 05:19:56.990,0.4,0.4,0.9,0.4,1,1638,7.90,2.45
2026-07-04 05:19:57.530,0.4,0.4,0.9,0.4,1,1638,7.90,2.45
2026-07-04 05:19:57.988,0.4,0.4,0.9,0.4,1,1630,7.90,2.56
2026-07-04 05:19:58.488,0.4,0.4,0.9,0.4,1,1633,7.90,2.52
2026-07-04 05:19:59.003,0.4,0.4,0.9,0.4,0,1629,7.91,2.58
2026-07-04 05:19:59.540,0.4,0.4,0.9,0.4,4,1631,7.85,2.55
2026-07-04 05:20:00.037,0.4,0.4,0.9,0.4,1,1633,7.90,2.52
2026-07-04 05:20:00.524,0.4,0.4,1.0,0.4,0,1628,7.91,2.59
2026-07-04 05:20:01.018,0.4,0.4,1.0,0.4,0,1632,7.91,2.53
2026-07-04 05:20:01.508,0.4,0.4,1.0,0.4,0,1633,7.91,2.52
2026-07-04 05:20:02.009,0.4,0.4,1.0,0.4,0,1633,7.91,2.52
2026-07-04 05:20:02.538,0.4,0.4,1.0,0.4,0,1632,7.91,2.53
2026-07-04 05:20:03.014,0.4,0.4,1.0,0.4,0,1630,7.91,2.56
2026-07-04 05:20:03.530,0.4,0.4,1.0,0.4,0,1635,7.91,2.49
2026-07-04 05:20:04.023,0.4,0.4,1.0,0.4,1,1636,7.90,2.48
2026-07-04 05:20:04.520,0.4,0.4,1.0,0.4,0,1632,7.91,2.53
2026-07-04 05:20:05.044,0.4,0.4,1.0,0.4,0,1627,7.91,2.61
2026-07-04 05:20:05.509,0.4,0.4,1.0,0.4,0,1629,7.91,2.58
2026-07-04 05:20:06.011,0.4,0.4,1.0,0.4,0,1631,7.91,2.55
2026-07-04 05:20:06.509,0.4,0.4,0.9,0.4,0,1632,7.91,2.53
2026-07-04 05:20:07.005,0.4,0.4,0.9,0.4,0,1633,7.91,2.52
2026-07-04 05:20:07.504,0.4,0.4,0.9,0.4,0,1630,7.91,2.56
2026-07-04 05:20:08.038,0.4,0.4,0.9,0.4,0,1630,7.91,2.56
2026-07-04 05:20:08.510,0.4,0.4,0.9,0.4,0,1629,7.91,2.58
2026-07-04 05:20:09.021,0.4,0.4,0.9,0.4,0,1632,7.91,2.53
2026-07-04 05:20:09.524,0.4,0.4,0.9,0.4,0,1631,7.91,2.55
2026-07-04 05:20:10.009,0.4,0.4,0.9,0.4,0,1633,7.91,2.52
2026-07-04 05:20:10.500,0.4,0.4,0.8,0.4,0,1631,7.91,2.55
2026-07-04 05:20:11.004,0.4,0.4,0.8,0.4,0,1634,7.91,2.50
2026-07-04 05:20:11.528,0.4,0.4,0.8,0.4,1,1630,7.90,2.56
2026-07-04 05:20:12.054,0.4,0.4,0.9,0.4,0,1636,7.91,2.48
2026-07-04 05:20:12.532,0.4,0.4,0.9,0.4,0,1634,7.91,2.50
2026-07-04 05:20:13.052,0.4,0.4,0.9,0.4,0,1630,7.91,2.56
2026-07-04 05:20:14.035,0.4,0.4,0.9,0.4,0,1631,7.91,2.55
2026-07-04 05:20:14.036,0.4,0.4,0.8,0.4,0,1633,7.91,2.52
2026-07-04 05:20:14.517,0.4,0.4,0.8,0.4,0,1635,7.91,2.49
2026-07-04 05:20:15.048,0.4,0.4,0.8,0.4,0,1631,7.91,2.55
2026-07-04 05:20:15.509,0.4,0.4,0.8,0.4,0,1631,7.91,2.55
2026-07-04 05:20:16.013,0.4,0.4,0.8,0.4,0,1631,7.91,2.55
2026-07-04 05:20:16.538,0.4,0.4,0.8,0.4,0,1631,7.91,2.55
2026-07-04 05:20:17.508,0.4,0.4,0.8,0.4,0,1631,7.91,2.55
2026-07-04 05:20:17.509,0.4,0.4,0.8,0.4,0,1630,7.91,2.56
2026-07-04 05:20:18.004,0.4,0.4,0.8,0.4,0,1629,7.91,2.58
2026-07-04 05:20:18.540,0.4,0.4,0.8,0.4,0,1629,7.91,2.58
2026-07-04 05:20:19.049,0.4,0.4,0.8,0.4,0,1631,7.91,2.55
2026-07-04 05:20:19.508,0.4,0.4,0.8,0.4,0,1632,7.91,2.53
2026-07-04 05:20:20.539,0.4,0.4,0.8,0.4,0,1632,7.91,2.53
2026-07-04 05:20:20.540,0.4,0.4,0.8,0.4,0,1631,7.91,2.55
2026-07-04 05:20:21.005,0.4,0.4,0.9,0.4,0,1629,7.91,2.58
2026-07-04 05:20:21.508,0.4,0.4,0.9,0.4,0,1629,7.91,2.58
2026-07-04 05:20:22.008,0.4,0.4,0.9,0.4,0,1631,7.91,2.55
2026-07-04 05:20:22.504,0.4,0.4,0.9,0.4,0,1632,7.91,2.53
2026-07-04 05:20:23.005,0.4,0.4,0.9,0.4,0,1632,7.91,2.53
2026-07-04 05:20:23.514,0.4,0.4,0.8,0.4,0,1632,7.91,2.53
2026-07-04 05:20:24.038,0.4,0.4,0.8,0.4,0,1632,7.91,2.53
2026-07-04 05:20:24.558,0.4,0.4,0.7,0.4,0,1632,7.91,2.53
2026-07-04 05:20:25.055,0.4,0.4,0.7,0.4,0,1632,7.91,2.53
2026-07-04 05:20:25.551,0.4,0.4,0.7,0.4,0,1631,7.91,2.55
2026-07-04 05:20:26.052,0.4,0.4,0.6,0.4,0,1633,7.91,2.52
2026-07-04 05:20:27.035,0.4,0.4,0.6,0.4,0,1634,7.91,2.50
2026-07-04 05:20:27.037,0.4,0.4,0.6,0.4,1,1633,7.90,2.52
2026-07-04 05:20:27.543,0.4,0.4,0.6,0.4,0,1632,7.91,2.53
2026-07-04 05:20:28.012,0.4,0.4,0.6,0.4,0,1630,7.91,2.56
2026-07-04 05:20:28.537,0.4,0.4,0.6,0.4,0,1630,7.91,2.56
2026-07-04 05:20:29.022,0.4,0.4,0.5,0.4,0,1631,7.91,2.55
2026-07-04 05:20:29.521,0.4,0.4,0.5,0.4,0,1631,7.91,2.55
2026-07-04 05:20:30.009,0.4,0.4,0.5,0.4,0,1633,7.91,2.52
2026-07-04 05:20:30.556,0.4,0.4,0.5,0.4,0,1629,7.91,2.58
2026-07-04 05:20:31.023,0.4,0.4,0.5,0.4,0,1633,7.91,2.52
2026-07-04 05:20:31.521,0.4,0.4,0.5,0.4,0,1630,7.91,2.56
2026-07-04 05:20:32.032,0.4,0.4,0.5,0.4,0,1631,7.91,2.55
2026-07-04 05:20:32.545,0.4,0.4,0.5,0.4,0,1630,7.91,2.56
2026-07-04 05:20:33.051,0.4,0.4,0.5,0.4,0,1628,7.91,2.59
2026-07-04 05:20:33.541,0.4,0.4,0.5,0.4,0,1632,7.91,2.53
2026-07-04 05:20:34.038,0.4,0.4,0.5,0.4,0,1631,7.91,2.55
2026-07-04 05:20:34.538,0.4,0.4,0.5,0.4,0,1632,7.91,2.53
2026-07-04 05:20:35.036,0.4,0.4,0.5,0.4,0,1631,7.91,2.55
2026-07-04 05:20:35.515,0.4,0.4,0.5,0.4,0,1629,7.91,2.58
2026-07-04 05:20:36.012,0.4,0.4,0.5,0.4,0,1629,7.91,2.58
2026-07-04 05:20:36.538,0.4,0.4,0.5,0.4,0,1629,7.91,2.58
2026-07-04 05:20:37.034,0.4,0.4,0.5,0.0,0,1631,7.91,2.55
2026-07-04 05:20:37.509,0.4,0.4,0.5,0.4,0,1634,7.91,2.50
2026-07-04 05:20:38.039,0.4,0.4,0.5,0.4,0,1632,7.91,2.53
2026-07-04 05:20:38.540,0.4,0.4,0.5,0.4,1,1635,7.90,2.49
2026-07-04 05:20:39.032,0.4,0.4,0.5,0.4,0,1634,7.91,2.50
2026-07-04 05:20:39.508,0.4,0.4,0.5,0.4,0,1630,7.91,2.56
2026-07-04 05:20:40.008,0.4,0.4,0.5,0.4,0,1630,7.91,2.56
2026-07-04 05:20:40.524,0.4,0.4,0.4,0.4,0,1632,7.91,2.53
2026-07-04 05:20:41.052,0.4,0.4,0.5,0.4,0,1629,7.91,2.58
2026-07-04 05:20:41.551,0.4,0.4,0.5,0.4,0,1631,7.91,2.55
2026-07-04 05:20:42.036,0.4,0.4,0.4,0.4,0,1630,7.91,2.56
2026-07-04 05:20:42.509,0.4,0.4,0.4,0.4,0,1630,7.91,2.56
2026-07-04 05:20:43.014,0.4,0.4,0.4,0.4,0,1629,7.91,2.58
2026-07-04 05:20:43.507,0.4,0.4,0.4,0.4,0,1633,7.91,2.52
2026-07-04 05:20:44.006,0.4,0.4,0.4,0.4,0,1634,7.91,2.50
2026-07-04 05:20:45.068,0.4,0.4,0.4,0.4,0,1632,7.91,2.53
2026-07-04 05:20:45.069,0.4,0.4,0.4,0.4,0,1631,7.91,2.55
2026-07-04 05:20:45.509,0.4,0.4,0.4,0.4,0,1634,7.91,2.50
2026-07-04 05:20:46.008,0.4,0.4,0.4,0.4,0,1630,7.91,2.56
2026-07-04 05:20:46.551,0.4,0.4,0.4,0.4,0,1631,7.91,2.55
2026-07-04 05:20:47.021,0.4,0.4,0.4,0.4,0,1631,7.91,2.55
2026-07-04 05:20:47.559,0.4,0.4,0.4,0.4,0,1633,7.91,2.52
2026-07-04 05:20:48.050,0.4,0.4,0.4,0.4,0,1636,7.91,2.48
2026-07-04 05:20:48.509,0.4,0.4,0.4,0.4,0,1636,7.91,2.48
2026-07-04 05:20:49.043,0.4,0.4,0.4,0.4,0,1631,7.91,2.55
2026-07-04 05:20:49.541,0.4,0.4,0.4,0.4,2,1630,7.88,2.56
2026-07-04 05:20:50.022,0.4,0.4,0.4,0.4,0,1630,7.91,2.56
2026-07-04 05:20:50.521,0.4,0.4,0.4,0.4,0,1632,7.91,2.53
2026-07-04 05:20:51.021,0.4,0.4,0.4,0.4,0,1633,7.91,2.52
2026-07-04 05:20:51.520,0.4,0.4,0.4,0.4,0,1630,7.91,2.56
2026-07-04 05:20:52.058,0.4,0.4,0.4,0.4,0,1631,7.91,2.55
2026-07-04 05:20:52.571,0.4,0.4,0.4,0.4,0,1632,7.91,2.53
2026-07-04 05:20:53.052,0.4,0.4,0.4,0.4,0,1632,7.91,2.53
2026-07-04 05:20:53.555,0.4,0.4,0.4,0.4,0,1636,7.91,2.48
2026-07-04 05:20:54.050,0.4,0.4,0.4,0.4,0,1630,7.91,2.56
2026-07-04 05:20:54.529,0.4,0.4,0.4,0.4,0,1633,7.91,2.52
2026-07-04 05:20:55.053,0.4,0.4,0.4,0.4,0,1628,7.91,2.59
2026-07-04 05:20:55.550,0.4,0.4,0.4,0.4,0,1631,7.91,2.55
2026-07-04 05:20:56.014,0.4,0.4,0.4,0.4,0,1631,7.91,2.55
2026-07-04 05:20:56.538,0.4,0.4,0.4,0.4,0,1631,7.91,2.55
2026-07-04 05:20:57.036,0.4,0.4,0.4,0.4,0,1630,7.91,2.56
2026-07-04 05:20:58.063,0.4,0.4,0.4,0.4,0,1629,7.91,2.58
2026-07-04 05:20:58.064,0.4,0.4,0.4,0.4,0,1633,7.91,2.52
2026-07-04 05:20:58.562,0.4,0.4,0.4,0.4,0,1629,7.91,2.58
2026-07-04 05:20:59.552,0.4,0.4,0.4,0.4,0,1632,7.91,2.53
2026-07-04 05:20:59.553,0.4,0.4,0.4,0.4,0,1632,7.91,2.53
2026-07-04 05:21:00.054,0.4,0.4,0.4,0.4,0,1634,7.91,2.50
2026-07-04 05:21:00.557,0.4,0.4,0.4,0.4,0,1633,7.91,2.52
2026-07-04 05:21:01.077,0.4,0.4,0.4,0.4,0,1633,7.91,2.52
2026-07-04 05:21:01.527,0.4,0.4,0.4,0.4,0,1631,7.91,2.55
2026-07-04 05:21:02.055,0.4,0.4,0.4,0.4,0,1630,7.91,2.56
2026-07-04 05:21:02.555,0.4,0.4,0.4,0.4,0,1631,7.91,2.55
2026-07-04 05:21:03.051,0.4,0.4,0.4,0.4,0,1632,7.91,2.53
2026-07-04 05:21:03.569,0.4,0.4,0.4,0.4,0,1629,7.91,2.58
2026-07-04 05:21:04.067,0.4,0.4,0.4,0.4,0,1631,7.91,2.55
2026-07-04 05:21:04.525,0.4,0.4,0.4,0.4,0,1627,7.91,2.61
2026-07-04 05:21:05.021,0.4,0.4,0.4,0.4,0,1631,7.91,2.55
2026-07-04 05:21:05.569,0.4,0.4,0.4,0.4,0,1633,7.91,2.52
2026-07-04 05:21:06.056,0.4,0.4,0.4,0.4,0,1631,7.91,2.55
2026-07-04 05:21:07.036,0.4,0.4,0.4,0.4,0,1632,7.91,2.53
2026-07-04 05:21:07.038,0.4,0.4,0.4,0.4,0,1630,7.91,2.56
2026-07-04 05:21:07.538,0.4,0.4,0.4,0.4,0,1632,7.91,2.53
2026-07-04 05:21:08.038,0.4,0.4,0.4,0.4,2,1630,7.88,2.56
2026-07-04 05:21:08.541,0.4,0.4,0.4,0.4,5,1630,7.84,2.56
2026-07-04 05:21:09.023,0.4,0.4,0.4,0.4,7,1630,7.81,2.56
2026-07-04 05:21:09.520,0.4,0.4,0.4,0.4,6,1631,7.82,2.55
2026-07-04 05:21:10.080,0.4,0.4,0.4,0.4,7,1632,7.81,2.53
2026-07-04 05:21:10.524,0.4,0.4,0.4,0.4,9,1633,7.78,2.52
2026-07-04 05:21:11.042,0.4,0.4,0.4,0.4,0,1633,7.91,2.52
2026-07-04 05:21:11.539,0.4,0.4,0.4,0.4,0,1633,7.91,2.52
2026-07-04 05:21:12.038,0.4,0.4,0.4,0.4,0,1636,7.91,2.48
2026-07-04 05:21:12.536,0.4,0.4,0.4,0.4,0,1629,7.91,2.58
2026-07-04 05:21:13.032,0.4,0.4,0.4,0.4,0,1634,7.91,2.50
2026-07-04 05:21:13.568,0.4,0.4,0.4,0.4,0,1629,7.91,2.58
2026-07-04 05:21:14.038,0.4,0.4,0.4,0.4,0,1629,7.91,2.58
2026-07-04 05:21:14.540,0.4,0.4,0.4,0.4,0,1636,7.91,2.48
2026-07-04 05:21:15.086,0.4,0.4,0.4,0.4,0,1632,7.91,2.53
2026-07-04 05:21:15.558,0.4,0.4,0.4,0.4,0,1634,7.91,2.50
2026-07-04 05:21:16.068,0.4,0.4,0.4,0.4,0,1628,7.91,2.59
2026-07-04 05:21:16.568,0.4,0.4,0.4,0.4,0,1628,7.91,2.59
2026-07-04 05:21:17.073,0.4,0.4,0.4,0.4,0,1635,7.91,2.49
2026-07-04 05:21:17.543,0.4,0.4,0.4,0.4,0,1637,7.91,2.46
2026-07-04 05:21:18.038,0.4,0.4,0.4,0.4,0,1632,7.91,2.53
2026-07-04 05:21:18.556,0.4,0.4,0.4,0.4,0,1631,7.91,2.55
2026-07-04 05:21:19.052,0.4,0.4,0.4,0.4,0,1630,7.91,2.56
2026-07-04 05:21:19.555,0.4,0.4,0.4,0.4,0,1636,7.91,2.48
2026-07-04 05:21:20.052,0.4,0.4,0.4,0.4,0,1630,7.91,2.56
2026-07-04 05:21:20.530,0.4,0.4,0.4,0.4,0,1629,7.91,2.58
2026-07-04 05:21:21.036,0.4,0.4,0.4,0.4,0,1631,7.91,2.55
2026-07-04 05:21:21.590,0.4,0.4,0.4,0.4,0,1631,7.91,2.55
2026-07-04 05:21:22.085,0.4,0.4,0.4,0.4,0,1633,7.91,2.52
2026-07-04 05:21:22.569,0.4,0.4,0.4,0.4,0,1634,7.91,2.50
2026-07-04 05:21:23.052,0.4,0.4,0.4,0.4,0,1634,7.91,2.50
2026-07-04 05:21:23.537,0.4,0.4,0.4,0.4,0,1633,7.91,2.52
2026-07-04 05:21:24.037,0.4,0.4,0.4,0.4,0,1631,7.91,2.55
2026-07-04 05:21:24.544,0.4,0.4,0.4,0.4,0,1627,7.91,2.61
2026-07-04 05:21:25.554,0.4,0.4,0.4,0.4,0,1635,7.91,2.49
2026-07-04 05:21:25.555,0.4,0.4,0.4,0.4,0,1634,7.91,2.50
2026-07-04 05:21:26.055,0.4,0.4,0.4,0.4,0,1634,7.91,2.50
2026-07-04 05:21:26.549,0.4,0.4,0.4,0.4,0,1642,7.91,2.39
2026-07-04 05:21:27.052,0.4,0.4,0.4,0.4,0,1642,7.91,2.39
2026-07-04 05:21:27.560,0.4,0.4,0.4,0.4,1,1631,7.90,2.55
2026-07-04 05:21:28.087,0.4,0.4,0.4,0.4,0,1631,7.91,2.55
2026-07-04 05:21:28.569,0.4,0.4,0.4,0.4,0,1629,7.91,2.58
2026-07-04 05:21:29.068,0.4,0.4,0.4,0.4,0,1630,7.91,2.56
2026-07-04 05:21:29.568,0.4,0.4,0.4,0.4,0,1634,7.91,2.50
2026-07-04 05:21:30.037,0.4,0.4,0.4,0.4,0,1632,7.91,2.53
2026-07-04 05:21:30.539,0.4,0.4,0.4,0.4,0,1632,7.91,2.53
2026-07-04 05:21:31.043,0.4,0.4,0.4,0.4,0,1632,7.91,2.53
2026-07-04 05:21:31.540,0.4,0.4,0.4,0.4,0,1631,7.91,2.55
2026-07-04 05:21:32.057,0.4,0.4,0.4,0.4,0,1630,7.91,2.56
2026-07-04 05:21:32.538,0.4,0.4,0.4,0.4,0,1635,7.91,2.49
2026-07-04 05:21:33.035,0.4,0.4,0.4,0.4,0,1630,7.91,2.56
2026-07-04 05:21:33.545,0.4,0.4,0.4,0.4,0,1630,7.91,2.56
2026-07-04 05:21:34.068,0.4,0.4,0.4,0.4,0,1632,7.91,2.53
2026-07-04 05:21:34.539,0.4,0.4,0.4,0.4,0,1631,7.91,2.55
2026-07-04 05:21:35.037,0.4,0.4,0.4,0.4,0,1635,7.91,2.49
2026-07-04 05:21:35.568,0.4,0.4,0.4,0.4,0,1634,7.91,2.50
2026-07-04 05:21:36.099,0.4,0.4,0.4,0.4,0,1632,7.91,2.53
2026-07-04 05:21:36.534,0.4,0.4,0.4,0.4,0,1631,7.91,2.55
2026-07-04 05:21:37.569,0.4,0.4,0.4,0.4,0,1629,7.91,2.58
2026-07-04 05:21:37.570,0.4,0.4,0.4,0.4,0,1629,7.91,2.58
2026-07-04 05:21:38.040,0.4,0.4,0.4,0.4,0,1634,7.91,2.50
2026-07-04 05:21:38.537,0.4,0.4,0.4,0.4,0,1629,7.91,2.58
2026-07-04 05:21:39.037,0.4,0.4,0.4,0.4,0,1629,7.91,2.58
2026-07-04 05:21:39.539,0.4,0.4,0.4,0.4,0,1634,7.91,2.50
2026-07-04 05:21:40.096,0.4,0.4,0.4,0.4,0,1632,7.91,2.53
2026-07-04 05:21:40.570,0.4,0.4,0.4,0.4,0,1632,7.91,2.53
2026-07-04 05:21:41.068,0.4,0.4,0.4,0.4,0,1634,7.91,2.50
2026-07-04 05:21:41.551,0.4,0.4,0.4,0.4,0,1629,7.91,2.58
2026-07-04 05:21:42.038,0.4,0.4,0.4,0.4,0,1631,7.91,2.55
2026-07-04 05:21:42.561,0.4,0.4,0.4,0.4,0,1630,7.91,2.56
2026-07-04 05:21:43.087,0.4,0.4,0.4,0.4,0,1634,7.91,2.50
2026-07-04 05:21:43.584,0.4,0.4,0.4,0.4,0,1631,7.91,2.55
2026-07-04 05:21:44.084,0.4,0.4,0.4,0.4,0,1632,7.91,2.53
2026-07-04 05:21:44.568,0.4,0.4,0.4,0.4,0,1631,7.91,2.55
2026-07-04 05:21:45.071,0.4,0.4,0.4,0.4,0,1633,7.91,2.52
2026-07-04 05:21:45.538,0.4,0.4,0.4,0.4,0,1631,7.91,2.55
2026-07-04 05:21:46.070,0.4,0.4,0.4,0.4,0,1633,7.91,2.52
2026-07-04 05:21:46.568,0.4,0.4,0.4,0.4,0,1630,7.91,2.56
2026-07-04 05:21:47.052,0.4,0.4,0.4,0.4,0,1634,7.91,2.50
2026-07-04 05:21:47.587,0.4,0.4,0.4,0.4,0,1634,7.91,2.50
2026-07-04 05:21:48.092,0.4,0.4,0.4,0.4,0,1636,7.91,2.48
2026-07-04 05:21:48.568,0.4,0.4,0.4,0.4,0,1632,7.91,2.53
2026-07-04 05:21:49.055,0.4,0.4,0.4,0.4,0,1629,7.91,2.58
2026-07-04 05:21:50.054,0.4,0.4,0.4,0.4,0,1630,7.91,2.56
2026-07-04 05:21:50.055,0.4,0.4,0.4,0.4,0,1633,7.91,2.52
2026-07-04 05:21:50.554,0.4,0.4,0.4,0.4,0,1632,7.91,2.53
2026-07-04 05:21:51.591,0.4,0.4,0.4,0.4,0,1632,7.91,2.53
2026-07-04 05:21:51.591,0.4,0.4,0.4,0.4,0,1634,7.91,2.50
2026-07-04 05:21:52.098,0.4,0.4,0.4,0.4,0,1633,7.91,2.52
2026-07-04 05:21:52.580,0.4,0.4,0.4,0.4,0,1630,7.91,2.56
2026-07-04 05:21:53.095,0.4,0.4,0.4,0.4,0,1634,7.91,2.50
2026-07-04 05:21:54.068,0.4,0.4,0.4,0.4,0,1630,7.91,2.56
2026-07-04 05:21:54.068,0.4,0.4,0.4,0.4,0,1630,7.91,2.56
2026-07-04 05:21:54.600,0.4,0.4,0.4,0.4,0,1633,7.91,2.52
2026-07-04 05:21:55.085,0.4,0.4,0.4,0.4,0,1637,7.91,2.46
2026-07-04 05:21:55.584,0.4,0.4,0.4,0.4,0,1629,7.91,2.58
2026-07-04 05:21:56.083,0.4,0.4,0.4,0.4,0,1632,7.91,2.53
2026-07-04 05:21:56.599,0.4,0.4,0.4,0.4,0,1633,7.91,2.52
2026-07-04 05:21:57.598,0.4,0.4,0.4,0.4,0,1637,7.91,2.46
2026-07-04 05:21:57.599,0.4,0.4,0.4,0.4,0,2135,7.91,-4.83
2026-07-04 05:21:58.083,0.4,0.4,0.4,0.4,0,1637,7.91,2.46
2026-07-04 05:21:58.559,0.4,0.4,0.4,0.4,0,1635,7.91,2.49
2026-07-04 05:21:59.058,0.4,0.4,0.4,0.4,0,1634,7.91,2.50
2026-07-04 05:21:59.600,0.4,0.4,0.4,0.4,0,1630,7.91,2.56
2026-07-04 05:22:00.098,0.4,0.4,0.4,0.4,0,1630,7.91,2.56
2026-07-04 05:22:01.055,0.4,0.4,0.4,0.4,0,1632,7.91,2.53
2026-07-04 05:22:01.056,0.4,0.4,0.4,0.4,0,1632,7.91,2.53
2026-07-04 05:22:01.577,0.4,0.4,0.4,0.4,0,1630,7.91,2.56
2026-07-04 05:22:02.058,0.4,0.4,0.4,0.4,0,1633,7.91,2.52
2026-07-04 05:22:02.602,0.4,0.4,0.4,0.4,0,1630,7.91,2.56
2026-07-04 05:22:03.062,0.4,0.4,0.4,0.4,0,1631,7.91,2.55
2026-07-04 05:22:03.569,0.4,0.4,0.4,0.4,0,1631,7.91,2.55
2026-07-04 05:22:04.069,0.4,0.4,0.4,0.4,0,1636,7.91,2.48
2026-07-04 05:22:04.569,0.4,0.4,0.4,0.4,0,1631,7.91,2.55
2026-07-04 05:22:05.068,0.4,0.4,0.4,0.4,0,1636,7.91,2.48
2026-07-04 05:22:05.579,0.4,0.4,0.4,0.4,0,1631,7.91,2.55
2026-07-04 05:22:06.092,0.4,0.4,0.4,0.4,0,1633,7.91,2.52
2026-07-04 05:22:06.608,0.4,0.4,0.4,0.4,0,1634,7.91,2.50
2026-07-04 05:22:07.070,0.4,0.4,0.4,0.4,0,1634,7.91,2.50
2026-07-04 05:22:08.098,0.4,0.4,0.4,0.4,0,1633,7.91,2.52
2026-07-04 05:22:08.098,0.4,0.4,0.4,0.4,0,1636,7.91,2.48
2026-07-04 05:22:08.599,0.4,0.4,0.4,0.4,0,1634,7.91,2.50
2026-07-04 05:22:09.101,0.4,0.4,0.4,0.4,0,1634,7.91,2.50
2026-07-04 05:22:09.590,0.4,0.4,0.4,0.4,0,1633,7.91,2.52
2026-07-04 05:22:10.058,0.4,0.4,0.4,0.4,0,1634,7.91,2.50
2026-07-04 05:22:10.613,0.4,0.4,0.4,0.4,0,1631,7.91,2.55
2026-07-04 05:22:11.063,0.4,0.4,0.4,0.4,0,1630,7.91,2.56
2026-07-04 05:22:11.588,0.4,0.4,0.4,0.4,0,1634,7.91,2.50
2026-07-04 05:22:12.058,0.4,0.4,0.4,0.4,0,1628,7.91,2.59
2026-07-04 05:22:12.578,0.4,0.4,0.4,0.4,0,1632,7.91,2.53
2026-07-04 05:22:13.091,0.4,0.4,0.4,0.4,0,1632,7.91,2.53
2026-07-04 05:22:13.597,0.4,0.4,0.4,0.4,0,1632,7.91,2.53
2026-07-04 05:22:14.086,0.4,0.4,0.4,0.4,0,1629,7.91,2.58
2026-07-04 05:22:14.583,0.4,0.4,0.4,0.4,0,1630,7.91,2.56
2026-07-04 05:22:15.093,0.4,0.4,0.4,0.4,0,1633,7.91,2.52
2026-07-04 05:22:15.567,0.4,0.4,0.4,0.4,0,1632,7.91,2.53
2026-07-04 05:22:16.067,0.4,0.4,0.4,0.5,0,1632,7.91,2.53
2026-07-04 05:22:16.566,0.4,0.4,0.4,0.4,0,1632,7.91,2.53
2026-07-04 05:22:17.089,0.4,0.4,0.4,0.4,0,1636,7.91,2.48
2026-07-04 05:22:17.598,0.4,0.4,0.4,0.4,0,1630,7.91,2.56
2026-07-04 05:22:18.069,0.4,0.4,0.4,0.4,0,1634,7.91,2.50
2026-07-04 05:22:18.569,0.4,0.4,0.4,0.4,0,1631,7.91,2.55
2026-07-04 05:22:19.067,0.4,0.4,0.4,0.4,0,1631,7.91,2.55
2026-07-04 05:22:19.592,0.4,0.4,0.4,0.4,0,1632,7.91,2.53
2026-07-04 05:22:20.070,0.4,0.4,0.4,0.4,0,1632,7.91,2.53
2026-07-04 05:22:20.566,0.4,0.4,0.4,0.4,0,1631,7.91,2.55
2026-07-04 05:22:21.089,0.4,0.4,0.4,0.4,0,1632,7.91,2.53
2026-07-04 05:22:21.591,0.4,0.4,0.4,0.4,0,1631,7.91,2.55
2026-07-04 05:22:22.074,0.4,0.4,0.4,0.4,0,1634,7.91,2.50
2026-07-04 05:22:22.568,0.4,0.4,0.4,0.4,0,1630,7.91,2.56
2026-07-04 05:22:23.069,0.4,0.4,0.4,0.4,0,1630,7.91,2.56
2026-07-04 05:22:23.568,0.4,0.4,0.4,0.4,0,1631,7.91,2.55
2026-07-04 05:22:24.118,0.4,0.4,0.4,0.4,0,1632,7.91,2.53
2026-07-04 05:22:24.568,0.4,0.4,0.4,0.4,0,1631,7.91,2.55
2026-07-04 05:22:25.072,0.4,0.4,0.4,0.4,0,1629,7.91,2.58
2026-07-04 05:22:25.568,0.4,0.4,0.4,0.4,0,1627,7.91,2.61
2026-07-04 05:22:26.109,0.4,0.4,0.4,0.4,0,1627,7.91,2.61
2026-07-04 05:22:27.119,0.4,0.4,0.4,0.4,0,1633,7.91,2.52
2026-07-04 05:22:27.121,0.4,0.4,0.4,0.4,0,1633,7.91,2.52
2026-07-04 05:22:27.587,0.4,0.4,0.4,0.4,0,1633,7.91,2.52
2026-07-04 05:22:28.070,0.4,0.4,0.4,0.4,0,1633,7.91,2.52
2026-07-04 05:22:28.567,0.4,0.4,0.4,0.4,0,1633,7.91,2.52
2026-07-04 05:22:29.089,0.4,0.4,0.4,0.4,0,1631,7.91,2.55
2026-07-04 05:22:29.634,0.4,0.4,0.4,0.4,0,1629,7.91,2.58
2026-07-04 05:22:30.069,0.4,0.4,0.4,0.4,0,1633,7.91,2.52
2026-07-04 05:22:31.092,0.4,0.4,0.4,0.4,0,1628,7.91,2.59
2026-07-04 05:22:31.092,0.4,0.4,0.4,0.4,0,1635,7.91,2.49
2026-07-04 05:22:31.600,0.4,0.4,0.4,0.4,0,1634,7.91,2.50
2026-07-04 05:22:32.099,0.4,0.4,0.4,0.4,0,1632,7.91,2.53
2026-07-04 05:22:32.600,0.4,0.4,0.4,0.4,0,1633,7.91,2.52
2026-07-04 05:22:33.079,0.4,0.4,0.4,0.4,0,1632,7.91,2.53
2026-07-04 05:22:33.588,0.4,0.4,0.4,0.4,0,1635,7.91,2.49
2026-07-04 05:22:34.089,0.4,0.4,0.4,0.4,0,1629,7.91,2.58
2026-07-04 05:22:34.598,0.4,0.4,0.4,0.4,0,1632,7.91,2.53
2026-07-04 05:22:35.098,0.4,0.4,0.4,0.4,0,1634,7.91,2.50
2026-07-04 05:22:35.580,0.4,0.4,0.4,0.4,0,1631,7.91,2.55
2026-07-04 05:22:36.091,0.4,0.4,0.4,0.4,0,1631,7.91,2.55
2026-07-04 05:22:36.600,0.4,0.4,0.4,0.4,0,1633,7.91,2.52
2026-07-04 05:22:37.097,0.4,0.4,0.4,0.4,0,1634,7.91,2.50
2026-07-04 05:22:37.584,0.4,0.4,0.4,0.4,0,1631,7.91,2.55
2026-07-04 05:22:38.079,0.4,0.4,0.4,0.4,1,2135,7.90,-4.83
2026-07-04 05:22:38.628,0.4,0.4,0.4,0.4,1,1628,7.90,2.59
2026-07-04 05:22:39.097,0.4,0.4,0.4,0.4,0,1636,7.91,2.48
2026-07-04 05:22:39.584,0.4,0.4,0.4,0.4,0,1636,7.91,2.48
2026-07-04 05:22:40.084,0.4,0.4,0.4,0.4,0,1631,7.91,2.55
2026-07-04 05:22:40.619,0.4,0.4,0.4,0.4,0,1633,7.91,2.52
2026-07-04 05:22:41.068,0.4,0.4,0.4,0.4,0,1633,7.91,2.52
2026-07-04 05:22:41.622,0.4,0.4,0.4,0.4,0,1629,7.91,2.58
2026-07-04 05:22:42.135,0.4,0.4,0.4,0.4,1,1630,7.90,2.56
2026-07-04 05:22:42.597,0.4,0.4,0.4,0.4,1,1633,7.90,2.52
2026-07-04 05:22:43.084,0.4,0.4,0.4,0.4,0,1629,7.91,2.58
2026-07-04 05:22:44.122,0.4,0.4,0.4,0.4,0,1633,7.91,2.52
2026-07-04 05:22:44.122,0.4,0.4,0.4,0.4,0,1630,7.91,2.56
2026-07-04 05:22:44.589,0.4,0.4,0.4,0.4,0,1630,7.91,2.56
2026-07-04 05:22:45.098,0.4,0.4,0.4,0.4,0,1634,7.91,2.50
2026-07-04 05:22:45.626,0.4,0.4,0.4,0.4,0,1630,7.91,2.56
2026-07-04 05:22:46.092,0.4,0.4,0.4,0.4,0,1632,7.91,2.53
2026-07-04 05:22:46.590,0.4,0.4,0.4,0.4,0,1628,7.91,2.59
2026-07-04 05:22:47.098,0.4,0.4,0.4,0.4,0,1627,7.91,2.61
2026-07-04 05:22:47.597,0.4,0.4,0.4,0.4,0,1631,7.91,2.55
2026-07-04 05:22:48.098,0.4,0.4,0.4,0.4,0,1632,7.91,2.53
2026-07-04 05:22:48.580,0.4,0.4,0.4,0.4,0,1632,7.91,2.53
2026-07-04 05:22:49.093,0.4,0.4,0.4,0.4,0,1632,7.91,2.53
2026-07-04 05:22:49.590,0.4,0.4,0.4,0.4,0,1632,7.91,2.53
2026-07-04 05:22:50.117,0.4,0.4,0.4,0.4,0,2135,7.91,-4.83
2026-07-04 05:22:50.614,0.4,0.4,0.4,0.4,0,1630,7.91,2.56
2026-07-04 05:22:51.141,0.4,0.4,0.4,0.4,0,1634,7.91,2.50
2026-07-04 05:22:51.598,0.4,0.4,0.4,0.4,0,2135,7.91,-4.83
2026-07-04 05:22:52.101,0.4,0.4,0.4,0.4,0,1631,7.91,2.55
2026-07-04 05:22:52.598,0.4,0.4,0.4,0.4,0,1627,7.91,2.61
2026-07-04 05:22:53.098,0.4,0.4,0.4,0.4,0,2135,7.91,-4.83
2026-07-04 05:22:53.610,0.4,0.4,0.4,0.4,0,2135,7.91,-4.83
2026-07-04 05:22:54.148,0.4,0.4,0.4,0.4,0,1635,7.91,2.49
2026-07-04 05:22:54.585,0.4,0.4,0.4,0.4,0,1633,7.91,2.52
2026-07-04 05:22:55.081,0.4,0.4,0.4,0.4,0,1630,7.91,2.56
2026-07-04 05:22:55.617,0.4,0.4,0.4,0.4,0,1630,7.91,2.56
2026-07-04 05:22:56.139,0.4,0.4,0.4,0.4,0,1632,7.91,2.53
2026-07-04 05:22:56.629,0.4,0.4,0.4,0.4,0,1630,7.91,2.56
2026-07-04 05:22:57.119,0.4,0.4,0.4,0.4,0,1631,7.91,2.55
2026-07-04 05:22:57.599,0.4,0.4,0.4,0.4,0,1633,7.91,2.52
2026-07-04 05:22:58.101,0.4,0.4,0.4,0.4,0,1631,7.91,2.55
2026-07-04 05:22:58.598,0.4,0.4,0.4,0.4,0,1627,7.91,2.61
2026-07-04 05:22:59.095,0.4,0.4,0.4,0.4,0,1631,7.91,2.55
2026-07-04 05:22:59.593,0.4,0.4,0.4,0.4,0,1630,7.91,2.56
2026-07-04 05:23:00.097,0.4,0.4,0.4,0.4,0,1631,7.91,2.55
2026-07-04 05:23:01.112,0.4,0.4,0.4,0.4,0,1634,7.91,2.50
2026-07-04 05:23:01.113,0.4,0.4,0.4,0.4,0,1636,7.91,2.48
2026-07-04 05:23:01.588,0.4,0.4,0.4,0.4,0,1630,7.91,2.56
2026-07-04 05:23:02.093,0.4,0.4,0.4,0.4,0,1630,7.91,2.56
2026-07-04 05:23:02.589,0.4,0.4,0.4,0.4,0,1626,7.91,2.62
2026-07-04 05:23:03.131,0.4,0.4,0.4,0.4,0,1631,7.91,2.55
2026-07-04 05:23:03.820,0.4,0.4,0.4,0.4,0,1631,7.91,2.55
2026-07-04 05:23:04.128,0.4,0.4,0.4,0.4,0,1633,7.91,2.52
2026-07-04 05:23:04.128,0.4,0.4,0.4,0.4,0,1637,7.91,2.46
2026-07-04 05:23:04.628,0.4,0.4,0.4,0.4,0,1634,7.91,2.50
2026-07-04 05:23:05.117,0.4,0.4,0.4,0.4,0,1637,7.91,2.46
2026-07-04 05:23:05.799,0.4,0.4,0.4,0.4,0,1637,7.91,2.46
2026-07-04 05:23:06.089,0.4,0.4,0.4,0.4,0,1633,7.91,2.52
2026-07-04 05:23:06.089,0.4,0.4,0.4,0.4,0,1634,7.91,2.50
2026-07-04 05:23:06.598,0.4,0.4,0.4,0.4,0,1633,7.91,2.52
2026-07-04 05:23:07.098,0.4,0.4,0.4,0.4,0,1632,7.91,2.53
2026-07-04 05:23:07.599,0.4,0.4,0.4,0.4,0,1630,7.91,2.56
2026-07-04 05:23:08.119,0.4,0.4,0.4,0.4,0,1633,7.91,2.52
2026-07-04 05:23:08.618,0.4,0.4,0.4,0.4,0,1633,7.91,2.52
2026-07-04 05:23:09.122,0.4,0.4,0.4,0.4,0,1633,7.91,2.52
2026-07-04 05:23:09.600,0.4,0.4,0.4,0.4,0,1631,7.91,2.55
2026-07-04 05:23:10.098,0.4,0.4,0.4,0.4,0,1631,7.91,2.55
2026-07-04 05:23:10.589,0.4,0.4,0.4,0.4,0,1634,7.91,2.50
2026-07-04 05:23:11.150,0.4,0.4,0.4,0.4,0,1636,7.91,2.48
2026-07-04 05:23:11.591,0.4,0.4,0.4,0.4,0,1636,7.91,2.48
2026-07-04 05:23:12.128,0.4,0.4,0.4,0.4,0,1631,7.91,2.55
2026-07-04 05:23:12.615,0.4,0.4,0.4,0.4,0,1624,7.91,2.65
2026-07-04 05:23:13.108,0.4,0.4,0.4,0.4,0,1629,7.91,2.58
2026-07-04 05:23:13.616,0.4,0.4,0.4,0.4,0,1629,7.91,2.58
2026-07-04 05:23:14.098,0.4,0.4,0.4,0.4,0,1631,7.91,2.55
2026-07-04 05:23:14.599,0.4,0.4,0.4,0.4,0,1632,7.91,2.53
2026-07-04 05:23:15.133,0.4,0.4,0.4,0.4,0,1632,7.91,2.53
2026-07-04 05:23:15.634,0.4,0.4,0.4,0.4,0,1635,7.91,2.49
2026-07-04 05:23:16.132,0.4,0.4,0.4,0.4,0,1629,7.91,2.58
2026-07-04 05:23:16.628,0.4,0.4,0.4,0.4,0,1632,7.91,2.53
2026-07-04 05:23:17.093,0.4,0.4,0.4,0.4,0,1632,7.91,2.53
2026-07-04 05:23:17.617,0.4,0.4,0.4,0.4,0,1630,7.91,2.56
2026-07-04 05:23:18.122,0.4,0.4,0.4,0.4,0,1631,7.91,2.55
2026-07-04 05:23:18.620,0.4,0.4,0.4,0.4,0,1630,7.91,2.56
2026-07-04 05:23:19.147,0.4,0.4,0.4,0.4,0,1630,7.91,2.56
2026-07-04 05:23:19.643,0.4,0.4,0.4,0.4,0,1632,7.91,2.53
2026-07-04 05:23:20.118,0.4,0.4,0.4,0.4,0,1630,7.91,2.56
2026-07-04 05:23:20.622,0.4,0.4,0.4,0.4,1,1632,7.90,2.53
2026-07-04 05:23:21.149,0.4,0.4,0.4,0.4,0,1631,7.91,2.55
2026-07-04 05:23:21.632,0.4,0.4,0.4,0.4,0,1630,7.91,2.56
2026-07-04 05:23:22.118,0.4,0.4,0.4,0.4,0,1630,7.91,2.56
2026-07-04 05:23:22.629,0.4,0.4,0.4,0.4,0,1633,7.91,2.52
2026-07-04 05:23:23.101,0.4,0.4,0.4,0.4,0,1631,7.91,2.55
2026-07-04 05:23:23.600,0.4,0.4,0.4,0.4,0,1635,7.91,2.49
2026-07-04 05:23:24.123,0.4,0.4,0.4,0.4,0,1631,7.91,2.55
2026-07-04 05:23:24.648,0.4,0.4,0.4,0.4,0,1632,7.91,2.53
2026-07-04 05:23:25.132,0.4,0.4,0.4,0.4,0,1632,7.91,2.53
2026-07-04 05:23:25.633,0.4,0.4,0.4,0.4,0,1631,7.91,2.55
2026-07-04 05:23:26.129,0.4,0.4,0.4,0.4,0,1633,7.91,2.52
2026-07-04 05:23:26.610,0.4,0.4,0.4,0.4,0,1631,7.91,2.55
2026-07-04 05:23:27.145,0.4,0.4,0.4,0.4,0,1630,7.91,2.56
2026-07-04 05:23:27.617,0.4,0.4,0.4,0.4,0,1631,7.91,2.55
2026-07-04 05:23:28.125,0.4,0.4,0.4,0.4,0,1629,7.91,2.58
2026-07-04 05:23:28.649,0.4,0.4,0.4,0.4,0,1632,7.91,2.53
2026-07-04 05:23:29.133,0.4,0.4,0.4,0.4,0,1634,7.91,2.50
2026-07-04 05:23:29.630,0.4,0.4,0.4,0.4,0,1636,7.91,2.48
2026-07-04 05:23:30.128,0.4,0.4,0.4,0.4,0,1631,7.91,2.55
2026-07-04 05:23:30.608,0.4,0.4,0.4,0.4,0,1635,7.91,2.49
2026-07-04 05:23:31.121,0.4,0.4,0.4,0.4,0,1631,7.91,2.55
2026-07-04 05:23:31.598,0.4,0.4,0.4,0.4,0,1631,7.91,2.55
2026-07-04 05:23:32.098,0.4,0.4,0.4,0.4,0,1630,7.91,2.56
2026-07-04 05:23:32.625,0.4,0.4,0.4,0.4,0,1631,7.91,2.55
2026-07-04 05:23:33.128,0.4,0.4,0.4,0.4,0,1629,7.91,2.58
2026-07-04 05:23:33.620,0.4,0.4,0.4,0.4,0,1632,7.91,2.53
2026-07-04 05:23:34.099,0.4,0.4,0.4,0.4,0,1636,7.91,2.48
2026-07-04 05:23:34.597,0.4,0.4,0.4,0.4,1,1634,7.90,2.50
2026-07-04 05:23:35.149,0.4,0.4,0.4,0.4,0,1634,7.91,2.50
2026-07-04 05:23:35.598,0.4,0.4,0.4,0.4,0,1632,7.91,2.53
2026-07-04 05:23:36.100,0.4,0.4,0.4,0.4,0,1632,7.91,2.53
2026-07-04 05:23:36.598,0.4,0.4,0.4,0.4,0,1630,7.91,2.56
2026-07-04 05:23:37.099,0.4,0.4,0.4,0.4,0,1629,7.91,2.58
2026-07-04 05:23:37.623,0.4,0.4,0.4,0.4,0,1631,7.91,2.55
2026-07-04 05:23:38.098,0.4,0.4,0.4,0.4,0,1626,7.91,2.62
2026-07-04 05:23:38.628,0.4,0.4,0.4,0.4,0,1627,7.91,2.61
2026-07-04 05:23:39.130,0.4,0.4,0.4,0.4,0,1630,7.91,2.56
2026-07-04 05:23:39.630,0.4,0.4,0.4,0.4,0,1629,7.91,2.58
2026-07-04 05:23:40.119,0.4,0.4,0.4,0.4,0,1630,7.91,2.56
2026-07-04 05:23:41.128,0.4,0.4,0.4,0.4,0,1632,7.91,2.53
2026-07-04 05:23:41.129,0.4,0.4,0.4,0.4,0,1630,7.91,2.56
2026-07-04 05:23:41.645,0.4,0.4,0.4,0.4,0,1633,7.91,2.52
2026-07-04 05:23:42.129,0.4,0.4,0.4,0.4,0,1635,7.91,2.49
2026-07-04 05:23:42.598,0.4,0.4,0.4,0.4,0,1628,7.91,2.59
2026-07-04 05:23:43.149,0.4,0.4,0.4,0.4,0,1628,7.91,2.59
2026-07-04 05:23:43.628,0.4,0.4,0.4,0.4,0,1630,7.91,2.56
2026-07-04 05:23:44.648,0.4,0.4,0.4,0.4,0,1629,7.91,2.58
2026-07-04 05:23:44.649,0.4,0.4,0.4,0.4,1,1633,7.90,2.52
2026-07-04 05:23:45.139,0.4,0.4,0.4,0.4,0,1631,7.91,2.55
2026-07-04 05:23:45.659,0.4,0.4,0.4,0.4,0,1630,7.91,2.56
2026-07-04 05:23:46.152,0.4,0.4,0.4,0.4,0,1633,7.91,2.52
2026-07-04 05:23:46.618,0.4,0.4,0.4,0.4,0,1633,7.91,2.52
2026-07-04 05:23:47.118,0.4,0.4,0.4,0.4,0,1631,7.91,2.55
2026-07-04 05:23:47.613,0.4,0.4,0.4,0.4,0,1632,7.91,2.53
2026-07-04 05:23:48.149,0.4,0.4,0.4,0.4,0,1630,7.91,2.56
2026-07-04 05:23:48.617,0.4,0.4,0.4,0.4,0,1632,7.91,2.53
2026-07-04 05:23:49.127,0.4,0.4,0.4,0.4,0,1631,7.91,2.55
2026-07-04 05:23:50.142,0.4,0.4,0.4,0.4,0,1633,7.91,2.52
2026-07-04 05:23:50.143,0.4,0.4,0.4,0.4,0,1633,7.91,2.52
2026-07-04 05:23:50.657,0.4,0.4,0.4,0.4,0,1629,7.91,2.58
2026-07-04 05:23:51.118,0.4,0.4,0.4,0.4,0,1633,7.91,2.52
2026-07-04 05:23:51.631,0.4,0.4,0.4,0.4,0,1636,7.91,2.48
2026-07-04 05:23:52.147,0.4,0.4,0.4,0.4,0,1630,7.91,2.56
2026-07-04 05:23:52.624,0.4,0.4,0.4,0.4,0,1634,7.91,2.50
2026-07-04 05:23:53.119,0.4,0.4,0.4,0.5,0,1636,7.91,2.48
2026-07-04 05:23:53.663,0.4,0.4,0.4,0.5,0,1633,7.91,2.52
2026-07-04 05:23:54.149,0.4,0.4,0.4,0.5,0,1631,7.91,2.55
2026-07-04 05:23:54.648,0.4,0.4,0.4,0.4,0,1633,7.91,2.52
2026-07-04 05:23:55.146,0.4,0.4,0.4,0.4,0,1634,7.91,2.50
2026-07-04 05:23:55.644,0.4,0.4,0.4,0.4,0,1633,7.91,2.52
2026-07-04 05:23:56.119,0.4,0.4,0.4,0.4,0,1631,7.91,2.55
2026-07-04 05:23:56.644,0.4,0.4,0.4,0.4,0,1632,7.91,2.53
2026-07-04 05:23:57.150,0.4,0.4,0.4,0.4,0,1631,7.91,2.55
2026-07-04 05:23:57.653,0.4,0.4,0.4,0.4,0,1629,7.91,2.58
2026-07-04 05:23:58.128,0.4,0.4,0.5,0.4,0,1628,7.91,2.59
2026-07-04 05:23:58.629,0.4,0.4,0.4,0.4,0,1634,7.91,2.50
2026-07-04 05:23:59.126,0.4,0.4,0.4,0.4,0,1632,7.91,2.53
2026-07-04 05:23:59.647,0.4,0.4,0.4,0.4,0,1629,7.91,2.58
2026-07-04 05:24:00.169,0.4,0.4,0.4,0.4,0,2135,7.91,-4.83
2026-07-04 05:24:00.646,0.4,0.4,0.4,0.4,0,1630,7.91,2.56
2026-07-04 05:24:01.145,0.4,0.4,0.4,0.4,0,1631,7.91,2.55
2026-07-04 05:24:01.620,0.4,0.4,0.4,0.4,0,1633,7.91,2.52
2026-07-04 05:24:02.119,0.4,0.4,0.4,0.4,0,1630,7.91,2.56
2026-07-04 05:24:02.622,0.4,0.4,0.4,0.4,0,1630,7.91,2.56
2026-07-04 05:24:03.120,0.4,0.4,0.4,0.4,0,1632,7.91,2.53
2026-07-04 05:24:03.618,0.4,0.4,0.4,0.4,0,1628,7.91,2.59
2026-07-04 05:24:04.163,0.4,0.4,0.4,0.4,0,1631,7.91,2.55
2026-07-04 05:24:04.662,0.4,0.4,0.4,0.4,0,1630,7.91,2.56
2026-07-04 05:24:05.116,0.4,0.4,0.4,0.4,0,1630,7.91,2.56
2026-07-04 05:24:05.637,0.4,0.4,0.4,0.4,0,1632,7.91,2.53
2026-07-04 05:24:06.150,0.4,0.4,0.4,0.4,0,1631,7.91,2.55
2026-07-04 05:24:07.143,0.4,0.4,0.4,0.4,0,1628,7.91,2.59
2026-07-04 05:24:07.145,0.4,0.4,0.4,0.4,0,1628,7.91,2.59
2026-07-04 05:24:07.676,0.4,0.4,0.4,0.4,0,1630,7.91,2.56
2026-07-04 05:24:08.149,0.4,0.4,0.4,0.4,0,1629,7.91,2.58
2026-07-04 05:24:08.669,0.4,0.4,0.4,0.4,0,2135,7.91,-4.83
2026-07-04 05:24:09.130,0.4,0.4,0.4,0.4,0,1632,7.91,2.53
2026-07-04 05:24:09.628,0.4,0.4,0.4,0.4,0,1631,7.91,2.55
2026-07-04 05:24:10.175,0.4,0.4,0.4,0.4,0,1635,7.91,2.49
2026-07-04 05:24:10.617,0.4,0.4,0.4,0.4,0,1632,7.91,2.53
2026-07-04 05:24:11.149,0.4,0.4,0.4,0.4,0,1628,7.91,2.59
2026-07-04 05:24:11.656,0.4,0.4,0.4,0.4,0,1630,7.91,2.56
2026-07-04 05:24:12.155,0.4,0.4,0.4,0.4,0,1629,7.91,2.58
2026-07-04 05:24:12.618,0.4,0.4,0.4,0.4,0,1629,7.91,2.58
2026-07-04 05:24:13.117,0.4,0.4,0.4,0.4,0,1630,7.91,2.56
2026-07-04 05:24:13.673,0.4,0.4,0.4,0.4,0,1638,7.91,2.45
2026-07-04 05:24:14.148,0.4,0.4,0.4,0.4,0,1631,7.91,2.55
2026-07-04 05:24:14.652,0.4,0.4,0.4,0.4,0,1631,7.91,2.55
2026-07-04 05:24:15.165,0.4,0.4,0.4,0.4,0,1631,7.91,2.55
2026-07-04 05:24:15.661,0.4,0.4,0.4,0.4,0,1630,7.91,2.56
2026-07-04 05:24:16.160,0.4,0.4,0.4,0.4,0,1630,7.91,2.56
2026-07-04 05:24:16.621,0.4,0.4,0.4,0.4,0,1631,7.91,2.55
2026-07-04 05:24:17.169,0.4,0.4,0.4,0.4,0,1633,7.91,2.52
2026-07-04 05:24:17.641,0.4,0.4,0.4,0.4,0,1630,7.91,2.56
2026-07-04 05:24:18.314,0.4,0.4,0.4,0.4,0,1630,7.91,2.56
2026-07-04 05:24:18.673,0.4,0.4,0.4,0.4,0,1631,7.91,2.55
2026-07-04 05:24:18.674,0.4,0.4,0.4,0.4,0,1627,7.91,2.61
2026-07-04 05:24:19.121,0.4,0.4,0.4,0.4,0,1632,7.91,2.53
2026-07-04 05:24:19.651,0.4,0.4,0.4,0.4,0,1632,7.91,2.53
2026-07-04 05:24:20.147,0.4,0.4,0.4,0.4,0,1629,7.91,2.58
2026-07-04 05:24:20.628,0.4,0.4,0.4,0.4,0,1632,7.91,2.53
2026-07-04 05:24:21.162,0.4,0.4,0.4,0.4,0,1632,7.91,2.53
2026-07-04 05:24:21.638,0.4,0.4,0.4,0.4,0,1633,7.91,2.52
2026-07-04 05:24:22.148,0.4,0.4,0.4,0.4,0,1630,7.91,2.56
2026-07-04 05:24:22.664,0.4,0.4,0.4,0.4,0,1635,7.91,2.49
2026-07-04 05:24:23.160,0.4,0.4,0.4,0.4,0,1630,7.91,2.56
2026-07-04 05:24:23.644,0.4,0.4,0.4,0.4,0,1630,7.91,2.56
2026-07-04 05:24:24.144,0.4,0.4,0.4,0.4,0,1629,7.91,2.58
2026-07-04 05:24:24.630,0.4,0.4,0.4,0.4,0,1632,7.91,2.53
2026-07-04 05:24:25.178,0.4,0.4,0.4,0.4,0,1633,7.91,2.52
2026-07-04 05:24:25.676,0.4,0.4,0.4,0.4,0,1629,7.91,2.58
2026-07-04 05:24:26.123,0.4,0.4,0.4,0.4,0,1631,7.91,2.55
2026-07-04 05:24:26.665,0.4,0.4,0.4,0.4,0,1631,7.91,2.55
2026-07-04 05:24:27.160,0.4,0.4,0.4,0.4,0,1628,7.91,2.59
2026-07-04 05:24:27.647,0.4,0.4,0.4,0.4,0,1634,7.91,2.50
2026-07-04 05:24:28.678,0.4,0.4,0.4,0.4,0,1629,7.91,2.58
2026-07-04 05:24:28.678,0.4,0.4,0.4,0.4,1,1630,7.90,2.56
2026-07-04 05:24:29.150,0.4,0.4,0.4,0.4,0,1631,7.91,2.55
2026-07-04 05:24:29.633,0.4,0.4,0.4,0.4,0,1631,7.91,2.55
2026-07-04 05:24:30.128,0.4,0.4,0.4,0.4,0,1632,7.91,2.53
2026-07-04 05:24:30.663,0.4,0.4,0.4,0.4,0,1629,7.91,2.58
2026-07-04 05:24:31.160,0.4,0.4,0.4,0.4,0,1627,7.91,2.61
2026-07-04 05:24:31.641,0.4,0.4,0.4,0.4,0,1635,7.91,2.49
2026-07-04 05:24:32.148,0.4,0.4,0.4,0.4,0,1631,7.91,2.55
2026-07-04 05:24:32.652,0.4,0.4,0.4,0.4,0,1630,7.91,2.56
2026-07-04 05:24:33.150,0.4,0.4,0.4,0.4,0,1631,7.91,2.55
2026-07-04 05:24:33.630,0.4,0.4,0.4,0.4,0,1633,7.91,2.52
2026-07-04 05:24:34.129,0.4,0.4,0.4,0.4,0,1629,7.91,2.58
2026-07-04 05:24:34.629,0.4,0.4,0.4,0.4,0,1627,7.91,2.61
2026-07-04 05:24:35.170,0.4,0.4,0.4,0.4,0,1632,7.91,2.53
2026-07-04 05:24:35.696,0.4,0.4,0.4,0.4,0,1629,7.91,2.58
2026-07-04 05:24:36.163,0.4,0.4,0.4,0.4,0,1627,7.91,2.61
2026-07-04 05:24:36.660,0.4,0.4,0.4,0.4,0,1631,7.91,2.55
2026-07-04 05:24:37.178,0.4,0.4,0.4,0.4,0,1632,7.91,2.53
2026-07-04 05:24:37.677,0.4,0.4,0.4,0.4,0,1629,7.91,2.58
2026-07-04 05:24:38.178,0.4,0.4,0.4,0.4,0,1633,7.91,2.52
2026-07-04 05:24:38.688,0.4,0.4,0.4,0.4,0,1628,7.91,2.59
2026-07-04 05:24:39.149,0.4,0.4,0.4,0.4,0,1633,7.91,2.52
2026-07-04 05:24:39.645,0.4,0.4,0.4,0.4,0,1630,7.91,2.56
2026-07-04 05:24:40.151,0.4,0.4,0.4,0.4,0,1631,7.91,2.55
2026-07-04 05:24:40.679,0.4,0.4,0.4,0.4,1,1628,7.90,2.59
2026-07-04 05:24:41.179,0.4,0.4,0.4,0.4,0,1630,7.91,2.56
2026-07-04 05:24:41.639,0.4,0.4,0.4,0.4,0,1632,7.91,2.53
2026-07-04 05:24:42.151,0.4,0.4,0.4,0.4,0,1629,7.91,2.58
2026-07-04 05:24:43.178,0.4,0.4,0.4,0.4,0,1629,7.91,2.58
2026-07-04 05:24:43.178,0.4,0.4,0.4,0.4,0,1630,7.91,2.56
2026-07-04 05:24:43.659,0.4,0.4,0.4,0.4,0,1630,7.91,2.56
2026-07-04 05:24:44.178,0.4,0.4,0.4,0.4,0,1631,7.91,2.55
2026-07-04 05:24:44.663,0.4,0.4,0.4,0.4,0,1632,7.91,2.53
2026-07-04 05:24:45.159,0.4,0.4,0.4,0.4,0,1632,7.91,2.53
2026-07-04 05:24:45.683,0.4,0.4,0.4,0.4,0,1632,7.91,2.53
2026-07-04 05:24:46.147,0.4,0.4,0.4,0.4,0,1634,7.91,2.50
2026-07-04 05:24:46.645,0.4,0.4,0.4,0.4,0,1631,7.91,2.55
2026-07-04 05:24:47.172,0.4,0.4,0.4,0.4,0,1630,7.91,2.56
2026-07-04 05:24:47.639,0.4,0.4,0.4,0.4,0,1629,7.91,2.58
2026-07-04 05:24:48.151,0.4,0.4,0.4,0.4,0,1630,7.91,2.56
2026-07-04 05:24:48.644,0.4,0.4,0.4,0.4,0,1633,7.91,2.52
2026-07-04 05:24:49.142,0.4,0.4,0.4,0.4,0,1626,7.91,2.62
2026-07-04 05:24:49.639,0.4,0.4,0.4,0.4,0,1629,7.91,2.58
2026-07-04 05:24:50.152,0.4,0.4,0.4,0.4,0,1627,7.91,2.61
2026-07-04 05:24:50.678,0.4,0.4,0.4,0.4,0,1627,7.91,2.61
2026-07-04 05:24:51.168,0.4,0.4,0.4,0.4,1,1627,7.90,2.61
2026-07-04 05:24:51.679,0.4,0.4,0.4,0.4,0,1630,7.91,2.56
2026-07-04 05:24:52.655,0.4,0.4,0.4,0.4,0,1630,7.91,2.56
2026-07-04 05:24:52.656,0.4,0.4,0.4,0.4,4,1630,7.85,2.56
2026-07-04 05:24:53.178,0.4,0.4,0.4,0.4,9,1629,7.78,2.58
2026-07-04 05:24:53.646,0.4,0.4,0.4,0.4,11,1633,7.75,2.52
2026-07-04 05:24:54.148,0.4,0.4,0.4,0.4,5,1633,7.84,2.52
2026-07-04 05:24:54.645,0.4,0.4,0.4,0.4,0,1632,7.91,2.53
2026-07-04 05:24:55.188,0.4,0.4,0.4,0.4,1,1629,7.90,2.58
2026-07-04 05:24:55.645,0.4,0.4,0.4,0.4,0,1628,7.91,2.59
2026-07-04 05:24:56.178,0.4,0.4,0.4,0.4,0,1631,7.91,2.55
2026-07-04 05:24:56.664,0.4,0.4,0.4,0.4,0,1630,7.91,2.56
2026-07-04 05:24:57.148,0.4,0.4,0.4,0.4,0,1632,7.91,2.53
2026-07-04 05:24:57.677,0.4,0.4,0.4,0.4,0,1632,7.91,2.53
2026-07-04 05:24:58.169,0.4,0.4,0.4,0.4,0,1631,7.91,2.55
2026-07-04 05:24:58.679,0.4,0.4,0.4,0.4,0,1633,7.91,2.52
2026-07-04 05:24:59.180,0.4,0.4,0.4,0.4,0,1630,7.91,2.56
2026-07-04 05:24:59.644,0.4,0.4,0.4,0.4,0,1631,7.91,2.55
2026-07-04 05:25:00.142,0.4,0.4,0.4,0.4,0,1631,7.91,2.55
2026-07-04 05:25:00.669,0.4,0.4,0.4,0.4,0,1631,7.91,2.55
2026-07-04 05:25:01.181,0.4,0.4,0.4,0.0,0,1635,7.91,2.49
2026-07-04 05:25:01.648,0.4,0.4,0.4,0.0,0,1629,7.91,2.58
2026-07-04 05:25:02.643,0.4,0.4,0.4,0.4,0,1631,7.91,2.55
2026-07-04 05:25:02.699,0.4,0.4,0.4,0.4,0,1628,7.91,2.59
2026-07-04 05:25:03.189,0.4,0.4,0.4,0.4,0,1630,7.91,2.56
2026-07-04 05:25:03.640,0.4,0.4,0.4,0.4,0,1630,7.91,2.56
2026-07-04 05:25:04.168,0.4,0.4,0.4,0.4,0,1631,7.91,2.55
2026-07-04 05:25:04.664,0.4,0.4,0.4,0.4,0,1629,7.91,2.58
2026-07-04 05:25:05.166,0.4,0.4,0.4,0.4,0,1633,7.91,2.52
2026-07-04 05:25:05.701,0.4,0.4,0.4,0.4,0,1627,7.91,2.61
2026-07-04 05:25:06.156,0.4,0.4,0.4,0.4,0,1631,7.91,2.55
2026-07-04 05:25:06.668,0.4,0.4,0.4,0.4,0,1631,7.91,2.55
2026-07-04 05:25:07.184,0.4,0.4,0.4,0.4,0,1631,7.91,2.55
2026-07-04 05:25:07.673,0.4,0.4,0.4,0.4,0,1630,7.91,2.56
2026-07-04 05:25:08.148,0.4,0.4,0.4,0.4,0,1630,7.91,2.56
2026-07-04 05:25:08.648,0.4,0.4,0.4,0.4,1,1629,7.90,2.58
2026-07-04 05:25:09.163,0.4,0.4,0.4,0.4,0,1622,7.91,2.68
2026-07-04 05:25:09.693,0.4,0.4,0.4,0.4,0,1630,7.91,2.56
2026-07-04 05:25:10.194,0.4,0.4,0.4,0.4,0,1630,7.91,2.56
2026-07-04 05:25:11.190,0.4,0.4,0.4,0.4,0,1630,7.91,2.56
2026-07-04 05:25:11.190,0.4,0.4,0.4,0.4,0,1627,7.91,2.61
2026-07-04 05:25:11.671,0.4,0.4,0.4,0.4,0,1632,7.91,2.53
2026-07-04 05:25:12.172,0.4,0.4,0.4,0.4,0,1626,7.91,2.62
2026-07-04 05:25:12.682,0.4,0.4,0.4,0.4,0,1629,7.91,2.58
2026-07-04 05:25:13.150,0.4,0.4,0.4,0.4,0,1631,7.91,2.55
2026-07-04 05:25:13.691,0.4,0.4,0.4,0.4,0,1630,7.91,2.56
2026-07-04 05:25:14.193,0.4,0.4,0.4,0.4,0,1632,7.91,2.53
2026-07-04 05:25:14.678,0.4,0.4,0.4,0.4,0,1632,7.91,2.53
2026-07-04 05:25:15.183,0.4,0.4,0.4,0.4,0,1631,7.91,2.55
2026-07-04 05:25:15.648,0.4,0.4,0.4,0.4,0,1632,7.91,2.53
2026-07-04 05:25:16.208,0.4,0.4,0.4,0.4,0,1631,7.91,2.55
2026-07-04 05:25:16.707,0.4,0.4,0.4,0.4,0,1632,7.91,2.53
2026-07-04 05:25:17.167,0.4,0.4,0.4,0.4,0,1634,7.91,2.50
2026-07-04 05:25:18.177,0.4,0.4,0.4,0.4,0,1636,7.91,2.48
2026-07-04 05:25:18.396,0.4,0.4,0.4,0.4,0,1636,7.91,2.48
2026-07-04 05:25:18.678,0.4,0.4,0.4,0.4,0,1631,7.91,2.55
2026-07-04 05:25:18.678,0.4,0.4,0.4,0.4,0,1634,7.91,2.50
2026-07-04 05:25:19.164,0.4,0.4,0.4,0.4,0,1634,7.91,2.50
2026-07-04 05:25:19.660,0.4,0.4,0.4,0.4,0,1629,7.91,2.58
2026-07-04 05:25:20.159,0.4,0.4,0.4,0.4,0,1627,7.91,2.61
2026-07-04 05:25:20.699,0.4,0.4,0.4,0.4,0,1632,7.91,2.53
2026-07-04 05:25:21.157,0.4,0.4,0.4,0.4,0,1628,7.91,2.59
2026-07-04 05:25:21.669,0.4,0.4,0.4,0.4,0,1629,7.91,2.58
2026-07-04 05:25:22.195,0.4,0.4,0.4,0.4,0,1628,7.91,2.59
2026-07-04 05:25:22.673,0.4,0.4,0.4,0.4,0,1628,7.91,2.59
2026-07-04 05:25:23.171,0.4,0.4,0.4,0.4,0,1628,7.91,2.59
2026-07-04 05:25:23.677,0.4,0.4,0.4,0.4,0,1630,7.91,2.56
2026-07-04 05:25:24.208,0.4,0.4,0.4,0.4,0,1630,7.91,2.56
2026-07-04 05:25:24.694,0.4,0.4,0.4,0.4,0,1632,7.91,2.53
2026-07-04 05:25:25.193,0.4,0.4,0.4,0.4,0,1628,7.91,2.59
2026-07-04 05:25:25.690,0.4,0.4,0.4,0.4,0,1630,7.91,2.56
2026-07-04 05:25:26.168,0.4,0.4,0.4,0.4,0,1623,7.91,2.67
2026-07-04 05:25:26.678,0.4,0.4,0.4,0.4,0,1631,7.91,2.55
2026-07-04 05:25:27.185,0.4,0.4,0.4,0.4,0,1630,7.91,2.56
2026-07-04 05:25:27.708,0.4,0.4,0.4,0.4,0,1628,7.91,2.59
2026-07-04 05:25:28.208,0.4,0.4,0.4,0.4,0,1628,7.91,2.59
2026-07-04 05:25:28.694,0.4,0.4,0.4,0.4,0,1633,7.91,2.52
2026-07-04 05:25:29.195,0.4,0.4,0.4,0.4,0,1633,7.91,2.52
2026-07-04 05:25:29.692,0.4,0.4,0.4,0.4,0,1630,7.91,2.56
2026-07-04 05:25:30.171,0.4,0.4,0.4,0.4,0,1631,7.91,2.55
2026-07-04 05:25:30.678,0.4,0.4,0.4,0.4,0,1631,7.91,2.55
2026-07-04 05:25:31.660,0.4,0.4,0.4,0.4,0,1632,7.91,2.53
2026-07-04 05:25:31.724,0.4,0.4,0.4,0.4,0,1631,7.91,2.55
2026-07-04 05:25:32.165,0.4,0.4,0.4,0.4,0,1628,7.91,2.59
2026-07-04 05:25:32.664,0.4,0.4,0.4,0.4,0,1633,7.91,2.52
2026-07-04 05:25:33.163,0.4,0.4,0.4,0.4,0,1629,7.91,2.58
2026-07-04 05:25:33.659,0.4,0.4,0.4,0.4,0,1630,7.91,2.56
2026-07-04 05:25:34.190,0.4,0.4,0.4,0.4,0,1635,7.91,2.49
2026-07-04 05:25:34.669,0.4,0.4,0.4,0.4,1,1631,7.90,2.55
2026-07-04 05:25:35.179,0.4,0.4,0.4,0.4,0,1630,7.91,2.56
2026-07-04 05:25:35.660,0.4,0.4,0.4,0.4,0,1631,7.91,2.55
2026-07-04 05:25:36.221,0.4,0.4,0.4,0.4,0,1629,7.91,2.58
2026-07-04 05:25:36.677,0.4,0.4,0.4,0.4,1,1630,7.90,2.56
2026-07-04 05:25:37.179,0.4,0.4,0.4,0.4,0,1631,7.91,2.55
2026-07-04 05:25:38.179,0.4,0.4,0.4,0.4,1,1630,7.90,2.56
2026-07-04 05:25:38.181,0.4,0.4,0.4,0.4,0,1628,7.91,2.59
2026-07-04 05:25:38.669,0.4,0.4,0.4,0.4,0,1624,7.91,2.65
2026-07-04 05:25:39.178,0.4,0.4,0.4,0.4,0,1628,7.91,2.59
2026-07-04 05:25:39.676,0.4,0.4,0.4,0.4,0,1630,7.91,2.56
2026-07-04 05:25:40.167,0.4,0.4,0.4,0.4,0,1630,7.91,2.56
2026-07-04 05:25:40.727,0.4,0.4,0.4,0.4,0,1629,7.91,2.58
2026-07-04 05:25:41.225,0.4,0.4,0.4,0.4,0,1629,7.91,2.58
2026-07-04 05:25:41.725,0.4,0.4,0.4,0.4,0,1630,7.91,2.56
2026-07-04 05:25:42.177,0.4,0.4,0.4,0.4,0,1629,7.91,2.58
2026-07-04 05:25:43.226,0.4,0.4,0.4,0.4,0,1629,7.91,2.58
2026-07-04 05:25:43.227,0.4,0.4,0.4,0.4,0,1628,7.91,2.59
2026-07-04 05:25:43.723,0.4,0.4,0.4,0.4,0,1628,7.91,2.59
2026-07-04 05:25:44.177,0.4,0.4,0.4,0.4,0,1625,7.91,2.64
2026-07-04 05:25:44.694,0.4,0.4,0.4,0.4,0,1629,7.91,2.58
2026-07-04 05:25:45.189,0.4,0.4,0.4,0.4,0,1628,7.91,2.59
2026-07-04 05:25:45.700,0.4,0.4,0.4,0.4,0,1630,7.91,2.56
2026-07-04 05:25:46.166,0.4,0.4,0.4,0.4,0,1630,7.91,2.56
2026-07-04 05:25:46.727,0.4,0.4,0.4,0.4,0,1629,7.91,2.58
2026-07-04 05:25:47.224,0.4,0.4,0.4,0.4,0,1628,7.91,2.59
2026-07-04 05:25:48.189,0.4,0.4,0.4,0.4,0,1627,7.91,2.61
2026-07-04 05:25:48.189,0.4,0.4,0.4,0.4,0,1629,7.91,2.58
2026-07-04 05:25:48.688,0.4,0.4,0.4,0.4,0,1628,7.91,2.59
2026-07-04 05:25:49.208,0.4,0.4,0.4,0.4,0,1630,7.91,2.56
2026-07-04 05:25:49.707,0.4,0.4,0.4,0.4,0,1631,7.91,2.55
2026-07-04 05:25:50.207,0.4,0.4,0.4,0.4,0,1632,7.91,2.53
2026-07-04 05:25:50.691,0.4,0.4,0.4,0.4,0,1629,7.91,2.58
2026-07-04 05:25:51.203,0.4,0.4,0.4,0.4,0,1632,7.91,2.53
2026-07-04 05:25:51.700,0.4,0.4,0.4,0.4,0,1629,7.91,2.58
2026-07-04 05:25:52.177,0.4,0.4,0.4,0.4,0,1630,7.91,2.56
2026-07-04 05:25:52.678,0.4,0.4,0.4,0.4,0,1628,7.91,2.59
2026-07-04 05:25:53.676,0.4,0.4,0.4,0.4,0,1629,7.91,2.58
2026-07-04 05:25:53.677,0.4,0.4,0.4,0.4,0,1629,7.91,2.58
2026-07-04 05:25:54.198,0.4,0.4,0.4,0.4,0,1632,7.91,2.53
2026-07-04 05:25:54.708,0.4,0.4,0.4,0.4,0,1632,7.91,2.53
2026-07-04 05:25:55.210,0.4,0.4,0.4,0.4,0,1625,7.91,2.64
2026-07-04 05:25:55.696,0.4,0.4,0.4,0.4,0,1632,7.91,2.53
2026-07-04 05:25:56.193,0.4,0.4,0.4,0.4,0,1628,7.91,2.59
2026-07-04 05:25:56.708,0.4,0.4,0.4,0.4,0,1628,7.91,2.59
2026-07-04 05:25:57.208,0.4,0.4,0.4,0.4,0,1628,7.91,2.59
2026-07-04 05:25:57.709,0.4,0.4,0.4,0.4,0,1630,7.91,2.56
2026-07-04 05:25:58.208,0.4,0.4,0.4,0.4,0,1629,7.91,2.58
2026-07-04 05:25:58.708,0.4,0.4,0.4,0.4,0,1629,7.91,2.58
2026-07-04 05:25:59.208,0.4,0.4,0.4,0.4,0,1631,7.91,2.55
2026-07-04 05:26:00.207,0.4,0.4,0.4,0.4,0,1633,7.91,2.52
2026-07-04 05:26:00.208,0.4,0.4,0.4,0.4,0,1631,7.91,2.55
2026-07-04 05:26:00.677,0.4,0.4,0.4,0.4,0,1630,7.91,2.56
2026-07-04 05:26:01.209,0.4,0.4,0.4,0.4,0,1628,7.91,2.59
2026-07-04 05:26:01.707,0.4,0.4,0.4,0.4,0,1627,7.91,2.61
2026-07-04 05:26:02.229,0.4,0.4,0.4,0.4,0,1631,7.91,2.55
2026-07-04 05:26:02.684,0.4,0.4,0.4,0.4,0,1626,7.91,2.62
2026-07-04 05:26:03.180,0.4,0.4,0.4,0.4,0,1626,7.91,2.62
2026-07-04 05:26:03.727,0.4,0.4,0.4,0.4,0,1631,7.91,2.55
2026-07-04 05:26:04.204,0.4,0.4,0.4,0.4,0,1632,7.91,2.53
2026-07-04 05:26:04.729,0.4,0.4,0.4,0.4,0,1630,7.91,2.56
2026-07-04 05:26:05.178,0.4,0.4,0.4,0.4,0,1629,7.91,2.58
2026-07-04 05:26:05.677,0.4,0.4,0.4,0.4,0,1632,7.91,2.53
2026-07-04 05:26:06.223,0.4,0.4,0.4,0.4,0,1632,7.91,2.53
2026-07-04 05:26:07.196,0.4,0.4,0.4,0.4,0,1629,7.91,2.58
2026-07-04 05:26:07.197,0.4,0.4,0.4,0.4,0,1629,7.91,2.58
2026-07-04 05:26:07.694,0.4,0.4,0.4,0.4,0,1628,7.91,2.59
2026-07-04 05:26:08.195,0.4,0.4,0.4,0.4,0,1630,7.91,2.56
2026-07-04 05:26:08.693,0.4,0.4,0.4,0.4,0,1629,7.91,2.58
2026-07-04 05:26:09.191,0.4,0.4,0.4,0.4,0,1628,7.91,2.59
2026-07-04 05:26:09.691,0.4,0.4,0.4,0.4,0,1627,7.91,2.61
2026-07-04 05:26:10.202,0.4,0.4,0.4,0.4,0,1627,7.91,2.61
2026-07-04 05:26:10.708,0.4,0.4,0.4,0.4,0,1628,7.91,2.59
2026-07-04 05:26:11.208,0.4,0.4,0.4,0.4,0,1630,7.91,2.56
2026-07-04 05:26:11.708,0.4,0.4,0.4,0.4,0,1627,7.91,2.61
2026-07-04 05:26:12.198,0.4,0.4,0.4,0.4,0,1628,7.91,2.59
2026-07-04 05:26:12.709,0.4,0.4,0.4,0.4,0,1626,7.91,2.62
2026-07-04 05:26:13.208,0.4,0.4,0.4,0.4,0,1629,7.91,2.58
2026-07-04 05:26:13.694,0.4,0.4,0.4,0.4,0,1624,7.91,2.65
2026-07-04 05:26:14.233,0.4,0.4,0.4,0.4,0,1629,7.91,2.58
2026-07-04 05:26:14.677,0.4,0.4,0.4,0.4,0,1629,7.91,2.58
2026-07-04 05:26:15.195,0.4,0.4,0.4,0.4,0,1630,7.91,2.56
2026-07-04 05:26:15.693,0.4,0.4,0.4,0.4,0,1629,7.91,2.58
2026-07-04 05:26:16.192,0.4,0.4,0.4,0.4,0,1627,7.91,2.61
2026-07-04 05:26:16.728,0.4,0.4,0.4,0.4,0,1631,7.91,2.55
2026-07-04 05:26:17.227,0.4,0.4,0.4,0.4,0,1630,7.91,2.56
2026-07-04 05:26:17.735,0.4,0.4,0.4,0.4,0,1628,7.91,2.59
2026-07-04 05:26:18.238,0.4,0.4,0.4,0.4,0,1629,7.91,2.58
2026-07-04 05:26:18.708,0.4,0.4,0.4,0.4,0,1630,7.91,2.56
2026-07-04 05:26:19.197,0.4,0.4,0.4,0.4,0,1630,7.91,2.56
2026-07-04 05:26:19.740,0.4,0.4,0.4,0.4,0,1627,7.91,2.61
2026-07-04 05:26:20.208,0.4,0.4,0.4,0.4,0,1628,7.91,2.59
2026-07-04 05:26:20.707,0.4,0.4,0.4,0.4,0,1628,7.91,2.59
2026-07-04 05:26:21.228,0.4,0.4,0.4,0.4,0,1628,7.91,2.59
2026-07-04 05:26:22.444,0.4,0.4,0.4,0.4,0,1628,7.91,2.59
2026-07-04 05:26:22.733,0.4,0.4,0.4,0.4,0,1628,7.91,2.59
2026-07-04 05:26:22.734,0.4,0.4,0.4,0.4,0,1625,7.91,2.64
2026-07-04 05:26:22.735,0.4,0.4,0.4,0.4,0,1625,7.91,2.64
2026-07-04 05:26:23.186,0.4,0.4,0.4,0.4,0,1628,7.91,2.59
2026-07-04 05:26:23.694,0.4,0.4,0.4,0.4,0,1630,7.91,2.56
2026-07-04 05:26:24.207,0.4,0.4,0.4,0.4,0,1628,7.91,2.59
2026-07-04 05:26:24.707,0.4,0.4,0.4,0.4,0,1628,7.91,2.59
2026-07-04 05:26:25.210,0.4,0.4,0.4,0.4,0,1630,7.91,2.56
2026-07-04 05:26:26.190,0.4,0.4,0.4,0.4,0,1630,7.91,2.56
2026-07-04 05:26:26.249,0.4,0.4,0.4,0.4,0,1629,7.91,2.58
2026-07-04 05:26:26.709,0.4,0.4,0.4,0.4,0,1627,7.91,2.61
2026-07-04 05:26:27.196,0.4,0.4,0.4,0.4,0,1629,7.91,2.58
2026-07-04 05:26:27.695,0.4,0.4,0.4,0.4,0,1628,7.91,2.59
2026-07-04 05:26:28.233,0.4,0.4,0.4,0.5,0,1633,7.91,2.52
2026-07-04 05:26:28.737,0.4,0.4,0.4,0.5,0,1628,7.91,2.59
2026-07-04 05:26:29.196,0.4,0.4,0.4,0.4,0,1629,7.91,2.58
2026-07-04 05:26:29.691,0.4,0.4,0.4,0.4,0,1629,7.91,2.58
2026-07-04 05:26:30.219,0.4,0.4,0.4,0.4,0,1631,7.91,2.55
2026-07-04 05:26:30.729,0.4,0.4,0.4,0.4,0,1628,7.91,2.59
2026-07-04 05:26:31.195,0.4,0.4,0.4,0.4,0,1628,7.91,2.59
2026-07-04 05:26:31.758,0.4,0.4,0.4,0.4,0,1629,7.91,2.58
2026-07-04 05:26:32.227,0.4,0.4,0.4,0.4,0,1628,7.91,2.59
2026-07-04 05:26:32.698,0.4,0.4,0.4,0.4,0,1630,7.91,2.56
2026-07-04 05:26:33.208,0.4,0.4,0.4,0.4,0,1629,7.91,2.58
2026-07-04 05:26:33.755,0.4,0.4,0.4,0.4,0,1629,7.91,2.58
2026-07-04 05:26:34.701,0.4,0.4,0.4,0.4,0,1626,7.91,2.62
2026-07-04 05:26:34.758,0.4,0.4,0.4,0.4,0,1629,7.91,2.58
2026-07-04 05:26:35.208,0.4,0.4,0.4,0.4,0,1629,7.91,2.58
2026-07-04 05:26:35.738,0.4,0.4,0.4,0.4,0,1628,7.91,2.59
2026-07-04 05:26:36.237,0.4,0.4,0.4,0.4,0,1630,7.91,2.56
2026-07-04 05:26:36.728,0.4,0.4,0.4,0.4,0,1630,7.91,2.56
2026-07-04 05:26:37.227,0.4,0.4,0.4,0.4,0,1628,7.91,2.59
2026-07-04 05:26:37.741,0.4,0.4,0.4,0.4,0,1630,7.91,2.56
2026-07-04 05:26:38.238,0.4,0.4,0.4,0.4,1,1629,7.90,2.58
2026-07-04 05:26:38.738,0.4,0.4,0.4,0.4,0,1629,7.91,2.58
2026-07-04 05:26:39.231,0.4,0.4,0.4,0.4,0,1627,7.91,2.61
2026-07-04 05:26:39.711,0.4,0.4,0.4,0.4,0,1630,7.91,2.56
2026-07-04 05:26:40.229,0.4,0.4,0.4,0.4,0,1629,7.91,2.58
2026-07-04 05:26:40.709,0.4,0.4,0.4,0.4,0,1629,7.91,2.58
2026-07-04 05:26:41.207,0.4,0.4,0.4,0.4,0,1629,7.91,2.58
2026-07-04 05:26:41.711,0.4,0.4,0.4,0.4,0,1627,7.91,2.61
2026-07-04 05:26:42.198,0.4,0.4,0.4,0.4,0,1628,7.91,2.59
2026-07-04 05:26:42.698,0.4,0.4,0.4,0.4,0,1627,7.91,2.61
2026-07-04 05:26:43.208,0.4,0.4,0.4,0.4,0,1628,7.91,2.59
2026-07-04 05:26:43.708,0.4,0.4,0.4,0.4,0,1629,7.91,2.58
2026-07-04 05:26:44.198,0.4,0.4,0.4,0.4,0,1629,7.91,2.58
2026-07-04 05:26:44.736,0.4,0.4,0.4,0.4,0,1630,7.91,2.56
2026-07-04 05:26:45.218,0.4,0.4,0.4,0.4,0,1627,7.91,2.61
2026-07-04 05:26:45.732,0.4,0.4,0.4,0.4,0,1628,7.91,2.59
2026-07-04 05:26:46.229,0.4,0.4,0.4,0.4,0,1630,7.91,2.56
2026-07-04 05:26:46.724,0.4,0.4,0.4,0.4,0,1628,7.91,2.59
2026-07-04 05:26:47.220,0.4,0.4,0.4,0.4,0,1628,7.91,2.59
2026-07-04 05:26:47.733,0.4,0.4,0.4,0.4,0,1628,7.91,2.59
2026-07-04 05:26:48.260,0.4,0.4,0.4,0.4,0,1627,7.91,2.61
2026-07-04 05:26:48.740,0.4,0.4,0.4,0.4,0,1629,7.91,2.58
2026-07-04 05:26:49.239,0.4,0.4,0.4,0.4,0,1629,7.91,2.58
2026-07-04 05:26:49.738,0.4,0.4,0.4,0.4,0,1628,7.91,2.59
2026-07-04 05:26:50.229,0.4,0.4,0.4,0.4,0,1628,7.91,2.59
2026-07-04 05:26:50.732,0.4,0.4,0.4,0.4,0,1628,7.91,2.59
2026-07-04 05:26:51.233,0.4,0.4,0.4,0.4,0,1629,7.91,2.58
2026-07-04 05:26:51.708,0.4,0.4,0.4,0.4,0,1630,7.91,2.56
2026-07-04 05:26:52.255,0.4,0.4,0.4,0.4,0,1629,7.91,2.58
2026-07-04 05:26:52.707,0.4,0.4,0.4,0.4,0,1628,7.91,2.59
2026-07-04 05:26:53.710,0.4,0.4,0.4,0.4,0,1630,7.91,2.56
2026-07-04 05:26:53.773,0.4,0.4,0.4,0.4,0,1627,7.91,2.61
2026-07-04 05:26:54.443,0.4,0.4,0.4,0.4,0,1627,7.91,2.61
2026-07-04 05:26:54.758,0.4,0.4,0.4,0.4,0,1628,7.91,2.59
2026-07-04 05:26:54.760,0.4,0.4,0.4,0.4,0,1630,7.91,2.56
2026-07-04 05:26:55.251,0.4,0.4,0.4,0.4,0,1630,7.91,2.56
2026-07-04 05:26:55.703,0.4,0.4,0.4,0.4,0,1628,7.91,2.59
2026-07-04 05:26:56.240,0.4,0.4,0.4,0.4,0,1631,7.91,2.55
2026-07-04 05:26:56.725,0.4,0.4,0.4,0.4,0,1630,7.91,2.56
2026-07-04 05:26:57.206,0.4,0.4,0.4,0.4,0,1627,7.91,2.61
2026-07-04 05:26:57.749,0.4,0.4,0.4,0.4,0,1630,7.91,2.56
2026-07-04 05:26:58.259,0.4,0.4,0.4,0.4,0,1628,7.91,2.59
2026-07-04 05:26:58.729,0.4,0.4,0.4,0.4,0,1628,7.91,2.59
2026-07-04 05:26:59.238,0.4,0.4,0.4,0.4,0,1629,7.91,2.58
2026-07-04 05:26:59.709,0.4,0.4,0.4,0.4,0,1627,7.91,2.61
2026-07-04 05:27:00.207,0.4,0.4,0.4,0.4,0,1631,7.91,2.55
2026-07-04 05:27:00.729,0.4,0.4,0.4,0.4,0,1630,7.91,2.56
2026-07-04 05:27:01.228,0.4,0.4,0.4,0.4,0,1629,7.91,2.58
2026-07-04 05:27:01.730,0.4,0.4,0.4,0.4,0,1632,7.91,2.53
2026-07-04 05:27:02.229,0.4,0.4,0.4,0.4,0,1629,7.91,2.58
2026-07-04 05:27:03.251,0.4,0.4,0.4,0.4,0,1629,7.91,2.58
2026-07-04 05:27:03.252,0.4,0.4,0.4,0.4,0,1627,7.91,2.61
2026-07-04 05:27:03.708,0.4,0.4,0.4,0.4,0,1629,7.91,2.58
2026-07-04 05:27:04.258,0.4,0.4,0.4,0.4,0,1629,7.91,2.58
2026-07-04 05:27:04.757,0.4,0.4,0.4,0.4,0,1629,7.91,2.58
2026-07-04 05:27:05.253,0.4,0.4,0.4,0.4,0,1629,7.91,2.58
2026-07-04 05:27:05.750,0.4,0.4,0.4,0.4,0,1626,7.91,2.62
2026-07-04 05:27:06.258,0.4,0.4,0.4,0.4,0,1628,7.91,2.59
2026-07-04 05:27:07.275,0.4,0.4,0.4,0.4,0,1627,7.91,2.61
2026-07-04 05:27:07.275,0.4,0.4,0.4,0.4,0,1628,7.91,2.59
2026-07-04 05:27:07.772,0.4,0.4,0.4,0.4,0,1628,7.91,2.59
2026-07-04 05:27:08.266,0.4,0.4,0.4,0.4,0,1628,7.91,2.59
2026-07-04 05:27:08.720,0.4,0.4,0.4,0.4,0,1628,7.91,2.59
2026-07-04 05:27:09.259,0.4,0.4,0.4,0.4,0,1629,7.91,2.58
2026-07-04 05:27:09.757,0.4,0.4,0.4,0.4,0,1627,7.91,2.61
2026-07-04 05:27:10.209,0.4,0.4,0.4,0.4,0,1630,7.91,2.56
2026-07-04 05:27:10.729,0.4,0.4,0.4,0.4,0,1630,7.91,2.56
2026-07-04 05:27:11.208,0.4,0.4,0.4,0.4,0,1630,7.91,2.56
2026-07-04 05:27:11.771,0.4,0.4,0.4,0.4,0,1629,7.91,2.58
2026-07-04 05:27:12.261,0.4,0.4,0.4,0.4,0,1629,7.91,2.58
2026-07-04 05:27:12.752,0.4,0.4,0.4,0.4,0,1628,7.91,2.59
2026-07-04 05:27:13.260,0.4,0.4,0.4,0.4,0,1629,7.91,2.58
2026-07-04 05:27:13.739,0.4,0.4,0.4,0.4,0,1630,7.91,2.56
2026-07-04 05:27:14.237,0.4,0.4,0.4,0.4,0,1629,7.91,2.58
2026-07-04 05:27:14.739,0.4,0.4,0.4,0.4,0,1630,7.91,2.56
2026-07-04 05:27:15.237,0.4,0.4,0.4,0.4,0,1628,7.91,2.59
2026-07-04 05:27:15.767,0.4,0.4,0.4,0.4,0,1628,7.91,2.59
2026-07-04 05:27:16.233,0.4,0.4,0.4,0.4,0,1629,7.91,2.58
2026-07-04 05:27:16.738,0.4,0.4,0.4,0.4,0,1619,7.91,2.72
2026-07-04 05:27:17.273,0.4,0.4,0.4,0.4,0,1631,7.91,2.55
2026-07-04 05:27:17.772,0.4,0.4,0.4,0.4,0,1630,7.91,2.56
2026-07-04 05:27:18.257,0.4,0.4,0.4,0.4,1,1626,7.90,2.62
2026-07-04 05:27:18.737,0.4,0.4,0.4,0.4,0,1629,7.91,2.58
2026-07-04 05:27:19.238,0.4,0.4,0.4,0.4,0,1630,7.91,2.56
2026-07-04 05:27:19.756,0.4,0.4,0.4,0.4,0,1628,7.91,2.59
2026-07-04 05:27:20.252,0.4,0.4,0.4,0.4,0,1630,7.91,2.56
2026-07-04 05:27:20.728,0.4,0.4,0.4,0.4,0,1633,7.91,2.52
2026-07-04 05:27:21.229,0.4,0.4,0.4,0.4,0,1628,7.91,2.59
2026-07-04 05:27:21.773,0.4,0.4,0.4,0.4,0,1624,7.91,2.65
2026-07-04 05:27:22.275,0.4,0.4,0.4,0.4,0,1621,7.91,2.70
2026-07-04 05:27:22.774,0.4,0.4,0.4,0.4,0,1628,7.91,2.59
2026-07-04 05:27:23.270,0.4,0.4,0.4,0.4,0,1629,7.91,2.58
2026-07-04 05:27:23.769,0.4,0.4,0.4,0.4,0,1628,7.91,2.59
2026-07-04 05:27:24.250,0.4,0.4,0.4,0.4,0,1628,7.91,2.59
2026-07-04 05:27:25.230,0.4,0.4,0.4,0.4,0,1627,7.91,2.61
2026-07-04 05:27:25.231,0.4,0.4,0.4,0.4,0,1627,7.91,2.61
2026-07-04 05:27:25.738,0.4,0.4,0.4,0.4,0,1629,7.91,2.58
2026-07-04 05:27:26.758,0.4,0.4,0.4,0.4,0,1629,7.91,2.58
2026-07-04 05:27:26.760,0.4,0.4,0.4,0.4,0,1627,7.91,2.61
2026-07-04 05:27:27.238,0.4,0.4,0.4,0.4,0,1628,7.91,2.59
2026-07-04 05:27:27.729,0.4,0.4,0.4,0.4,0,1626,7.91,2.62
2026-07-04 05:27:28.260,0.4,0.4,0.4,0.4,0,1627,7.91,2.61
2026-07-04 05:27:29.275,0.4,0.4,0.4,0.4,0,1628,7.91,2.59
2026-07-04 05:27:29.276,0.4,0.4,0.4,0.4,0,1621,7.91,2.70
2026-07-04 05:27:29.772,0.4,0.4,0.4,0.4,0,1628,7.91,2.59
2026-07-04 05:27:30.274,0.4,0.4,0.4,0.4,0,1629,7.91,2.58
2026-07-04 05:27:30.751,0.4,0.4,0.4,0.4,0,1628,7.91,2.59
2026-07-04 05:27:31.259,0.4,0.4,0.4,0.4,0,1627,7.91,2.61
2026-07-04 05:27:31.725,0.4,0.4,0.4,0.4,0,1631,7.91,2.55
2026-07-04 05:27:32.225,0.4,0.4,0.4,0.4,0,1627,7.91,2.61
2026-07-04 05:27:32.723,0.4,0.4,0.4,0.4,0,1628,7.91,2.59
2026-07-04 05:27:33.258,0.4,0.4,0.4,0.4,0,1626,7.91,2.62
2026-07-04 05:27:33.772,0.4,0.4,0.4,0.4,0,1627,7.91,2.61
2026-07-04 05:27:34.270,0.4,0.4,0.4,0.4,0,1631,7.91,2.55
2026-07-04 05:27:34.759,0.4,0.4,0.4,0.4,0,1626,7.91,2.62
2026-07-04 05:27:35.257,0.4,0.4,0.4,0.4,0,1628,7.91,2.59
2026-07-04 05:27:35.724,0.4,0.4,0.4,0.4,0,1627,7.91,2.61
2026-07-04 05:27:36.287,0.4,0.4,0.4,0.4,0,1628,7.91,2.59
2026-07-04 05:27:36.758,0.4,0.4,0.4,0.4,0,1629,7.91,2.58
2026-07-04 05:27:37.279,0.4,0.4,0.4,0.4,0,1628,7.91,2.59
2026-07-04 05:27:37.755,0.4,0.4,0.4,0.4,0,1627,7.91,2.61
2026-07-04 05:27:38.750,0.4,0.4,0.4,0.4,0,1627,7.91,2.61
2026-07-04 05:27:38.751,0.4,0.4,0.4,0.4,0,1628,7.91,2.59
2026-07-04 05:27:39.262,0.4,0.4,0.4,0.4,0,1630,7.91,2.56
2026-07-04 05:27:40.239,0.4,0.4,0.4,0.4,0,1628,7.91,2.59
2026-07-04 05:27:40.299,0.4,0.4,0.4,0.4,0,1628,7.91,2.59
2026-07-04 05:27:40.786,0.4,0.4,0.4,0.4,0,1628,7.91,2.59
2026-07-04 05:27:41.263,0.4,0.4,0.4,0.4,0,1628,7.91,2.59
2026-07-04 05:27:41.771,0.4,0.4,0.4,0.4,0,1628,7.91,2.59
2026-07-04 05:27:42.270,0.4,0.4,0.4,0.4,0,1628,7.91,2.59
2026-07-04 05:27:42.749,0.4,0.4,0.4,0.4,0,1629,7.91,2.58
2026-07-04 05:27:43.257,0.4,0.4,0.4,0.4,0,1628,7.91,2.59
2026-07-04 05:27:43.755,0.4,0.4,0.4,0.4,0,1628,7.91,2.59
2026-07-04 05:27:44.272,0.4,0.4,0.4,0.4,0,1628,7.91,2.59
2026-07-04 05:27:44.772,0.4,0.4,0.4,0.4,0,1628,7.91,2.59
2026-07-04 05:27:45.270,0.4,0.4,0.4,0.4,0,1628,7.91,2.59
2026-07-04 05:27:45.791,0.4,0.4,0.4,0.4,0,1630,7.91,2.56
2026-07-04 05:27:46.287,0.4,0.4,0.4,0.4,0,1628,7.91,2.59
2026-07-04 05:27:46.791,0.4,0.4,0.4,0.4,0,1628,7.91,2.59
2026-07-04 05:27:47.276,0.4,0.4,0.4,0.4,0,1628,7.91,2.59
2026-07-04 05:27:47.775,0.4,0.4,0.4,0.4,0,1625,7.91,2.64
2026-07-04 05:27:48.272,0.4,0.4,0.4,0.4,0,1627,7.91,2.61
2026-07-04 05:27:48.771,0.4,0.4,0.4,0.4,0,1627,7.91,2.61
2026-07-04 05:27:49.251,0.4,0.4,0.4,0.4,0,1626,7.91,2.62
2026-07-04 05:27:49.756,0.4,0.4,0.4,0.4,0,1627,7.91,2.61
2026-07-04 05:27:50.260,0.4,0.4,0.4,0.4,0,1627,7.91,2.61
2026-07-04 05:27:50.738,0.4,0.4,0.4,0.4,0,1628,7.91,2.59
2026-07-04 05:27:51.238,0.4,0.4,0.4,0.4,0,1629,7.91,2.58
2026-07-04 05:27:52.288,0.4,0.4,0.4,0.4,0,1628,7.91,2.59
2026-07-04 05:27:52.289,0.4,0.4,0.4,0.4,0,1629,7.91,2.58
2026-07-04 05:27:52.792,0.4,0.4,0.4,0.4,0,1628,7.91,2.59
2026-07-04 05:27:53.288,0.4,0.4,0.4,0.4,0,1627,7.91,2.61
2026-07-04 05:27:53.747,0.4,0.4,0.4,0.4,0,1628,7.91,2.59
2026-07-04 05:27:54.288,0.4,0.4,0.4,0.4,0,1625,7.91,2.64
2026-07-04 05:27:54.787,0.4,0.4,0.4,0.4,0,1627,7.91,2.61
2026-07-04 05:27:55.287,0.4,0.4,0.4,0.4,0,1630,7.91,2.56
2026-07-04 05:27:55.766,0.4,0.4,0.4,0.4,0,1628,7.91,2.59
2026-07-04 05:27:56.259,0.4,0.4,0.4,0.4,0,1626,7.91,2.62
2026-07-04 05:27:56.775,0.4,0.4,0.4,0.4,0,1626,7.91,2.62
2026-07-04 05:27:57.258,0.4,0.4,0.4,0.4,0,1630,7.91,2.56
2026-07-04 05:27:57.750,0.4,0.4,0.4,0.4,0,1630,7.91,2.56
2026-07-04 05:27:58.260,0.4,0.4,0.4,0.4,0,1627,7.91,2.61
2026-07-04 05:27:58.808,0.4,0.4,0.4,0.4,0,1626,7.91,2.62
2026-07-04 05:27:59.288,0.4,0.4,0.4,0.4,0,1627,7.91,2.61
2026-07-04 05:28:00.285,0.4,0.4,0.4,0.4,0,1627,7.91,2.61
2026-07-04 05:28:00.288,0.4,0.4,0.4,0.4,0,1626,7.91,2.62
2026-07-04 05:28:00.735,0.4,0.4,0.4,0.4,0,1630,7.91,2.56
2026-07-04 05:28:01.247,0.4,0.4,0.4,0.4,0,1627,7.91,2.61
2026-07-04 05:28:01.739,0.4,0.4,0.4,0.0,0,1629,7.91,2.58
2026-07-04 05:28:02.236,0.4,0.4,0.4,0.4,0,1627,7.91,2.61
2026-07-04 05:28:02.760,0.4,0.4,0.4,0.4,0,1627,7.91,2.61
2026-07-04 05:28:03.261,0.4,0.4,0.4,0.4,0,1629,7.91,2.58
2026-07-04 05:28:03.774,0.4,0.4,0.4,0.4,0,1627,7.91,2.61
2026-07-04 05:28:04.269,0.4,0.4,0.4,0.4,0,1631,7.91,2.55
2026-07-04 05:28:04.795,0.4,0.4,0.4,0.4,0,1627,7.91,2.61
2026-07-04 05:28:05.293,0.4,0.4,0.4,0.4,0,1628,7.91,2.59
2026-07-04 05:28:05.757,0.4,0.4,0.4,0.4,0,1625,7.91,2.64
2026-07-04 05:28:06.258,0.4,0.4,0.4,0.4,0,1628,7.91,2.59
2026-07-04 05:28:06.751,0.4,0.4,0.4,0.4,0,1627,7.91,2.61
2026-07-04 05:28:07.253,0.4,0.4,0.4,0.4,0,1627,7.91,2.61
2026-07-04 05:28:07.757,0.4,0.4,0.4,0.4,0,1630,7.91,2.56
2026-07-04 05:28:08.290,0.4,0.4,0.4,0.4,0,1629,7.91,2.58
2026-07-04 05:28:08.787,0.4,0.4,0.4,0.4,0,1627,7.91,2.61
2026-07-04 05:28:09.288,0.4,0.4,0.4,0.0,0,1627,7.91,2.61
2026-07-04 05:28:09.748,0.4,0.4,0.4,0.4,0,1628,7.91,2.59
2026-07-04 05:28:10.259,0.4,0.4,0.4,0.4,0,1625,7.91,2.64
2026-07-04 05:28:10.756,0.4,0.4,0.4,0.4,0,1629,7.91,2.58
2026-07-04 05:28:11.287,0.4,0.4,0.4,0.4,0,1624,7.91,2.65
2026-07-04 05:28:11.803,0.4,0.4,0.4,0.4,0,1624,7.91,2.65
2026-07-04 05:28:12.260,0.4,0.4,0.4,0.4,0,1626,7.91,2.62
2026-07-04 05:28:12.807,0.4,0.4,0.4,0.4,0,1627,7.91,2.61
2026-07-04 05:28:13.305,0.4,0.4,0.4,0.4,0,1627,7.91,2.61
2026-07-04 05:28:13.801,0.4,0.4,0.4,0.4,0,1629,7.91,2.58
2026-07-04 05:28:14.300,0.4,0.4,0.4,0.4,0,1628,7.91,2.59
2026-07-04 05:28:14.785,0.4,0.4,0.4,0.4,0,1628,7.91,2.59
2026-07-04 05:28:15.258,0.4,0.4,0.4,0.4,0,1627,7.91,2.61
2026-07-04 05:28:15.761,0.4,0.4,0.4,0.4,0,1628,7.91,2.59
2026-07-04 05:28:16.290,0.4,0.4,0.4,0.4,0,1625,7.91,2.64
2026-07-04 05:28:16.788,0.4,0.4,0.4,0.4,0,1626,7.91,2.62
2026-07-04 05:28:17.273,0.4,0.4,0.4,0.4,0,1622,7.91,2.68
2026-07-04 05:28:17.770,0.4,0.4,0.4,0.4,0,1628,7.91,2.59
2026-07-04 05:28:18.269,0.4,0.4,0.4,0.4,0,1626,7.91,2.62
2026-07-04 05:28:18.750,0.4,0.4,0.4,0.4,0,1628,7.91,2.59
2026-07-04 05:28:19.766,0.4,0.4,0.4,0.4,0,1627,7.91,2.61
2026-07-04 05:28:19.829,0.4,0.4,0.4,0.4,0,1627,7.91,2.61
2026-07-04 05:28:20.284,0.4,0.4,0.4,0.4,0,1627,7.91,2.61
2026-07-04 05:28:20.797,0.4,0.4,0.4,0.4,0,1626,7.91,2.62
2026-07-04 05:28:21.288,0.4,0.4,0.4,0.4,0,1628,7.91,2.59
2026-07-04 05:28:21.791,0.4,0.4,0.4,0.4,0,1627,7.91,2.61
2026-07-04 05:28:22.284,0.4,0.4,0.4,0.4,0,1627,7.91,2.61
2026-07-04 05:28:22.785,0.4,0.4,0.4,0.4,0,1627,7.91,2.61
2026-07-04 05:28:23.277,0.4,0.4,0.4,0.4,0,1625,7.91,2.64
2026-07-04 05:28:23.750,0.4,0.4,0.4,0.4,0,1627,7.91,2.61
2026-07-04 05:28:24.258,0.4,0.4,0.4,0.4,0,1629,7.91,2.58
2026-07-04 05:28:24.761,0.4,0.4,0.4,0.4,0,1628,7.91,2.59
2026-07-04 05:28:25.258,0.4,0.4,0.4,0.4,0,1627,7.91,2.61
2026-07-04 05:28:25.803,0.4,0.4,0.4,0.4,0,1629,7.91,2.58
2026-07-04 05:28:26.786,0.4,0.4,0.4,0.4,0,1629,7.91,2.58
2026-07-04 05:28:26.787,0.4,0.4,0.4,0.4,0,1626,7.91,2.62
2026-07-04 05:28:27.285,0.4,0.4,0.4,0.4,0,1626,7.91,2.62
2026-07-04 05:28:27.757,0.4,0.4,0.4,0.4,0,1626,7.91,2.62
2026-07-04 05:28:28.308,0.4,0.4,0.4,0.4,0,1627,7.91,2.61
2026-07-04 05:28:28.790,0.4,0.4,0.4,0.4,0,1627,7.91,2.61
2026-07-04 05:28:29.287,0.4,0.4,0.4,0.4,0,1627,7.91,2.61
2026-07-04 05:28:29.772,0.4,0.4,0.4,0.4,0,1628,7.91,2.59
2026-07-04 05:28:30.272,0.4,0.4,0.4,0.0,0,1628,7.91,2.59
2026-07-04 05:28:30.771,0.4,0.4,0.4,0.4,0,1626,7.91,2.62
2026-07-04 05:28:31.269,0.4,0.4,0.4,0.4,0,1627,7.91,2.61
2026-07-04 05:28:31.769,0.4,0.4,0.4,0.4,0,1627,7.91,2.61
2026-07-04 05:28:32.286,0.4,0.4,0.4,0.4,1,1629,7.90,2.58
2026-07-04 05:28:32.759,0.4,0.4,0.4,0.4,0,1625,7.91,2.64
2026-07-04 05:28:33.291,0.4,0.4,0.4,0.4,0,1631,7.91,2.55
2026-07-04 05:28:33.804,0.4,0.4,0.4,0.4,0,1629,7.91,2.58
2026-07-04 05:28:34.299,0.4,0.4,0.4,0.4,0,1629,7.91,2.58
2026-07-04 05:28:34.759,0.4,0.4,0.4,0.4,0,1625,7.91,2.64
2026-07-04 05:28:35.312,0.4,0.4,0.4,0.4,0,1629,7.91,2.58
2026-07-04 05:28:35.818,0.4,0.4,0.4,0.4,0,1627,7.91,2.61
2026-07-04 05:28:36.255,0.4,0.4,0.4,0.4,0,1620,7.91,2.71
2026-07-04 05:28:36.814,0.4,0.4,0.4,0.4,0,1627,7.91,2.61
2026-07-04 05:28:37.260,0.4,0.4,0.4,0.4,0,1626,7.91,2.62
2026-07-04 05:28:37.766,0.4,0.4,0.4,0.4,0,1626,7.91,2.62
2026-07-04 05:28:38.259,0.4,0.4,0.4,0.4,0,1628,7.91,2.59
2026-07-04 05:28:38.817,0.4,0.4,0.4,0.4,0,1626,7.91,2.62
2026-07-04 05:28:39.305,0.4,0.4,0.4,0.4,0,1626,7.91,2.62
2026-07-04 05:28:39.805,0.4,0.4,0.4,0.4,0,1623,7.91,2.67
2026-07-04 05:28:40.304,0.4,0.4,0.4,0.4,0,1624,7.91,2.65
2026-07-04 05:28:40.781,0.4,0.4,0.4,0.4,0,1628,7.91,2.59
2026-07-04 05:28:41.312,0.4,0.4,0.4,0.4,0,1626,7.91,2.62
2026-07-04 05:28:41.821,0.4,0.4,0.4,0.4,0,1629,7.91,2.58
2026-07-04 05:28:42.317,0.4,0.4,0.4,0.4,0,1626,7.91,2.62
2026-07-04 05:28:42.789,0.4,0.4,0.4,0.4,0,1627,7.91,2.61
2026-07-04 05:28:43.288,0.4,0.4,0.4,0.4,0,1627,7.91,2.61
2026-07-04 05:28:43.788,0.4,0.4,0.4,0.4,0,1627,7.91,2.61
2026-07-04 05:28:44.272,0.4,0.4,0.4,0.4,0,1625,7.91,2.64
2026-07-04 05:28:44.771,0.4,0.4,0.4,0.4,0,1623,7.91,2.67
2026-07-04 05:28:45.311,0.4,0.4,0.4,0.4,0,1622,7.91,2.68
2026-07-04 05:28:45.821,0.4,0.4,0.4,0.4,0,1626,7.91,2.62
2026-07-04 05:28:46.289,0.4,0.4,0.4,0.4,0,1627,7.91,2.61
2026-07-04 05:28:46.777,0.4,0.4,0.4,0.4,0,1627,7.91,2.61
2026-07-04 05:28:47.290,0.4,0.4,0.4,0.4,0,1626,7.91,2.62
2026-07-04 05:28:47.791,0.4,0.4,0.4,0.4,0,1626,7.91,2.62
2026-07-04 05:28:48.288,0.4,0.4,0.4,0.4,0,1628,7.91,2.59
2026-07-04 05:28:48.792,0.4,0.4,0.4,0.4,0,1623,7.91,2.67
2026-07-04 05:28:49.979,0.4,0.4,0.4,0.4,0,1623,7.91,2.67
2026-07-04 05:28:50.272,0.4,0.4,0.4,0.4,0,1627,7.91,2.61
2026-07-04 05:28:50.331,0.4,0.4,0.4,0.4,0,1627,7.91,2.61
2026-07-04 05:28:50.331,0.4,0.4,0.4,0.4,0,1628,7.91,2.59
2026-07-04 05:28:50.773,0.4,0.4,0.4,0.4,0,1628,7.91,2.59
2026-07-04 05:28:51.270,0.4,0.4,0.4,0.4,1,1630,7.90,2.56
2026-07-04 05:28:51.772,0.4,0.4,0.4,0.4,0,1624,7.91,2.65
2026-07-04 05:28:52.274,0.4,0.4,0.4,0.4,0,1629,7.91,2.58
2026-07-04 05:28:52.833,0.4,0.4,0.4,0.4,0,1626,7.91,2.62
2026-07-04 05:28:53.315,0.4,0.4,0.4,0.4,0,1627,7.91,2.61
2026-07-04 05:28:53.821,0.4,0.4,0.4,0.4,0,1628,7.91,2.59
2026-07-04 05:28:54.285,0.4,0.4,0.4,0.4,0,1628,7.91,2.59
2026-07-04 05:28:54.789,0.4,0.4,0.4,0.4,0,1627,7.91,2.61
2026-07-04 05:28:55.274,0.4,0.4,0.4,0.4,0,1627,7.91,2.61
2026-07-04 05:28:55.772,0.4,0.4,0.4,0.4,0,1626,7.91,2.62
2026-07-04 05:28:56.331,0.4,0.4,0.4,0.4,0,1626,7.91,2.62
2026-07-04 05:28:56.786,0.4,0.4,0.4,0.4,0,1629,7.91,2.58
2026-07-04 05:28:57.290,0.4,0.4,0.4,0.4,0,1628,7.91,2.59
2026-07-04 05:28:57.787,0.4,0.4,0.4,0.4,0,1626,7.91,2.62
2026-07-04 05:28:58.274,0.4,0.4,0.4,0.4,0,1625,7.91,2.64
2026-07-04 05:28:58.817,0.4,0.4,0.4,0.4,0,1627,7.91,2.61
2026-07-04 05:28:59.315,0.4,0.4,0.4,0.4,0,1626,7.91,2.62
2026-07-04 05:28:59.767,0.4,0.4,0.4,0.4,0,1627,7.91,2.61
2026-07-04 05:29:00.287,0.4,0.4,0.4,0.4,0,1623,7.91,2.67
2026-07-04 05:29:00.788,0.4,0.4,0.4,0.4,0,1626,7.91,2.62
2026-07-04 05:29:01.293,0.4,0.4,0.4,0.4,0,1629,7.91,2.58
2026-07-04 05:29:01.788,0.4,0.4,0.4,0.4,0,1627,7.91,2.61
2026-07-04 05:29:02.272,0.4,0.4,0.4,0.4,0,1628,7.91,2.59
2026-07-04 05:29:02.774,0.4,0.4,0.4,0.4,0,1628,7.91,2.59
2026-07-04 05:29:03.272,0.4,0.4,0.4,0.4,0,1627,7.91,2.61
2026-07-04 05:29:03.769,0.4,0.4,0.4,0.4,0,1627,7.91,2.61
2026-07-04 05:29:04.285,0.4,0.4,0.4,0.4,0,1627,7.91,2.61
2026-07-04 05:29:04.818,0.4,0.4,0.4,0.4,0,1626,7.91,2.62
2026-07-04 05:29:05.304,0.4,0.4,0.4,0.4,0,1626,7.91,2.62
2026-07-04 05:29:05.789,0.4,0.4,0.4,0.4,0,1626,7.91,2.62
2026-07-04 05:29:06.286,0.4,0.4,0.4,0.4,0,1627,7.91,2.61
2026-07-04 05:29:06.809,0.4,0.4,0.4,0.4,0,1626,7.91,2.62
2026-07-04 05:29:07.320,0.4,0.4,0.4,0.4,0,1628,7.91,2.59
2026-07-04 05:29:07.777,0.4,0.4,0.4,0.4,0,1627,7.91,2.61
2026-07-04 05:29:08.287,0.4,0.4,0.4,0.4,0,1626,7.91,2.62
2026-07-04 05:29:08.818,0.4,0.4,0.4,0.4,0,1627,7.91,2.61
2026-07-04 05:29:09.317,0.4,0.4,0.4,0.4,0,1626,7.91,2.62
2026-07-04 05:29:09.817,0.4,0.4,0.4,0.4,0,1913,7.91,-1.58
2026-07-04 05:29:10.318,0.4,0.4,0.4,0.4,0,1627,7.91,2.61
2026-07-04 05:29:10.807,0.4,0.4,0.4,0.4,0,1624,7.91,2.65
2026-07-04 05:29:11.318,0.4,0.4,0.4,0.4,0,1628,7.91,2.59
2026-07-04 05:29:11.772,0.4,0.4,0.4,0.4,0,1626,7.91,2.62
2026-07-04 05:29:12.335,0.4,0.4,0.4,0.4,0,1628,7.91,2.59
2026-07-04 05:29:12.793,0.4,0.4,0.4,0.4,0,1627,7.91,2.61
2026-07-04 05:29:13.288,0.4,0.4,0.4,0.4,0,1625,7.91,2.64
2026-07-04 05:29:13.836,0.4,0.4,0.4,0.4,0,1626,7.91,2.62
2026-07-04 05:29:14.331,0.4,0.4,0.4,0.4,0,1626,7.91,2.62
2026-07-04 05:29:14.832,0.4,0.4,0.4,0.4,0,1624,7.91,2.65
2026-07-04 05:29:15.332,0.4,0.4,0.4,0.4,0,1626,7.91,2.62
2026-07-04 05:29:15.829,0.4,0.4,0.4,0.4,0,1627,7.91,2.61
2026-07-04 05:29:16.289,0.4,0.4,0.4,0.4,0,1627,7.91,2.61
2026-07-04 05:29:16.810,0.4,0.4,0.4,0.4,0,1626,7.91,2.62
2026-07-04 05:29:17.317,0.4,0.4,0.4,0.4,0,1628,7.91,2.59
2026-07-04 05:29:17.818,0.4,0.4,0.4,0.4,0,1625,7.91,2.64
2026-07-04 05:29:18.285,0.4,0.4,0.4,0.4,0,1627,7.91,2.61
2026-07-04 05:29:18.785,0.4,0.4,0.4,0.4,0,1628,7.91,2.59
2026-07-04 05:29:19.308,0.4,0.4,0.4,0.4,0,1626,7.91,2.62
2026-07-04 05:29:19.789,0.4,0.4,0.4,0.4,0,1626,7.91,2.62
2026-07-04 05:29:20.288,0.4,0.4,0.4,0.4,0,1628,7.91,2.59
2026-07-04 05:29:20.817,0.4,0.4,0.4,0.4,0,1626,7.91,2.62
2026-07-04 05:29:21.317,0.4,0.4,0.4,0.4,0,1625,7.91,2.64
2026-07-04 05:29:22.028,0.4,0.4,0.4,0.4,0,1625,7.91,2.64
2026-07-04 05:29:22.316,0.4,0.4,0.4,0.4,0,1625,7.91,2.64
2026-07-04 05:29:22.316,0.4,0.4,0.4,0.4,0,1625,7.91,2.64
2026-07-04 05:29:22.839,0.4,0.4,0.4,0.4,0,1627,7.91,2.61
2026-07-04 05:29:23.348,0.4,0.4,0.4,0.4,0,1626,7.91,2.62
2026-07-04 05:29:23.804,0.4,0.4,0.4,0.4,0,1626,7.91,2.62
2026-07-04 05:29:24.784,0.4,0.4,0.4,0.4,0,1625,7.91,2.64
2026-07-04 05:29:24.844,0.4,0.4,0.4,0.4,0,1625,7.91,2.64
2026-07-04 05:29:25.295,0.4,0.4,0.4,0.4,0,1625,7.91,2.64
2026-07-04 05:29:25.794,0.4,0.4,0.4,0.4,0,1625,7.91,2.64
2026-07-04 05:29:26.305,0.4,0.4,0.4,0.4,0,1625,7.91,2.64
2026-07-04 05:29:26.802,0.4,0.4,0.4,0.4,0,1625,7.91,2.64
2026-07-04 05:29:27.799,0.4,0.4,0.4,0.4,0,1626,7.91,2.62
2026-07-04 05:29:27.861,0.4,0.4,0.4,0.4,1,1630,7.90,2.56
2026-07-04 05:29:28.325,0.4,0.4,0.4,0.4,0,1626,7.91,2.62
2026-07-04 05:29:28.819,0.4,0.4,0.4,0.4,0,1626,7.91,2.62
2026-07-04 05:29:29.318,0.4,0.4,0.4,0.4,0,1626,7.91,2.62
2026-07-04 05:29:29.788,0.4,0.4,0.4,0.4,0,1623,7.91,2.67
2026-07-04 05:29:30.286,0.4,0.4,0.4,0.4,0,1629,7.91,2.58
2026-07-04 05:29:30.812,0.4,0.4,0.4,0.4,0,1629,7.91,2.58
2026-07-04 05:29:31.346,0.4,0.4,0.4,0.4,0,1628,7.91,2.59
2026-07-04 05:29:31.835,0.4,0.4,0.4,0.4,0,1627,7.91,2.61
2026-07-04 05:29:32.318,0.4,0.4,0.4,0.4,0,1627,7.91,2.61
2026-07-04 05:29:32.816,0.4,0.4,0.4,0.4,0,1628,7.91,2.59
2026-07-04 05:29:33.348,0.4,0.4,0.4,0.4,0,1627,7.91,2.61
2026-07-04 05:29:33.813,0.4,0.4,0.4,0.4,0,1627,7.91,2.61
2026-07-04 05:29:34.336,0.4,0.4,0.4,0.4,0,1623,7.91,2.67
2026-07-04 05:29:34.787,0.4,0.4,0.4,0.4,0,1626,7.91,2.62
2026-07-04 05:29:35.287,0.4,0.4,0.4,0.4,1,1626,7.90,2.62
2026-07-04 05:29:35.813,0.4,0.4,0.4,0.4,0,1626,7.91,2.62
2026-07-04 05:29:36.311,0.4,0.4,0.4,0.4,0,1625,7.91,2.64
2026-07-04 05:29:36.820,0.4,0.4,0.4,0.4,0,1625,7.91,2.64
2026-07-04 05:29:37.790,0.4,0.4,0.4,0.4,0,1624,7.91,2.65
2026-07-04 05:29:37.850,0.4,0.4,0.0,0.4,0,1626,7.91,2.62
2026-07-04 05:29:38.347,0.4,0.4,0.4,0.4,0,1625,7.91,2.64
2026-07-04 05:29:38.817,0.4,0.4,0.4,0.4,0,1625,7.91,2.64
2026-07-04 05:29:39.308,0.4,0.4,0.4,0.4,0,1627,7.91,2.61
2026-07-04 05:29:39.808,0.4,0.4,0.4,0.4,0,1625,7.91,2.64
2026-07-04 05:29:40.318,0.4,0.4,0.4,0.4,0,1624,7.91,2.65
2026-07-04 05:29:40.818,0.4,0.4,0.4,0.4,0,1627,7.91,2.61
2026-07-04 05:29:41.321,0.4,0.4,0.4,0.4,0,1625,7.91,2.64
2026-07-04 05:29:41.803,0.4,0.4,0.4,0.4,0,1625,7.91,2.64
2026-07-04 05:29:42.347,0.4,0.4,0.4,0.4,1,1626,7.90,2.62
2026-07-04 05:29:42.819,0.4,0.4,0.4,0.4,0,1623,7.91,2.67
2026-07-04 05:29:43.339,0.4,0.4,0.4,0.4,0,1623,7.91,2.67
2026-07-04 05:29:43.860,0.4,0.4,0.4,0.4,0,1626,7.91,2.62
2026-07-04 05:29:44.310,0.4,0.4,0.4,0.4,0,1626,7.91,2.62
2026-07-04 05:29:44.819,0.4,0.4,0.4,0.4,0,1910,7.91,-1.54
2026-07-04 05:29:45.318,0.4,0.4,0.4,0.4,0,1627,7.91,2.61
2026-07-04 05:29:45.804,0.4,0.4,0.4,0.4,0,1625,7.91,2.64
2026-07-04 05:29:46.332,0.4,0.4,0.4,0.4,0,1625,7.91,2.64
2026-07-04 05:29:46.844,0.4,0.4,0.4,0.4,0,1625,7.91,2.64
2026-07-04 05:29:47.348,0.4,0.4,0.4,0.4,1,1626,7.90,2.62
2026-07-04 05:29:47.807,0.4,0.4,0.4,0.4,0,1625,7.91,2.64
2026-07-04 05:29:48.351,0.4,0.4,0.4,0.4,0,1625,7.91,2.64
2026-07-04 05:29:48.849,0.4,0.4,0.4,0.4,0,1623,7.91,2.67
2026-07-04 05:29:49.367,0.4,0.4,0.4,0.4,0,1626,7.91,2.62
2026-07-04 05:29:49.800,0.4,0.4,0.4,0.4,0,1626,7.91,2.62
2026-07-04 05:29:50.300,0.4,0.4,0.4,0.4,1,1626,7.90,2.62
2026-07-04 05:29:50.818,0.4,0.4,0.4,0.0,0,1626,7.91,2.62
2026-07-04 05:29:51.349,0.4,0.4,0.4,0.4,0,1620,7.91,2.71
2026-07-04 05:29:51.850,0.4,0.4,0.4,0.4,0,1627,7.91,2.61
2026-07-04 05:29:52.312,0.4,0.4,0.4,0.4,0,1626,7.91,2.62
2026-07-04 05:29:52.818,0.4,0.4,0.4,0.4,0,1628,7.91,2.59
2026-07-04 05:29:53.319,0.4,0.4,0.4,0.4,0,1622,7.91,2.68
2026-07-04 05:29:53.840,0.4,0.4,0.4,0.4,0,1625,7.91,2.64
2026-07-04 05:29:54.818,0.4,0.4,0.4,0.4,0,1627,7.91,2.61
2026-07-04 05:29:54.819,0.4,0.4,0.4,0.4,0,1628,7.91,2.59
2026-07-04 05:29:55.348,0.4,0.4,0.4,0.4,0,1620,7.91,2.71
2026-07-04 05:29:55.850,0.4,0.4,0.4,0.4,0,1619,7.91,2.72
2026-07-04 05:29:56.349,0.4,0.4,0.4,0.4,0,1625,7.91,2.64
2026-07-04 05:29:56.848,0.4,0.4,0.4,0.4,0,1625,7.91,2.64
2026-07-04 05:29:57.312,0.4,0.4,0.4,0.4,1,1625,7.90,2.64
2026-07-04 05:29:57.838,0.4,0.4,0.4,0.0,0,1626,7.91,2.62
2026-07-04 05:29:58.314,0.4,0.4,0.4,0.4,0,1627,7.91,2.61
2026-07-04 05:29:58.848,0.4,0.4,0.4,0.4,0,1628,7.91,2.59
2026-07-04 05:29:59.319,0.4,0.4,0.4,0.4,0,1625,7.91,2.64
2026-07-04 05:29:59.840,0.4,0.4,0.4,0.4,0,1626,7.91,2.62
2026-07-04 05:30:00.317,0.4,0.4,0.4,0.4,0,1626,7.91,2.62
2026-07-04 05:30:00.847,0.4,0.4,0.4,0.4,0,1627,7.91,2.61
2026-07-04 05:30:01.338,0.4,0.4,0.4,0.4,0,1626,7.91,2.62
2026-07-04 05:30:01.804,0.4,0.4,0.4,0.4,0,1625,7.91,2.64
2026-07-04 05:30:02.328,0.4,0.4,0.4,0.4,1,1625,7.90,2.64
2026-07-04 05:30:02.840,0.4,0.4,0.4,0.4,0,1626,7.91,2.62
2026-07-04 05:30:03.349,0.4,0.4,0.4,0.4,1,1624,7.90,2.65
2026-07-04 05:30:03.847,0.4,0.4,0.4,0.4,0,1626,7.91,2.62
2026-07-04 05:30:04.347,0.4,0.4,0.4,0.4,0,1627,7.91,2.61
2026-07-04 05:30:04.859,0.4,0.4,0.4,0.4,0,1625,7.91,2.64
2026-07-04 05:30:05.317,0.4,0.4,0.4,0.4,1,1626,7.90,2.62
2026-07-04 05:30:05.817,0.4,0.4,0.4,0.4,0,1626,7.91,2.62
2026-07-04 05:30:06.315,0.4,0.4,0.4,0.4,0,1625,7.91,2.64
2026-07-04 05:30:06.861,0.4,0.4,0.4,0.4,0,1627,7.91,2.61
2026-07-04 05:30:07.308,0.4,0.4,0.4,0.4,0,1624,7.91,2.65
2026-07-04 05:30:07.818,0.4,0.4,0.4,0.4,0,1625,7.91,2.64
2026-07-04 05:30:08.301,0.4,0.4,0.4,0.4,0,1624,7.91,2.65
2026-07-04 05:30:08.839,0.4,0.4,0.4,0.4,0,1627,7.91,2.61
2026-07-04 05:30:09.308,0.4,0.4,0.4,0.4,0,1621,7.91,2.70
2026-07-04 05:30:09.820,0.4,0.4,0.4,0.4,0,1627,7.91,2.61
2026-07-04 05:30:10.362,0.4,0.4,0.4,0.4,0,1626,7.91,2.62
2026-07-04 05:30:10.862,0.4,0.4,0.4,0.4,0,1626,7.91,2.62
2026-07-04 05:30:11.308,0.4,0.4,0.4,0.4,0,1625,7.91,2.64
2026-07-04 05:30:11.851,0.4,0.4,0.4,0.4,0,1627,7.91,2.61
2026-07-04 05:30:12.849,0.4,0.4,0.4,0.4,0,1626,7.91,2.62
2026-07-04 05:30:12.850,0.4,0.4,0.4,0.4,0,1625,7.91,2.64
2026-07-04 05:30:13.534,0.4,0.4,0.4,0.4,0,1625,7.91,2.64
2026-07-04 05:30:13.818,0.4,0.4,0.4,0.4,0,1626,7.91,2.62
2026-07-04 05:30:13.818,0.4,0.4,0.4,0.4,0,1625,7.91,2.64
2026-07-04 05:30:14.312,0.4,0.4,0.4,0.4,0,1626,7.91,2.62
2026-07-04 05:30:14.818,0.4,0.4,0.4,0.4,0,1626,7.91,2.62
2026-07-04 05:30:15.312,0.4,0.4,0.4,0.4,0,1623,7.91,2.67
2026-07-04 05:30:15.824,0.4,0.4,0.4,0.4,0,1625,7.91,2.64
2026-07-04 05:30:16.316,0.4,0.4,0.4,0.4,0,1625,7.91,2.64
2026-07-04 05:30:16.866,0.4,0.4,0.4,0.4,0,1624,7.91,2.65
2026-07-04 05:30:17.365,0.4,0.4,0.4,0.4,0,1625,7.91,2.64
2026-07-04 05:30:17.836,0.4,0.4,0.4,0.4,0,1625,7.91,2.64
2026-07-04 05:30:18.339,0.4,0.4,0.4,0.4,0,1625,7.91,2.64
2026-07-04 05:30:18.838,0.4,0.4,0.4,0.4,0,1622,7.91,2.68
2026-07-04 05:30:19.318,0.4,0.4,0.4,0.4,0,1624,7.91,2.65
2026-07-04 05:30:19.820,0.4,0.4,0.4,0.4,0,1624,7.91,2.65
2026-07-04 05:30:20.334,0.4,0.4,0.4,0.4,0,1623,7.91,2.67
2026-07-04 05:30:20.849,0.4,0.4,0.4,0.4,0,1624,7.91,2.65
2026-07-04 05:30:21.348,0.4,0.4,0.4,0.4,0,1625,7.91,2.64
2026-07-04 05:30:21.834,0.4,0.4,0.4,0.4,0,1626,7.91,2.62
2026-07-04 05:30:22.316,0.4,0.4,0.4,0.4,0,1626,7.91,2.62
2026-07-04 05:30:22.868,0.4,0.4,0.4,0.4,0,1627,7.91,2.61
2026-07-04 05:30:23.364,0.4,0.4,0.4,0.4,1,1625,7.90,2.64
2026-07-04 05:30:23.810,0.4,0.4,0.4,0.4,0,1624,7.91,2.65
2026-07-04 05:30:24.348,0.4,0.4,0.4,0.4,2,1624,7.88,2.65
2026-07-04 05:30:24.821,0.4,0.4,0.4,0.4,4,1625,7.85,2.64
2026-07-04 05:30:25.367,0.4,0.4,0.4,0.4,0,1623,7.91,2.67
2026-07-04 05:30:25.812,0.4,0.4,0.4,0.4,0,1625,7.91,2.64
2026-07-04 05:30:26.318,0.4,0.4,0.4,0.4,2,1625,7.88,2.64
2026-07-04 05:30:26.838,0.4,0.4,0.4,0.4,0,1623,7.91,2.67
2026-07-04 05:30:27.340,0.4,0.4,0.4,0.4,0,1625,7.91,2.64
2026-07-04 05:30:27.841,0.4,0.4,0.4,0.0,0,1624,7.91,2.65
2026-07-04 05:30:28.350,0.4,0.4,0.4,0.4,0,1623,7.91,2.67
2026-07-04 05:30:28.834,0.4,0.4,0.4,0.4,0,1624,7.91,2.65
2026-07-04 05:30:29.333,0.4,0.4,0.4,0.4,0,1626,7.91,2.62
2026-07-04 05:30:29.834,0.4,0.4,0.4,0.4,0,1624,7.91,2.65
2026-07-04 05:30:30.330,0.4,0.4,0.4,0.4,0,1623,7.91,2.67
2026-07-04 05:30:30.870,0.4,0.4,0.4,0.4,0,1625,7.91,2.64
2026-07-04 05:30:31.342,0.4,0.4,0.4,0.4,0,1623,7.91,2.67
2026-07-04 05:30:31.850,0.4,0.4,0.4,0.4,0,1622,7.91,2.68
2026-07-04 05:30:32.318,0.4,0.4,0.4,0.4,0,1623,7.91,2.67
2026-07-04 05:30:32.814,0.4,0.4,0.4,0.4,0,1623,7.91,2.67
2026-07-04 05:30:33.370,0.4,0.4,0.4,0.4,0,1624,7.91,2.65
2026-07-04 05:30:33.868,0.4,0.4,0.4,0.4,0,1624,7.91,2.65
2026-07-04 05:30:34.381,0.4,0.4,0.4,0.4,0,1624,7.91,2.65
2026-07-04 05:30:34.869,0.4,0.4,0.4,0.4,0,1623,7.91,2.67
2026-07-04 05:30:35.365,0.4,0.4,0.4,0.4,0,1910,7.91,-1.54
2026-07-04 05:30:35.863,0.4,0.4,0.4,0.4,0,1625,7.91,2.64
2026-07-04 05:30:36.367,0.4,0.4,0.4,0.4,0,1909,7.91,-1.52
2026-07-04 05:30:36.868,0.4,0.4,0.4,0.4,0,1626,7.91,2.62
2026-07-04 05:30:37.317,0.4,0.4,0.4,0.4,0,1626,7.91,2.62
2026-07-04 05:30:37.820,0.4,0.4,0.4,0.4,0,1626,7.91,2.62
2026-07-04 05:30:38.350,0.4,0.4,0.4,0.4,0,1624,7.91,2.65
2026-07-04 05:30:38.849,0.4,0.4,0.4,0.4,0,1624,7.91,2.65
2026-07-04 05:30:39.349,0.4,0.4,0.4,0.4,0,1625,7.91,2.64
2026-07-04 05:30:39.829,0.4,0.4,0.4,0.4,0,1620,7.91,2.71
2026-07-04 05:30:40.343,0.4,0.4,0.4,0.4,0,1619,7.91,2.72
2026-07-04 05:30:40.878,0.4,0.4,0.4,0.4,0,1909,7.91,-1.52
2026-07-04 05:30:41.347,0.4,0.4,0.4,0.4,0,1910,7.91,-1.54
2026-07-04 05:30:41.848,0.4,0.4,0.4,0.4,0,1624,7.91,2.65
2026-07-04 05:30:42.351,0.4,0.4,0.4,0.4,0,1624,7.91,2.65
2026-07-04 05:30:42.834,0.4,0.4,0.4,0.4,0,1621,7.91,2.70
2026-07-04 05:30:43.333,0.4,0.4,0.4,0.4,0,1622,7.91,2.68
2026-07-04 05:30:43.837,0.4,0.4,0.4,0.4,0,1624,7.91,2.65
2026-07-04 05:30:44.341,0.4,0.4,0.4,0.4,0,1624,7.91,2.65
2026-07-04 05:30:44.842,0.4,0.4,0.4,0.4,0,1622,7.91,2.68
2026-07-04 05:30:45.377,0.4,0.4,0.4,0.4,0,1623,7.91,2.67
2026-07-04 05:30:45.865,0.4,0.4,0.4,0.4,0,1626,7.91,2.62
2026-07-04 05:30:46.356,0.4,0.4,0.4,0.4,0,1623,7.91,2.67
2026-07-04 05:30:46.850,0.4,0.4,0.4,0.4,0,1625,7.91,2.64
2026-07-04 05:30:47.368,0.4,0.4,0.4,0.4,0,1624,7.91,2.65
2026-07-04 05:30:47.879,0.4,0.4,0.4,0.4,0,1623,7.91,2.67
2026-07-04 05:30:48.382,0.4,0.4,0.4,0.4,0,1623,7.91,2.67
2026-07-04 05:30:48.878,0.4,0.4,0.4,0.4,0,1625,7.91,2.64
2026-07-04 05:30:49.361,0.4,0.4,0.4,0.4,0,1624,7.91,2.65
2026-07-04 05:30:49.858,0.4,0.4,0.4,0.4,0,1625,7.91,2.64
2026-07-04 05:30:50.367,0.4,0.4,0.4,0.4,0,1626,7.91,2.62
2026-07-04 05:30:50.878,0.4,0.4,0.4,0.4,0,1627,7.91,2.61
2026-07-04 05:30:51.377,0.4,0.4,0.4,0.4,0,1623,7.91,2.67
2026-07-04 05:30:51.859,0.4,0.4,0.4,0.4,0,1624,7.91,2.65
2026-07-04 05:30:52.364,0.4,0.4,0.4,0.4,0,1623,7.91,2.67
2026-07-04 05:30:52.870,0.4,0.4,0.4,0.4,0,1623,7.91,2.67
2026-07-04 05:30:53.348,0.4,0.4,0.4,0.4,0,1624,7.91,2.65
2026-07-04 05:30:53.837,0.4,0.4,0.4,0.4,0,1624,7.91,2.65
2026-07-04 05:30:54.838,0.4,0.4,0.4,0.4,0,1624,7.91,2.65
2026-07-04 05:30:54.838,0.4,0.4,0.4,0.4,0,1625,7.91,2.64
2026-07-04 05:30:55.348,0.4,0.4,0.4,0.4,0,1623,7.91,2.67
2026-07-04 05:30:55.848,0.4,0.4,0.4,0.4,0,1623,7.91,2.67
2026-07-04 05:30:56.351,0.4,0.4,0.4,0.4,0,1624,7.91,2.65
2026-07-04 05:30:56.880,0.4,0.4,0.4,0.4,0,1622,7.91,2.68
2026-07-04 05:30:57.379,0.4,0.4,0.4,0.4,0,1623,7.91,2.67
2026-07-04 05:30:57.858,0.4,0.4,0.4,0.4,0,1625,7.91,2.64
2026-07-04 05:30:58.380,0.4,0.4,0.4,0.4,0,1624,7.91,2.65
2026-07-04 05:30:58.864,0.4,0.4,0.4,0.4,0,1624,7.91,2.65
2026-07-04 05:30:59.330,0.4,0.4,0.4,0.4,0,1623,7.91,2.67
2026-07-04 05:30:59.837,0.4,0.4,0.4,0.4,0,1625,7.91,2.64
2026-07-04 05:31:00.350,0.4,0.4,0.4,0.4,0,1624,7.91,2.65
2026-07-04 05:31:00.848,0.4,0.4,0.4,0.4,0,1624,7.91,2.65
2026-07-04 05:31:01.348,0.4,0.4,0.4,0.4,0,1624,7.91,2.65
2026-07-04 05:31:01.894,0.4,0.4,0.4,0.4,0,1625,7.91,2.64
2026-07-04 05:31:02.342,0.4,0.4,0.4,0.4,1,1624,7.90,2.65
2026-07-04 05:31:02.884,0.4,0.4,0.4,0.4,4,1620,7.85,2.71
2026-07-04 05:31:03.375,0.4,0.4,0.4,0.4,8,1626,7.79,2.62
2026-07-04 05:31:03.857,0.4,0.4,0.4,0.4,1,1625,7.90,2.64
2026-07-04 05:31:04.378,0.4,0.4,0.4,0.4,0,1624,7.91,2.65
2026-07-04 05:31:04.869,0.4,0.4,0.4,0.4,1,1624,7.90,2.65
2026-07-04 05:31:05.337,0.4,0.4,0.4,0.4,0,1624,7.91,2.65
2026-07-04 05:31:05.869,0.4,0.4,0.4,0.4,0,1625,7.91,2.64
2026-07-04 05:31:06.378,0.4,0.4,0.4,0.4,0,1619,7.91,2.72
2026-07-04 05:31:06.847,0.4,0.4,0.4,0.4,0,1909,7.91,-1.52
2026-07-04 05:31:07.348,0.4,0.4,0.4,0.4,0,1622,7.91,2.68
2026-07-04 05:31:07.848,0.4,0.4,0.4,0.4,0,1625,7.91,2.64
2026-07-04 05:31:08.348,0.4,0.4,0.4,0.4,0,1625,7.91,2.64
2026-07-04 05:31:08.838,0.4,0.4,0.4,0.4,0,1624,7.91,2.65
2026-07-04 05:31:09.348,0.4,0.4,0.4,0.4,0,1622,7.91,2.68
2026-07-04 05:31:09.860,0.4,0.4,0.4,0.4,0,1622,7.91,2.68
2026-07-04 05:31:10.367,0.4,0.4,0.4,0.4,0,1622,7.91,2.68
2026-07-04 05:31:10.871,0.4,0.4,0.4,0.4,0,1625,7.91,2.64
2026-07-04 05:31:11.377,0.4,0.4,0.4,0.4,0,1624,7.91,2.65
2026-07-04 05:31:11.870,0.4,0.4,0.4,0.4,0,1624,7.91,2.65
2026-07-04 05:31:12.396,0.4,0.4,0.4,0.4,0,1623,7.91,2.67
2026-07-04 05:31:12.835,0.4,0.4,0.4,0.4,0,1622,7.91,2.68
2026-07-04 05:31:13.396,0.4,0.4,0.4,0.4,0,1624,7.91,2.65
2026-07-04 05:31:13.868,0.4,0.4,0.4,0.4,0,1628,7.91,2.59
2026-07-04 05:31:14.363,0.4,0.4,0.4,0.4,0,1624,7.91,2.65
2026-07-04 05:31:14.878,0.4,0.4,0.4,0.4,0,1625,7.91,2.64
2026-07-04 05:31:15.588,0.4,0.4,0.4,0.4,0,1625,7.91,2.64
2026-07-04 05:31:15.882,0.4,0.4,0.4,0.4,0,1625,7.91,2.64
2026-07-04 05:31:15.883,0.4,0.4,0.4,0.4,0,1624,7.91,2.65
2026-07-04 05:31:16.379,0.4,0.4,0.4,0.4,0,1622,7.91,2.68
2026-07-04 05:31:16.860,0.4,0.4,0.4,0.4,0,1623,7.91,2.67
2026-07-04 05:31:17.369,0.4,0.4,0.4,0.4,0,1623,7.91,2.67
2026-07-04 05:31:17.874,0.4,0.4,0.4,0.4,0,1625,7.91,2.64
2026-07-04 05:31:18.372,0.4,0.4,0.4,0.4,0,1622,7.91,2.68
2026-07-04 05:31:18.878,0.4,0.4,0.4,0.4,0,1623,7.91,2.67
2026-07-04 05:31:19.340,0.4,0.4,0.4,0.4,0,1625,7.91,2.64
2026-07-04 05:31:19.848,0.4,0.4,0.4,0.4,0,1619,7.91,2.72
2026-07-04 05:31:20.350,0.4,0.4,0.4,0.0,0,1624,7.91,2.65
2026-07-04 05:31:20.849,0.4,0.4,0.4,0.0,0,1624,7.91,2.65
2026-07-04 05:31:21.373,0.4,0.4,0.4,0.0,0,1626,7.91,2.62
2026-07-04 05:31:21.877,0.4,0.4,0.4,0.0,0,1624,7.91,2.65
2026-07-04 05:31:22.877,0.4,0.4,0.4,0.0,0,1624,7.91,2.65
2026-07-04 05:31:22.878,0.4,0.4,0.4,0.4,0,1625,7.91,2.64
2026-07-04 05:31:23.391,0.4,0.4,0.4,0.4,0,1625,7.91,2.64
2026-07-04 05:31:23.863,0.4,0.4,0.4,0.4,0,1625,7.91,2.64
2026-07-04 05:31:24.366,0.4,0.4,0.4,0.4,0,1623,7.91,2.67
2026-07-04 05:31:24.874,0.4,0.4,0.4,0.4,0,1621,7.91,2.70
2026-07-04 05:31:25.378,0.4,0.4,0.4,0.4,0,1624,7.91,2.65
2026-07-04 05:31:25.878,0.4,0.4,0.4,0.4,0,1624,7.91,2.65
2026-07-04 05:31:26.395,0.4,0.4,0.4,0.4,0,1625,7.91,2.64
2026-07-04 05:31:26.849,0.4,0.4,0.4,0.4,0,1623,7.91,2.67
2026-07-04 05:31:27.350,0.4,0.4,0.4,0.4,0,1623,7.91,2.67
2026-07-04 05:31:27.849,0.4,0.4,0.4,0.4,0,1623,7.91,2.67
2026-07-04 05:31:28.396,0.4,0.4,0.4,0.4,0,1623,7.91,2.67
2026-07-04 05:31:28.901,0.4,0.4,0.4,0.0,0,1624,7.91,2.65
2026-07-04 05:31:29.392,0.4,0.4,0.4,0.4,0,1623,7.91,2.67
2026-07-04 05:31:29.897,0.4,0.4,0.4,0.4,0,1623,7.91,2.67
2026-07-04 05:31:30.350,0.4,0.4,0.4,0.4,0,1626,7.91,2.62
2026-07-04 05:31:30.850,0.4,0.4,0.4,0.4,0,1624,7.91,2.65
2026-07-04 05:31:31.375,0.4,0.4,0.4,0.4,0,1624,7.91,2.65
2026-07-04 05:31:31.860,0.4,0.4,0.4,0.4,0,1625,7.91,2.64
2026-07-04 05:31:32.367,0.4,0.4,0.4,0.4,0,1623,7.91,2.67
2026-07-04 05:31:32.869,0.4,0.4,0.4,0.4,0,1625,7.91,2.64
2026-07-04 05:31:33.378,0.4,0.4,0.4,0.4,0,1625,7.91,2.64
2026-07-04 05:31:33.897,0.4,0.4,0.4,0.4,0,1621,7.91,2.70
2026-07-04 05:31:34.396,0.4,0.4,0.4,0.4,0,1621,7.91,2.70
2026-07-04 05:31:34.896,0.4,0.4,0.4,0.4,0,1624,7.91,2.65
2026-07-04 05:31:35.348,0.4,0.4,0.4,0.4,0,1621,7.91,2.70
2026-07-04 05:31:35.869,0.4,0.4,0.4,0.4,0,1623,7.91,2.67
2026-07-04 05:31:36.369,0.4,0.4,0.4,0.4,0,1623,7.91,2.67
2026-07-04 05:31:36.867,0.4,0.4,0.4,0.4,0,1622,7.91,2.68
2026-07-04 05:31:37.365,0.4,0.4,0.4,0.4,0,1624,7.91,2.65
2026-07-04 05:31:37.861,0.4,0.4,0.4,0.4,0,1624,7.91,2.65
2026-07-04 05:31:38.379,0.4,0.4,0.4,0.4,0,1623,7.91,2.67
2026-07-04 05:31:38.898,0.4,0.4,0.4,0.4,0,1621,7.91,2.70
2026-07-04 05:31:39.416,0.4,0.4,0.4,0.4,0,1623,7.91,2.67
2026-07-04 05:31:39.912,0.4,0.4,0.4,0.0,0,1622,7.91,2.68
2026-07-04 05:31:40.410,0.4,0.4,0.4,0.4,0,1623,7.91,2.67
2026-07-04 05:31:40.894,0.4,0.4,0.4,0.4,0,1623,7.91,2.67
2026-07-04 05:31:41.368,0.4,0.4,0.4,0.4,0,1624,7.91,2.65
2026-07-04 05:31:41.868,0.4,0.4,0.4,0.4,0,1624,7.91,2.65
2026-07-04 05:31:42.370,0.4,0.4,0.4,0.4,0,1621,7.91,2.70
2026-07-04 05:31:42.911,0.4,0.4,0.4,0.4,0,1623,7.91,2.67
2026-07-04 05:31:44.068,0.4,0.4,0.4,0.4,0,1622,7.91,2.68
2026-07-04 05:31:44.396,0.4,0.4,0.4,0.4,0,1622,7.91,2.68
2026-07-04 05:31:44.396,0.4,0.4,0.4,0.4,0,1623,7.91,2.67
2026-07-04 05:31:44.919,0.4,0.4,0.4,0.4,0,1624,7.91,2.65
2026-07-04 05:31:44.920,0.4,0.4,0.4,0.4,0,1622,7.91,2.68
2026-07-04 05:31:45.369,0.4,0.4,0.4,0.4,0,1625,7.91,2.64
2026-07-04 05:31:45.867,0.4,0.4,0.4,0.4,0,1621,7.91,2.70
2026-07-04 05:31:46.366,0.4,0.4,0.4,0.4,0,1623,7.91,2.67
2026-07-04 05:31:46.860,0.4,0.4,0.4,0.4,0,1623,7.91,2.67
2026-07-04 05:31:47.368,0.4,0.4,0.4,0.4,0,1623,7.91,2.67
2026-07-04 05:31:47.879,0.4,0.4,0.4,0.4,0,1620,7.91,2.71
2026-07-04 05:31:48.378,0.4,0.4,0.4,0.4,0,1623,7.91,2.67
2026-07-04 05:31:48.868,0.4,0.4,0.4,0.4,0,1624,7.91,2.65
2026-07-04 05:31:49.362,0.4,0.4,0.4,0.4,0,1620,7.91,2.71
2026-07-04 05:31:49.877,0.4,0.4,0.4,0.4,0,1618,7.91,2.74
2026-07-04 05:31:50.396,0.4,0.4,0.4,0.4,0,1622,7.91,2.68
2026-07-04 05:31:50.917,0.4,0.4,0.4,0.4,0,1625,7.91,2.64
2026-07-04 05:31:51.398,0.4,0.4,0.4,0.4,0,1624,7.91,2.65
2026-07-04 05:31:51.900,0.4,0.4,0.4,0.4,0,1622,7.91,2.68
2026-07-04 05:31:52.394,0.4,0.4,0.4,0.4,0,1624,7.91,2.65
2026-07-04 05:31:52.867,0.4,0.4,0.4,0.4,0,1623,7.91,2.67
2026-07-04 05:31:53.372,0.4,0.4,0.4,0.4,0,1623,7.91,2.67
2026-07-04 05:31:53.878,0.4,0.4,0.4,0.4,0,1623,7.91,2.67
2026-07-04 05:31:54.370,0.4,0.4,0.4,0.4,0,1625,7.91,2.64
2026-07-04 05:31:54.869,0.4,0.4,0.4,0.4,0,1621,7.91,2.70
2026-07-04 05:31:55.864,0.4,0.4,0.4,0.4,0,1622,7.91,2.68
2026-07-04 05:31:55.928,0.4,0.4,0.4,0.4,0,1909,7.91,-1.52
2026-07-04 05:31:56.412,0.4,0.4,0.4,0.4,0,1910,7.91,-1.54
2026-07-04 05:31:56.912,0.4,0.4,0.4,0.4,0,1621,7.91,2.70
2026-07-04 05:31:57.413,0.4,0.4,0.4,0.4,0,1622,7.91,2.68
2026-07-04 05:31:57.907,0.4,0.4,0.4,0.4,0,1621,7.91,2.70
2026-07-04 05:31:58.412,0.4,0.4,0.4,0.4,0,1622,7.91,2.68
2026-07-04 05:31:58.887,0.4,0.4,0.4,0.4,0,1625,7.91,2.64
2026-07-04 05:31:59.401,0.4,0.4,0.4,0.4,0,1910,7.91,-1.54
2026-07-04 05:31:59.870,0.4,0.4,0.4,0.4,0,1623,7.91,2.67
2026-07-04 05:32:00.384,0.4,0.4,0.4,0.4,0,1615,7.91,2.78
2026-07-04 05:32:00.899,0.4,0.4,0.4,0.4,0,1910,7.91,-1.54
2026-07-04 05:32:01.384,0.4,0.4,0.4,0.4,0,1910,7.91,-1.54
2026-07-04 05:32:01.918,0.4,0.4,0.4,0.4,0,1621,7.91,2.70
2026-07-04 05:32:02.379,0.4,0.4,0.4,0.4,0,1622,7.91,2.68
2026-07-04 05:32:02.880,0.4,0.4,0.4,0.4,0,1620,7.91,2.71
2026-07-04 05:32:03.399,0.4,0.4,0.4,0.4,0,1623,7.91,2.67
2026-07-04 05:32:03.920,0.4,0.4,0.4,0.4,0,1623,7.91,2.67
2026-07-04 05:32:04.378,0.4,0.4,0.4,0.4,0,1910,7.91,-1.54
2026-07-04 05:32:04.878,0.4,0.4,0.4,0.4,0,1621,7.91,2.70
2026-07-04 05:32:05.379,0.4,0.4,0.4,0.0,0,1621,7.91,2.70
2026-07-04 05:32:05.881,0.4,0.4,0.4,0.4,0,1621,7.91,2.70
2026-07-04 05:32:06.412,0.4,0.4,0.4,0.4,0,1621,7.91,2.70
2026-07-04 05:32:06.921,0.4,0.4,0.4,0.4,0,1622,7.91,2.68
2026-07-04 05:32:07.370,0.4,0.4,0.4,0.4,0,1620,7.91,2.71
2026-07-04 05:32:07.917,0.4,0.4,0.4,0.4,0,1622,7.91,2.68
2026-07-04 05:32:08.370,0.4,0.4,0.4,0.0,0,1620,7.91,2.71
2026-07-04 05:32:08.879,0.4,0.4,0.4,0.0,0,1619,7.91,2.72
2026-07-04 05:32:09.379,0.4,0.4,0.4,0.4,0,1623,7.91,2.67
2026-07-04 05:32:09.868,0.4,0.4,0.4,0.4,0,1621,7.91,2.70
2026-07-04 05:32:10.926,0.4,0.4,0.4,0.4,0,1621,7.91,2.70
2026-07-04 05:32:10.927,0.4,0.4,0.4,0.4,0,1624,7.91,2.65
2026-07-04 05:32:11.426,0.4,0.4,0.4,0.4,0,1625,7.91,2.64
2026-07-04 05:32:11.929,0.4,0.4,0.4,0.0,0,1622,7.91,2.68
2026-07-04 05:32:12.883,0.4,0.4,0.4,0.0,0,1624,7.91,2.65
2026-07-04 05:32:12.884,0.4,0.4,0.4,0.0,0,1621,7.91,2.70
2026-07-04 05:32:13.377,0.4,0.4,0.4,0.0,0,1624,7.91,2.65
2026-07-04 05:32:13.926,0.4,0.4,0.4,0.0,0,1623,7.91,2.67
2026-07-04 05:32:14.422,0.4,0.4,0.4,0.0,0,1622,7.91,2.68
2026-07-04 05:32:14.898,0.4,0.4,0.4,0.0,0,1621,7.91,2.70
2026-07-04 05:32:15.428,0.4,0.4,0.4,0.0,0,1622,7.91,2.68
2026-07-04 05:32:15.921,0.4,0.4,0.4,0.0,0,1621,7.91,2.70
2026-07-04 05:32:16.428,0.4,0.4,0.4,0.0,0,1621,7.91,2.70
2026-07-04 05:32:16.928,0.4,0.4,0.4,0.0,0,1625,7.91,2.64
2026-07-04 05:32:17.628,0.4,0.4,0.4,0.0,0,1625,7.91,2.64
2026-07-04 05:32:17.880,0.4,0.4,0.4,0.0,0,1622,7.91,2.68
2026-07-04 05:32:17.882,0.4,0.4,0.4,0.0,0,1620,7.91,2.71
2026-07-04 05:32:18.438,0.4,0.4,0.4,0.0,0,1623,7.91,2.67
2026-07-04 05:32:18.890,0.4,0.4,0.4,0.0,0,1621,7.91,2.70
2026-07-04 05:32:19.412,0.4,0.4,0.4,0.0,0,1621,7.91,2.70
2026-07-04 05:32:19.886,0.4,0.4,0.4,0.0,0,1624,7.91,2.65
2026-07-04 05:32:20.401,0.4,0.4,0.4,0.0,0,1624,7.91,2.65
2026-07-04 05:32:20.898,0.4,0.4,0.4,0.0,0,1619,7.91,2.72
2026-07-04 05:32:21.397,0.4,0.4,0.4,0.0,0,1621,7.91,2.70
2026-07-04 05:32:21.896,0.4,0.4,0.4,0.0,0,1621,7.91,2.70
2026-07-04 05:32:22.376,0.4,0.4,0.4,0.0,0,1618,7.91,2.74
2026-07-04 05:32:22.883,0.4,0.4,0.4,0.0,0,1619,7.91,2.72
2026-07-04 05:32:23.383,0.4,0.4,0.4,0.0,0,1621,7.91,2.70
2026-07-04 05:32:23.916,0.4,0.4,0.4,0.0,0,1622,7.91,2.68
2026-07-04 05:32:24.428,0.4,0.4,0.4,0.0,0,1623,7.91,2.67
2026-07-04 05:32:24.888,0.4,0.4,0.4,0.0,0,1622,7.91,2.68
2026-07-04 05:32:25.628,0.4,0.4,0.4,0.0,0,1622,7.91,2.68
2026-07-04 05:32:25.880,0.4,0.4,0.4,0.0,0,1622,7.91,2.68
2026-07-04 05:32:25.880,0.4,0.4,0.4,0.0,0,1621,7.91,2.70
2026-07-04 05:32:26.407,0.4,0.4,0.4,0.0,0,1620,7.91,2.71
2026-07-04 05:32:26.898,0.4,0.4,0.4,0.0,0,1620,7.91,2.71
2026-07-04 05:32:27.900,0.4,0.4,0.4,0.0,0,1622,7.91,2.68
2026-07-04 05:32:27.900,0.4,0.4,0.4,0.0,0,1619,7.91,2.72
2026-07-04 05:32:28.413,0.4,0.4,0.4,0.0,0,1621,7.91,2.70
2026-07-04 05:32:28.898,0.4,0.4,0.4,0.0,0,1620,7.91,2.71
2026-07-04 05:32:29.398,0.4,0.4,0.4,0.0,0,1622,7.91,2.68
2026-07-04 05:32:29.895,0.4,0.4,0.4,0.0,0,1621,7.91,2.70
2026-07-04 05:32:30.392,0.4,0.4,0.4,0.4,0,1623,7.91,2.67
2026-07-04 05:32:30.897,0.4,0.4,0.4,0.4,0,1621,7.91,2.70
2026-07-04 05:32:31.415,0.4,0.4,0.4,0.4,0,1622,7.91,2.68
2026-07-04 05:32:31.911,0.4,0.4,0.4,0.4,0,1909,7.91,-1.52
2026-07-04 05:32:32.395,0.4,0.4,0.4,0.4,0,1909,7.91,-1.52
2026-07-04 05:32:32.895,0.4,0.4,0.4,0.4,0,1622,7.91,2.68
2026-07-04 05:32:33.393,0.4,0.4,0.4,0.4,0,1910,7.91,-1.54
2026-07-04 05:32:33.921,0.4,0.4,0.4,0.4,0,1622,7.91,2.68
2026-07-04 05:32:34.429,0.4,0.4,0.4,0.4,0,1621,7.91,2.70
2026-07-04 05:32:34.946,0.4,0.4,0.4,0.4,0,1619,7.91,2.72
2026-07-04 05:32:35.428,0.4,0.4,0.4,0.4,0,1622,7.91,2.68
2026-07-04 05:32:35.934,0.4,0.4,0.4,0.4,0,1621,7.91,2.70
2026-07-04 05:32:36.427,0.4,0.4,0.4,0.4,0,1622,7.91,2.68
2026-07-04 05:32:36.895,0.4,0.4,0.4,0.4,0,1622,7.91,2.68
2026-07-04 05:32:37.421,0.4,0.4,0.4,0.4,0,1624,7.91,2.65
2026-07-04 05:32:37.916,0.4,0.4,0.4,0.4,0,1622,7.91,2.68
2026-07-04 05:32:38.445,0.4,0.4,0.4,0.4,0,1621,7.91,2.70
2026-07-04 05:32:38.941,0.4,0.4,0.4,0.4,0,1620,7.91,2.71
2026-07-04 05:32:39.439,0.4,0.4,0.4,0.4,0,1620,7.91,2.71
2026-07-04 05:32:39.890,0.4,0.4,0.4,0.4,0,1620,7.91,2.71
2026-07-04 05:32:40.412,0.4,0.4,0.4,0.4,0,1621,7.91,2.70
2026-07-04 05:32:40.887,0.4,0.4,0.4,0.4,0,1623,7.91,2.67
2026-07-04 05:32:41.401,0.4,0.4,0.4,0.4,0,1625,7.91,2.64
2026-07-04 05:32:41.931,0.4,0.4,0.4,0.4,0,1624,7.91,2.65
2026-07-04 05:32:42.444,0.4,0.4,0.4,0.4,0,1621,7.91,2.70
2026-07-04 05:32:42.929,0.4,0.4,0.4,0.4,0,1622,7.91,2.68
2026-07-04 05:32:43.419,0.4,0.4,0.4,0.4,0,1621,7.91,2.70
2026-07-04 05:32:43.921,0.4,0.4,0.4,0.4,0,1620,7.91,2.71
2026-07-04 05:32:44.428,0.4,0.4,0.4,0.4,0,1620,7.91,2.71
2026-07-04 05:32:44.947,0.4,0.4,0.4,0.4,0,1622,7.91,2.68
2026-07-04 05:32:45.441,0.4,0.4,0.4,0.4,0,1622,7.91,2.68
2026-07-04 05:32:45.935,0.4,0.4,0.4,0.0,0,1618,7.91,2.74
2026-07-04 05:32:46.925,0.4,0.4,0.4,0.0,0,1619,7.91,2.72
2026-07-04 05:32:46.925,0.4,0.4,0.4,0.0,0,1621,7.91,2.70
2026-07-04 05:32:47.401,0.4,0.4,0.4,0.0,0,1618,7.91,2.74
2026-07-04 05:32:47.894,0.4,0.4,0.4,0.0,0,1624,7.91,2.65
2026-07-04 05:32:48.395,0.4,0.4,0.4,0.0,0,1621,7.91,2.70
2026-07-04 05:32:48.889,0.4,0.4,0.4,0.0,0,1618,7.91,2.74
2026-07-04 05:32:49.420,0.4,0.4,0.4,0.0,0,1620,7.91,2.71
2026-07-04 05:32:49.915,0.4,0.4,0.4,0.0,0,1619,7.91,2.72
2026-07-04 05:32:50.430,0.4,0.4,0.4,0.0,0,1623,7.91,2.67
2026-07-04 05:32:50.930,0.4,0.4,0.4,0.0,0,1622,7.91,2.68
2026-07-04 05:32:51.413,0.4,0.4,0.4,0.0,0,1618,7.91,2.74
2026-07-04 05:32:51.925,0.4,0.4,0.4,0.0,0,1623,7.91,2.67
2026-07-04 05:32:52.392,0.4,0.4,0.4,0.0,0,1624,7.91,2.65
2026-07-04 05:32:52.898,0.4,0.4,0.4,0.0,0,1623,7.91,2.67
2026-07-04 05:32:53.432,0.4,0.4,0.4,0.0,0,1621,7.91,2.70
2026-07-04 05:32:53.923,0.4,0.4,0.4,0.4,0,1622,7.91,2.68
2026-07-04 05:32:54.409,0.4,0.4,0.4,0.4,0,1621,7.91,2.70
2026-07-04 05:32:54.909,0.4,0.4,0.4,0.4,0,1622,7.91,2.68
2026-07-04 05:32:55.440,0.4,0.4,0.4,0.4,0,1622,7.91,2.68
2026-07-04 05:32:55.915,0.4,0.4,0.4,0.4,0,1623,7.91,2.67
2026-07-04 05:32:56.414,0.4,0.4,0.4,0.4,0,1623,7.91,2.67
2026-07-04 05:32:56.897,0.4,0.4,0.4,0.4,0,1617,7.91,2.75
2026-07-04 05:32:57.398,0.4,0.4,0.4,0.4,0,1622,7.91,2.68
2026-07-04 05:32:57.897,0.4,0.4,0.4,0.4,0,1619,7.91,2.72
2026-07-04 05:32:58.455,0.4,0.4,0.4,0.4,0,1623,7.91,2.67
2026-07-04 05:32:58.899,0.4,0.4,0.4,0.4,0,1624,7.91,2.65
2026-07-04 05:32:59.910,0.4,0.4,0.4,0.4,0,1624,7.91,2.65
2026-07-04 05:32:59.911,0.4,0.4,0.4,0.4,0,1624,7.91,2.65
2026-07-04 05:33:00.422,0.4,0.4,0.4,0.4,0,1620,7.91,2.71
2026-07-04 05:33:00.921,0.4,0.4,0.4,0.4,0,1621,7.91,2.70
2026-07-04 05:33:01.419,0.4,0.4,0.4,0.4,0,1622,7.91,2.68
2026-07-04 05:33:01.927,0.4,0.4,0.4,0.4,0,1622,7.91,2.68
2026-07-04 05:33:02.460,0.4,0.4,0.4,0.4,0,1624,7.91,2.65
2026-07-04 05:33:02.928,0.4,0.4,0.4,0.4,0,1624,7.91,2.65
2026-07-04 05:33:03.917,0.4,0.4,0.4,0.4,0,1622,7.91,2.68
2026-07-04 05:33:03.918,0.4,0.4,0.4,0.4,0,1622,7.91,2.68
2026-07-04 05:33:04.421,0.4,0.4,0.4,0.4,0,1622,7.91,2.68
2026-07-04 05:33:04.948,0.4,0.4,0.4,0.4,0,1624,7.91,2.65
2026-07-04 05:33:05.458,0.4,0.4,0.4,0.4,0,1621,7.91,2.70
2026-07-04 05:33:05.927,0.4,0.4,0.4,0.4,0,1623,7.91,2.67
2026-07-04 05:33:06.425,0.4,0.4,0.4,0.4,0,1620,7.91,2.71
2026-07-04 05:33:06.948,0.4,0.4,0.4,0.4,0,1615,7.91,2.78
2026-07-04 05:33:07.398,0.4,0.4,0.4,0.4,0,1622,7.91,2.68
2026-07-04 05:33:07.901,0.4,0.4,0.4,0.4,0,1621,7.91,2.70
2026-07-04 05:33:08.400,0.4,0.4,0.4,0.4,0,1620,7.91,2.71
2026-07-04 05:33:08.929,0.4,0.4,0.4,0.4,0,1625,7.91,2.64
2026-07-04 05:33:09.412,0.4,0.4,0.4,0.4,0,1620,7.91,2.71
2026-07-04 05:33:09.915,0.4,0.4,0.4,0.4,0,1623,7.91,2.67
2026-07-04 05:33:10.452,0.4,0.4,0.4,0.4,0,1624,7.91,2.65
2026-07-04 05:33:10.966,0.4,0.4,0.4,0.4,0,1625,7.91,2.64
2026-07-04 05:33:11.400,0.4,0.4,0.4,0.4,0,1623,7.91,2.67
2026-07-04 05:33:11.915,0.4,0.4,0.4,0.4,0,1622,7.91,2.68
2026-07-04 05:33:12.410,0.4,0.4,0.4,0.4,0,1622,7.91,2.68
2026-07-04 05:33:12.919,0.4,0.4,0.4,0.4,0,1622,7.91,2.68
2026-07-04 05:33:13.421,0.4,0.4,0.4,0.4,0,1621,7.91,2.70
2026-07-04 05:33:13.918,0.4,0.4,0.4,0.4,0,1625,7.91,2.64
2026-07-04 05:33:14.421,0.4,0.4,0.4,0.4,0,1620,7.91,2.71
2026-07-04 05:33:14.948,0.4,0.4,0.4,0.4,0,1620,7.91,2.71
2026-07-04 05:33:15.426,0.4,0.4,0.4,0.4,0,1622,7.91,2.68
2026-07-04 05:33:15.950,0.4,0.4,0.4,0.4,0,1619,7.91,2.72
2026-07-04 05:33:16.429,0.4,0.4,0.4,0.4,0,1618,7.91,2.74
2026-07-04 05:33:16.927,0.4,0.4,0.4,0.4,0,1621,7.91,2.70
2026-07-04 05:33:17.407,0.4,0.4,0.4,0.4,0,1618,7.91,2.74
2026-07-04 05:33:17.933,0.4,0.4,0.4,0.4,0,1618,7.91,2.74
2026-07-04 05:33:18.445,0.4,0.4,0.4,0.4,0,1616,7.91,2.77
2026-07-04 05:33:18.958,0.4,0.4,0.4,0.4,0,1623,7.91,2.67
2026-07-04 05:33:19.443,0.4,0.4,0.4,0.4,0,1621,7.91,2.70
2026-07-04 05:33:19.944,0.4,0.4,0.4,0.4,0,1621,7.91,2.70
2026-07-04 05:33:20.441,0.4,0.4,0.4,0.4,0,1621,7.91,2.70
2026-07-04 05:33:20.919,0.4,0.4,0.4,0.4,0,1622,7.91,2.68
2026-07-04 05:33:21.428,0.4,0.4,0.4,0.4,0,1619,7.91,2.72
2026-07-04 05:33:21.931,0.4,0.4,0.4,0.4,0,1615,7.91,2.78
2026-07-04 05:33:22.427,0.4,0.4,0.4,0.4,0,1619,7.91,2.72
2026-07-04 05:33:22.923,0.4,0.4,0.4,0.4,0,1621,7.91,2.70
2026-07-04 05:33:23.433,0.4,0.4,0.4,0.4,0,1619,7.91,2.72
2026-07-04 05:33:23.958,0.4,0.4,0.4,0.4,0,1617,7.91,2.75
2026-07-04 05:33:24.459,0.4,0.4,0.4,0.4,0,1621,7.91,2.70
2026-07-04 05:33:24.928,0.4,0.4,0.4,0.4,0,1622,7.91,2.68
2026-07-04 05:33:25.429,0.4,0.4,0.4,0.4,0,1620,7.91,2.71
2026-07-04 05:33:25.950,0.4,0.4,0.4,0.4,0,1621,7.91,2.70
2026-07-04 05:33:26.428,0.4,0.4,0.4,0.4,0,1621,7.91,2.70
2026-07-04 05:33:26.908,0.4,0.4,0.4,0.4,0,1625,7.91,2.64
2026-07-04 05:33:27.421,0.4,0.4,0.4,0.4,0,1623,7.91,2.67
2026-07-04 05:33:27.930,0.4,0.4,0.4,0.4,0,1620,7.91,2.71
2026-07-04 05:33:28.457,0.4,0.4,0.4,0.0,0,1623,7.91,2.67
2026-07-04 05:33:28.957,0.4,0.4,0.4,0.4,0,1619,7.91,2.72
2026-07-04 05:33:29.441,0.4,0.4,0.4,0.4,0,1616,7.91,2.77
2026-07-04 05:33:29.906,0.4,0.4,0.4,0.4,0,1619,7.91,2.72
2026-07-04 05:33:30.422,0.4,0.4,0.4,0.4,0,1615,7.91,2.78
2026-07-04 05:33:30.921,0.4,0.4,0.4,0.4,0,1619,7.91,2.72
2026-07-04 05:33:31.432,0.4,0.4,0.4,0.4,0,1621,7.91,2.70
2026-07-04 05:33:31.914,0.4,0.4,0.4,0.4,0,1620,7.91,2.71
2026-07-04 05:33:32.472,0.4,0.4,0.4,0.4,0,1618,7.91,2.74
2026-07-04 05:33:32.948,0.4,0.4,0.4,0.4,0,1619,7.91,2.72
2026-07-04 05:33:33.456,0.4,0.4,0.4,0.4,0,1618,7.91,2.74
2026-07-04 05:33:33.915,0.4,0.4,0.4,0.4,0,1615,7.91,2.78
2026-07-04 05:33:34.473,0.4,0.4,0.4,0.4,0,1622,7.91,2.68
2026-07-04 05:33:34.949,0.4,0.4,0.4,0.4,0,1618,7.91,2.74
2026-07-04 05:33:35.459,0.4,0.4,0.4,0.4,0,1615,7.91,2.78
2026-07-04 05:33:35.959,0.4,0.4,0.4,0.4,0,1623,7.91,2.67
2026-07-04 05:33:36.455,0.4,0.4,0.4,0.4,0,1618,7.91,2.74
2026-07-04 05:33:36.952,0.4,0.4,0.4,0.4,0,1620,7.91,2.71
2026-07-04 05:33:37.452,0.4,0.4,0.4,0.4,0,1621,7.91,2.70
2026-07-04 05:33:37.950,0.4,0.4,0.4,0.4,0,1620,7.91,2.71
2026-07-04 05:33:38.459,0.4,0.4,0.4,0.4,0,1617,7.91,2.75
2026-07-04 05:33:38.958,0.4,0.4,0.4,0.4,0,1621,7.91,2.70
2026-07-04 05:33:39.428,0.4,0.4,0.4,0.4,0,1617,7.91,2.75
2026-07-04 05:33:39.927,0.4,0.4,0.4,0.4,0,1619,7.91,2.72
2026-07-04 05:33:40.445,0.4,0.4,0.4,0.4,0,1617,7.91,2.75
2026-07-04 05:33:40.949,0.4,0.4,0.4,0.0,0,1615,7.91,2.78
2026-07-04 05:33:41.428,0.4,0.4,0.4,0.0,0,1620,7.91,2.71
2026-07-04 05:33:41.958,0.4,0.4,0.4,0.0,0,1618,7.91,2.74
2026-07-04 05:33:42.444,0.4,0.4,0.4,0.0,0,1617,7.91,2.75
2026-07-04 05:33:42.928,0.4,0.4,0.4,0.0,0,1619,7.91,2.72
2026-07-04 05:33:43.426,0.4,0.4,0.4,0.0,0,1619,7.91,2.72
2026-07-04 05:33:43.971,0.4,0.4,0.4,0.0,0,1621,7.91,2.70
2026-07-04 05:33:44.422,0.4,0.4,0.4,0.0,0,1620,7.91,2.71
2026-07-04 05:33:44.947,0.4,0.4,0.4,0.0,0,1624,7.91,2.65
2026-07-04 05:33:45.449,0.4,0.4,0.4,0.0,0,1620,7.91,2.71
2026-07-04 05:33:46.168,0.4,0.4,0.4,0.0,0,1620,7.91,2.71
2026-07-04 05:33:46.448,0.4,0.4,0.4,0.0,0,1626,7.91,2.62
2026-07-04 05:33:46.448,0.4,0.4,0.4,0.4,0,1621,7.91,2.70
2026-07-04 05:33:46.929,0.4,0.4,0.4,0.4,0,1618,7.91,2.74
2026-07-04 05:33:47.428,0.4,0.4,0.4,0.4,0,1622,7.91,2.68
2026-07-04 05:33:47.973,0.4,0.4,0.4,0.4,0,1623,7.91,2.67
2026-07-04 05:33:48.467,0.4,0.4,0.4,0.0,0,1617,7.91,2.75
2026-07-04 05:33:48.949,0.4,0.4,0.4,0.0,0,1620,7.91,2.71
2026-07-04 05:33:49.457,0.4,0.4,0.4,0.0,0,1614,7.91,2.80
2026-07-04 05:33:49.957,0.4,0.4,0.4,0.4,0,1618,7.91,2.74
2026-07-04 05:33:50.452,0.4,0.4,0.4,0.4,0,1622,7.91,2.68
2026-07-04 05:33:50.920,0.4,0.4,0.4,0.4,0,1620,7.91,2.71
2026-07-04 05:33:51.446,0.4,0.4,0.4,0.4,0,1621,7.91,2.70
2026-07-04 05:33:51.944,0.4,0.4,0.4,0.4,0,1621,7.91,2.70
2026-07-04 05:33:52.440,0.4,0.4,0.4,0.4,0,1618,7.91,2.74
2026-07-04 05:33:52.948,0.4,0.4,0.4,0.4,0,1619,7.91,2.72
2026-07-04 05:33:53.459,0.4,0.4,0.4,0.4,0,1617,7.91,2.75
2026-07-04 05:33:53.959,0.4,0.4,0.4,0.0,0,1617,7.91,2.75
2026-07-04 05:33:54.459,0.4,0.4,0.4,0.4,0,1621,7.91,2.70
2026-07-04 05:33:54.939,0.4,0.4,0.4,0.4,1,1620,7.90,2.71
2026-07-04 05:33:55.448,0.4,0.4,0.4,0.4,0,1619,7.91,2.72
2026-07-04 05:33:55.952,0.4,0.4,0.4,0.4,0,1623,7.91,2.67
2026-07-04 05:33:56.476,0.4,0.4,0.4,0.4,0,1622,7.91,2.68
2026-07-04 05:33:56.972,0.4,0.4,0.4,0.4,0,1620,7.91,2.71
2026-07-04 05:33:57.450,0.4,0.4,0.4,0.4,1,1619,7.90,2.72
2026-07-04 05:33:57.960,0.4,0.4,0.4,0.4,2,1613,7.88,2.81
2026-07-04 05:33:58.434,0.4,0.4,0.4,0.4,12,1619,7.73,2.72
2026-07-04 05:33:58.949,0.4,0.4,0.4,0.4,3,1616,7.87,2.77
2026-07-04 05:33:59.458,0.5,0.4,0.4,0.4,30,1619,7.47,2.72
2026-07-04 05:33:59.943,0.5,0.4,0.4,0.4,55,1620,7.10,2.71
2026-07-04 05:34:00.476,0.5,0.4,0.4,0.4,76,1619,6.80,2.72
2026-07-04 05:34:00.978,0.6,0.4,0.4,0.4,83,1622,6.69,2.68
2026-07-04 05:34:01.428,0.6,0.4,0.4,0.4,89,1616,6.61,2.77
2026-07-04 05:34:01.990,0.5,0.4,0.4,0.4,88,1620,6.62,2.71
2026-07-04 05:34:02.488,0.6,0.4,0.4,0.4,97,1618,6.49,2.74
2026-07-04 05:34:02.929,0.6,0.4,0.4,0.4,100,1617,6.45,2.75
2026-07-04 05:34:03.426,0.6,0.4,0.4,0.4,93,1615,6.55,2.78
2026-07-04 05:34:03.929,0.5,0.4,0.4,0.4,79,1618,6.75,2.74
2026-07-04 05:34:04.445,0.5,0.4,0.4,0.4,68,1619,6.91,2.72
2026-07-04 05:34:04.958,0.5,0.4,0.4,0.4,71,1615,6.87,2.78
2026-07-04 05:34:05.428,0.6,0.4,0.4,0.4,91,1617,6.58,2.75
2026-07-04 05:34:05.981,0.6,0.4,0.4,0.4,106,1619,6.36,2.72
2026-07-04 05:34:06.429,0.6,0.4,0.4,0.4,98,1619,6.47,2.72
2026-07-04 05:34:06.948,0.5,0.4,0.4,0.4,69,1619,6.90,2.72
2026-07-04 05:34:07.445,0.5,0.4,0.4,0.4,57,1622,7.08,2.68
2026-07-04 05:34:07.943,0.5,0.4,0.4,0.4,54,1620,7.12,2.71
2026-07-04 05:34:08.504,0.5,0.4,0.4,0.4,45,1615,7.25,2.78
2026-07-04 05:34:08.974,0.5,0.4,0.4,0.4,35,1610,7.40,2.86
2026-07-04 05:34:09.948,0.5,0.4,0.4,0.4,32,1615,7.44,2.78
2026-07-04 05:34:09.950,0.5,0.4,0.4,0.4,52,1618,7.15,2.74
2026-07-04 05:34:10.488,0.5,0.4,0.4,0.4,41,1617,7.31,2.75
2026-07-04 05:34:11.004,0.5,0.4,0.4,0.4,43,1617,7.28,2.75
2026-07-04 05:34:11.439,0.5,0.4,0.4,0.4,56,1617,7.09,2.75
2026-07-04 05:34:11.948,0.6,0.4,0.4,0.4,85,1621,6.67,2.70
2026-07-04 05:34:12.445,0.6,0.4,0.4,0.4,101,1616,6.43,2.77
2026-07-04 05:34:12.948,0.6,0.4,0.4,0.4,107,1617,6.34,2.75
2026-07-04 05:34:13.448,0.6,0.4,0.4,0.4,107,1616,6.34,2.77
2026-07-04 05:34:13.951,0.6,0.4,0.4,0.4,109,1617,6.31,2.75
2026-07-04 05:34:14.450,0.6,0.4,0.4,0.4,128,1620,6.04,2.71
2026-07-04 05:34:14.951,0.7,0.4,0.4,0.4,133,1618,5.96,2.74
2026-07-04 05:34:15.478,0.6,0.4,0.4,0.4,146,1618,5.77,2.74
2026-07-04 05:34:15.958,0.7,0.4,0.4,0.4,146,1621,5.77,2.70
2026-07-04 05:34:16.458,0.6,0.4,0.4,0.4,142,1619,5.83,2.72
2026-07-04 05:34:16.957,0.6,0.4,0.4,0.4,122,1620,6.12,2.71
2026-07-04 05:34:17.448,0.6,0.4,0.4,0.4,100,1619,6.45,2.72
2026-07-04 05:34:17.949,0.5,0.4,0.4,0.0,84,1619,6.68,2.72
2026-07-04 05:34:18.490,0.5,0.4,0.4,0.0,67,1618,6.93,2.74
2026-07-04 05:34:19.172,0.5,0.4,0.4,0.0,67,1618,6.93,2.74
2026-07-04 05:34:19.451,0.5,0.4,0.4,0.0,53,1615,7.13,2.78
2026-07-04 05:34:19.452,0.5,0.4,0.4,0.0,41,1618,7.31,2.74
2026-07-04 05:34:19.955,0.4,0.4,0.4,0.0,18,1617,7.65,2.75
2026-07-04 05:34:20.478,0.4,0.4,0.4,0.0,2,1616,7.88,2.77
2026-07-04 05:34:20.970,0.5,0.4,0.4,0.0,31,1618,7.46,2.74
2026-07-04 05:34:21.448,0.5,0.4,0.4,0.0,62,1615,7.00,2.78
2026-07-04 05:34:21.949,0.5,0.4,0.4,0.0,51,1617,7.16,2.75
2026-07-04 05:34:22.450,0.4,0.4,0.4,0.4,28,1617,7.50,2.75
2026-07-04 05:34:22.957,0.4,0.4,0.4,0.4,20,1616,7.62,2.77
2026-07-04 05:34:23.443,0.4,0.4,0.4,0.4,0,1616,7.91,2.77
2026-07-04 05:34:23.989,0.4,0.4,0.4,0.4,0,1615,7.91,2.78
2026-07-04 05:34:24.489,0.4,0.4,0.4,0.0,0,1612,7.91,2.83
2026-07-04 05:34:24.948,0.4,0.4,0.4,0.0,4,1615,7.85,2.78
2026-07-04 05:34:25.449,0.4,0.4,0.4,0.0,0,1617,7.91,2.75
2026-07-04 05:34:25.957,0.5,0.4,0.4,0.0,18,1619,7.65,2.72
2026-07-04 05:34:26.450,0.5,0.4,0.4,0.4,42,1611,7.29,2.84
2026-07-04 05:34:26.943,0.5,0.4,0.4,0.4,37,1615,7.37,2.78
2026-07-04 05:34:27.443,0.4,0.4,0.4,0.4,13,1614,7.72,2.80
2026-07-04 05:34:27.986,0.4,0.4,0.4,0.4,9,1621,7.78,2.70
2026-07-04 05:34:28.487,0.4,0.4,0.4,0.4,25,1615,7.54,2.78
2026-07-04 05:34:28.991,0.4,0.4,0.4,0.4,15,1620,7.69,2.71
2026-07-04 05:34:29.470,0.4,0.4,0.4,0.4,2,1616,7.88,2.77
2026-07-04 05:34:29.970,0.4,0.4,0.4,0.4,0,1620,7.91,2.71
2026-07-04 05:34:30.480,0.4,0.4,0.4,0.4,4,1618,7.85,2.74
2026-07-04 05:34:30.989,0.4,0.4,0.4,0.4,11,1616,7.75,2.77
2026-07-04 05:34:31.490,0.4,0.4,0.4,0.4,8,1612,7.79,2.83
2026-07-04 05:34:31.986,0.4,0.4,0.4,0.4,1,1614,7.90,2.80
2026-07-04 05:34:32.478,0.4,0.4,0.4,0.4,5,1617,7.84,2.75
2026-07-04 05:34:32.973,0.5,0.4,0.4,0.4,19,1613,7.63,2.81
2026-07-04 05:34:33.478,0.6,0.4,0.4,0.4,79,1614,6.75,2.80
2026-07-04 05:34:33.978,0.7,0.4,0.4,0.4,137,1616,5.90,2.77
2026-07-04 05:34:34.471,0.7,0.4,0.4,0.4,186,1614,5.19,2.80
2026-07-04 05:34:34.978,0.8,0.4,0.4,0.4,214,1614,4.78,2.80
2026-07-04 05:34:35.488,0.8,0.4,0.4,0.4,247,1615,4.29,2.78
2026-07-04 05:34:35.950,0.9,0.4,0.4,0.4,289,1617,3.68,2.75
2026-07-04 05:34:36.448,1.0,0.4,0.4,0.4,328,1615,3.11,2.78
2026-07-04 05:34:37.004,1.0,0.4,0.4,0.4,332,1613,3.05,2.81
2026-07-04 05:34:37.992,0.9,0.4,0.4,0.4,313,1620,3.33,2.71
2026-07-04 05:34:37.994,0.9,0.4,0.4,0.4,310,1619,3.37,2.72
2026-07-04 05:34:38.987,0.9,0.4,0.4,0.4,313,1615,3.33,2.78
2026-07-04 05:34:38.989,0.9,0.4,0.4,0.4,286,1617,3.72,2.75
2026-07-04 05:34:39.449,0.8,0.4,0.4,0.4,240,1615,4.39,2.78
2026-07-04 05:34:39.958,0.8,0.4,0.4,0.4,213,1618,4.79,2.74
2026-07-04 05:34:40.458,0.7,0.4,0.4,0.4,203,1617,4.94,2.75
2026-07-04 05:34:40.949,0.7,0.4,0.4,0.4,170,1617,5.42,2.75
2026-07-04 05:34:41.452,0.6,0.4,0.4,0.4,144,1621,5.80,2.70
2026-07-04 05:34:41.958,0.6,0.4,0.4,0.4,134,1621,5.95,2.70
2026-07-04 05:34:42.479,0.6,0.4,0.4,0.4,122,1617,6.12,2.75
2026-07-04 05:34:42.988,0.6,0.4,0.4,0.4,98,1616,6.47,2.77
2026-07-04 05:34:43.473,0.5,0.4,0.4,0.4,84,1617,6.68,2.75
2026-07-04 05:34:43.954,0.5,0.4,0.4,0.4,68,1616,6.91,2.77
2026-07-04 05:34:44.453,0.5,0.4,0.4,0.4,59,1614,7.05,2.80
2026-07-04 05:34:44.957,0.5,0.4,0.4,0.4,51,1616,7.16,2.77
2026-07-04 05:34:45.489,0.5,0.4,0.4,0.4,62,1614,7.00,2.80
2026-07-04 05:34:45.987,0.5,0.4,0.4,0.4,70,1614,6.88,2.80
2026-07-04 05:34:46.474,0.6,0.4,0.4,0.4,85,1617,6.67,2.75
2026-07-04 05:34:46.982,0.6,0.4,0.4,0.4,121,1616,6.14,2.77
2026-07-04 05:34:47.483,0.6,0.4,0.4,0.4,145,1615,5.79,2.78
2026-07-04 05:34:47.988,0.6,0.4,0.4,0.4,132,1616,5.98,2.77
2026-07-04 05:34:48.459,0.6,0.4,0.4,0.4,125,1614,6.08,2.80
2026-07-04 05:34:48.955,0.7,0.4,0.4,0.4,169,1617,5.43,2.75
2026-07-04 05:34:49.482,0.7,0.4,0.4,0.4,182,1617,5.24,2.75
2026-07-04 05:34:50.008,0.7,0.4,0.4,0.4,182,1618,5.24,2.74
2026-07-04 05:34:50.474,0.7,0.4,0.4,0.4,185,1614,5.20,2.80
2026-07-04 05:34:50.970,0.8,0.4,0.4,0.4,203,1614,4.94,2.80
2026-07-04 05:34:51.477,0.7,0.4,0.4,0.4,189,1613,5.14,2.81
2026-07-04 05:34:51.981,0.6,0.4,0.4,0.4,159,1616,5.58,2.77
2026-07-04 05:34:52.481,0.6,0.4,0.4,0.4,124,1614,6.09,2.80
2026-07-04 05:34:53.004,0.5,0.4,0.4,0.4,92,1616,6.56,2.77
2026-07-04 05:34:53.505,0.5,0.4,0.4,0.0,62,1616,7.00,2.77
2026-07-04 05:34:54.003,0.5,0.4,0.4,0.0,38,1614,7.35,2.80
2026-07-04 05:34:54.502,0.4,0.4,0.4,0.4,9,1618,7.78,2.74
2026-07-04 05:34:55.000,0.4,0.4,0.4,0.4,0,1618,7.91,2.74
2026-07-04 05:34:55.508,0.4,0.4,0.4,0.4,0,1614,7.91,2.80
2026-07-04 05:34:55.988,0.4,0.4,0.4,0.4,0,1614,7.91,2.80
2026-07-04 05:34:56.491,0.4,0.4,0.4,0.4,0,1613,7.91,2.81
2026-07-04 05:34:56.988,0.4,0.4,0.4,0.4,0,1614,7.91,2.80
2026-07-04 05:34:57.501,0.4,0.4,0.4,0.4,0,1617,7.91,2.75
2026-07-04 05:34:58.007,0.4,0.4,0.4,0.4,0,1615,7.91,2.78
2026-07-04 05:34:58.478,0.4,0.4,0.4,0.4,0,1617,7.91,2.75
2026-07-04 05:34:59.018,0.4,0.4,0.4,0.0,0,1614,7.91,2.80
2026-07-04 05:34:59.485,0.4,0.4,0.4,0.0,0,1615,7.91,2.78
2026-07-04 05:35:00.008,0.4,0.4,0.4,0.0,0,1615,7.91,2.78
2026-07-04 05:35:00.489,0.4,0.4,0.4,0.0,0,1613,7.91,2.81
2026-07-04 05:35:00.957,0.4,0.4,0.4,0.4,0,1618,7.91,2.74
2026-07-04 05:35:01.488,0.4,0.4,0.4,0.4,0,1613,7.91,2.81
2026-07-04 05:35:01.990,0.4,0.4,0.4,0.4,1,1614,7.90,2.80
2026-07-04 05:35:02.492,0.4,0.4,0.4,0.4,0,1615,7.91,2.78
2026-07-04 05:35:03.003,0.4,0.4,0.4,0.4,0,1614,7.91,2.80
2026-07-04 05:35:03.478,0.4,0.4,0.4,0.4,0,1614,7.91,2.80
2026-07-04 05:35:03.976,0.4,0.4,0.4,0.4,0,1615,7.91,2.78
2026-07-04 05:35:04.525,0.4,0.4,0.4,0.4,0,1617,7.91,2.75
2026-07-04 05:35:05.007,0.4,0.4,0.4,0.4,0,1616,7.91,2.77
2026-07-04 05:35:05.482,0.4,0.4,0.4,0.4,0,1616,7.91,2.77
2026-07-04 05:35:05.989,0.4,0.4,0.4,0.4,0,1614,7.91,2.80
2026-07-04 05:35:06.490,0.4,0.4,0.4,0.4,0,1615,7.91,2.78
2026-07-04 05:35:06.988,0.4,0.4,0.4,0.4,0,1616,7.91,2.77
2026-07-04 05:35:07.478,0.4,0.4,0.4,0.0,0,1618,7.91,2.74
2026-07-04 05:35:07.989,0.4,0.4,0.4,0.0,0,1616,7.91,2.77
2026-07-04 05:35:08.485,0.4,0.4,0.4,0.0,0,1615,7.91,2.78
2026-07-04 05:35:09.020,0.4,0.4,0.4,0.0,0,1614,7.91,2.80
2026-07-04 05:35:09.510,0.4,0.4,0.4,0.0,2,1618,7.88,2.74
2026-07-04 05:35:10.005,0.4,0.4,0.4,0.0,3,1618,7.87,2.74
2026-07-04 05:35:10.485,0.4,0.4,0.4,0.0,8,1615,7.79,2.78
2026-07-04 05:35:10.972,0.4,0.4,0.4,0.0,15,1618,7.69,2.74
2026-07-04 05:35:11.519,0.4,0.4,0.4,0.0,16,1615,7.68,2.78
2026-07-04 05:35:11.998,0.4,0.4,0.4,0.0,20,1617,7.62,2.75
2026-07-04 05:35:12.524,0.5,0.4,0.4,0.0,33,1616,7.43,2.77
2026-07-04 05:35:13.021,0.5,0.4,0.4,0.0,37,1612,7.37,2.83
2026-07-04 05:35:13.508,0.5,0.4,0.4,0.0,34,1613,7.41,2.81
2026-07-04 05:35:14.014,0.5,0.4,0.4,0.0,41,1617,7.31,2.75
2026-07-04 05:35:14.513,0.5,0.4,0.4,0.0,33,1615,7.43,2.78
2026-07-04 05:35:14.988,0.5,0.4,0.4,0.0,29,1617,7.49,2.75
2026-07-04 05:35:15.488,0.5,0.4,0.4,0.0,35,1614,7.40,2.80
2026-07-04 05:35:16.009,0.5,0.4,0.4,0.0,30,1616,7.47,2.77
2026-07-04 05:35:16.512,0.5,0.4,0.4,0.0,30,1615,7.47,2.78
2026-07-04 05:35:16.978,0.5,0.4,0.4,0.0,43,1613,7.28,2.81
2026-07-04 05:35:17.474,0.5,0.4,0.4,0.0,36,1614,7.38,2.80
2026-07-04 05:35:17.972,0.5,0.4,0.4,0.0,35,1612,7.40,2.83
2026-07-04 05:35:18.501,0.5,0.4,0.4,0.0,39,1614,7.34,2.80
2026-07-04 05:35:19.004,0.5,0.4,0.4,0.0,29,1616,7.49,2.77
2026-07-04 05:35:19.488,0.5,0.4,0.4,0.0,28,1612,7.50,2.83
2026-07-04 05:35:19.974,0.5,0.4,0.4,0.0,33,1612,7.43,2.83
2026-07-04 05:35:20.533,0.5,0.4,0.4,0.0,26,1616,7.53,2.77
2026-07-04 05:35:20.978,0.5,0.4,0.4,0.0,23,1612,7.57,2.83
2026-07-04 05:35:21.491,0.5,0.4,0.4,0.0,33,1614,7.43,2.80
2026-07-04 05:35:22.026,0.4,0.4,0.4,0.0,30,1616,7.47,2.77
2026-07-04 05:35:22.505,0.4,0.4,0.4,0.0,23,1614,7.57,2.80
2026-07-04 05:35:22.992,0.4,0.4,0.4,0.0,22,1614,7.59,2.80
2026-07-04 05:35:23.509,0.5,0.4,0.4,0.0,28,1613,7.50,2.81
2026-07-04 05:35:23.978,0.4,0.4,0.4,0.0,16,1614,7.68,2.80
2026-07-04 05:35:25.006,0.5,0.4,0.4,0.0,14,1613,7.71,2.81
2026-07-04 05:35:25.007,0.5,0.4,0.4,0.0,41,1613,7.31,2.81
2026-07-04 05:35:25.503,0.5,0.4,0.4,0.0,50,1613,7.18,2.81
2026-07-04 05:35:26.004,0.7,0.4,0.4,0.0,100,1612,6.45,2.83
2026-07-04 05:35:26.507,0.9,0.4,0.4,0.0,233,1610,4.50,2.86
2026-07-04 05:35:26.985,1.1,0.4,0.4,0.0,345,1613,2.86,2.81
2026-07-04 05:35:27.501,1.2,0.4,0.4,0.0,451,1614,1.30,2.80
2026-07-04 05:35:28.008,1.3,0.4,0.4,0.0,509,1615,0.45,2.78
2026-07-04 05:35:28.499,1.4,0.4,0.4,0.0,554,1613,-0.21,2.81
2026-07-04 05:35:28.972,1.4,0.4,0.4,0.0,569,1615,-0.42,2.78
2026-07-04 05:35:29.507,1.3,0.4,0.4,0.0,566,1615,-0.38,2.78
2026-07-04 05:35:30.004,1.4,0.4,0.4,0.0,598,1616,-0.85,2.77
2026-07-04 05:35:30.516,1.4,0.4,0.4,0.0,613,1613,-1.07,2.81
2026-07-04 05:35:30.988,1.4,0.4,0.4,0.0,608,1613,-1.00,2.81
2026-07-04 05:35:31.508,1.6,0.4,0.4,0.0,654,1613,-1.67,2.81
2026-07-04 05:35:31.976,1.7,0.4,0.4,0.0,776,1615,-3.46,2.78
2026-07-04 05:35:32.535,2.0,0.4,1.0,0.0,866,1612,-4.78,2.83
2026-07-04 05:35:33.024,2.1,0.4,1.4,0.0,976,1614,-6.39,2.80
2026-07-04 05:35:33.508,2.2,0.4,1.7,0.0,1050,1612,-7.47,2.83
2026-07-04 05:35:34.009,2.4,0.4,2.0,0.0,1123,1613,-8.54,2.81
2026-07-04 05:35:34.508,2.5,0.4,2.2,0.0,1215,1614,-9.89,2.80
2026-07-04 05:35:34.989,2.6,0.4,2.4,0.0,1292,1611,-11.02,2.84
2026-07-04 05:35:35.501,2.7,0.4,2.6,0.4,1351,1614,-11.88,2.80
2026-07-04 05:35:36.028,2.8,0.4,2.8,0.4,1425,1614,-12.96,2.80
2026-07-04 05:35:36.480,3.1,0.4,2.9,0.4,1514,1616,-14.27,2.77
2026-07-04 05:35:37.037,3.1,0.4,2.9,0.4,1605,1613,-15.60,2.81
2026-07-04 05:35:37.508,3.2,0.4,2.9,0.4,1665,1614,-16.48,2.80
2026-07-04 05:35:38.012,3.2,0.4,2.9,0.4,1670,1611,-16.55,2.84
2026-07-04 05:35:38.509,3.3,0.4,3.1,0.4,1687,1608,-16.80,2.89
2026-07-04 05:35:39.036,3.3,0.4,3.2,0.4,1686,1616,-16.79,2.77
2026-07-04 05:35:39.474,3.3,0.4,3.2,0.4,1707,1618,-17.09,2.74
2026-07-04 05:35:40.022,3.3,0.4,3.2,0.4,1734,1613,-17.49,2.81
2026-07-04 05:35:40.517,3.3,0.4,3.2,0.0,1745,1615,-17.65,2.78
2026-07-04 05:35:41.488,3.3,0.4,3.2,0.4,1741,1607,-17.59,2.90
2026-07-04 05:35:41.555,3.3,0.4,3.2,0.4,1723,1611,-17.33,2.84
2026-07-04 05:35:41.989,3.4,0.4,3.1,0.4,1736,1612,-17.52,2.83
2026-07-04 05:35:42.530,3.4,0.4,3.0,0.4,1763,1614,-17.92,2.80
2026-07-04 05:35:43.208,3.4,0.4,3.0,0.4,1763,1614,-17.92,2.80
2026-07-04 05:35:43.524,3.4,0.4,3.1,0.0,1784,1616,-18.22,2.77
2026-07-04 05:35:43.527,3.5,0.4,3.2,0.0,1813,1617,-18.65,2.75
2026-07-04 05:35:44.009,3.5,0.4,3.2,0.0,1813,1617,-18.65,2.75
2026-07-04 05:35:44.483,3.5,0.4,3.4,0.0,1813,1617,-18.65,2.75
2026-07-04 05:35:44.991,3.5,0.4,3.4,0.0,1812,1612,-18.63,2.83
2026-07-04 05:35:45.534,3.6,0.4,3.4,0.0,1856,1614,-19.28,2.80
2026-07-04 05:35:45.988,3.6,0.4,3.3,0.0,1874,1615,-19.54,2.78
2026-07-04 05:35:46.511,3.6,0.4,3.3,0.0,1905,1615,-20.00,2.78
2026-07-04 05:35:47.011,3.7,0.4,3.4,0.0,1917,1614,-20.17,2.80
2026-07-04 05:35:47.488,3.6,0.4,3.4,0.0,1923,1614,-20.26,2.80
2026-07-04 05:35:48.021,3.6,0.4,3.4,0.0,1896,1614,-19.86,2.80
2026-07-04 05:35:48.520,3.4,0.4,3.3,0.0,1828,1613,-18.87,2.81
2026-07-04 05:35:48.986,3.3,0.4,3.2,0.0,1742,1616,-17.61,2.77
2026-07-04 05:35:49.507,3.1,0.4,3.2,0.0,1655,1616,-16.33,2.77
2026-07-04 05:35:50.008,3.0,0.4,2.8,0.0,1562,1613,-14.97,2.81
2026-07-04 05:35:50.524,2.7,0.4,2.8,0.0,1462,1613,-13.51,2.81
2026-07-04 05:35:51.009,2.6,0.4,2.8,0.0,1334,1617,-11.63,2.75
2026-07-04 05:35:51.488,2.4,0.4,2.8,0.0,1235,1613,-10.18,2.81
2026-07-04 05:35:52.056,2.4,0.4,0.0,0.0,1235,1613,-10.18,2.81
2026-07-04 05:35:52.487,2.4,0.4,0.0,0.0,1235,1613,-10.18,2.81
2026-07-04 05:35:53.007,2.0,0.4,1.9,0.0,945,1613,-5.93,2.81
2026-07-04 05:35:53.537,1.8,0.4,1.9,0.0,879,1612,-4.97,2.83
2026-07-04 05:35:54.038,1.7,0.4,1.9,0.0,806,1616,-3.90,2.77
2026-07-04 05:35:54.538,1.5,0.4,1.6,0.0,730,1614,-2.78,2.80
2026-07-04 05:35:55.037,1.4,0.4,1.5,0.0,624,1614,-1.23,2.80
2026-07-04 05:35:55.508,1.3,0.4,1.5,0.0,546,1613,-0.09,2.81
2026-07-04 05:35:56.039,1.2,0.4,1.2,0.4,486,1615,0.79,2.78
2026-07-04 05:35:56.524,1.1,0.4,1.1,0.4,431,1612,1.60,2.83
2026-07-04 05:35:57.022,1.0,0.4,1.0,0.4,372,1615,2.46,2.78
2026-07-04 05:35:57.517,0.9,0.4,0.9,0.4,308,1613,3.40,2.81
2026-07-04 05:35:58.037,0.8,0.4,0.8,0.4,243,1613,4.35,2.81
2026-07-04 05:35:58.556,0.7,0.4,0.7,0.4,179,1614,5.29,2.80
2026-07-04 05:35:59.053,0.6,0.4,0.7,0.4,131,1616,5.99,2.77
2026-07-04 05:35:59.532,0.5,0.4,0.6,0.4,92,1612,6.56,2.83
2026-07-04 05:36:00.039,0.5,0.4,0.6,0.4,57,1613,7.08,2.81
2026-07-04 05:36:00.489,0.4,0.4,0.6,0.4,29,1614,7.49,2.80
2026-07-04 05:36:01.004,0.4,0.4,0.5,0.4,1,1612,7.90,2.83
2026-07-04 05:36:01.508,0.4,0.4,0.5,0.4,0,1613,7.91,2.81
2026-07-04 05:36:02.038,0.4,0.4,0.5,0.4,0,1612,7.91,2.83
2026-07-04 05:36:02.536,0.4,0.4,0.5,0.4,0,1612,7.91,2.83
2026-07-04 05:36:03.004,0.4,0.4,0.5,0.4,0,1611,7.91,2.84
2026-07-04 05:36:03.510,0.4,0.4,0.4,0.4,0,1617,7.91,2.75
2026-07-04 05:36:04.055,0.4,0.4,0.4,0.4,0,1614,7.91,2.80
2026-07-04 05:36:04.556,0.4,0.4,0.4,0.4,0,1617,7.91,2.75
2026-07-04 05:36:05.052,0.4,0.4,0.4,0.4,0,1617,7.91,2.75
2026-07-04 05:36:05.532,0.4,0.4,0.4,0.4,0,1612,7.91,2.83
2026-07-04 05:36:06.030,0.4,0.4,0.4,0.4,0,1613,7.91,2.81
2026-07-04 05:36:06.540,0.4,0.4,0.4,0.4,0,1613,7.91,2.81
2026-07-04 05:36:07.009,0.4,0.4,0.4,0.4,0,1615,7.91,2.78
2026-07-04 05:36:08.022,0.4,0.4,0.4,0.0,0,1614,7.91,2.80
2026-07-04 05:36:08.023,0.4,0.4,0.4,0.0,0,1613,7.91,2.81
2026-07-04 05:36:08.517,0.4,0.4,0.4,0.0,0,1613,7.91,2.81
2026-07-04 05:36:09.052,0.4,0.4,0.4,0.4,0,1614,7.91,2.80
2026-07-04 05:36:09.551,0.4,0.4,0.4,0.4,0,1614,7.91,2.80
2026-07-04 05:36:10.053,0.4,0.4,0.4,0.4,0,1616,7.91,2.77
2026-07-04 05:36:10.524,0.4,0.4,0.4,0.4,0,1613,7.91,2.81
2026-07-04 05:36:11.036,0.4,0.4,0.4,0.4,0,1616,7.91,2.77
2026-07-04 05:36:11.560,0.4,0.4,0.4,0.4,1,1614,7.90,2.80
2026-07-04 05:36:12.038,0.4,0.4,0.4,0.4,0,1614,7.91,2.80
2026-07-04 05:36:12.537,0.4,0.4,0.4,0.4,0,1612,7.91,2.83
2026-07-04 05:36:13.004,0.4,0.4,0.4,0.4,0,1612,7.91,2.83
2026-07-04 05:36:13.526,0.4,0.4,0.4,0.4,0,1614,7.91,2.80
2026-07-04 05:36:14.020,0.4,0.4,0.4,0.4,0,1613,7.91,2.81
2026-07-04 05:36:14.548,0.4,0.4,0.4,0.4,0,1611,7.91,2.84
2026-07-04 05:36:15.004,0.4,0.4,0.4,0.4,0,1613,7.91,2.81
2026-07-04 05:36:15.508,0.4,0.4,0.4,0.4,0,1613,7.91,2.81
2026-07-04 05:36:16.009,0.4,0.4,0.4,0.4,0,1612,7.91,2.83
2026-07-04 05:36:16.524,0.4,0.4,0.4,0.4,0,1612,7.91,2.83
2026-07-04 05:36:17.021,0.4,0.4,0.4,0.4,0,1611,7.91,2.84
2026-07-04 05:36:17.523,0.4,0.4,0.4,0.0,0,1609,7.91,2.87
2026-07-04 05:36:18.022,0.4,0.4,0.4,0.4,0,1613,7.91,2.81
2026-07-04 05:36:18.519,0.4,0.4,0.4,0.4,0,1613,7.91,2.81
2026-07-04 05:36:19.020,0.4,0.4,0.4,0.4,1,1612,7.90,2.83
2026-07-04 05:36:19.538,0.4,0.4,0.4,0.4,0,1613,7.91,2.81
2026-07-04 05:36:20.043,0.4,0.4,0.4,0.4,0,1616,7.91,2.77
2026-07-04 05:36:20.508,0.4,0.4,0.4,0.4,0,1611,7.91,2.84
2026-07-04 05:36:21.003,0.4,0.4,0.4,0.4,0,1612,7.91,2.83
2026-07-04 05:36:21.555,0.4,0.4,0.4,0.4,0,1615,7.91,2.78
2026-07-04 05:36:22.052,0.4,0.4,0.4,0.4,0,1613,7.91,2.81
2026-07-04 05:36:22.535,0.4,0.4,0.4,0.4,0,1612,7.91,2.83
2026-07-04 05:36:23.062,0.4,0.4,0.4,0.4,0,1613,7.91,2.81
2026-07-04 05:36:23.513,0.4,0.4,0.4,0.4,0,1612,7.91,2.83
2026-07-04 05:36:24.037,0.4,0.4,0.4,0.4,0,1612,7.91,2.83
2026-07-04 05:36:24.508,0.4,0.4,0.4,0.4,0,1614,7.91,2.80
2026-07-04 05:36:25.019,0.4,0.4,0.4,0.4,0,1615,7.91,2.78
2026-07-04 05:36:25.519,0.4,0.4,0.4,0.4,0,1615,7.91,2.78
2026-07-04 05:36:26.019,0.4,0.4,0.4,0.4,0,1610,7.91,2.86
2026-07-04 05:36:26.508,0.4,0.4,0.4,0.4,0,1614,7.91,2.80
2026-07-04 05:36:27.053,0.4,0.4,0.4,0.4,0,1614,7.91,2.80
2026-07-04 05:36:27.551,0.4,0.4,0.4,0.4,0,1612,7.91,2.83
2026-07-04 05:36:28.050,0.4,0.4,0.4,0.4,0,1615,7.91,2.78
2026-07-04 05:36:28.568,0.4,0.4,0.4,0.4,0,1615,7.91,2.78
2026-07-04 05:36:29.003,0.4,0.4,0.4,0.4,0,1614,7.91,2.80
2026-07-04 05:36:29.509,0.4,0.4,0.4,0.4,0,1612,7.91,2.83
2026-07-04 05:36:30.049,0.4,0.4,0.4,0.4,0,1612,7.91,2.83
2026-07-04 05:36:30.516,0.4,0.4,0.4,0.4,0,1612,7.91,2.83
2026-07-04 05:36:31.004,0.4,0.4,0.4,0.4,0,1614,7.91,2.80
2026-07-04 05:36:31.537,0.4,0.4,0.4,0.4,0,1615,7.91,2.78
2026-07-04 05:36:32.008,0.4,0.4,0.4,0.4,0,1612,7.91,2.83
2026-07-04 05:36:32.568,0.4,0.4,0.4,0.4,0,1614,7.91,2.80
2026-07-04 05:36:33.052,0.4,0.4,0.4,0.4,0,1614,7.91,2.80
2026-07-04 05:36:33.537,0.4,0.4,0.4,0.4,0,1614,7.91,2.80
2026-07-04 05:36:34.034,0.4,0.4,0.4,0.4,0,1613,7.91,2.81
2026-07-04 05:36:34.524,0.4,0.4,0.4,0.4,0,1612,7.91,2.83
2026-07-04 05:36:35.064,0.4,0.4,0.4,0.4,0,1613,7.91,2.81
2026-07-04 05:36:35.538,0.4,0.4,0.4,0.4,0,1614,7.91,2.80
2026-07-04 05:36:36.008,0.4,0.4,0.4,0.4,0,1615,7.91,2.78
2026-07-04 05:36:36.566,0.4,0.4,0.4,0.4,0,1612,7.91,2.83
2026-07-04 05:36:37.016,0.4,0.4,0.4,0.4,0,1614,7.91,2.80
2026-07-04 05:36:37.540,0.4,0.4,0.4,0.4,0,1612,7.91,2.83
2026-07-04 05:36:38.007,0.4,0.4,0.4,0.4,0,1613,7.91,2.81
2026-07-04 05:36:38.506,0.4,0.4,0.4,0.4,0,1612,7.91,2.83
2026-07-04 05:36:39.066,0.4,0.4,0.4,0.4,0,1612,7.91,2.83
2026-07-04 05:36:39.558,0.4,0.4,0.4,0.4,0,1612,7.91,2.83
2026-07-04 05:36:40.060,0.4,0.4,0.4,0.4,0,1614,7.91,2.80
2026-07-04 05:36:40.524,0.4,0.4,0.4,0.4,0,1613,7.91,2.81
2026-07-04 05:36:41.020,0.4,0.4,0.4,0.4,0,1612,7.91,2.83
2026-07-04 05:36:41.564,0.4,0.4,0.4,0.0,0,1612,7.91,2.83
2026-07-04 05:36:42.061,0.4,0.4,0.4,0.4,0,1611,7.91,2.84
2026-07-04 05:36:42.540,0.4,0.4,0.4,0.4,0,1611,7.91,2.84
2026-07-04 05:36:43.036,0.4,0.4,0.4,0.4,0,1611,7.91,2.84
2026-07-04 05:36:43.536,0.4,0.4,0.4,0.4,0,1611,7.91,2.84
2026-07-04 05:36:44.059,0.4,0.4,0.4,0.4,0,1613,7.91,2.81
2026-07-04 05:36:44.535,0.4,0.4,0.4,0.4,0,1613,7.91,2.81
2026-07-04 05:36:45.053,0.4,0.4,0.4,0.4,0,1612,7.91,2.83
2026-07-04 05:36:45.526,0.4,0.4,0.4,0.4,0,1612,7.91,2.83
2026-07-04 05:36:46.023,0.4,0.4,0.4,0.4,0,1611,7.91,2.84
2026-07-04 05:36:46.522,0.4,0.4,0.4,0.4,0,1611,7.91,2.84
2026-07-04 05:36:47.020,0.4,0.4,0.4,0.4,0,1612,7.91,2.83
2026-07-04 05:36:47.521,0.4,0.4,0.4,0.4,0,1612,7.91,2.83
2026-07-04 05:36:48.020,0.4,0.4,0.4,0.4,0,1612,7.91,2.83
2026-07-04 05:36:48.517,0.4,0.4,0.4,0.4,0,1612,7.91,2.83
2026-07-04 05:36:49.030,0.4,0.4,0.4,0.4,0,1612,7.91,2.83
2026-07-04 05:36:49.537,0.4,0.4,0.4,0.4,0,1613,7.91,2.81
2026-07-04 05:36:50.044,0.4,0.4,0.4,0.4,1,1612,7.90,2.83
2026-07-04 05:36:50.524,0.4,0.4,0.4,0.4,0,1613,7.91,2.81
2026-07-04 05:36:51.063,0.4,0.4,0.4,0.4,0,1613,7.91,2.81
2026-07-04 05:36:52.068,0.4,0.4,0.4,0.4,3,1612,7.87,2.83
2026-07-04 05:36:52.069,0.4,0.4,0.4,0.4,7,1612,7.81,2.83
2026-07-04 05:36:52.571,0.4,0.4,0.4,0.4,5,1611,7.84,2.84
2026-07-04 05:36:53.067,0.4,0.4,0.4,0.4,2,1611,7.88,2.84
2026-07-04 05:36:53.532,0.4,0.4,0.4,0.4,3,1616,7.87,2.77
2026-07-04 05:36:54.040,0.4,0.4,0.4,0.0,1,1614,7.90,2.80
2026-07-04 05:36:54.569,0.4,0.4,0.4,0.4,2,1613,7.88,2.81
2026-07-04 05:36:55.067,0.4,0.4,0.4,0.4,6,1618,7.82,2.74
2026-07-04 05:36:55.531,0.4,0.4,0.4,0.4,2,1612,7.88,2.83
2026-07-04 05:36:56.037,0.4,0.4,0.4,0.4,1,1618,7.90,2.74
2026-07-04 05:36:56.568,0.4,0.4,0.4,0.4,1,1615,7.90,2.78
2026-07-04 05:36:57.067,0.4,0.4,0.4,0.4,1,1612,7.90,2.83
2026-07-04 05:36:57.558,0.4,0.4,0.4,0.4,1,1612,7.90,2.83
2026-07-04 05:36:58.059,0.4,0.4,0.4,0.4,2,1614,7.88,2.80
2026-07-04 05:36:59.062,0.4,0.4,0.4,0.4,5,1612,7.84,2.83
2026-07-04 05:36:59.063,0.4,0.4,0.4,0.4,3,1611,7.87,2.84
2026-07-04 05:36:59.535,0.4,0.4,0.4,0.4,2,1610,7.88,2.86
2026-07-04 05:37:00.037,0.4,0.4,0.4,0.4,3,1611,7.87,2.84
2026-07-04 05:37:00.556,0.4,0.4,0.4,0.4,1,1613,7.90,2.81
2026-07-04 05:37:01.052,0.4,0.4,0.4,0.4,2,1614,7.88,2.80
2026-07-04 05:37:01.550,0.4,0.4,0.4,0.4,1,1614,7.90,2.80
2026-07-04 05:37:02.035,0.4,0.4,0.4,0.4,2,1608,7.88,2.89
2026-07-04 05:37:02.525,0.4,0.4,0.4,0.4,1,1612,7.90,2.83
2026-07-04 05:37:03.041,0.4,0.4,0.4,0.4,0,1611,7.91,2.84
2026-07-04 05:37:03.539,0.4,0.4,0.4,0.4,1,1612,7.90,2.83
2026-07-04 05:37:04.035,0.4,0.4,0.4,0.4,1,1611,7.90,2.84
2026-07-04 05:37:04.533,0.4,0.4,0.4,0.4,0,1613,7.91,2.81
2026-07-04 05:37:05.062,0.4,0.4,0.4,0.4,1,1612,7.90,2.83
2026-07-04 05:37:05.569,0.4,0.4,0.4,0.4,1,1614,7.90,2.80
2026-07-04 05:37:06.041,0.4,0.4,0.4,0.4,0,1612,7.91,2.83
2026-07-04 05:37:06.539,0.4,0.4,0.4,0.4,1,1612,7.90,2.83
2026-07-04 05:37:07.033,0.4,0.4,0.4,0.4,1,1613,7.90,2.81
2026-07-04 05:37:07.538,0.4,0.4,0.4,0.4,0,1610,7.91,2.86
2026-07-04 05:37:08.068,0.4,0.4,0.4,0.4,0,1610,7.91,2.86
2026-07-04 05:37:08.538,0.4,0.4,0.4,0.4,0,1610,7.91,2.86
2026-07-04 05:37:09.035,0.4,0.4,0.4,0.4,0,1610,7.91,2.86
2026-07-04 05:37:09.537,0.4,0.4,0.4,0.4,1,1611,7.90,2.84
2026-07-04 05:37:10.028,0.4,0.4,0.4,0.4,2,1608,7.88,2.89
2026-07-04 05:37:10.530,0.4,0.4,0.4,0.4,1,1612,7.90,2.83
2026-07-04 05:37:11.030,0.4,0.4,0.4,0.4,3,1611,7.87,2.84
2026-07-04 05:37:11.538,0.4,0.4,0.4,0.4,1,1613,7.90,2.81
2026-07-04 05:37:12.069,0.4,0.4,0.4,0.4,1,1613,7.90,2.81
2026-07-04 05:37:12.591,0.4,0.4,0.4,0.4,1,1612,7.90,2.83
2026-07-04 05:37:13.036,0.4,0.4,0.4,0.4,2,1612,7.88,2.83
2026-07-04 05:37:13.535,0.4,0.4,0.4,0.4,1,1611,7.90,2.84
2026-07-04 05:37:14.090,0.4,0.4,0.4,0.4,2,1611,7.88,2.84
2026-07-04 05:37:14.560,0.4,0.4,0.4,0.4,1,1612,7.90,2.83
2026-07-04 05:37:15.054,0.4,0.4,0.4,0.4,2,1612,7.88,2.83
2026-07-04 05:37:15.539,0.4,0.4,0.4,0.4,1,1614,7.90,2.80
2026-07-04 05:37:16.088,0.4,0.4,0.4,0.4,0,1610,7.91,2.86
2026-07-04 05:37:16.529,0.4,0.4,0.4,0.4,1,1612,7.90,2.83
2026-07-04 05:37:17.054,0.4,0.4,0.4,0.4,1,1613,7.90,2.81
2026-07-04 05:37:17.551,0.4,0.4,0.4,0.4,0,1615,7.91,2.78
2026-07-04 05:37:18.068,0.4,0.4,0.4,0.4,0,1615,7.91,2.78
2026-07-04 05:37:18.568,0.4,0.4,0.4,0.4,1,1612,7.90,2.83
2026-07-04 05:37:19.086,0.4,0.4,0.4,0.4,1,1615,7.90,2.78
2026-07-04 05:37:19.587,0.4,0.4,0.4,0.4,1,1609,7.90,2.87
2026-07-04 05:37:20.082,0.4,0.4,0.4,0.4,1,1612,7.90,2.83
2026-07-04 05:37:20.580,0.4,0.4,0.4,0.4,2,1612,7.88,2.83
2026-07-04 05:37:21.028,0.4,0.4,0.4,0.4,0,1610,7.91,2.86
2026-07-04 05:37:21.567,0.4,0.4,0.4,0.4,1,1611,7.90,2.84
2026-07-04 05:37:22.055,0.4,0.4,0.4,0.4,0,1613,7.91,2.81
2026-07-04 05:37:22.556,0.4,0.4,0.4,0.4,1,1611,7.90,2.84
2026-07-04 05:37:23.053,0.4,0.4,0.4,0.4,1,1607,7.90,2.90
2026-07-04 05:37:23.552,0.4,0.4,0.4,0.4,0,1611,7.91,2.84
2026-07-04 05:37:24.048,0.4,0.4,0.4,0.4,2,1613,7.88,2.81
2026-07-04 05:37:24.563,0.4,0.4,0.4,0.4,0,1612,7.91,2.83
2026-07-04 05:37:25.060,0.4,0.4,0.4,0.4,2,1612,7.88,2.83
2026-07-04 05:37:25.586,0.4,0.4,0.4,0.4,1,1613,7.90,2.81
2026-07-04 05:37:26.083,0.4,0.4,0.4,0.4,1,1612,7.90,2.83
2026-07-04 05:37:26.594,0.4,0.4,0.4,0.4,1,1613,7.90,2.81
2026-07-04 05:37:27.059,0.4,0.4,0.4,0.4,1,1613,7.90,2.81
2026-07-04 05:37:28.037,0.4,0.4,0.4,0.4,1,1616,7.90,2.77
2026-07-04 05:37:28.097,0.4,0.4,0.4,0.4,2,1612,7.88,2.83
2026-07-04 05:37:28.586,0.4,0.4,0.4,0.4,2,1612,7.88,2.83
2026-07-04 05:37:29.082,0.4,0.4,0.4,0.4,1,1611,7.90,2.84
2026-07-04 05:37:29.560,0.4,0.4,0.4,0.4,1,1611,7.90,2.84
2026-07-04 05:37:30.038,0.4,0.4,0.4,0.4,1,1614,7.90,2.80
2026-07-04 05:37:30.585,0.4,0.4,0.4,0.4,3,1612,7.87,2.83
2026-07-04 05:37:31.084,0.4,0.4,0.4,0.4,0,1613,7.91,2.81
2026-07-04 05:37:31.538,0.4,0.4,0.4,0.4,1,1610,7.90,2.86
2026-07-04 05:37:32.069,0.4,0.4,0.4,0.4,0,1611,7.91,2.84
2026-07-04 05:37:32.556,0.4,0.4,0.4,0.4,0,1611,7.91,2.84
2026-07-04 05:37:33.052,0.4,0.4,0.4,0.4,1,1611,7.90,2.84
2026-07-04 05:37:33.538,0.4,0.4,0.4,0.4,1,1610,7.90,2.86
2026-07-04 05:37:34.037,0.4,0.4,0.4,0.4,1,1611,7.90,2.84
2026-07-04 05:37:34.597,0.4,0.4,0.4,0.4,1,1610,7.90,2.86
2026-07-04 05:37:35.055,0.4,0.4,0.4,0.4,2,1610,7.88,2.86
2026-07-04 05:37:35.568,0.4,0.4,0.4,0.4,1,1611,7.90,2.84
2026-07-04 05:37:36.057,0.4,0.4,0.4,0.4,2,1611,7.88,2.84
2026-07-04 05:37:36.554,0.4,0.4,0.4,0.4,0,1610,7.91,2.86
2026-07-04 05:37:37.048,0.4,0.4,0.4,0.4,2,1606,7.88,2.92
2026-07-04 05:37:37.569,0.4,0.4,0.4,0.4,1,1611,7.90,2.84
2026-07-04 05:37:38.063,0.4,0.4,0.4,0.4,0,1611,7.91,2.84
2026-07-04 05:37:38.568,0.4,0.4,0.4,0.4,2,1612,7.88,2.83
2026-07-04 05:37:39.053,0.4,0.4,0.4,0.4,0,1614,7.91,2.80
2026-07-04 05:37:40.066,0.4,0.4,0.4,0.4,2,1613,7.88,2.81
2026-07-04 05:37:40.069,0.4,0.4,0.4,0.4,1,1610,7.90,2.86
2026-07-04 05:37:40.568,0.4,0.4,0.4,0.4,1,1610,7.90,2.86
2026-07-04 05:37:41.056,0.4,0.4,0.4,0.4,0,1610,7.91,2.86
2026-07-04 05:37:41.590,0.4,0.4,0.4,0.4,0,1614,7.91,2.80
2026-07-04 05:37:42.070,0.4,0.4,0.4,0.4,1,1610,7.90,2.86
2026-07-04 05:37:42.588,0.4,0.4,0.4,0.4,1,1610,7.90,2.86
2026-07-04 05:37:43.083,0.4,0.4,0.4,0.4,1,1610,7.90,2.86
2026-07-04 05:37:43.559,0.4,0.4,0.4,0.4,7,1603,7.81,2.96
2026-07-04 05:37:44.060,0.4,0.4,0.4,0.4,3,1611,7.87,2.84
2026-07-04 05:37:44.563,0.4,0.4,0.4,0.4,2,1610,7.88,2.86
2026-07-04 05:37:45.588,0.4,0.4,0.4,0.4,3,1611,7.87,2.84
2026-07-04 05:37:45.590,0.4,0.4,0.4,0.4,4,1611,7.85,2.84
2026-07-04 05:37:46.083,0.4,0.4,0.4,0.4,11,1610,7.75,2.86
2026-07-04 05:37:46.579,0.4,0.4,0.4,0.4,7,1613,7.81,2.81
2026-07-04 05:37:47.094,0.4,0.4,0.4,0.4,5,1610,7.84,2.86
2026-07-04 05:37:47.598,0.4,0.4,0.4,0.4,7,1612,7.81,2.83
2026-07-04 05:37:48.097,0.4,0.4,0.4,0.4,15,1610,7.69,2.86
2026-07-04 05:37:48.554,0.4,0.4,0.4,0.4,27,1611,7.51,2.84
2026-07-04 05:37:49.054,0.4,0.4,0.4,0.4,22,1614,7.59,2.80
2026-07-04 05:37:49.552,0.4,0.4,0.4,0.4,8,1611,7.79,2.84
2026-07-04 05:37:50.087,0.4,0.4,0.4,0.4,8,1611,7.79,2.84
2026-07-04 05:37:50.588,0.4,0.4,0.4,0.4,2,1612,7.88,2.83
2026-07-04 05:37:51.055,0.4,0.4,0.4,0.4,1,1611,7.90,2.84
2026-07-04 05:37:51.597,0.4,0.4,0.4,0.4,1,1611,7.90,2.84
2026-07-04 05:37:52.097,0.4,0.4,0.4,0.4,3,1611,7.87,2.84
2026-07-04 05:37:52.579,0.4,0.4,0.4,0.4,1,1610,7.90,2.86
2026-07-04 05:37:53.087,0.4,0.4,0.4,0.4,2,1610,7.88,2.86
2026-07-04 05:37:53.598,0.4,0.4,0.4,0.4,2,1610,7.88,2.86
2026-07-04 05:37:54.068,0.4,0.4,0.4,0.4,2,1611,7.88,2.84
2026-07-04 05:37:54.568,0.4,0.4,0.4,0.4,2,1611,7.88,2.84
2026-07-04 05:37:55.066,0.4,0.4,0.4,0.4,2,1611,7.88,2.84
2026-07-04 05:37:55.591,0.4,0.4,0.4,0.4,3,1611,7.87,2.84
2026-07-04 05:37:56.068,0.4,0.4,0.4,0.4,2,1610,7.88,2.86
2026-07-04 05:37:56.558,0.4,0.4,0.4,0.4,0,1610,7.91,2.86
2026-07-04 05:37:57.079,0.4,0.4,0.4,0.4,1,1611,7.90,2.84
2026-07-04 05:37:58.089,0.4,0.4,0.4,0.4,1,1613,7.90,2.81
2026-07-04 05:37:58.092,0.4,0.4,0.4,0.4,1,1609,7.90,2.87
2026-07-04 05:37:58.596,0.4,0.4,0.4,0.4,3,1613,7.87,2.81
2026-07-04 05:37:59.060,0.4,0.4,0.4,0.4,3,1613,7.87,2.81
2026-07-04 05:37:59.569,0.4,0.4,0.4,0.4,1,1612,7.90,2.83
2026-07-04 05:38:00.097,0.4,0.4,0.4,0.4,1,1611,7.90,2.84
2026-07-04 05:38:00.569,0.4,0.4,0.4,0.4,0,1608,7.91,2.89
2026-07-04 05:38:01.551,0.4,0.4,0.4,0.4,1,1610,7.90,2.86
2026-07-04 05:38:01.613,0.4,0.4,0.4,0.4,0,1611,7.91,2.84
2026-07-04 05:38:02.064,0.4,0.4,0.4,0.4,2,1610,7.88,2.86
2026-07-04 05:38:02.568,0.4,0.4,0.4,0.4,1,1611,7.90,2.84
2026-07-04 05:38:03.580,0.4,0.4,0.4,0.4,0,1611,7.91,2.84
2026-07-04 05:38:03.581,0.4,0.4,0.4,0.4,1,1611,7.90,2.84
2026-07-04 05:38:04.058,0.4,0.4,0.4,0.4,2,1611,7.88,2.84
2026-07-04 05:38:04.556,0.4,0.4,0.4,0.4,2,1609,7.88,2.87
2026-07-04 05:38:05.067,0.4,0.4,0.4,0.4,1,1610,7.90,2.86
2026-07-04 05:38:05.598,0.4,0.4,0.4,0.4,2,1610,7.88,2.86
2026-07-04 05:38:06.100,0.4,0.4,0.4,0.4,2,1609,7.88,2.87
2026-07-04 05:38:06.561,0.4,0.4,0.4,0.4,1,1611,7.90,2.84
2026-07-04 05:38:07.118,0.4,0.4,0.4,0.4,3,1612,7.87,2.83
2026-07-04 05:38:07.559,0.4,0.4,0.4,0.4,0,1611,7.91,2.84
2026-07-04 05:38:08.597,0.4,0.4,0.4,0.4,2,1612,7.88,2.83
2026-07-04 05:38:08.598,0.4,0.4,0.4,0.4,1,1611,7.90,2.84
2026-07-04 05:38:09.097,0.4,0.4,0.4,0.4,0,1608,7.91,2.89
2026-07-04 05:38:10.087,0.4,0.4,0.4,0.4,3,1613,7.87,2.81
2026-07-04 05:38:10.088,0.4,0.4,0.4,0.4,0,1610,7.91,2.86
2026-07-04 05:38:10.595,0.4,0.4,0.4,0.4,0,1610,7.91,2.86
2026-07-04 05:38:11.084,0.4,0.4,0.4,0.4,2,1612,7.88,2.83
2026-07-04 05:38:11.590,0.4,0.4,0.4,0.4,0,1611,7.91,2.84
2026-07-04 05:38:12.120,0.4,0.4,0.4,0.4,0,1611,7.91,2.84
2026-07-04 05:38:12.588,0.4,0.4,0.4,0.4,0,1611,7.91,2.84
2026-07-04 05:38:13.116,0.4,0.4,0.4,0.4,1,1610,7.90,2.86
2026-07-04 05:38:13.617,0.4,0.4,0.4,0.4,1,1611,7.90,2.84
2026-07-04 05:38:14.113,0.4,0.4,0.4,0.4,0,1611,7.91,2.84
2026-07-04 05:38:14.580,0.4,0.4,0.4,0.4,1,1612,7.90,2.83
2026-07-04 05:38:15.087,0.4,0.4,0.4,0.4,0,1611,7.91,2.84
2026-07-04 05:38:15.598,0.4,0.4,0.4,0.4,1,1610,7.90,2.86
2026-07-04 05:38:16.057,0.4,0.4,0.4,0.4,0,1610,7.91,2.86
2026-07-04 05:38:16.598,0.4,0.4,0.4,0.4,0,1611,7.91,2.84
2026-07-04 05:38:17.098,0.4,0.4,0.4,0.4,0,1612,7.91,2.83
2026-07-04 05:38:17.596,0.4,0.4,0.4,0.4,0,1612,7.91,2.83
2026-07-04 05:38:18.080,0.4,0.4,0.4,0.4,0,1609,7.91,2.87
2026-07-04 05:38:18.617,0.4,0.4,0.4,0.0,0,1612,7.91,2.83
2026-07-04 05:38:19.085,0.4,0.4,0.4,0.0,0,1612,7.91,2.83
2026-07-04 05:38:19.568,0.4,0.4,0.4,0.0,0,1610,7.91,2.86
2026-07-04 05:38:20.067,0.4,0.4,0.4,0.0,0,1610,7.91,2.86
2026-07-04 05:38:20.588,0.4,0.4,0.4,0.0,0,1611,7.91,2.84
2026-07-04 05:38:21.307,0.4,0.4,0.4,0.0,0,1611,7.91,2.84
2026-07-04 05:38:21.618,0.4,0.4,0.4,0.0,0,1609,7.91,2.87
2026-07-04 05:38:21.619,0.4,0.4,0.4,0.0,0,1611,7.91,2.84
2026-07-04 05:38:22.068,0.4,0.4,0.4,0.0,0,1614,7.91,2.80
2026-07-04 05:38:22.594,0.4,0.4,0.4,0.0,0,1611,7.91,2.84
2026-07-04 05:38:23.118,0.4,0.4,0.4,0.4,0,1611,7.91,2.84
2026-07-04 05:38:23.598,0.4,0.4,0.4,0.4,0,1610,7.91,2.86
2026-07-04 05:38:24.087,0.4,0.4,0.4,0.4,0,1611,7.91,2.84
2026-07-04 05:38:24.595,0.4,0.4,0.4,0.4,0,1610,7.91,2.86
2026-07-04 05:38:25.060,0.4,0.4,0.4,0.4,0,1612,7.91,2.83
2026-07-04 05:38:25.569,0.4,0.4,0.4,0.4,0,1612,7.91,2.83
2026-07-04 05:38:26.089,0.4,0.4,0.4,0.4,0,1612,7.91,2.83
2026-07-04 05:38:26.568,0.4,0.4,0.4,0.4,0,1614,7.91,2.80
2026-07-04 05:38:27.107,0.4,0.4,0.4,0.4,0,1611,7.91,2.84
2026-07-04 05:38:27.567,0.4,0.4,0.4,0.4,0,1611,7.91,2.84
2026-07-04 05:38:28.117,0.4,0.4,0.4,0.4,0,1614,7.91,2.80
2026-07-04 05:38:28.591,0.4,0.4,0.4,0.4,0,1610,7.91,2.86
2026-07-04 05:38:29.067,0.4,0.4,0.4,0.4,0,1610,7.91,2.86
2026-07-04 05:38:29.614,0.4,0.4,0.4,0.4,0,1610,7.91,2.86
2026-07-04 05:38:30.080,0.4,0.4,0.4,0.4,0,1610,7.91,2.86
2026-07-04 05:38:31.070,0.4,0.4,0.4,0.4,0,1611,7.91,2.84
2026-07-04 05:38:31.128,0.4,0.4,0.4,0.4,0,1611,7.91,2.84
2026-07-04 05:38:31.598,0.4,0.4,0.4,0.4,0,1608,7.91,2.89
2026-07-04 05:38:32.097,0.4,0.4,0.4,0.4,0,1610,7.91,2.86
2026-07-04 05:38:33.097,0.4,0.4,0.4,0.4,0,1612,7.91,2.83
2026-07-04 05:38:33.097,0.4,0.4,0.4,0.4,0,1608,7.91,2.89
2026-07-04 05:38:33.599,0.4,0.4,0.4,0.4,0,1609,7.91,2.87
2026-07-04 05:38:34.318,0.4,0.4,0.4,0.4,0,1609,7.91,2.87
2026-07-04 05:38:34.597,0.4,0.4,0.4,0.4,0,1609,7.91,2.87
2026-07-04 05:38:34.598,0.4,0.4,0.4,0.4,0,1610,7.91,2.86
2026-07-04 05:38:35.070,0.4,0.4,0.4,0.4,0,1610,7.91,2.86
2026-07-04 05:38:35.588,0.4,0.4,0.4,0.4,0,1611,7.91,2.84
2026-07-04 05:38:36.098,0.4,0.4,0.4,0.4,0,1609,7.91,2.87
2026-07-04 05:38:36.597,0.4,0.4,0.4,0.4,0,1610,7.91,2.86
2026-07-04 05:38:37.116,0.4,0.4,0.4,0.4,0,1608,7.91,2.89
2026-07-04 05:38:37.616,0.4,0.4,0.4,0.4,0,1610,7.91,2.86
2026-07-04 05:38:38.115,0.4,0.4,0.4,0.4,0,1612,7.91,2.83
2026-07-04 05:38:38.588,0.4,0.4,0.4,0.4,0,1609,7.91,2.87
2026-07-04 05:38:39.101,0.4,0.4,0.4,0.4,0,1610,7.91,2.86
2026-07-04 05:38:39.587,0.4,0.4,0.4,0.4,0,1610,7.91,2.86
2026-07-04 05:38:40.093,0.4,0.4,0.4,0.4,0,1611,7.91,2.84
2026-07-04 05:38:40.582,0.4,0.4,0.4,0.4,0,1610,7.91,2.86
2026-07-04 05:38:41.088,0.4,0.4,0.4,0.4,0,1611,7.91,2.84
2026-07-04 05:38:41.588,0.4,0.4,0.4,0.4,0,1610,7.91,2.86
2026-07-04 05:38:42.132,0.4,0.4,0.4,0.4,0,1609,7.91,2.87
2026-07-04 05:38:42.598,0.4,0.4,0.4,0.4,0,1609,7.91,2.87
2026-07-04 05:38:43.117,0.4,0.4,0.4,0.4,0,1610,7.91,2.86
2026-07-04 05:38:44.098,0.4,0.4,0.4,0.4,0,1610,7.91,2.86
2026-07-04 05:38:44.099,0.4,0.4,0.4,0.4,0,1610,7.91,2.86
2026-07-04 05:38:44.587,0.4,0.4,0.4,0.4,0,1608,7.91,2.89
2026-07-04 05:38:45.090,0.4,0.4,0.4,0.0,0,1609,7.91,2.87
2026-07-04 05:38:45.597,0.4,0.4,0.4,0.4,0,1609,7.91,2.87
2026-07-04 05:38:46.083,0.4,0.4,0.4,0.4,0,1611,7.91,2.84
2026-07-04 05:38:46.581,0.4,0.4,0.4,0.4,0,1611,7.91,2.84
2026-07-04 05:38:47.088,0.4,0.4,0.4,0.4,0,1609,7.91,2.87
2026-07-04 05:38:47.619,0.4,0.4,0.4,0.4,0,1610,7.91,2.86
2026-07-04 05:38:48.116,0.4,0.4,0.4,0.4,1,1609,7.90,2.87
2026-07-04 05:38:48.589,0.4,0.4,0.4,0.4,1,1609,7.90,2.87
2026-07-04 05:38:49.091,0.4,0.4,0.4,0.4,0,1608,7.91,2.89
2026-07-04 05:38:49.644,0.4,0.4,0.4,0.4,0,1610,7.91,2.86
2026-07-04 05:38:50.134,0.4,0.4,0.4,0.4,0,1608,7.91,2.89
2026-07-04 05:38:50.645,0.4,0.4,0.4,0.4,0,1610,7.91,2.86
2026-07-04 05:38:51.082,0.4,0.4,0.4,0.4,0,1610,7.91,2.86
2026-07-04 05:38:51.588,0.4,0.4,0.4,0.4,0,1610,7.91,2.86
2026-07-04 05:38:52.119,0.4,0.4,0.4,0.4,1,1610,7.90,2.86
2026-07-04 05:38:52.620,0.4,0.4,0.4,0.4,1,1610,7.90,2.86
2026-07-04 05:38:53.098,0.4,0.4,0.4,0.0,0,1611,7.91,2.84
2026-07-04 05:38:53.619,0.4,0.4,0.4,0.4,0,1612,7.91,2.83
2026-07-04 05:38:54.084,0.4,0.4,0.4,0.4,1,1609,7.90,2.87
2026-07-04 05:38:55.129,0.4,0.4,0.4,0.4,0,1610,7.91,2.86
2026-07-04 05:38:55.132,0.4,0.4,0.4,0.4,0,1602,7.91,2.97
2026-07-04 05:38:55.628,0.4,0.4,0.4,0.4,0,1608,7.91,2.89
2026-07-04 05:38:56.114,0.4,0.4,0.4,0.4,0,1608,7.91,2.89
2026-07-04 05:38:56.624,0.4,0.4,0.4,0.4,0,1607,7.91,2.90
2026-07-04 05:38:57.120,0.4,0.4,0.4,0.4,0,1610,7.91,2.86
2026-07-04 05:38:57.626,0.4,0.4,0.4,0.4,0,1610,7.91,2.86
2026-07-04 05:38:58.118,0.4,0.4,0.4,0.4,0,1610,7.91,2.86
2026-07-04 05:38:58.622,0.4,0.4,0.4,0.4,0,1608,7.91,2.89
2026-07-04 05:38:59.129,0.4,0.4,0.4,0.4,0,1610,7.91,2.86
2026-07-04 05:38:59.614,0.4,0.4,0.4,0.4,0,1610,7.91,2.86
2026-07-04 05:39:00.094,0.4,0.4,0.4,0.4,0,1609,7.91,2.87
2026-07-04 05:39:00.588,0.4,0.4,0.4,0.4,0,1609,7.91,2.87
2026-07-04 05:39:01.132,0.4,0.4,0.4,0.4,0,1606,7.91,2.92
2026-07-04 05:39:01.628,0.4,0.4,0.4,0.4,0,1610,7.91,2.86
2026-07-04 05:39:02.098,0.4,0.4,0.4,0.4,0,1605,7.91,2.93
2026-07-04 05:39:02.649,0.4,0.4,0.4,0.4,0,1608,7.91,2.89
2026-07-04 05:39:03.084,0.4,0.4,0.4,0.4,0,1608,7.91,2.89
2026-07-04 05:39:03.644,0.4,0.4,0.4,0.4,0,1612,7.91,2.83
2026-07-04 05:39:04.145,0.4,0.4,0.4,0.4,0,1611,7.91,2.84
2026-07-04 05:39:04.648,0.4,0.4,0.4,0.4,0,1609,7.91,2.87
2026-07-04 05:39:05.089,0.4,0.4,0.4,0.4,0,1611,7.91,2.84
2026-07-04 05:39:05.628,0.4,0.4,0.4,0.4,0,1609,7.91,2.87
2026-07-04 05:39:06.118,0.4,0.4,0.4,0.4,0,1610,7.91,2.86
2026-07-04 05:39:06.610,0.4,0.4,0.4,0.4,0,1610,7.91,2.86
2026-07-04 05:39:07.116,0.4,0.4,0.4,0.4,0,1610,7.91,2.86
2026-07-04 05:39:07.629,0.4,0.4,0.4,0.4,0,1611,7.91,2.84
2026-07-04 05:39:08.118,0.4,0.4,0.4,0.4,0,1610,7.91,2.86
2026-07-04 05:39:08.615,0.4,0.4,0.4,0.4,0,1609,7.91,2.87
2026-07-04 05:39:09.110,0.4,0.4,0.4,0.4,0,1610,7.91,2.86
2026-07-04 05:39:09.617,0.4,0.4,0.4,0.4,0,1608,7.91,2.89
2026-07-04 05:39:10.089,0.4,0.4,0.4,0.4,0,1609,7.91,2.87
2026-07-04 05:39:10.599,0.4,0.4,0.4,0.4,0,1609,7.91,2.87
2026-07-04 05:39:11.131,0.4,0.4,0.4,0.4,0,1610,7.91,2.86
2026-07-04 05:39:11.629,0.4,0.4,0.4,0.4,0,1610,7.91,2.86
2026-07-04 05:39:12.130,0.4,0.4,0.4,0.4,0,1609,7.91,2.87
2026-07-04 05:39:12.611,0.4,0.4,0.4,0.4,0,1609,7.91,2.87
2026-07-04 05:39:13.139,0.4,0.4,0.4,0.4,0,1608,7.91,2.89
2026-07-04 05:39:13.598,0.4,0.4,0.4,0.4,0,1608,7.91,2.89
2026-07-04 05:39:14.148,0.4,0.4,0.4,0.4,0,1610,7.91,2.86
2026-07-04 05:39:15.094,0.4,0.4,0.4,0.4,0,1609,7.91,2.87
2026-07-04 05:39:15.149,0.4,0.4,0.4,0.4,0,1608,7.91,2.89
2026-07-04 05:39:15.622,0.4,0.4,0.4,0.4,0,1609,7.91,2.87
2026-07-04 05:39:16.098,0.4,0.4,0.4,0.4,0,1609,7.91,2.87
2026-07-04 05:39:16.636,0.4,0.4,0.4,0.4,0,1608,7.91,2.89
2026-07-04 05:39:17.098,0.4,0.4,0.4,0.4,0,1609,7.91,2.87
2026-07-04 05:39:17.653,0.4,0.4,0.4,0.4,0,1609,7.91,2.87
2026-07-04 05:39:18.097,0.4,0.4,0.4,0.4,0,1611,7.91,2.84
2026-07-04 05:39:18.637,0.4,0.4,0.4,0.4,0,1610,7.91,2.86
2026-07-04 05:39:19.098,0.4,0.4,0.4,0.4,0,1609,7.91,2.87
2026-07-04 05:39:19.649,0.4,0.4,0.4,0.4,0,1608,7.91,2.89
2026-07-04 05:39:20.148,0.4,0.4,0.4,0.4,0,1609,7.91,2.87
2026-07-04 05:39:20.647,0.4,0.4,0.4,0.4,0,1610,7.91,2.86
2026-07-04 05:39:21.146,0.4,0.4,0.4,0.4,0,1609,7.91,2.87
2026-07-04 05:39:21.620,0.4,0.4,0.4,0.4,0,1612,7.91,2.83
2026-07-04 05:39:22.122,0.4,0.4,0.4,0.4,0,1609,7.91,2.87
2026-07-04 05:39:22.648,0.4,0.4,0.4,0.4,0,1610,7.91,2.86
2026-07-04 05:39:23.104,0.4,0.4,0.4,0.4,0,1610,7.91,2.86
2026-07-04 05:39:23.603,0.4,0.4,0.4,0.4,0,1610,7.91,2.86
2026-07-04 05:39:24.098,0.4,0.4,0.4,0.4,0,1610,7.91,2.86
2026-07-04 05:39:24.597,0.4,0.4,0.4,0.4,0,1609,7.91,2.87
2026-07-04 05:39:25.148,0.4,0.4,0.4,0.4,0,1609,7.91,2.87
2026-07-04 05:39:25.656,0.4,0.4,0.4,0.4,0,1611,7.91,2.84
2026-07-04 05:39:26.097,0.4,0.4,0.4,0.4,0,1611,7.91,2.84
2026-07-04 05:39:26.648,0.4,0.4,0.4,0.4,0,1611,7.91,2.84
2026-07-04 05:39:27.147,0.4,0.4,0.4,0.4,0,1609,7.91,2.87
2026-07-04 05:39:27.598,0.4,0.4,0.4,0.4,0,1608,7.91,2.89
2026-07-04 05:39:28.162,0.4,0.4,0.4,0.4,0,1608,7.91,2.89
2026-07-04 05:39:28.624,0.4,0.4,0.4,0.4,0,1610,7.91,2.86
2026-07-04 05:39:29.148,0.4,0.4,0.4,0.4,0,1610,7.91,2.86
2026-07-04 05:39:29.659,0.4,0.4,0.4,0.4,0,1609,7.91,2.87
2026-07-04 05:39:30.149,0.4,0.4,0.4,0.4,0,1608,7.91,2.89
2026-07-04 05:39:30.633,0.4,0.4,0.4,0.4,0,1609,7.91,2.87
2026-07-04 05:39:31.115,0.4,0.4,0.4,0.4,0,1609,7.91,2.87
2026-07-04 05:39:31.615,0.4,0.4,0.4,0.4,0,1609,7.91,2.87
2026-07-04 05:39:32.120,0.4,0.4,0.4,0.4,0,1610,7.91,2.86
2026-07-04 05:39:33.143,0.4,0.4,0.4,0.4,0,1610,7.91,2.86
2026-07-04 05:39:33.144,0.4,0.4,0.4,0.4,0,1609,7.91,2.87
2026-07-04 05:39:33.644,0.4,0.4,0.4,0.4,0,1612,7.91,2.83
2026-07-04 05:39:34.128,0.4,0.4,0.4,0.4,1,1609,7.90,2.87
2026-07-04 05:39:34.629,0.4,0.4,0.4,0.4,0,1609,7.91,2.87
2026-07-04 05:39:35.148,0.4,0.4,0.4,0.4,0,1609,7.91,2.87
2026-07-04 05:39:35.614,0.4,0.4,0.4,0.4,0,1609,7.91,2.87
2026-07-04 05:39:36.119,0.4,0.4,0.4,0.4,0,1610,7.91,2.86
2026-07-04 05:39:37.159,0.4,0.4,0.4,0.4,0,1610,7.91,2.86
2026-07-04 05:39:37.160,0.4,0.4,0.4,0.4,0,1610,7.91,2.86
2026-07-04 05:39:37.620,0.4,0.4,0.4,0.4,0,1609,7.91,2.87
2026-07-04 05:39:38.127,0.4,0.4,0.4,0.4,0,1607,7.91,2.90
2026-07-04 05:39:38.661,0.4,0.4,0.4,0.4,0,1609,7.91,2.87
2026-07-04 05:39:39.161,0.4,0.4,0.4,0.4,0,1609,7.91,2.87
2026-07-04 05:39:39.618,0.4,0.4,0.4,0.4,0,1607,7.91,2.90
2026-07-04 05:39:40.121,0.4,0.4,0.4,0.4,0,1610,7.91,2.86
2026-07-04 05:39:40.649,0.4,0.4,0.4,0.4,0,1610,7.91,2.86
2026-07-04 05:39:41.148,0.4,0.4,0.4,0.4,0,1610,7.91,2.86
2026-07-04 05:39:41.615,0.4,0.4,0.4,0.4,0,1606,7.91,2.92
2026-07-04 05:39:42.818,0.4,0.4,0.4,0.4,0,1606,7.91,2.92
2026-07-04 05:39:43.122,0.4,0.4,0.4,0.4,0,1610,7.91,2.86
2026-07-04 05:39:43.123,0.4,0.4,0.4,0.4,0,1609,7.91,2.87
2026-07-04 05:39:43.179,0.4,0.4,0.4,0.4,0,1611,7.91,2.84
2026-07-04 05:39:43.655,0.4,0.4,0.4,0.4,0,1609,7.91,2.87
2026-07-04 05:39:44.148,0.4,0.4,0.4,0.4,0,1608,7.91,2.89
2026-07-04 05:39:44.644,0.4,0.4,0.4,0.4,0,1610,7.91,2.86
2026-07-04 05:39:45.117,0.4,0.4,0.4,0.4,0,1609,7.91,2.87
2026-07-04 05:39:45.628,0.4,0.4,0.4,0.4,0,1607,7.91,2.90
2026-07-04 05:39:46.648,0.4,0.4,0.4,0.4,0,1611,7.91,2.84
2026-07-04 05:39:46.649,0.4,0.4,0.4,0.4,0,1608,7.91,2.89
2026-07-04 05:39:47.117,0.4,0.4,0.4,0.4,0,1608,7.91,2.89
2026-07-04 05:39:47.663,0.4,0.4,0.4,0.4,0,1608,7.91,2.89
2026-07-04 05:39:48.121,0.4,0.4,0.4,0.4,0,1609,7.91,2.87
2026-07-04 05:39:49.128,0.4,0.4,0.4,0.4,0,1607,7.91,2.90
2026-07-04 05:39:49.129,0.4,0.4,0.4,0.4,0,1609,7.91,2.87
2026-07-04 05:39:49.614,0.4,0.4,0.4,0.4,0,1611,7.91,2.84
2026-07-04 05:39:50.113,0.4,0.4,0.4,0.4,0,1609,7.91,2.87
2026-07-04 05:39:50.613,0.4,0.4,0.4,0.4,0,1606,7.91,2.92
2026-07-04 05:39:51.119,0.4,0.4,0.4,0.4,0,1609,7.91,2.87
2026-07-04 05:39:51.613,0.4,0.4,0.4,0.4,0,1609,7.91,2.87
2026-07-04 05:39:52.133,0.4,0.4,0.4,0.4,0,1608,7.91,2.89
2026-07-04 05:39:52.630,0.4,0.4,0.4,0.4,0,1607,7.91,2.90
2026-07-04 05:39:53.118,0.4,0.4,0.4,0.4,0,1608,7.91,2.89
2026-07-04 05:39:53.629,0.4,0.4,0.4,0.4,0,1609,7.91,2.87
2026-07-04 05:39:54.113,0.4,0.4,0.4,0.4,0,1608,7.91,2.89
2026-07-04 05:39:54.618,0.4,0.4,0.4,0.4,0,1609,7.91,2.87
2026-07-04 05:39:55.132,0.4,0.4,0.4,0.4,0,1608,7.91,2.89
2026-07-04 05:39:55.630,0.4,0.4,0.4,0.4,0,1608,7.91,2.89
2026-07-04 05:39:56.128,0.4,0.4,0.4,0.4,0,1610,7.91,2.86
2026-07-04 05:39:56.618,0.4,0.4,0.4,0.4,0,1608,7.91,2.89
2026-07-04 05:39:57.122,0.4,0.4,0.4,0.4,0,1856,7.91,-0.75
2026-07-04 05:39:57.619,0.4,0.4,0.4,0.4,0,1856,7.91,-0.75
2026-07-04 05:39:58.114,0.4,0.4,0.4,0.4,0,1609,7.91,2.87
2026-07-04 05:39:58.669,0.4,0.4,0.4,0.4,0,1856,7.91,-0.75
2026-07-04 05:39:59.142,0.4,0.4,0.4,0.4,0,1607,7.91,2.90
2026-07-04 05:39:59.645,0.4,0.4,0.4,0.4,0,1856,7.91,-0.75
2026-07-04 05:40:00.151,0.4,0.4,0.4,0.4,0,1608,7.91,2.89
2026-07-04 05:40:00.648,0.4,0.4,0.4,0.4,0,1609,7.91,2.87
2026-07-04 05:40:01.149,0.4,0.4,0.4,0.4,0,1608,7.91,2.89
2026-07-04 05:40:01.653,0.4,0.4,0.4,0.4,0,1608,7.91,2.89
2026-07-04 05:40:02.149,0.4,0.4,0.4,0.4,0,1608,7.91,2.89
2026-07-04 05:40:02.634,0.4,0.4,0.4,0.4,0,1607,7.91,2.90
2026-07-04 05:40:03.129,0.4,0.4,0.4,0.4,0,1608,7.91,2.89
2026-07-04 05:40:03.629,0.4,0.4,0.4,0.4,0,1606,7.91,2.92
2026-07-04 05:40:04.128,0.4,0.4,0.4,0.4,0,1449,7.91,5.21
2026-07-04 05:40:05.178,0.4,0.4,0.4,0.4,0,1336,7.91,6.87
2026-07-04 05:40:05.179,0.4,0.4,0.4,0.4,0,1334,7.91,6.90
2026-07-04 05:40:05.629,0.4,0.4,0.4,0.4,0,1336,7.91,6.87
2026-07-04 05:40:06.128,0.4,0.4,0.4,0.4,0,1335,7.91,6.88
2026-07-04 05:40:06.617,0.4,0.4,0.4,0.4,0,1336,7.91,6.87
2026-07-04 05:40:07.661,0.4,0.4,0.4,0.4,0,1336,7.91,6.87
2026-07-04 05:40:07.663,0.4,0.4,0.4,0.4,0,1333,7.91,6.91
2026-07-04 05:40:08.179,0.4,0.4,0.4,0.4,0,1334,7.91,6.90
2026-07-04 05:40:08.628,0.4,0.4,0.4,0.4,0,1335,7.91,6.88
2026-07-04 05:40:09.177,0.4,0.4,0.4,0.4,0,1336,7.91,6.87
2026-07-04 05:40:09.644,0.4,0.4,0.4,0.4,0,1336,7.91,6.87
2026-07-04 05:40:10.179,0.4,0.4,0.4,0.4,0,1336,7.91,6.87
2026-07-04 05:40:10.641,0.4,0.4,0.4,0.4,0,1336,7.91,6.87
2026-07-04 05:40:11.149,0.4,0.4,0.4,0.4,0,1333,7.91,6.91
2026-07-04 05:40:11.632,0.4,0.4,0.4,0.4,0,1336,7.91,6.87
2026-07-04 05:40:12.130,0.4,0.4,0.4,0.4,0,1335,7.91,6.88
2026-07-04 05:40:12.628,0.4,0.4,0.4,0.4,0,1336,7.91,6.87
2026-07-04 05:40:13.172,0.4,0.4,0.4,0.4,0,1335,7.91,6.88
2026-07-04 05:40:13.676,0.4,0.4,0.4,0.4,0,1334,7.91,6.90
2026-07-04 05:40:14.150,0.4,0.4,0.4,0.4,0,1334,7.91,6.90
2026-07-04 05:40:14.648,0.4,0.4,0.4,0.4,0,1336,7.91,6.87
2026-07-04 05:40:15.130,0.4,0.4,0.4,0.4,0,1856,7.91,-0.75
2026-07-04 05:40:15.628,0.4,0.4,0.4,0.4,0,1335,7.91,6.88
2026-07-04 05:40:16.179,0.4,0.4,0.4,0.4,0,1337,7.91,6.86
2026-07-04 05:40:17.177,0.4,0.4,0.4,0.4,0,1334,7.91,6.90
2026-07-04 05:40:17.178,0.4,0.4,0.4,0.4,0,1335,7.91,6.88
2026-07-04 05:40:17.660,0.4,0.4,0.4,0.4,0,1335,7.91,6.88
2026-07-04 05:40:18.162,0.4,0.4,0.4,0.4,0,1336,7.91,6.87
2026-07-04 05:40:18.662,0.4,0.4,0.4,0.4,0,1336,7.91,6.87
2026-07-04 05:40:19.160,0.4,0.4,0.4,0.4,0,1336,7.91,6.87
2026-07-04 05:40:19.670,0.4,0.4,0.4,0.4,0,1338,7.91,6.84
2026-07-04 05:40:20.151,0.4,0.4,0.4,0.4,0,1333,7.91,6.91
2026-07-04 05:40:20.645,0.4,0.4,0.4,0.4,0,1338,7.91,6.84
2026-07-04 05:40:21.179,0.4,0.4,0.4,0.4,0,1336,7.91,6.87
2026-07-04 05:40:21.624,0.4,0.4,0.4,0.4,0,1337,7.91,6.86
2026-07-04 05:40:22.179,0.4,0.4,0.4,0.4,0,1336,7.91,6.87
2026-07-04 05:40:22.668,0.4,0.4,0.4,0.4,0,1335,7.91,6.88
2026-07-04 05:40:23.178,0.4,0.4,0.4,0.4,0,1335,7.91,6.88
2026-07-04 05:40:23.672,0.4,0.4,0.4,0.4,0,1336,7.91,6.87
2026-07-04 05:40:24.179,0.4,0.4,0.4,0.4,0,1336,7.91,6.87
2026-07-04 05:40:24.648,0.4,0.4,0.4,0.4,0,1336,7.91,6.87
2026-07-04 05:40:25.130,0.4,0.4,0.4,0.4,0,1335,7.91,6.88
2026-07-04 05:40:25.691,0.4,0.4,0.4,0.4,0,1336,7.91,6.87
2026-07-04 05:40:26.167,0.4,0.4,0.4,0.4,0,1335,7.91,6.88
2026-07-04 05:40:26.678,0.4,0.4,0.4,0.4,0,1333,7.91,6.91
2026-07-04 05:40:27.153,0.4,0.4,0.4,0.4,0,1334,7.91,6.90
2026-07-04 05:40:27.643,0.4,0.4,0.4,0.4,0,1336,7.91,6.87
2026-07-04 05:40:28.649,0.4,0.4,0.4,0.4,0,1335,7.91,6.88
2026-07-04 05:40:28.650,0.4,0.4,0.4,0.4,0,1335,7.91,6.88
2026-07-04 05:40:29.653,0.4,0.4,0.4,0.4,0,1334,7.91,6.90
2026-07-04 05:40:29.654,0.4,0.4,0.4,0.4,0,1335,7.91,6.88
2026-07-04 05:40:30.168,0.4,0.4,0.4,0.4,0,1335,7.91,6.88
2026-07-04 05:40:30.682,0.4,0.4,0.4,0.0,0,1336,7.91,6.87
2026-07-04 05:40:31.164,0.4,0.4,0.4,0.4,0,1334,7.91,6.90
2026-07-04 05:40:31.693,0.4,0.4,0.4,0.4,0,1334,7.91,6.90
2026-07-04 05:40:32.150,0.4,0.4,0.4,0.4,0,1335,7.91,6.88
2026-07-04 05:40:32.648,0.4,0.4,0.4,0.4,0,1333,7.91,6.91
2026-07-04 05:40:33.148,0.4,0.4,0.4,0.4,0,1334,7.91,6.90
2026-07-04 05:40:33.646,0.4,0.4,0.4,0.4,0,1334,7.91,6.90
2026-07-04 05:40:34.145,0.4,0.4,0.4,0.4,0,1334,7.91,6.90
2026-07-04 05:40:34.643,0.4,0.4,0.4,0.4,0,1335,7.91,6.88
2026-07-04 05:40:35.137,0.4,0.4,0.4,0.4,0,1336,7.91,6.87
2026-07-04 05:40:35.661,0.4,0.4,0.4,0.4,0,1335,7.91,6.88
2026-07-04 05:40:36.159,0.4,0.4,0.4,0.4,0,1335,7.91,6.88
2026-07-04 05:40:36.668,0.4,0.4,0.4,0.4,0,1335,7.91,6.88
2026-07-04 05:40:37.198,0.4,0.4,0.4,0.4,0,1333,7.91,6.91
2026-07-04 05:40:37.677,0.4,0.4,0.4,0.4,0,1336,7.91,6.87
2026-07-04 05:40:38.163,0.4,0.4,0.4,0.4,0,1334,7.91,6.90
2026-07-04 05:40:38.662,0.4,0.4,0.4,0.4,0,1338,7.91,6.84
2026-07-04 05:40:39.158,0.4,0.4,0.4,0.4,0,1338,7.91,6.84
2026-07-04 05:40:39.676,0.4,0.4,0.4,0.4,0,1334,7.91,6.90
2026-07-04 05:40:40.178,0.4,0.4,0.4,0.4,0,1334,7.91,6.90
2026-07-04 05:40:40.648,0.4,0.4,0.4,0.4,0,1333,7.91,6.91
2026-07-04 05:40:41.195,0.4,0.4,0.4,0.4,0,1330,7.91,6.96
2026-07-04 05:40:41.692,0.4,0.4,0.4,0.4,0,1335,7.91,6.88
2026-07-04 05:40:42.141,0.4,0.4,0.4,0.4,0,1337,7.91,6.86
2026-07-04 05:40:42.668,0.4,0.4,0.4,0.4,0,1334,7.91,6.90
2026-07-04 05:40:43.190,0.4,0.4,0.4,0.4,0,1336,7.91,6.87
2026-07-04 05:40:43.649,0.4,0.4,0.4,0.4,0,1336,7.91,6.87
2026-07-04 05:40:44.150,0.4,0.4,0.4,0.4,0,1337,7.91,6.86
2026-07-04 05:40:44.680,0.4,0.4,0.4,0.4,0,1333,7.91,6.91
2026-07-04 05:40:45.178,0.4,0.4,0.4,0.4,0,1334,7.91,6.90
2026-07-04 05:40:45.644,0.4,0.4,0.4,0.4,0,1335,7.91,6.88
2026-07-04 05:40:46.181,0.4,0.4,0.4,0.4,0,1334,7.91,6.90
2026-07-04 05:40:47.157,0.4,0.4,0.4,0.4,0,1336,7.91,6.87
2026-07-04 05:40:47.158,0.4,0.4,0.4,0.4,0,1331,7.91,6.94
2026-07-04 05:40:47.669,0.4,0.4,0.4,0.4,0,1336,7.91,6.87
2026-07-04 05:40:48.178,0.4,0.4,0.4,0.4,0,1336,7.91,6.87
2026-07-04 05:40:48.662,0.4,0.4,0.4,0.4,0,1333,7.91,6.91
2026-07-04 05:40:49.161,0.4,0.4,0.4,0.4,0,1337,7.91,6.86
2026-07-04 05:40:49.641,0.4,0.4,0.4,0.4,0,1337,7.91,6.86
2026-07-04 05:40:50.150,0.4,0.4,0.4,0.4,0,1334,7.91,6.90
2026-07-04 05:40:50.678,0.4,0.4,0.4,0.4,0,1335,7.91,6.88
2026-07-04 05:40:51.163,0.4,0.4,0.4,0.4,0,1335,7.91,6.88
2026-07-04 05:40:51.663,0.4,0.4,0.4,0.4,0,1337,7.91,6.86
2026-07-04 05:40:52.202,0.4,0.4,0.4,0.4,0,1337,7.91,6.86
2026-07-04 05:40:52.654,0.4,0.4,0.4,0.4,0,1335,7.91,6.88
2026-07-04 05:40:53.150,0.4,0.4,0.4,0.4,0,1336,7.91,6.87
2026-07-04 05:40:53.692,0.4,0.4,0.4,0.4,0,1333,7.91,6.91
2026-07-04 05:40:54.176,0.4,0.4,0.4,0.4,0,1334,7.91,6.90
2026-07-04 05:40:54.658,0.4,0.4,0.4,0.0,0,1333,7.91,6.91
2026-07-04 05:40:55.170,0.4,0.4,0.4,0.4,0,1334,7.91,6.90
2026-07-04 05:40:55.670,0.4,0.4,0.4,0.4,0,1333,7.91,6.91
2026-07-04 05:40:56.178,0.4,0.4,0.4,0.4,0,1336,7.91,6.87
2026-07-04 05:40:56.678,0.4,0.4,0.4,0.4,0,1336,7.91,6.87
2026-07-04 05:40:57.175,0.4,0.4,0.4,0.4,0,1337,7.91,6.86
2026-07-04 05:40:57.701,0.4,0.4,0.4,0.4,0,1336,7.91,6.87
2026-07-04 05:40:58.150,0.4,0.4,0.4,0.4,0,1336,7.91,6.87
2026-07-04 05:40:59.191,0.4,0.4,0.4,0.4,0,1334,7.91,6.90
2026-07-04 05:40:59.192,0.4,0.4,0.4,0.4,0,1335,7.91,6.88
2026-07-04 05:40:59.673,0.4,0.4,0.4,0.4,0,1332,7.91,6.93
2026-07-04 05:41:00.149,0.4,0.4,0.4,0.4,0,1334,7.91,6.90
2026-07-04 05:41:00.650,0.4,0.4,0.4,0.4,0,1334,7.91,6.90
2026-07-04 05:41:01.149,0.4,0.4,0.4,0.4,0,1334,7.91,6.90
2026-07-04 05:41:01.691,0.4,0.4,0.4,0.0,0,1336,7.91,6.87
2026-07-04 05:41:02.162,0.4,0.4,0.4,0.4,0,1335,7.91,6.88
2026-07-04 05:41:02.658,0.4,0.4,0.4,0.4,0,1335,7.91,6.88
2026-07-04 05:41:03.207,0.4,0.4,0.4,0.4,0,1335,7.91,6.88
2026-07-04 05:41:03.706,0.4,0.4,0.4,0.4,0,1334,7.91,6.90
2026-07-04 05:41:04.148,0.4,0.4,0.4,0.4,0,1335,7.91,6.88
2026-07-04 05:41:04.653,0.4,0.4,0.4,0.4,0,1336,7.91,6.87
2026-07-04 05:41:05.180,0.4,0.4,0.4,0.4,0,1333,7.91,6.91
2026-07-04 05:41:05.685,0.4,0.4,0.4,0.4,0,1333,7.91,6.91
2026-07-04 05:41:06.168,0.4,0.4,0.4,0.4,0,1334,7.91,6.90
2026-07-04 05:41:06.670,0.4,0.4,0.4,0.4,0,1332,7.91,6.93
2026-07-04 05:41:07.197,0.4,0.4,0.4,0.4,0,1333,7.91,6.91
2026-07-04 05:41:07.710,0.4,0.4,0.4,0.4,0,1335,7.91,6.88
2026-07-04 05:41:08.415,0.4,0.4,0.4,0.4,0,1335,7.91,6.88
2026-07-04 05:41:08.650,0.4,0.4,0.4,0.4,0,1334,7.91,6.90
2026-07-04 05:41:08.707,0.4,0.4,0.4,0.4,0,1330,7.91,6.96
2026-07-04 05:41:09.165,0.4,0.4,0.4,0.4,0,1331,7.91,6.94
2026-07-04 05:41:09.661,0.4,0.4,0.4,0.4,0,1334,7.91,6.90
2026-07-04 05:41:10.166,0.4,0.4,0.4,0.4,0,1332,7.91,6.93
2026-07-04 05:41:10.664,0.4,0.4,0.4,0.4,0,1332,7.91,6.93
2026-07-04 05:41:11.160,0.4,0.4,0.4,0.4,0,1330,7.91,6.96
2026-07-04 05:41:11.662,0.4,0.4,0.4,0.4,0,1332,7.91,6.93
2026-07-04 05:41:12.161,0.4,0.4,0.4,0.4,0,1332,7.91,6.93
2026-07-04 05:41:12.698,0.4,0.4,0.4,0.4,0,1335,7.91,6.88
2026-07-04 05:41:13.197,0.4,0.4,0.4,0.4,0,1337,7.91,6.86
2026-07-04 05:41:13.700,0.4,0.4,0.4,0.4,0,1332,7.91,6.93
2026-07-04 05:41:14.207,0.4,0.4,0.4,0.4,0,1335,7.91,6.88
2026-07-04 05:41:14.664,0.4,0.4,0.4,0.4,0,1332,7.91,6.93
2026-07-04 05:41:15.163,0.4,0.4,0.4,0.4,0,1333,7.91,6.91
2026-07-04 05:41:15.738,0.4,0.4,0.4,0.4,0,1334,7.91,6.90
2026-07-04 05:41:16.177,0.4,0.4,0.4,0.4,0,1331,7.91,6.94
2026-07-04 05:41:16.676,0.4,0.4,0.4,0.4,0,1331,7.91,6.94
2026-07-04 05:41:17.196,0.4,0.4,0.4,0.4,0,1335,7.91,6.88
2026-07-04 05:41:17.715,0.4,0.4,0.4,0.4,0,1333,7.91,6.91
2026-07-04 05:41:18.208,0.4,0.4,0.4,0.4,0,1336,7.91,6.87
2026-07-04 05:41:18.707,0.4,0.4,0.4,0.4,0,1333,7.91,6.91
2026-07-04 05:41:19.177,0.4,0.4,0.4,0.4,0,1333,7.91,6.91
2026-07-04 05:41:20.161,0.4,0.4,0.4,0.4,0,1333,7.91,6.91
2026-07-04 05:41:20.223,0.4,0.4,0.4,0.4,0,1334,7.91,6.90
2026-07-04 05:41:20.698,0.4,0.4,0.4,0.4,0,1332,7.91,6.93
2026-07-04 05:41:21.174,0.4,0.4,0.4,0.4,0,1333,7.91,6.91
2026-07-04 05:41:21.673,0.4,0.4,0.4,0.4,0,1330,7.91,6.96
2026-07-04 05:41:22.179,0.4,0.4,0.4,0.4,0,1333,7.91,6.91
2026-07-04 05:41:22.685,0.4,0.4,0.4,0.4,0,1334,7.91,6.90
2026-07-04 05:41:23.180,0.4,0.4,0.4,0.4,0,1335,7.91,6.88
2026-07-04 05:41:23.699,0.4,0.4,0.4,0.4,0,1334,7.91,6.90
2026-07-04 05:41:24.178,0.4,0.4,0.4,0.4,0,1334,7.91,6.90
2026-07-04 05:41:24.679,0.4,0.4,0.4,0.4,0,1334,7.91,6.90
2026-07-04 05:41:25.175,0.4,0.4,0.4,0.4,0,1334,7.91,6.90
2026-07-04 05:41:25.720,0.4,0.4,0.4,0.4,0,1332,7.91,6.93
2026-07-04 05:41:26.192,0.4,0.4,0.4,0.0,0,1329,7.91,6.97
2026-07-04 05:41:26.707,0.4,0.4,0.4,0.0,0,1329,7.91,6.97
2026-07-04 05:41:27.178,0.4,0.4,0.4,0.4,0,1331,7.91,6.94
2026-07-04 05:41:27.724,0.4,0.4,0.4,0.4,0,1330,7.91,6.96
2026-07-04 05:41:28.199,0.4,0.4,0.4,0.4,0,1333,7.91,6.91
2026-07-04 05:41:28.726,0.4,0.4,0.4,0.4,0,1333,7.91,6.91
2026-07-04 05:41:29.223,0.4,0.4,0.4,0.4,0,1332,7.91,6.93
2026-07-04 05:41:29.723,0.4,0.4,0.4,0.4,0,1331,7.91,6.94
2026-07-04 05:41:30.174,0.4,0.4,0.4,0.4,0,1328,7.91,6.99
2026-07-04 05:41:30.678,0.4,0.4,0.4,0.4,0,1335,7.91,6.88
2026-07-04 05:41:31.692,0.4,0.4,0.4,0.4,0,1337,7.91,6.86
2026-07-04 05:41:31.693,0.4,0.4,0.4,0.4,0,1333,7.91,6.91
2026-07-04 05:41:32.215,0.4,0.4,0.4,0.4,0,1335,7.91,6.88
2026-07-04 05:41:32.678,0.4,0.4,0.4,0.4,0,1332,7.91,6.93
2026-07-04 05:41:33.179,0.4,0.4,0.4,0.4,0,1334,7.91,6.90
2026-07-04 05:41:33.671,0.4,0.4,0.4,0.4,0,1333,7.91,6.91
2026-07-04 05:41:34.198,0.4,0.4,0.4,0.4,1,1331,7.90,6.94
2026-07-04 05:41:34.676,0.4,0.4,0.4,0.4,0,1334,7.91,6.90
2026-07-04 05:41:35.677,0.4,0.4,0.4,0.4,0,1333,7.91,6.91
2026-07-04 05:41:35.732,0.4,0.4,0.4,0.4,0,1335,7.91,6.88
2026-07-04 05:41:36.179,0.4,0.4,0.4,0.4,0,1336,7.91,6.87
2026-07-04 05:41:36.729,0.4,0.4,0.4,0.4,0,1331,7.91,6.94
2026-07-04 05:41:37.176,0.4,0.4,0.4,0.4,0,1332,7.91,6.93
2026-07-04 05:41:37.704,0.4,0.4,0.4,0.4,0,1337,7.91,6.86
2026-07-04 05:41:38.168,0.4,0.4,0.4,0.0,0,1334,7.91,6.90
2026-07-04 05:41:38.682,0.4,0.4,0.4,0.0,0,1333,7.91,6.91
2026-07-04 05:41:39.174,0.4,0.4,0.4,0.0,0,1334,7.91,6.90
2026-07-04 05:41:39.754,0.4,0.4,0.4,0.4,0,1335,7.91,6.88
2026-07-04 05:41:40.169,0.4,0.4,0.4,0.4,0,1333,7.91,6.91
2026-07-04 05:41:40.898,0.4,0.4,0.4,0.4,0,1333,7.91,6.91
2026-07-04 05:41:41.185,0.4,0.4,0.4,0.4,0,1336,7.91,6.87
2026-07-04 05:41:41.187,0.4,0.4,0.4,0.4,1,1334,7.90,6.90
2026-07-04 05:41:41.708,0.4,0.4,0.4,0.4,0,1330,7.91,6.96
2026-07-04 05:41:42.211,0.4,0.4,0.4,0.4,0,1332,7.91,6.93
2026-07-04 05:41:42.700,0.4,0.4,0.4,0.4,0,1332,7.91,6.93
2026-07-04 05:41:43.201,0.4,0.4,0.4,0.4,0,1332,7.91,6.93
2026-07-04 05:41:43.699,0.4,0.4,0.4,0.4,1,1332,7.90,6.93
2026-07-04 05:41:44.177,0.4,0.4,0.4,0.4,0,1332,7.91,6.93
2026-07-04 05:41:44.708,0.4,0.4,0.4,0.4,0,1336,7.91,6.87
2026-07-04 05:41:45.208,0.4,0.4,0.4,0.4,0,1332,7.91,6.93
2026-07-04 05:41:45.728,0.4,0.4,0.4,0.4,1,1333,7.90,6.91
2026-07-04 05:41:46.200,0.4,0.4,0.4,0.4,0,1332,7.91,6.93
2026-07-04 05:41:46.726,0.4,0.4,0.4,0.4,0,1333,7.91,6.91
2026-07-04 05:41:47.206,0.4,0.4,0.4,0.4,0,1335,7.91,6.88
2026-07-04 05:41:47.706,0.4,0.4,0.4,0.4,1,1333,7.90,6.91
2026-07-04 05:41:48.197,0.4,0.4,0.4,0.4,0,1335,7.91,6.88
2026-07-04 05:41:48.700,0.4,0.4,0.4,0.4,0,1333,7.91,6.91
2026-07-04 05:41:49.228,0.4,0.4,0.4,0.4,0,1330,7.91,6.96
2026-07-04 05:41:49.712,0.4,0.4,0.4,0.4,0,1333,7.91,6.91
2026-07-04 05:41:50.211,0.4,0.4,0.4,0.4,0,1333,7.91,6.91
2026-07-04 05:41:50.730,0.4,0.4,0.4,0.4,0,1334,7.91,6.90
2026-07-04 05:41:51.180,0.4,0.4,0.4,0.4,0,1332,7.91,6.93
2026-07-04 05:41:51.696,0.4,0.4,0.4,0.4,0,1334,7.91,6.90
2026-07-04 05:41:52.198,0.4,0.4,0.4,0.4,0,1336,7.91,6.87
2026-07-04 05:41:52.691,0.4,0.4,0.4,0.4,0,1331,7.91,6.94
2026-07-04 05:41:53.196,0.4,0.4,0.4,0.4,0,1337,7.91,6.86
2026-07-04 05:41:53.698,0.4,0.4,0.4,0.4,0,1331,7.91,6.94
2026-07-04 05:41:54.179,0.4,0.4,0.4,0.0,0,1333,7.91,6.91
2026-07-04 05:41:54.724,0.4,0.4,0.4,0.4,0,1332,7.91,6.93
2026-07-04 05:41:55.219,0.4,0.4,0.4,0.4,0,1332,7.91,6.93
2026-07-04 05:41:55.725,0.4,0.4,0.4,0.4,0,1333,7.91,6.91
2026-07-04 05:41:56.178,0.4,0.4,0.4,0.4,0,1330,7.91,6.96
2026-07-04 05:41:56.728,0.4,0.4,0.4,0.4,0,1331,7.91,6.94
2026-07-04 05:41:57.208,0.4,0.4,0.4,0.4,0,1331,7.91,6.94
2026-07-04 05:41:57.707,0.4,0.4,0.4,0.4,0,1333,7.91,6.91
2026-07-04 05:41:58.229,0.4,0.4,0.4,0.4,0,1335,7.91,6.88
2026-07-04 05:41:58.678,0.4,0.4,0.4,0.4,0,1334,7.91,6.90
2026-07-04 05:41:59.207,0.4,0.4,0.4,0.4,0,1328,7.91,6.99
2026-07-04 05:41:59.689,0.4,0.4,0.4,0.4,0,1332,7.91,6.93
2026-07-04 05:42:00.207,0.4,0.4,0.4,0.4,0,1332,7.91,6.93
2026-07-04 05:42:00.707,0.4,0.4,0.4,0.4,0,1329,7.91,6.97
2026-07-04 05:42:01.208,0.4,0.4,0.4,0.4,0,1330,7.91,6.96
2026-07-04 05:42:01.709,0.4,0.4,0.4,0.4,0,1333,7.91,6.91
2026-07-04 05:42:02.193,0.4,0.4,0.4,0.4,0,1334,7.91,6.90
2026-07-04 05:42:02.727,0.4,0.4,0.4,0.4,0,1331,7.91,6.94
2026-07-04 05:42:03.179,0.4,0.4,0.4,0.4,0,1332,7.91,6.93
2026-07-04 05:42:03.728,0.4,0.4,0.4,0.4,0,1332,7.91,6.93
2026-07-04 05:42:04.222,0.4,0.4,0.4,0.4,0,1331,7.91,6.94
2026-07-04 05:42:04.697,0.4,0.4,0.4,0.4,0,1332,7.91,6.93
2026-07-04 05:42:05.201,0.4,0.4,0.4,0.4,0,1332,7.91,6.93
2026-07-04 05:42:05.729,0.4,0.4,0.4,0.4,0,1329,7.91,6.97
2026-07-04 05:42:06.224,0.4,0.4,0.4,0.4,0,1334,7.91,6.90
2026-07-04 05:42:06.726,0.4,0.4,0.4,0.4,0,1331,7.91,6.94
2026-07-04 05:42:07.203,0.4,0.4,0.4,0.4,0,1330,7.91,6.96
2026-07-04 05:42:07.728,0.4,0.4,0.4,0.4,0,1334,7.91,6.90
2026-07-04 05:42:08.224,0.4,0.4,0.4,0.4,0,1327,7.91,7.00
2026-07-04 05:42:08.702,0.4,0.4,0.4,0.4,0,1333,7.91,6.91
2026-07-04 05:42:09.208,0.4,0.4,0.4,0.4,0,1332,7.91,6.93
2026-07-04 05:42:09.738,0.4,0.4,0.4,0.4,0,1329,7.91,6.97
2026-07-04 05:42:10.238,0.4,0.4,0.4,0.4,0,1335,7.91,6.88
2026-07-04 05:42:10.720,0.4,0.4,0.4,0.4,0,1330,7.91,6.96
2026-07-04 05:42:11.220,0.4,0.4,0.4,0.4,0,1329,7.91,6.97
2026-07-04 05:42:11.731,0.4,0.4,0.4,0.4,0,1332,7.91,6.93
2026-07-04 05:42:12.207,0.4,0.4,0.4,0.4,0,1332,7.91,6.93
2026-07-04 05:42:12.708,0.4,0.4,0.4,0.4,0,1331,7.91,6.94
2026-07-04 05:42:13.208,0.4,0.4,0.4,0.4,0,1331,7.91,6.94
2026-07-04 05:42:13.705,0.4,0.4,0.4,0.4,0,1332,7.91,6.93
2026-07-04 05:42:14.234,0.4,0.4,0.4,0.4,0,1328,7.91,6.99
2026-07-04 05:42:14.733,0.4,0.4,0.4,0.4,0,1331,7.91,6.94
2026-07-04 05:42:15.239,0.4,0.4,0.4,0.0,0,1330,7.91,6.96
2026-07-04 05:42:15.708,0.4,0.4,0.4,0.4,0,1331,7.91,6.94
2026-07-04 05:42:16.238,0.4,0.4,0.4,0.4,0,1329,7.91,6.97
2026-07-04 05:42:16.726,0.4,0.4,0.4,0.4,0,1333,7.91,6.91
2026-07-04 05:42:17.225,0.4,0.4,0.4,0.4,0,1333,7.91,6.91
2026-07-04 05:42:17.704,0.4,0.4,0.4,0.4,0,1332,7.91,6.93
2026-07-04 05:42:18.207,0.4,0.4,0.4,0.4,0,1336,7.91,6.87
2026-07-04 05:42:18.696,0.4,0.4,0.4,0.4,0,1336,7.91,6.87
2026-07-04 05:42:19.192,0.4,0.4,0.4,0.4,0,1336,7.91,6.87
2026-07-04 05:42:19.692,0.4,0.4,0.4,0.4,0,1331,7.91,6.94
2026-07-04 05:42:20.192,0.4,0.4,0.4,0.4,0,1336,7.91,6.87
2026-07-04 05:42:20.748,0.4,0.4,0.4,0.4,0,1331,7.91,6.94
2026-07-04 05:42:21.208,0.4,0.4,0.4,0.4,0,1332,7.91,6.93
2026-07-04 05:42:21.708,0.4,0.4,0.4,0.4,0,1332,7.91,6.93
2026-07-04 05:42:22.208,0.4,0.4,0.4,0.4,0,1326,7.91,7.02
2026-07-04 05:42:22.708,0.4,0.4,0.4,0.4,0,1334,7.91,6.90
2026-07-04 05:42:23.206,0.4,0.4,0.4,0.4,0,1330,7.91,6.96
2026-07-04 05:42:23.718,0.4,0.4,0.4,0.4,0,1331,7.91,6.94
2026-07-04 05:42:24.238,0.4,0.4,0.4,0.0,0,1331,7.91,6.94
2026-07-04 05:42:24.738,0.4,0.4,0.4,0.0,0,1329,7.91,6.97
2026-07-04 05:42:25.207,0.4,0.4,0.4,0.0,0,1333,7.91,6.91
2026-07-04 05:42:25.728,0.4,0.4,0.4,0.0,0,1331,7.91,6.94
2026-07-04 05:42:26.224,0.4,0.4,0.4,0.4,0,1331,7.91,6.94
2026-07-04 05:42:26.697,0.4,0.4,0.4,0.4,0,1324,7.91,7.05
2026-07-04 05:42:27.202,0.4,0.4,0.4,0.4,0,1329,7.91,6.97
2026-07-04 05:42:27.709,0.4,0.4,0.4,0.4,0,1325,7.91,7.03
2026-07-04 05:42:28.238,0.4,0.4,0.4,0.4,0,1329,7.91,6.97
2026-07-04 05:42:28.738,0.4,0.4,0.4,0.4,0,1334,7.91,6.90
2026-07-04 05:42:29.239,0.4,0.4,0.4,0.4,0,1331,7.91,6.94
2026-07-04 05:42:29.704,0.4,0.4,0.4,0.4,0,1330,7.91,6.96
2026-07-04 05:42:30.210,0.4,0.4,0.4,0.4,0,1330,7.91,6.96
2026-07-04 05:42:30.728,0.4,0.4,0.4,0.4,0,1330,7.91,6.96
2026-07-04 05:42:31.259,0.4,0.4,0.4,0.4,0,1328,7.91,6.99
2026-07-04 05:42:31.726,0.4,0.4,0.4,0.4,0,1332,7.91,6.93
2026-07-04 05:42:32.225,0.4,0.4,0.4,0.4,0,1327,7.91,7.00
2026-07-04 05:42:32.724,0.4,0.4,0.4,0.4,0,1331,7.91,6.94
2026-07-04 05:42:33.204,0.4,0.4,0.4,0.4,0,1331,7.91,6.94
2026-07-04 05:42:33.702,0.4,0.4,0.4,0.4,0,1329,7.91,6.97
2026-07-04 05:42:34.208,0.4,0.4,0.4,0.4,0,1331,7.91,6.94
2026-07-04 05:42:34.738,0.4,0.4,0.4,0.4,0,1328,7.91,6.99
2026-07-04 05:42:35.238,0.4,0.4,0.4,0.4,0,1333,7.91,6.91
2026-07-04 05:42:35.725,0.4,0.4,0.4,0.4,0,1331,7.91,6.94
2026-07-04 05:42:36.239,0.4,0.4,0.4,0.4,0,1329,7.91,6.97
2026-07-04 05:42:36.707,0.4,0.4,0.4,0.4,0,1332,7.91,6.93
2026-07-04 05:42:37.250,0.4,0.4,0.4,0.4,0,1332,7.91,6.93
2026-07-04 05:42:37.703,0.4,0.4,0.4,0.4,0,1331,7.91,6.94
2026-07-04 05:42:38.203,0.4,0.4,0.4,0.4,0,1332,7.91,6.93
2026-07-04 05:42:38.707,0.4,0.4,0.4,0.4,0,1329,7.91,6.97
2026-07-04 05:42:39.238,0.4,0.4,0.4,0.4,0,1331,7.91,6.94
2026-07-04 05:42:39.741,0.4,0.4,0.4,0.4,0,1330,7.91,6.96
2026-07-04 05:42:40.227,0.4,0.4,0.4,0.4,0,1331,7.91,6.94
2026-07-04 05:42:40.741,0.4,0.4,0.4,0.4,0,1331,7.91,6.94
2026-07-04 05:42:41.239,0.4,0.4,0.4,0.4,0,1328,7.91,6.99
2026-07-04 05:42:41.724,0.4,0.4,0.4,0.4,0,1330,7.91,6.96
2026-07-04 05:42:42.247,0.4,0.4,0.4,0.4,0,1330,7.91,6.96
2026-07-04 05:42:42.709,0.4,0.4,0.4,0.4,0,1332,7.91,6.93
2026-07-04 05:42:43.229,0.4,0.4,0.4,0.4,0,1330,7.91,6.96
2026-07-04 05:42:43.738,0.4,0.4,0.4,0.4,0,1330,7.91,6.96
2026-07-04 05:42:44.225,0.4,0.4,0.4,0.4,0,1326,7.91,7.02
2026-07-04 05:42:44.727,0.4,0.4,0.4,0.4,0,1324,7.91,7.05
2026-07-04 05:42:45.208,0.4,0.4,0.4,0.4,0,1334,7.91,6.90
2026-07-04 05:42:46.233,0.4,0.4,0.4,0.4,0,1330,7.91,6.96
2026-07-04 05:42:46.233,0.4,0.4,0.4,0.0,0,1331,7.91,6.94
2026-07-04 05:42:46.732,0.4,0.4,0.4,0.0,0,1323,7.91,7.06
2026-07-04 05:42:47.226,0.4,0.4,0.4,0.4,0,1329,7.91,6.97
2026-07-04 05:42:47.724,0.4,0.4,0.4,0.4,0,1328,7.91,6.99
2026-07-04 05:42:48.223,0.4,0.4,0.4,0.4,0,1328,7.91,6.99
2026-07-04 05:42:48.751,0.4,0.4,0.4,0.4,0,1327,7.91,7.00
2026-07-04 05:42:49.248,0.4,0.4,0.4,0.4,0,1327,7.91,7.00
2026-07-04 05:42:49.708,0.4,0.4,0.4,0.4,0,1326,7.91,7.02
2026-07-04 05:42:50.225,0.4,0.4,0.4,0.4,0,1326,7.91,7.02
2026-07-04 05:42:50.730,0.4,0.4,0.4,0.4,0,1328,7.91,6.99
2026-07-04 05:42:51.208,0.4,0.4,0.4,0.4,0,1330,7.91,6.96
2026-07-04 05:42:51.707,0.4,0.4,0.4,0.4,0,1332,7.91,6.93
2026-07-04 05:42:52.269,0.4,0.4,0.4,0.4,0,1328,7.91,6.99
2026-07-04 05:42:52.737,0.4,0.4,0.4,0.4,0,1329,7.91,6.97
2026-07-04 05:42:53.208,0.4,0.4,0.4,0.4,0,1331,7.91,6.94
2026-07-04 05:42:53.709,0.4,0.4,0.4,0.4,0,1333,7.91,6.91
2026-07-04 05:42:54.227,0.4,0.4,0.4,0.4,0,1332,7.91,6.93
2026-07-04 05:42:54.727,0.4,0.4,0.4,0.4,0,1330,7.91,6.96
2026-07-04 05:42:55.228,0.4,0.4,0.4,0.4,0,1329,7.91,6.97
2026-07-04 05:42:55.709,0.4,0.4,0.4,0.4,0,1332,7.91,6.93
2026-07-04 05:42:56.259,0.4,0.4,0.4,0.4,0,1328,7.91,6.99
2026-07-04 05:42:56.756,0.4,0.4,0.4,0.4,0,1328,7.91,6.99
2026-07-04 05:42:57.229,0.4,0.4,0.4,0.4,0,1331,7.91,6.94
2026-07-04 05:42:57.733,0.4,0.4,0.4,0.4,0,1330,7.91,6.96
2026-07-04 05:42:58.237,0.4,0.4,0.4,0.4,0,1329,7.91,6.97
2026-07-04 05:42:58.733,0.4,0.4,0.4,0.4,0,1327,7.91,7.00
2026-07-04 05:42:59.228,0.4,0.4,0.4,0.4,0,1327,7.91,7.00
2026-07-04 05:42:59.773,0.4,0.4,0.4,0.4,0,1327,7.91,7.00
2026-07-04 05:43:00.208,0.4,0.4,0.4,0.4,0,1327,7.91,7.00
2026-07-04 05:43:01.234,0.4,0.4,0.4,0.4,0,1333,7.91,6.91
2026-07-04 05:43:01.234,0.4,0.4,0.4,0.4,0,1329,7.91,6.97
2026-07-04 05:43:01.746,0.4,0.4,0.4,0.4,0,1334,7.91,6.90
2026-07-04 05:43:02.237,0.4,0.4,0.4,0.4,0,1328,7.91,6.99
2026-07-04 05:43:02.725,0.4,0.4,0.4,0.4,0,1329,7.91,6.97
2026-07-04 05:43:03.257,0.4,0.4,0.4,0.4,0,1327,7.91,7.00
2026-07-04 05:43:03.756,0.4,0.4,0.4,0.4,0,1327,7.91,7.00
2026-07-04 05:43:04.258,0.4,0.4,0.4,0.4,0,1331,7.91,6.94
2026-07-04 05:43:04.738,0.4,0.4,0.4,0.4,0,1333,7.91,6.91
2026-07-04 05:43:05.239,0.4,0.4,0.4,0.4,0,1325,7.91,7.03
2026-07-04 05:43:05.738,0.4,0.4,0.4,0.4,0,1330,7.91,6.96
2026-07-04 05:43:06.257,0.4,0.4,0.4,0.4,0,1330,7.91,6.96
2026-07-04 05:43:06.761,0.4,0.4,0.4,0.4,0,1331,7.91,6.94
2026-07-04 05:43:07.238,0.4,0.4,0.4,0.4,0,1327,7.91,7.00
2026-07-04 05:43:07.771,0.4,0.4,0.4,0.4,0,1329,7.91,6.97
2026-07-04 05:43:08.272,0.4,0.4,0.4,0.4,0,1334,7.91,6.90
2026-07-04 05:43:08.755,0.4,0.4,0.4,0.4,0,1327,7.91,7.00
2026-07-04 05:43:09.251,0.4,0.4,0.4,0.4,0,1330,7.91,6.96
2026-07-04 05:43:09.722,0.4,0.4,0.4,0.4,0,1326,7.91,7.02
2026-07-04 05:43:10.233,0.4,0.4,0.4,0.4,0,1326,7.91,7.02
2026-07-04 05:43:11.249,0.4,0.4,0.4,0.4,0,1328,7.91,6.99
2026-07-04 05:43:11.250,0.4,0.4,0.4,0.4,0,1325,7.91,7.03
2026-07-04 05:43:11.756,0.4,0.4,0.4,0.4,0,1329,7.91,6.97
2026-07-04 05:43:12.262,0.4,0.4,0.4,0.4,0,1327,7.91,7.00
2026-07-04 05:43:12.728,0.4,0.4,0.4,0.4,0,1329,7.91,6.97
2026-07-04 05:43:13.224,0.4,0.4,0.4,0.4,0,1331,7.91,6.94
2026-07-04 05:43:13.725,0.4,0.4,0.4,0.4,0,1328,7.91,6.99
2026-07-04 05:43:14.263,0.4,0.4,0.4,0.4,0,1327,7.91,7.00
2026-07-04 05:43:14.776,0.4,0.4,0.4,0.4,0,1327,7.91,7.00
2026-07-04 05:43:15.255,0.4,0.4,0.4,0.4,0,1331,7.91,6.94
2026-07-04 05:43:15.753,0.4,0.4,0.4,0.4,0,1332,7.91,6.93
2026-07-04 05:43:16.235,0.4,0.4,0.4,0.4,0,1327,7.91,7.00
2026-07-04 05:43:16.733,0.4,0.4,0.4,0.4,0,1326,7.91,7.02
2026-07-04 05:43:17.233,0.4,0.4,0.4,0.4,0,1328,7.91,6.99
2026-07-04 05:43:17.757,0.4,0.4,0.4,0.4,0,1328,7.91,6.99
2026-07-04 05:43:18.232,0.4,0.4,0.4,0.4,0,1329,7.91,6.97
2026-07-04 05:43:18.758,0.4,0.4,0.4,0.4,0,1327,7.91,7.00
2026-07-04 05:43:19.239,0.4,0.4,0.4,0.4,0,1329,7.91,6.97
2026-07-04 05:43:19.756,0.4,0.4,0.4,0.4,0,1332,7.91,6.93
2026-07-04 05:43:20.261,0.4,0.4,0.4,0.4,0,1329,7.91,6.97
2026-07-04 05:43:21.238,0.4,0.4,0.4,0.4,0,1332,7.91,6.93
2026-07-04 05:43:21.239,0.4,0.4,0.4,0.4,0,1329,7.91,6.97
2026-07-04 05:43:21.741,0.4,0.4,0.4,0.4,0,1323,7.91,7.06
2026-07-04 05:43:22.236,0.4,0.4,0.4,0.4,0,1329,7.91,6.97
2026-07-04 05:43:22.752,0.4,0.4,0.4,0.4,0,1330,7.91,6.96
2026-07-04 05:43:23.240,0.4,0.4,0.4,0.4,0,1331,7.91,6.94
2026-07-04 05:43:23.762,0.4,0.4,0.4,0.4,0,1329,7.91,6.97
2026-07-04 05:43:24.239,0.4,0.4,0.4,0.4,0,1328,7.91,6.99
2026-07-04 05:43:24.740,0.4,0.4,0.4,0.4,0,1331,7.91,6.94
2026-07-04 05:43:25.228,0.4,0.4,0.4,0.4,0,1856,7.91,-0.75
2026-07-04 05:43:25.738,0.4,0.4,0.4,0.4,0,1328,7.91,6.99
2026-07-04 05:43:26.273,0.4,0.4,0.4,0.4,0,1327,7.91,7.00
2026-07-04 05:43:26.769,0.4,0.4,0.4,0.4,0,1326,7.91,7.02
2026-07-04 05:43:27.234,0.4,0.4,0.4,0.4,0,1330,7.91,6.96
2026-07-04 05:43:27.732,0.4,0.4,0.4,0.4,0,1325,7.91,7.03
2026-07-04 05:43:28.488,0.4,0.4,0.4,0.4,0,1325,7.91,7.03
2026-07-04 05:43:28.739,0.4,0.4,0.4,0.4,0,1324,7.91,7.05
2026-07-04 05:43:28.740,0.4,0.4,0.4,0.4,0,1324,7.91,7.05
2026-07-04 05:43:29.237,0.4,0.4,0.4,0.4,0,1324,7.91,7.05
2026-07-04 05:43:29.752,0.4,0.4,0.4,0.4,0,1326,7.91,7.02
2026-07-04 05:43:30.257,0.4,0.4,0.4,0.4,0,1328,7.91,6.99
2026-07-04 05:43:30.764,0.4,0.4,0.4,0.4,0,1326,7.91,7.02
2026-07-04 05:43:31.237,0.4,0.4,0.4,0.4,0,1330,7.91,6.96
2026-07-04 05:43:31.789,0.4,0.4,0.4,0.4,0,1328,7.91,6.99
2026-07-04 05:43:32.264,0.4,0.4,0.4,0.4,0,1327,7.91,7.00
2026-07-04 05:43:32.758,0.4,0.4,0.4,0.4,0,1328,7.91,6.99
2026-07-04 05:43:33.237,0.4,0.4,0.4,0.4,0,1331,7.91,6.94
2026-07-04 05:43:33.785,0.4,0.4,0.4,0.4,0,1327,7.91,7.00
2026-07-04 05:43:34.235,0.4,0.4,0.4,0.4,0,1327,7.91,7.00
2026-07-04 05:43:34.760,0.4,0.4,0.4,0.4,0,1332,7.91,6.93
2026-07-04 05:43:35.239,0.4,0.4,0.4,0.4,0,1328,7.91,6.99
2026-07-04 05:43:35.739,0.4,0.4,0.4,0.4,0,1856,7.91,-0.75
2026-07-04 05:43:36.283,0.4,0.4,0.4,0.4,0,1856,7.91,-0.75
2026-07-04 05:43:36.731,0.4,0.4,0.4,0.4,0,1328,7.91,6.99
2026-07-04 05:43:37.259,0.4,0.4,0.4,0.4,0,1327,7.91,7.00
2026-07-04 05:43:37.782,0.4,0.4,0.4,0.4,0,1324,7.91,7.05
2026-07-04 05:43:38.239,0.4,0.4,0.4,0.4,0,1328,7.91,6.99
2026-07-04 05:43:38.759,0.4,0.4,0.4,0.4,0,1328,7.91,6.99
2026-07-04 05:43:39.237,0.4,0.4,0.4,0.4,0,1328,7.91,6.99
2026-07-04 05:43:39.782,0.4,0.4,0.4,0.4,0,1329,7.91,6.97
2026-07-04 05:43:40.235,0.4,0.4,0.4,0.4,0,1330,7.91,6.96
2026-07-04 05:43:40.740,0.4,0.4,0.4,0.4,0,1330,7.91,6.96
2026-07-04 05:43:41.277,0.4,0.4,0.4,0.4,0,1321,7.91,7.09
2026-07-04 05:43:41.756,0.4,0.4,0.4,0.4,0,1331,7.91,6.94
2026-07-04 05:43:42.255,0.4,0.4,0.4,0.4,0,1329,7.91,6.97
2026-07-04 05:43:43.283,0.4,0.4,0.4,0.4,0,1334,7.91,6.90
2026-07-04 05:43:43.284,0.4,0.4,0.4,0.4,0,1330,7.91,6.96
2026-07-04 05:43:43.791,0.4,0.4,0.4,0.4,0,1327,7.91,7.00
2026-07-04 05:43:44.239,0.4,0.4,0.4,0.4,0,1856,7.91,-0.75
2026-07-04 05:43:44.798,0.4,0.4,0.4,0.4,0,1856,7.91,-0.75
2026-07-04 05:43:45.260,0.4,0.4,0.4,0.4,0,1330,7.91,6.96
2026-07-04 05:43:45.755,0.4,0.4,0.4,0.4,0,1856,7.91,-0.75
2026-07-04 05:43:46.255,0.4,0.4,0.4,0.4,0,1325,7.91,7.03
2026-07-04 05:43:46.787,0.4,0.4,0.4,0.4,0,1327,7.91,7.00
2026-07-04 05:43:47.288,0.4,0.4,0.4,0.4,0,1326,7.91,7.02
2026-07-04 05:43:47.776,0.4,0.4,0.4,0.4,0,1328,7.91,6.99
2026-07-04 05:43:48.275,0.4,0.4,0.4,0.4,0,1325,7.91,7.03
2026-07-04 05:43:48.750,0.4,0.4,0.4,0.4,0,1327,7.91,7.00
2026-07-04 05:43:49.259,0.4,0.4,0.4,0.4,0,1327,7.91,7.00
2026-07-04 05:43:49.756,0.4,0.4,0.4,0.4,0,1856,7.91,-0.75
2026-07-04 05:43:50.257,0.4,0.4,0.4,0.4,0,1333,7.91,6.91
2026-07-04 05:43:50.756,0.4,0.4,0.4,0.4,0,1329,7.91,6.97
2026-07-04 05:43:51.239,0.4,0.4,0.4,0.4,0,1329,7.91,6.97
2026-07-04 05:43:51.782,0.4,0.4,0.4,0.4,0,1329,7.91,6.97
2026-07-04 05:43:52.297,0.4,0.4,0.4,0.4,0,1337,7.91,6.86
2026-07-04 05:43:52.759,0.4,0.4,0.4,0.4,0,1328,7.91,6.99
2026-07-04 05:43:53.288,0.4,0.4,0.4,0.4,0,1326,7.91,7.02
2026-07-04 05:43:53.756,0.4,0.4,0.4,0.4,0,1325,7.91,7.03
2026-07-04 05:43:54.258,0.4,0.4,0.4,0.4,0,1326,7.91,7.02
2026-07-04 05:43:54.757,0.4,0.4,0.4,0.4,0,1325,7.91,7.03
2026-07-04 05:43:55.255,0.4,0.4,0.4,0.4,0,1328,7.91,6.99
2026-07-04 05:43:55.798,0.4,0.4,0.4,0.4,0,1856,7.91,-0.75
2026-07-04 05:43:56.262,0.4,0.4,0.4,0.4,0,1325,7.91,7.03
2026-07-04 05:43:56.773,0.4,0.4,0.4,0.4,0,1327,7.91,7.00
2026-07-04 05:43:57.260,0.4,0.4,0.4,0.4,0,1327,7.91,7.00
2026-07-04 05:43:57.755,0.4,0.4,0.4,0.4,0,1327,7.91,7.00
2026-07-04 05:43:58.280,0.4,0.4,0.4,0.4,0,1325,7.91,7.03
2026-07-04 05:43:58.781,0.4,0.4,0.4,0.4,0,1325,7.91,7.03
2026-07-04 05:43:59.288,0.4,0.4,0.4,0.4,0,1326,7.91,7.02
2026-07-04 05:43:59.780,0.4,0.4,0.4,0.4,0,1327,7.91,7.00
2026-07-04 05:44:00.465,0.4,0.4,0.4,0.4,0,1327,7.91,7.00
2026-07-04 05:44:00.774,0.4,0.4,0.4,0.4,0,1327,7.91,7.00
2026-07-04 05:44:00.775,0.4,0.4,0.4,0.4,0,1324,7.91,7.05
2026-07-04 05:44:01.257,0.4,0.4,0.4,0.4,0,1325,7.91,7.03
2026-07-04 05:44:01.756,0.4,0.4,0.4,0.4,0,1328,7.91,6.99
2026-07-04 05:44:02.252,0.4,0.4,0.4,0.4,0,1325,7.91,7.03
2026-07-04 05:44:02.758,0.4,0.4,0.4,0.4,0,1327,7.91,7.00
2026-07-04 05:44:03.259,0.4,0.4,0.4,0.4,0,1325,7.91,7.03
2026-07-04 05:44:03.760,0.4,0.4,0.4,0.4,0,1328,7.91,6.99
2026-07-04 05:44:04.258,0.4,0.4,0.4,0.4,0,1326,7.91,7.02
2026-07-04 05:44:04.802,0.4,0.4,0.4,0.4,0,1326,7.91,7.02
2026-07-04 05:44:05.276,0.4,0.4,0.4,0.4,0,1326,7.91,7.02
2026-07-04 05:44:05.794,0.4,0.4,0.4,0.4,0,1328,7.91,6.99
2026-07-04 05:44:06.258,0.4,0.4,0.4,0.4,0,1326,7.91,7.02
2026-07-04 05:44:06.758,0.4,0.4,0.4,0.4,0,1324,7.91,7.05
2026-07-04 05:44:07.275,0.4,0.4,0.4,0.4,0,1325,7.91,7.03
2026-07-04 05:44:07.760,0.4,0.4,0.4,0.4,0,1328,7.91,6.99
2026-07-04 05:44:08.301,0.4,0.4,0.4,0.4,0,1327,7.91,7.00
2026-07-04 05:44:08.804,0.4,0.4,0.4,0.4,0,1331,7.91,6.94
2026-07-04 05:44:09.301,0.4,0.4,0.4,0.4,0,1328,7.91,6.99
2026-07-04 05:44:10.258,0.4,0.4,0.4,0.4,0,1325,7.91,7.03
2026-07-04 05:44:10.259,0.4,0.4,0.4,0.4,0,1329,7.91,6.97
2026-07-04 05:44:10.789,0.4,0.4,0.4,0.4,0,1329,7.91,6.97
2026-07-04 05:44:11.259,0.4,0.4,0.4,0.4,0,1328,7.91,6.99
2026-07-04 05:44:11.804,0.4,0.4,0.4,0.4,0,1325,7.91,7.03
2026-07-04 05:44:12.291,0.4,0.4,0.4,0.4,0,1321,7.91,7.09
2026-07-04 05:44:12.788,0.4,0.4,0.4,0.4,0,1330,7.91,6.96
2026-07-04 05:44:13.264,0.4,0.4,0.4,0.4,0,1327,7.91,7.00
2026-07-04 05:44:13.755,0.4,0.4,0.4,0.4,0,1330,7.91,6.96
2026-07-04 05:44:14.253,0.4,0.4,0.4,0.4,0,1329,7.91,6.97
2026-07-04 05:44:14.780,0.4,0.4,0.4,0.4,0,1320,7.91,7.10
2026-07-04 05:44:15.295,0.4,0.4,0.4,0.0,0,1329,7.91,6.97
2026-07-04 05:44:15.804,0.4,0.4,0.4,0.4,0,1323,7.91,7.06
2026-07-04 05:44:16.290,0.4,0.4,0.4,0.4,0,1328,7.91,6.99
2026-07-04 05:44:16.785,0.4,0.4,0.4,0.4,0,1326,7.91,7.02
2026-07-04 05:44:17.309,0.4,0.4,0.4,0.4,0,1329,7.91,6.97
2026-07-04 05:44:17.756,0.4,0.4,0.4,0.4,0,1326,7.91,7.02
2026-07-04 05:44:18.279,0.4,0.4,0.4,0.4,0,1328,7.91,6.99
2026-07-04 05:44:19.288,0.4,0.4,0.4,0.4,0,1327,7.91,7.00
2026-07-04 05:44:19.288,0.4,0.4,0.4,0.4,0,1325,7.91,7.03
2026-07-04 05:44:20.257,0.4,0.4,0.4,0.4,0,1325,7.91,7.03
2026-07-04 05:44:20.310,0.4,0.4,0.4,0.4,0,1326,7.91,7.02
2026-07-04 05:44:20.758,0.4,0.4,0.4,0.4,0,1327,7.91,7.00
2026-07-04 05:44:21.262,0.4,0.4,0.4,0.4,0,1328,7.91,6.99
2026-07-04 05:44:21.756,0.4,0.4,0.4,0.4,0,1856,7.91,-0.75
2026-07-04 05:44:22.285,0.4,0.4,0.4,0.4,0,1327,7.91,7.00
2026-07-04 05:44:22.788,0.4,0.4,0.4,0.4,0,1327,7.91,7.00
2026-07-04 05:44:23.276,0.4,0.4,0.4,0.4,0,1326,7.91,7.02
2026-07-04 05:44:23.782,0.4,0.4,0.4,0.4,0,1324,7.91,7.05
2026-07-04 05:44:24.290,0.4,0.4,0.4,0.4,0,1856,7.91,-0.75
2026-07-04 05:44:24.788,0.4,0.4,0.4,0.4,0,1856,7.91,-0.75
2026-07-04 05:44:25.286,0.4,0.4,0.4,0.4,0,1328,7.91,6.99
2026-07-04 05:44:25.772,0.4,0.4,0.4,0.4,0,1856,7.91,-0.75
2026-07-04 05:44:26.309,0.4,0.4,0.4,0.4,0,1855,7.91,-0.73
2026-07-04 05:44:26.801,0.4,0.4,0.4,0.4,0,1326,7.91,7.02
2026-07-04 05:44:27.275,0.4,0.4,0.4,0.4,0,1856,7.91,-0.75
2026-07-04 05:44:27.804,0.4,0.4,0.4,0.4,0,1855,7.91,-0.73
2026-07-04 05:44:28.270,0.4,0.4,0.4,0.4,0,1855,7.91,-0.73
2026-07-04 05:44:28.771,0.4,0.4,0.4,0.4,0,1856,7.91,-0.75
2026-07-04 05:44:29.318,0.4,0.4,0.4,0.4,0,1326,7.91,7.02
2026-07-04 05:44:29.782,0.4,0.4,0.4,0.4,0,1327,7.91,7.00
2026-07-04 05:44:30.294,0.4,0.4,0.4,0.4,0,1856,7.91,-0.75
2026-07-04 05:44:30.790,0.4,0.4,0.4,0.4,0,1328,7.91,6.99
2026-07-04 05:44:31.258,0.4,0.4,0.4,0.4,0,1325,7.91,7.03
2026-07-04 05:44:31.805,0.4,0.4,0.4,0.4,0,1855,7.91,-0.73
2026-07-04 05:44:32.258,0.4,0.4,0.4,0.4,0,1325,7.91,7.03
2026-07-04 05:44:32.819,0.4,0.4,0.4,0.0,0,1325,7.91,7.03
2026-07-04 05:44:33.308,0.4,0.4,0.4,0.0,0,1326,7.91,7.02
2026-07-04 05:44:33.774,0.4,0.4,0.4,0.4,0,1326,7.91,7.02
2026-07-04 05:44:34.258,0.4,0.4,0.4,0.4,0,1325,7.91,7.03
2026-07-04 05:44:34.803,0.4,0.4,0.4,0.4,0,1855,7.91,-0.73
2026-07-04 05:44:35.298,0.4,0.4,0.4,0.4,0,1856,7.91,-0.75
2026-07-04 05:44:35.790,0.4,0.4,0.4,0.4,0,1328,7.91,6.99
2026-07-04 05:44:36.276,0.4,0.4,0.4,0.4,0,1856,7.91,-0.75
2026-07-04 05:44:36.804,0.4,0.4,0.4,0.4,0,1856,7.91,-0.75
2026-07-04 05:44:37.304,0.4,0.4,0.4,0.0,0,1326,7.91,7.02
2026-07-04 05:44:37.797,0.4,0.4,0.4,0.4,0,1327,7.91,7.00
2026-07-04 05:44:38.316,0.4,0.4,0.4,0.4,0,1327,7.91,7.00
2026-07-04 05:44:38.819,0.4,0.4,0.4,0.4,0,1322,7.91,7.08
2026-07-04 05:44:39.298,0.4,0.4,0.4,0.4,0,1327,7.91,7.00
2026-07-04 05:44:39.803,0.4,0.4,0.4,0.4,0,1324,7.91,7.05
2026-07-04 05:44:40.289,0.4,0.4,0.4,0.4,0,1326,7.91,7.02
2026-07-04 05:44:40.819,0.4,0.4,0.4,0.4,0,1328,7.91,6.99
2026-07-04 05:44:41.318,0.4,0.4,0.4,0.4,0,1328,7.91,6.99
2026-07-04 05:44:41.802,0.4,0.4,0.4,0.4,0,1325,7.91,7.03
2026-07-04 05:44:42.321,0.4,0.4,0.4,0.4,0,1326,7.91,7.02
2026-07-04 05:44:42.782,0.4,0.4,0.4,0.4,0,1325,7.91,7.03
2026-07-04 05:44:43.288,0.4,0.4,0.4,0.4,0,1324,7.91,7.05
2026-07-04 05:44:43.773,0.4,0.4,0.4,0.4,0,1322,7.91,7.08
2026-07-04 05:44:44.272,0.4,0.4,0.4,0.0,0,1326,7.91,7.02
2026-07-04 05:44:44.766,0.4,0.4,0.4,0.0,0,1325,7.91,7.03
2026-07-04 05:44:45.309,0.4,0.4,0.4,0.4,0,1324,7.91,7.05
2026-07-04 05:44:45.789,0.4,0.4,0.4,0.4,0,1327,7.91,7.00
2026-07-04 05:44:46.286,0.4,0.4,0.4,0.4,0,1325,7.91,7.03
2026-07-04 05:44:46.812,0.4,0.4,0.4,0.4,0,1325,7.91,7.03
2026-07-04 05:44:47.289,0.4,0.4,0.4,0.4,0,1855,7.91,-0.73
2026-07-04 05:44:47.783,0.4,0.4,0.4,0.4,0,1328,7.91,6.99
2026-07-04 05:44:48.318,0.4,0.4,0.4,0.4,0,1329,7.91,6.97
2026-07-04 05:44:48.807,0.4,0.4,0.4,0.4,0,1325,7.91,7.03
2026-07-04 05:44:49.324,0.4,0.4,0.4,0.4,0,1325,7.91,7.03
2026-07-04 05:44:49.820,0.4,0.4,0.4,0.4,0,1325,7.91,7.03
2026-07-04 05:44:50.300,0.4,0.4,0.4,0.4,0,1324,7.91,7.05
2026-07-04 05:44:50.801,0.4,0.4,0.4,0.4,0,1327,7.91,7.00
2026-07-04 05:44:51.791,0.4,0.4,0.4,0.4,0,1325,7.91,7.03
2026-07-04 05:44:51.794,0.4,0.4,0.4,0.4,0,1856,7.91,-0.75
2026-07-04 05:44:52.287,0.4,0.4,0.4,0.4,0,1322,7.91,7.08
2026-07-04 05:44:52.800,0.4,0.4,0.4,0.4,0,1326,7.91,7.02
2026-07-04 05:44:53.276,0.4,0.4,0.4,0.4,0,1325,7.91,7.03
2026-07-04 05:44:53.790,0.4,0.4,0.4,0.4,0,1325,7.91,7.03
2026-07-04 05:44:54.309,0.4,0.4,0.4,0.4,0,1325,7.91,7.03
2026-07-04 05:44:54.789,0.4,0.4,0.4,0.4,0,1324,7.91,7.05
2026-07-04 05:44:55.312,0.4,0.4,0.4,0.4,0,1326,7.91,7.02
2026-07-04 05:44:55.819,0.4,0.4,0.4,0.4,0,1328,7.91,6.99
2026-07-04 05:44:56.317,0.4,0.4,0.4,0.4,0,1325,7.91,7.03
2026-07-04 05:44:56.823,0.4,0.4,0.4,0.4,0,1325,7.91,7.03
2026-07-04 05:44:57.304,0.4,0.4,0.4,0.4,0,1326,7.91,7.02
2026-07-04 05:44:57.804,0.4,0.4,0.4,0.4,0,1329,7.91,6.97
2026-07-04 05:44:58.279,0.4,0.4,0.4,0.4,0,1324,7.91,7.05
2026-07-04 05:44:58.806,0.4,0.4,0.4,0.4,0,1324,7.91,7.05
2026-07-04 05:44:59.301,0.4,0.4,0.4,0.4,0,1326,7.91,7.02
2026-07-04 05:44:59.805,0.4,0.4,0.4,0.4,0,1327,7.91,7.00
2026-07-04 05:45:00.291,0.4,0.4,0.4,0.4,0,1856,7.91,-0.75
2026-07-04 05:45:00.791,0.4,0.4,0.4,0.4,0,1324,7.91,7.05
2026-07-04 05:45:01.288,0.4,0.4,0.4,0.4,0,1327,7.91,7.00
2026-07-04 05:45:01.789,0.4,0.4,0.4,0.4,0,1856,7.91,-0.75
2026-07-04 05:45:02.332,0.4,0.4,0.4,0.4,0,1324,7.91,7.05
2026-07-04 05:45:02.789,0.4,0.4,0.4,0.4,0,1327,7.91,7.00
2026-07-04 05:45:03.288,0.4,0.4,0.4,0.4,0,1325,7.91,7.03
2026-07-04 05:45:04.286,0.4,0.4,0.4,0.4,0,1327,7.91,7.00
2026-07-04 05:45:04.286,0.4,0.4,0.4,0.4,0,1324,7.91,7.05
2026-07-04 05:45:04.800,0.4,0.4,0.4,0.4,0,1323,7.91,7.06
2026-07-04 05:45:05.276,0.4,0.4,0.4,0.4,0,1326,7.91,7.02
2026-07-04 05:45:05.791,0.4,0.4,0.4,0.4,0,1328,7.91,6.99
2026-07-04 05:45:06.287,0.4,0.4,0.4,0.4,0,1856,7.91,-0.75
2026-07-04 05:45:06.818,0.4,0.4,0.4,0.4,0,1325,7.91,7.03
2026-07-04 05:45:07.336,0.4,0.4,0.4,0.4,0,1326,7.91,7.02
2026-07-04 05:45:07.836,0.4,0.4,0.4,0.4,0,1325,7.91,7.03
2026-07-04 05:45:08.331,0.4,0.4,0.4,0.4,0,1856,7.91,-0.75
2026-07-04 05:45:08.837,0.4,0.4,0.4,0.4,0,1325,7.91,7.03
2026-07-04 05:45:09.330,0.4,0.4,0.4,0.4,0,1856,7.91,-0.75
2026-07-04 05:45:09.831,0.4,0.4,0.4,0.4,0,1328,7.91,6.99
2026-07-04 05:45:10.332,0.4,0.4,0.4,0.4,0,1856,7.91,-0.75
2026-07-04 05:45:10.778,0.4,0.4,0.4,0.4,0,1856,7.91,-0.75
2026-07-04 05:45:11.288,0.4,0.4,0.4,0.4,0,1855,7.91,-0.73
2026-07-04 05:45:11.790,0.4,0.4,0.4,0.4,0,1856,7.91,-0.75
2026-07-04 05:45:12.316,0.4,0.4,0.4,0.4,0,1328,7.91,6.99
2026-07-04 05:45:12.806,0.4,0.4,0.4,0.4,0,1855,7.91,-0.73
2026-07-04 05:45:13.300,0.4,0.4,0.4,0.4,0,1855,7.91,-0.73
2026-07-04 05:45:13.812,0.4,0.4,0.4,0.4,0,1856,7.91,-0.75
2026-07-04 05:45:14.331,0.4,0.4,0.4,0.4,0,1481,7.91,4.75
2026-07-04 05:45:14.805,0.4,0.4,0.4,0.4,0,1479,7.91,4.78
2026-07-04 05:45:15.302,0.4,0.4,0.4,0.4,0,1479,7.91,4.78
2026-07-04 05:45:15.790,0.4,0.4,0.4,0.4,0,1478,7.91,4.79
2026-07-04 05:45:16.284,0.4,0.4,0.4,0.4,0,1481,7.91,4.75
2026-07-04 05:45:16.785,0.4,0.4,0.4,0.4,0,1479,7.91,4.78
2026-07-04 05:45:17.283,0.4,0.4,0.4,0.4,0,1480,7.91,4.76
2026-07-04 05:45:17.827,0.4,0.4,0.4,0.4,0,1856,7.91,-0.75
2026-07-04 05:45:18.294,0.4,0.4,0.4,0.4,0,1477,7.91,4.80
2026-07-04 05:45:18.805,0.4,0.4,0.4,0.4,0,1480,7.91,4.76
2026-07-04 05:45:19.298,0.4,0.4,0.4,0.4,0,1480,7.91,4.76
2026-07-04 05:45:19.820,0.4,0.4,0.4,0.4,0,1482,7.91,4.73
2026-07-04 05:45:20.292,0.4,0.4,0.4,0.4,0,1476,7.91,4.82
2026-07-04 05:45:21.318,0.4,0.4,0.4,0.4,0,1479,7.91,4.78
2026-07-04 05:45:21.318,0.4,0.4,0.4,0.4,0,1856,7.91,-0.75
2026-07-04 05:45:21.818,0.4,0.4,0.4,0.4,0,1479,7.91,4.78
2026-07-04 05:45:22.316,0.4,0.4,0.4,0.4,0,1476,7.91,4.82
2026-07-04 05:45:22.837,0.4,0.4,0.4,0.0,0,1476,7.91,4.82
2026-07-04 05:45:23.330,0.4,0.4,0.4,0.4,0,1856,7.91,-0.75
2026-07-04 05:45:23.827,0.4,0.4,0.4,0.4,0,1479,7.91,4.78
2026-07-04 05:45:24.320,0.4,0.4,0.4,0.4,0,1856,7.91,-0.75
2026-07-04 05:45:24.790,0.4,0.4,0.4,0.4,0,1479,7.91,4.78
2026-07-04 05:45:25.288,0.4,0.4,0.4,0.4,0,1480,7.91,4.76
2026-07-04 05:45:25.792,0.4,0.4,0.4,0.4,0,1480,7.91,4.76
2026-07-04 05:45:26.290,0.4,0.4,0.4,0.4,0,1479,7.91,4.78
2026-07-04 05:45:26.834,0.4,0.4,0.4,0.4,0,1480,7.91,4.76
2026-07-04 05:45:27.321,0.4,0.4,0.4,0.4,0,1856,7.91,-0.75
2026-07-04 05:45:27.827,0.4,0.4,0.4,0.4,0,1856,7.91,-0.75
2026-07-04 05:45:28.317,0.4,0.4,0.4,0.4,0,1479,7.91,4.78
2026-07-04 05:45:28.821,0.4,0.4,0.4,0.4,0,1856,7.91,-0.75
2026-07-04 05:45:29.306,0.4,0.4,0.4,0.4,0,1855,7.91,-0.73
2026-07-04 05:45:29.837,0.4,0.4,0.4,0.4,0,1478,7.91,4.79
2026-07-04 05:45:30.837,0.4,0.4,0.4,0.4,0,1478,7.91,4.79
2026-07-04 05:45:30.838,0.4,0.4,0.4,0.4,0,1856,7.91,-0.75
2026-07-04 05:45:31.333,0.4,0.4,0.4,0.4,0,1855,7.91,-0.73
2026-07-04 05:45:31.836,0.4,0.4,0.4,0.4,0,1480,7.91,4.76
2026-07-04 05:45:32.300,0.4,0.4,0.4,0.4,0,1477,7.91,4.80
2026-07-04 05:45:32.818,0.4,0.4,0.4,0.4,0,1856,7.91,-0.75
2026-07-04 05:45:33.288,0.4,0.4,0.4,0.4,0,1856,7.91,-0.75
2026-07-04 05:45:33.846,0.4,0.4,0.4,0.4,0,1479,7.91,4.78
2026-07-04 05:45:34.326,0.4,0.4,0.4,0.4,0,1478,7.91,4.79
2026-07-04 05:45:35.318,0.4,0.4,0.4,0.4,0,1479,7.91,4.78
2026-07-04 05:45:35.318,0.4,0.4,0.4,0.4,0,1480,7.91,4.76
2026-07-04 05:45:35.803,0.4,0.4,0.4,0.4,0,1856,7.91,-0.75
2026-07-04 05:45:36.333,0.4,0.4,0.4,0.4,0,1855,7.91,-0.73
2026-07-04 05:45:36.839,0.4,0.4,0.4,0.4,0,1477,7.91,4.80
2026-07-04 05:45:37.343,0.4,0.4,0.4,0.4,0,1476,7.91,4.82
2026-07-04 05:45:37.818,0.4,0.4,0.4,0.4,0,1478,7.91,4.79
2026-07-04 05:45:38.348,0.4,0.4,0.4,0.4,0,1477,7.91,4.80
2026-07-04 05:45:38.832,0.4,0.4,0.4,0.4,0,1479,7.91,4.78
2026-07-04 05:45:39.334,0.4,0.4,0.4,0.4,0,1481,7.91,4.75
2026-07-04 05:45:39.836,0.4,0.4,0.4,0.4,0,1478,7.91,4.79
2026-07-04 05:45:40.316,0.4,0.4,0.4,0.4,0,1479,7.91,4.78
2026-07-04 05:45:40.820,0.4,0.4,0.4,0.4,0,1481,7.91,4.75
2026-07-04 05:45:41.537,0.4,0.4,0.4,0.4,0,1481,7.91,4.75
2026-07-04 05:45:41.820,0.4,0.4,0.4,0.4,0,1480,7.91,4.76
2026-07-04 05:45:41.822,0.4,0.4,0.4,0.4,0,1480,7.91,4.76
2026-07-04 05:45:42.318,0.4,0.4,0.4,0.4,0,1480,7.91,4.76
2026-07-04 05:45:42.819,0.4,0.4,0.4,0.4,0,1479,7.91,4.78
2026-07-04 05:45:43.349,0.4,0.4,0.4,0.4,0,1480,7.91,4.76
2026-07-04 05:45:43.851,0.4,0.4,0.4,0.4,0,1477,7.91,4.80
2026-07-04 05:45:44.348,0.4,0.4,0.4,0.4,0,1479,7.91,4.78
2026-07-04 05:45:44.849,0.4,0.4,0.4,0.4,0,1479,7.91,4.78
2026-07-04 05:45:45.328,0.4,0.4,0.4,0.4,0,1476,7.91,4.82
2026-07-04 05:45:45.851,0.4,0.4,0.4,0.4,0,1478,7.91,4.79
2026-07-04 05:45:46.350,0.4,0.4,0.4,0.4,0,1479,7.91,4.78
2026-07-04 05:45:46.814,0.4,0.4,0.4,0.4,0,1480,7.91,4.76
2026-07-04 05:45:47.338,0.4,0.4,0.4,0.4,0,1480,7.91,4.76
2026-07-04 05:45:47.868,0.4,0.4,0.4,0.4,0,1480,7.91,4.76
2026-07-04 05:45:48.329,0.4,0.4,0.4,0.4,0,1477,7.91,4.80
2026-07-04 05:45:48.838,0.4,0.4,0.4,0.4,0,1475,7.91,4.83
2026-07-04 05:45:49.343,0.4,0.4,0.4,0.4,0,1477,7.91,4.80
2026-07-04 05:45:49.848,0.4,0.4,0.4,0.4,0,1480,7.91,4.76
2026-07-04 05:45:50.317,0.4,0.4,0.4,0.4,0,1480,7.91,4.76
2026-07-04 05:45:50.802,0.4,0.4,0.4,0.4,0,1478,7.91,4.79
2026-07-04 05:45:51.360,0.4,0.4,0.4,0.4,0,1480,7.91,4.76
2026-07-04 05:45:51.807,0.4,0.4,0.4,0.4,0,1479,7.91,4.78
2026-07-04 05:45:52.348,0.4,0.4,0.4,0.4,0,1479,7.91,4.78
2026-07-04 05:45:52.838,0.4,0.4,0.4,0.4,0,1478,7.91,4.79
2026-07-04 05:45:53.340,0.4,0.4,0.4,0.4,0,1480,7.91,4.76
2026-07-04 05:45:53.848,0.4,0.4,0.4,0.4,0,1478,7.91,4.79
2026-07-04 05:45:54.315,0.4,0.4,0.4,0.4,0,1480,7.91,4.76
2026-07-04 05:45:54.820,0.4,0.4,0.4,0.4,0,1478,7.91,4.79
2026-07-04 05:45:55.308,0.4,0.4,0.4,0.4,0,1479,7.91,4.78
2026-07-04 05:45:55.819,0.4,0.4,0.4,0.4,0,1476,7.91,4.82
2026-07-04 05:45:56.332,0.4,0.4,0.4,0.4,0,1479,7.91,4.78
2026-07-04 05:45:56.820,0.4,0.4,0.4,0.4,0,1478,7.91,4.79
2026-07-04 05:45:57.312,0.4,0.4,0.4,0.4,0,1479,7.91,4.78
2026-07-04 05:45:57.810,0.4,0.4,0.4,0.4,0,1481,7.91,4.75
2026-07-04 05:45:58.320,0.4,0.4,0.4,0.4,0,1479,7.91,4.78
2026-07-04 05:45:58.836,0.4,0.4,0.4,0.4,0,1478,7.91,4.79
2026-07-04 05:45:59.310,0.4,0.4,0.4,0.4,0,1480,7.91,4.76
2026-07-04 05:45:59.812,0.4,0.4,0.4,0.4,0,1479,7.91,4.78
2026-07-04 05:46:00.318,0.4,0.4,0.4,0.4,0,1479,7.91,4.78
2026-07-04 05:46:00.818,0.4,0.4,0.4,0.4,0,1477,7.91,4.80
2026-07-04 05:46:01.330,0.4,0.4,0.4,0.4,0,1479,7.91,4.78
2026-07-04 05:46:01.846,0.4,0.4,0.4,0.4,0,1478,7.91,4.79
2026-07-04 05:46:02.328,0.4,0.4,0.4,0.4,0,1476,7.91,4.82
2026-07-04 05:46:02.818,0.4,0.4,0.4,0.4,0,1482,7.91,4.73
2026-07-04 05:46:03.322,0.4,0.4,0.4,0.4,0,1480,7.91,4.76
2026-07-04 05:46:03.834,0.4,0.4,0.4,0.4,0,1479,7.91,4.78
2026-07-04 05:46:04.332,0.4,0.4,0.4,0.4,0,1479,7.91,4.78
2026-07-04 05:46:04.841,0.4,0.4,0.4,0.4,0,1474,7.91,4.85
2026-07-04 05:46:05.350,0.4,0.4,0.4,0.4,0,1477,7.91,4.80
2026-07-04 05:46:05.848,0.4,0.4,0.4,0.4,0,1474,7.91,4.85
2026-07-04 05:46:06.350,0.4,0.4,0.4,0.4,0,1480,7.91,4.76
2026-07-04 05:46:06.848,0.4,0.4,0.4,0.4,0,1481,7.91,4.75
2026-07-04 05:46:07.817,0.4,0.4,0.4,0.4,0,1477,7.91,4.80
2026-07-04 05:46:07.817,0.4,0.4,0.4,0.4,0,1480,7.91,4.76
2026-07-04 05:46:08.331,0.4,0.4,0.4,0.4,0,1478,7.91,4.79
2026-07-04 05:46:08.848,0.4,0.4,0.4,0.4,0,1478,7.91,4.79
2026-07-04 05:46:09.333,0.4,0.4,0.4,0.4,0,1479,7.91,4.78
2026-07-04 05:46:09.833,0.4,0.4,0.4,0.4,0,1476,7.91,4.82
2026-07-04 05:46:10.332,0.4,0.4,0.4,0.4,0,1479,7.91,4.78
2026-07-04 05:46:10.811,0.4,0.4,0.4,0.4,0,1477,7.91,4.80
2026-07-04 05:46:11.317,0.4,0.4,0.4,0.4,0,1480,7.91,4.76
2026-07-04 05:46:11.818,0.4,0.4,0.4,0.4,0,1476,7.91,4.82
2026-07-04 05:46:12.316,0.4,0.4,0.4,0.4,0,1478,7.91,4.79
2026-07-04 05:46:12.817,0.4,0.4,0.4,0.4,0,1479,7.91,4.78
2026-07-04 05:46:13.566,0.4,0.4,0.4,0.4,0,1479,7.91,4.78
2026-07-04 05:46:13.818,0.4,0.4,0.4,0.4,0,1478,7.91,4.79
2026-07-04 05:46:13.819,0.4,0.4,0.4,0.4,0,1480,7.91,4.76
2026-07-04 05:46:14.318,0.4,0.4,0.4,0.4,0,1480,7.91,4.76
2026-07-04 05:46:14.837,0.4,0.4,0.4,0.4,0,1480,7.91,4.76
2026-07-04 05:46:15.339,0.4,0.4,0.4,0.4,0,1479,7.91,4.78
2026-07-04 05:46:15.848,0.4,0.4,0.4,0.4,0,1479,7.91,4.78
2026-07-04 05:46:16.364,0.4,0.4,0.4,0.4,0,1479,7.91,4.78
2026-07-04 05:46:16.818,0.4,0.4,0.4,0.4,0,1479,7.91,4.78
2026-07-04 05:46:17.367,0.4,0.4,0.4,0.4,0,1479,7.91,4.78
2026-07-04 05:46:17.836,0.4,0.4,0.4,0.4,0,1477,7.91,4.80
2026-07-04 05:46:18.341,0.4,0.4,0.4,0.4,0,1479,7.91,4.78
2026-07-04 05:46:18.866,0.4,0.4,0.4,0.4,0,1477,7.91,4.80
2026-07-04 05:46:19.365,0.4,0.4,0.4,0.4,0,1478,7.91,4.79
2026-07-04 05:46:19.861,0.4,0.4,0.4,0.4,0,1476,7.91,4.82
2026-07-04 05:46:20.332,0.4,0.4,0.4,0.4,0,1480,7.91,4.76
2026-07-04 05:46:20.835,0.4,0.4,0.4,0.4,0,1479,7.91,4.78
2026-07-04 05:46:21.818,0.4,0.4,0.4,0.4,0,1476,7.91,4.82
2026-07-04 05:46:21.879,0.4,0.4,0.4,0.4,0,1479,7.91,4.78
2026-07-04 05:46:22.316,0.4,0.4,0.4,0.4,0,1479,7.91,4.78
2026-07-04 05:46:22.860,0.4,0.4,0.4,0.4,0,1478,7.91,4.79
2026-07-04 05:46:23.376,0.4,0.4,0.4,0.4,0,1477,7.91,4.80
2026-07-04 05:46:23.836,0.4,0.4,0.4,0.4,0,1481,7.91,4.75
2026-07-04 05:46:24.341,0.4,0.4,0.4,0.0,0,1479,7.91,4.78
2026-07-04 05:46:24.838,0.4,0.4,0.4,0.4,0,1478,7.91,4.79
2026-07-04 05:46:25.342,0.4,0.4,0.4,0.4,0,1477,7.91,4.80
2026-07-04 05:46:25.847,0.4,0.4,0.4,0.4,0,1477,7.91,4.80
2026-07-04 05:46:26.349,0.4,0.4,0.4,0.4,0,1477,7.91,4.80
2026-07-04 05:46:26.818,0.4,0.4,0.4,0.4,0,1478,7.91,4.79
2026-07-04 05:46:27.317,0.4,0.4,0.4,0.4,0,1479,7.91,4.78
2026-07-04 05:46:27.884,0.4,0.4,0.4,0.4,0,1478,7.91,4.79
2026-07-04 05:46:28.377,0.4,0.4,0.4,0.4,0,1478,7.91,4.79
2026-07-04 05:46:28.861,0.4,0.4,0.4,0.4,0,1478,7.91,4.79
2026-07-04 05:46:29.367,0.4,0.4,0.4,0.4,0,1479,7.91,4.78
2026-07-04 05:46:29.882,0.4,0.4,0.4,0.4,0,1476,7.91,4.82
2026-07-04 05:46:30.349,0.4,0.4,0.4,0.4,0,1478,7.91,4.79
2026-07-04 05:46:30.848,0.4,0.4,0.4,0.4,0,1856,7.91,-0.75
2026-07-04 05:46:31.332,0.4,0.4,0.4,0.4,0,1478,7.91,4.79
2026-07-04 05:46:31.864,0.4,0.4,0.4,0.4,0,1478,7.91,4.79
2026-07-04 05:46:32.364,0.4,0.4,0.4,0.4,0,1479,7.91,4.78
2026-07-04 05:46:32.889,0.4,0.4,0.4,0.4,0,1479,7.91,4.78
2026-07-04 05:46:33.341,0.4,0.4,0.4,0.4,0,1479,7.91,4.78
2026-07-04 05:46:33.884,0.4,0.4,0.4,0.4,0,1480,7.91,4.76
2026-07-04 05:46:34.380,0.4,0.4,0.4,0.4,0,1476,7.91,4.82
2026-07-04 05:46:34.839,0.4,0.4,0.4,0.4,0,1479,7.91,4.78
2026-07-04 05:46:35.346,0.4,0.4,0.4,0.4,0,1476,7.91,4.82
2026-07-04 05:46:35.866,0.4,0.4,0.4,0.4,0,1856,7.91,-0.75
2026-07-04 05:46:36.370,0.4,0.4,0.4,0.4,0,1477,7.91,4.80
2026-07-04 05:46:36.868,0.4,0.4,0.4,0.4,0,1480,7.91,4.76
2026-07-04 05:46:37.382,0.4,0.4,0.4,0.4,0,1477,7.91,4.80
2026-07-04 05:46:37.877,0.4,0.4,0.4,0.4,0,1478,7.91,4.79
2026-07-04 05:46:38.395,0.4,0.4,0.4,0.4,0,1477,7.91,4.80
2026-07-04 05:46:38.848,0.4,0.4,0.4,0.4,0,1474,7.91,4.85
2026-07-04 05:46:39.335,0.4,0.4,0.4,0.4,0,1478,7.91,4.79
2026-07-04 05:46:39.876,0.4,0.4,0.4,0.4,0,1479,7.91,4.78
2026-07-04 05:46:40.340,0.4,0.4,0.4,0.4,0,1476,7.91,4.82
2026-07-04 05:46:40.871,0.4,0.4,0.4,0.4,0,1471,7.91,4.89
2026-07-04 05:46:41.364,0.4,0.4,0.4,0.4,0,1478,7.91,4.79
2026-07-04 05:46:41.863,0.4,0.4,0.4,0.4,0,1479,7.91,4.78
2026-07-04 05:46:42.332,0.4,0.4,0.4,0.4,0,1478,7.91,4.79
2026-07-04 05:46:42.850,0.4,0.4,0.4,0.4,0,1478,7.91,4.79
2026-07-04 05:46:43.334,0.4,0.4,0.4,0.4,0,1475,7.91,4.83
2026-07-04 05:46:43.878,0.4,0.4,0.4,0.4,0,1475,7.91,4.83
2026-07-04 05:46:44.365,0.4,0.4,0.4,0.4,0,1478,7.91,4.79
2026-07-04 05:46:44.864,0.4,0.4,0.4,0.0,0,1479,7.91,4.78
2026-07-04 05:46:45.371,0.4,0.4,0.4,0.4,0,1476,7.91,4.82
2026-07-04 05:46:45.836,0.4,0.4,0.4,0.4,0,1476,7.91,4.82
2026-07-04 05:46:46.360,0.4,0.4,0.4,0.4,0,1478,7.91,4.79
2026-07-04 05:46:46.867,0.4,0.4,0.4,0.4,0,1478,7.91,4.79
2026-07-04 05:46:47.372,0.4,0.4,0.4,0.4,0,1477,7.91,4.80
2026-07-04 05:46:47.898,0.4,0.4,0.4,0.4,0,1477,7.91,4.80
2026-07-04 05:46:48.349,0.4,0.4,0.4,0.4,0,1479,7.91,4.78
2026-07-04 05:46:48.853,0.4,0.4,0.4,0.4,0,1479,7.91,4.78
2026-07-04 05:46:49.337,0.4,0.4,0.4,0.4,0,1476,7.91,4.82
2026-07-04 05:46:49.847,0.4,0.4,0.4,0.4,0,1475,7.91,4.83
2026-07-04 05:46:50.350,0.4,0.4,0.4,0.4,0,1480,7.91,4.76
2026-07-04 05:46:50.848,0.4,0.4,0.4,0.4,0,1475,7.91,4.83
2026-07-04 05:46:51.336,0.4,0.4,0.4,0.4,0,1474,7.91,4.85
2026-07-04 05:46:51.896,0.4,0.4,0.4,0.4,0,1478,7.91,4.79
2026-07-04 05:46:52.331,0.4,0.4,0.4,0.4,0,1477,7.91,4.80
2026-07-04 05:46:52.860,0.4,0.4,0.4,0.4,0,1476,7.91,4.82
2026-07-04 05:46:53.362,0.4,0.4,0.4,0.4,0,1475,7.91,4.83
2026-07-04 05:46:53.879,0.4,0.4,0.4,0.4,0,1478,7.91,4.79
2026-07-04 05:46:54.367,0.4,0.4,0.4,0.4,0,1476,7.91,4.82
2026-07-04 05:46:54.864,0.4,0.4,0.4,0.4,0,1475,7.91,4.83
2026-07-04 05:46:55.345,0.4,0.4,0.4,0.4,0,1477,7.91,4.80
2026-07-04 05:46:55.879,0.4,0.4,0.4,0.4,0,1476,7.91,4.82
2026-07-04 05:46:56.375,0.4,0.4,0.4,0.4,0,1479,7.91,4.78
2026-07-04 05:46:56.870,0.4,0.4,0.4,0.0,0,1477,7.91,4.80
2026-07-04 05:46:57.383,0.4,0.4,0.4,0.0,0,1475,7.91,4.83
2026-07-04 05:46:57.878,0.4,0.4,0.4,0.0,0,1475,7.91,4.83
2026-07-04 05:46:58.378,0.4,0.4,0.4,0.0,0,1476,7.91,4.82
2026-07-04 05:46:59.068,0.4,0.4,0.4,0.0,0,1476,7.91,4.82
2026-07-04 05:46:59.382,0.4,0.4,0.4,0.0,0,1477,7.91,4.80
2026-07-04 05:46:59.383,0.4,0.4,0.4,0.4,0,1856,7.91,-0.75
2026-07-04 05:46:59.878,0.4,0.4,0.4,0.4,0,1476,7.91,4.82
2026-07-04 05:47:00.348,0.4,0.4,0.4,0.4,0,1477,7.91,4.80
2026-07-04 05:47:00.897,0.4,0.4,0.4,0.4,0,1478,7.91,4.79
2026-07-04 05:47:01.373,0.4,0.4,0.4,0.4,0,1476,7.91,4.82
2026-07-04 05:47:01.837,0.4,0.4,0.4,0.4,0,1475,7.91,4.83
2026-07-04 05:47:02.395,0.4,0.4,0.4,0.4,0,1477,7.91,4.80
2026-07-04 05:47:02.896,0.4,0.4,0.4,0.4,0,1474,7.91,4.85
2026-07-04 05:47:03.395,0.4,0.4,0.4,0.4,0,1472,7.91,4.88
2026-07-04 05:47:03.893,0.4,0.4,0.4,0.4,0,1476,7.91,4.82
2026-07-04 05:47:04.339,0.4,0.4,0.4,0.4,0,1473,7.91,4.86
2026-07-04 05:47:04.878,0.4,0.4,0.4,0.4,0,1474,7.91,4.85
2026-07-04 05:47:05.378,0.4,0.4,0.4,0.4,0,1474,7.91,4.85
2026-07-04 05:47:05.878,0.4,0.4,0.4,0.4,0,1478,7.91,4.79
2026-07-04 05:47:06.390,0.4,0.4,0.4,0.4,0,1477,7.91,4.80
2026-07-04 05:47:06.838,0.4,0.4,0.4,0.0,0,1476,7.91,4.82
2026-07-04 05:47:07.342,0.4,0.4,0.4,0.0,0,1472,7.91,4.88
2026-07-04 05:47:07.897,0.4,0.4,0.4,0.0,0,1476,7.91,4.82
2026-07-04 05:47:08.370,0.4,0.4,0.4,0.4,0,1474,7.91,4.85
2026-07-04 05:47:08.880,0.4,0.4,0.4,0.4,0,1474,7.91,4.85
2026-07-04 05:47:09.378,0.4,0.4,0.4,0.4,0,1473,7.91,4.86
2026-07-04 05:47:09.871,0.4,0.4,0.4,0.4,0,1479,7.91,4.78
2026-07-04 05:47:10.344,0.4,0.4,0.4,0.4,0,1477,7.91,4.80
2026-07-04 05:47:10.897,0.4,0.4,0.4,0.4,0,1477,7.91,4.80
2026-07-04 05:47:11.383,0.4,0.4,0.4,0.4,0,1473,7.91,4.86
2026-07-04 05:47:11.879,0.4,0.4,0.4,0.4,0,1477,7.91,4.80
2026-07-04 05:47:12.364,0.4,0.4,0.4,0.4,0,1478,7.91,4.79
2026-07-04 05:47:12.903,0.4,0.4,0.4,0.4,0,1475,7.91,4.83
2026-07-04 05:47:13.388,0.4,0.4,0.4,0.4,0,1476,7.91,4.82
2026-07-04 05:47:13.889,0.4,0.4,0.4,0.4,0,1477,7.91,4.80
2026-07-04 05:47:14.349,0.4,0.4,0.4,0.4,0,1474,7.91,4.85
2026-07-04 05:47:14.887,0.4,0.4,0.4,0.4,0,1474,7.91,4.85
2026-07-04 05:47:15.367,0.4,0.4,0.4,0.4,0,1477,7.91,4.80
2026-07-04 05:47:15.865,0.4,0.4,0.4,0.4,0,1475,7.91,4.83
2026-07-04 05:47:16.390,0.4,0.4,0.4,0.4,0,1473,7.91,4.86
2026-07-04 05:47:16.905,0.4,0.4,0.4,0.0,0,1475,7.91,4.83
2026-07-04 05:47:17.380,0.4,0.4,0.4,0.0,0,1475,7.91,4.83
2026-07-04 05:47:17.883,0.4,0.4,0.4,0.0,0,1477,7.91,4.80
2026-07-04 05:47:18.378,0.4,0.4,0.4,0.0,0,1475,7.91,4.83
2026-07-04 05:47:18.868,0.4,0.4,0.4,0.4,0,1474,7.91,4.85
2026-07-04 05:47:19.378,0.4,0.4,0.4,0.4,0,1477,7.91,4.80
2026-07-04 05:47:19.897,0.4,0.4,0.4,0.4,0,1477,7.91,4.80
2026-07-04 05:47:20.396,0.4,0.4,0.4,0.4,0,1472,7.91,4.88
2026-07-04 05:47:20.871,0.4,0.4,0.4,0.4,0,1476,7.91,4.82
2026-07-04 05:47:21.369,0.4,0.4,0.4,0.4,0,1477,7.91,4.80
2026-07-04 05:47:21.880,0.4,0.4,0.4,0.4,0,1477,7.91,4.80
2026-07-04 05:47:22.888,0.4,0.4,0.4,0.4,0,1474,7.91,4.85
2026-07-04 05:47:22.889,0.4,0.4,0.4,0.4,0,1477,7.91,4.80
2026-07-04 05:47:23.401,0.4,0.4,0.4,0.4,0,1472,7.91,4.88
2026-07-04 05:47:23.878,0.4,0.4,0.4,0.4,0,1472,7.91,4.88
2026-07-04 05:47:24.363,0.4,0.4,0.4,0.4,0,1474,7.91,4.85
2026-07-04 05:47:24.889,0.4,0.4,0.4,0.4,0,1472,7.91,4.88
2026-07-04 05:47:25.400,0.4,0.4,0.4,0.4,0,1473,7.91,4.86
2026-07-04 05:47:25.879,0.4,0.4,0.4,0.0,0,1474,7.91,4.85
2026-07-04 05:47:26.380,0.4,0.4,0.4,0.0,0,1471,7.91,4.89
2026-07-04 05:47:26.862,0.4,0.4,0.4,0.0,0,1474,7.91,4.85
2026-07-04 05:47:27.369,0.4,0.4,0.4,0.0,0,1473,7.91,4.86
2026-07-04 05:47:27.867,0.4,0.4,0.4,0.0,0,1475,7.91,4.83
2026-07-04 05:47:28.413,0.4,0.4,0.4,0.0,0,1475,7.91,4.83
2026-07-04 05:47:28.867,0.4,0.4,0.4,0.0,0,1473,7.91,4.86
2026-07-04 05:47:29.370,0.4,0.4,0.4,0.4,0,1478,7.91,4.79
2026-07-04 05:47:29.868,0.4,0.4,0.4,0.4,0,1473,7.91,4.86
2026-07-04 05:47:30.378,0.4,0.4,0.4,0.4,0,1472,7.91,4.88
2026-07-04 05:47:30.914,0.4,0.4,0.4,0.4,0,1473,7.91,4.86
2026-07-04 05:47:31.411,0.4,0.4,0.4,0.4,0,1474,7.91,4.85
2026-07-04 05:47:31.878,0.4,0.4,0.4,0.4,0,1474,7.91,4.85
2026-07-04 05:47:32.380,0.4,0.4,0.4,0.4,0,1474,7.91,4.85
2026-07-04 05:47:32.880,0.4,0.4,0.4,0.4,0,1474,7.91,4.85
2026-07-04 05:47:33.398,0.4,0.4,0.4,0.4,0,1472,7.91,4.88
2026-07-04 05:47:33.888,0.4,0.4,0.4,0.4,0,1856,7.91,-0.75
2026-07-04 05:47:34.414,0.4,0.4,0.4,0.4,0,1476,7.91,4.82
2026-07-04 05:47:34.898,0.4,0.4,0.4,0.4,0,1473,7.91,4.86
2026-07-04 05:47:35.399,0.4,0.4,0.4,0.4,0,1474,7.91,4.85
2026-07-04 05:47:35.896,0.4,0.4,0.4,0.4,0,1474,7.91,4.85
2026-07-04 05:47:36.394,0.4,0.4,0.4,0.4,0,1475,7.91,4.83
2026-07-04 05:47:36.869,0.4,0.4,0.4,0.4,0,1478,7.91,4.79
2026-07-04 05:47:37.372,0.4,0.4,0.4,0.0,0,1856,7.91,-0.75
2026-07-04 05:47:37.869,0.4,0.4,0.4,0.4,0,1472,7.91,4.88
2026-07-04 05:47:38.411,0.4,0.4,0.4,0.4,0,1473,7.91,4.86
2026-07-04 05:47:38.898,0.4,0.4,0.4,0.4,0,1474,7.91,4.85
2026-07-04 05:47:39.397,0.4,0.4,0.4,0.4,0,1475,7.91,4.83
2026-07-04 05:47:39.916,0.4,0.4,0.4,0.4,0,1472,7.91,4.88
2026-07-04 05:47:40.385,0.4,0.4,0.4,0.4,0,1473,7.91,4.86
2026-07-04 05:47:40.900,0.4,0.4,0.4,0.4,0,1476,7.91,4.82
2026-07-04 05:47:41.378,0.4,0.4,0.4,0.4,0,1475,7.91,4.83
2026-07-04 05:47:41.884,0.4,0.4,0.4,0.4,0,1478,7.91,4.79
2026-07-04 05:47:42.867,0.4,0.4,0.4,0.4,0,1475,7.91,4.83
2026-07-04 05:47:42.868,0.4,0.4,0.4,0.4,0,1473,7.91,4.86
2026-07-04 05:47:43.398,0.4,0.4,0.4,0.4,0,1474,7.91,4.85
2026-07-04 05:47:43.855,0.4,0.4,0.4,0.4,0,1477,7.91,4.80
2026-07-04 05:47:44.371,0.4,0.4,0.4,0.4,0,1474,7.91,4.85
2026-07-04 05:47:44.897,0.4,0.4,0.4,0.4,0,1475,7.91,4.83
2026-07-04 05:47:45.379,0.4,0.4,0.4,0.4,0,1475,7.91,4.83
2026-07-04 05:47:45.878,0.4,0.4,0.4,0.4,0,1474,7.91,4.85
2026-07-04 05:47:46.378,0.4,0.4,0.4,0.4,0,1474,7.91,4.85
2026-07-04 05:47:46.911,0.4,0.4,0.4,0.4,0,1477,7.91,4.80
2026-07-04 05:47:47.375,0.4,0.4,0.4,0.4,0,1474,7.91,4.85
2026-07-04 05:47:47.884,0.4,0.4,0.4,0.4,0,1476,7.91,4.82
2026-07-04 05:47:48.400,0.4,0.4,0.4,0.4,0,1476,7.91,4.82
2026-07-04 05:47:48.886,0.4,0.4,0.4,0.4,0,1473,7.91,4.86
2026-07-04 05:47:49.379,0.4,0.4,0.4,0.4,0,1470,7.91,4.91
2026-07-04 05:47:49.916,0.4,0.4,0.4,0.4,0,1475,7.91,4.83
2026-07-04 05:47:50.370,0.4,0.4,0.4,0.4,0,1473,7.91,4.86
2026-07-04 05:47:50.883,0.4,0.4,0.4,0.4,0,1475,7.91,4.83
2026-07-04 05:47:51.365,0.4,0.4,0.4,0.4,0,1475,7.91,4.83
2026-07-04 05:47:51.915,0.4,0.4,0.4,0.4,0,1473,7.91,4.86
2026-07-04 05:47:52.413,0.4,0.4,0.4,0.4,0,1474,7.91,4.85
2026-07-04 05:47:52.908,0.4,0.4,0.4,0.4,0,1471,7.91,4.89
2026-07-04 05:47:53.404,0.4,0.4,0.4,0.4,0,1473,7.91,4.86
2026-07-04 05:47:53.902,0.4,0.4,0.4,0.4,0,1473,7.91,4.86
2026-07-04 05:47:54.380,0.4,0.4,0.4,0.4,0,1472,7.91,4.88
2026-07-04 05:47:54.915,0.4,0.4,0.4,0.4,0,1470,7.91,4.91
2026-07-04 05:47:55.412,0.4,0.4,0.4,0.4,0,1469,7.91,4.92
2026-07-04 05:47:55.912,0.4,0.4,0.4,0.4,0,1471,7.91,4.89
2026-07-04 05:47:56.399,0.4,0.4,0.4,0.0,0,1475,7.91,4.83
2026-07-04 05:47:56.897,0.4,0.4,0.4,0.0,0,1475,7.91,4.83
2026-07-04 05:47:57.399,0.4,0.4,0.4,0.4,0,1471,7.91,4.89
2026-07-04 05:47:57.917,0.4,0.4,0.4,0.4,0,1475,7.91,4.83
2026-07-04 05:47:58.380,0.4,0.4,0.4,0.4,0,1472,7.91,4.88
2026-07-04 05:47:58.866,0.4,0.4,0.4,0.4,0,1470,7.91,4.91
2026-07-04 05:47:59.419,0.4,0.4,0.4,0.4,0,1472,7.91,4.88
2026-07-04 05:47:59.916,0.4,0.4,0.4,0.4,0,1475,7.91,4.83
2026-07-04 05:48:00.376,0.4,0.4,0.4,0.4,0,1472,7.91,4.88
2026-07-04 05:48:00.889,0.4,0.4,0.4,0.4,0,1475,7.91,4.83
2026-07-04 05:48:01.416,0.4,0.4,0.4,0.4,0,1474,7.91,4.85
2026-07-04 05:48:01.910,0.4,0.4,0.4,0.4,0,1475,7.91,4.83
2026-07-04 05:48:02.382,0.4,0.4,0.4,0.4,0,1473,7.91,4.86
2026-07-04 05:48:02.918,0.4,0.4,0.4,0.4,0,1468,7.91,4.94
2026-07-04 05:48:03.429,0.4,0.4,0.4,0.4,0,1474,7.91,4.85
2026-07-04 05:48:03.922,0.4,0.4,0.4,0.4,0,1476,7.91,4.82
2026-07-04 05:48:04.423,0.4,0.4,0.4,0.4,0,1477,7.91,4.80
2026-07-04 05:48:04.891,0.4,0.4,0.4,0.4,2,1472,7.88,4.88
2026-07-04 05:48:05.392,0.4,0.4,0.4,0.4,2,1472,7.88,4.88
2026-07-04 05:48:05.898,0.4,0.4,0.4,0.4,2,1477,7.88,4.80
2026-07-04 05:48:06.397,0.4,0.4,0.4,0.4,2,1474,7.88,4.85
2026-07-04 05:48:06.898,0.6,0.4,0.4,0.4,23,1472,7.57,4.88
2026-07-04 05:48:07.428,0.8,0.4,0.4,0.4,89,1473,6.61,4.86
2026-07-04 05:48:07.932,0.9,0.4,0.4,0.4,201,1476,4.97,4.82
2026-07-04 05:48:08.389,1.1,0.4,0.4,0.4,293,1470,3.62,4.91
2026-07-04 05:48:08.897,1.2,0.4,0.4,0.4,390,1474,2.20,4.85
2026-07-04 05:48:09.427,1.3,0.4,0.4,0.4,466,1473,1.08,4.86
2026-07-04 05:48:09.931,1.4,0.4,0.4,0.4,533,1472,0.10,4.88
2026-07-04 05:48:10.407,1.4,0.4,0.4,0.4,587,1471,-0.69,4.89
2026-07-04 05:48:10.928,1.5,0.4,0.4,0.4,614,1472,-1.08,4.88
2026-07-04 05:48:11.372,1.4,0.4,0.4,0.4,616,1471,-1.11,4.89
2026-07-04 05:48:11.883,1.4,0.4,0.4,0.4,618,1471,-1.14,4.89
2026-07-04 05:48:12.380,1.4,0.4,0.4,0.4,608,1471,-1.00,4.89
2026-07-04 05:48:12.882,1.4,0.4,0.4,0.4,619,1473,-1.16,4.86
2026-07-04 05:48:13.397,1.4,0.4,0.4,0.4,604,1472,-0.94,4.88
2026-07-04 05:48:13.898,1.4,0.4,0.4,0.4,593,1470,-0.78,4.91
2026-07-04 05:48:14.413,1.5,0.4,0.4,0.4,607,1471,-0.98,4.89
2026-07-04 05:48:14.912,1.4,0.4,0.4,0.4,625,1470,-1.25,4.91
2026-07-04 05:48:15.412,1.4,0.4,0.4,0.4,614,1471,-1.08,4.89
2026-07-04 05:48:15.909,1.3,0.4,0.4,0.4,601,1472,-0.89,4.88
2026-07-04 05:48:16.410,1.3,0.4,0.4,0.4,566,1470,-0.38,4.91
2026-07-04 05:48:16.929,1.2,0.4,0.4,0.4,530,1472,0.15,4.88
2026-07-04 05:48:17.398,1.2,0.4,0.4,0.0,483,1471,0.83,4.89
2026-07-04 05:48:17.877,1.1,0.4,0.4,0.0,469,1474,1.04,4.85
2026-07-04 05:48:18.428,1.0,0.4,0.4,0.0,425,1469,1.68,4.92
2026-07-04 05:48:18.912,0.9,0.4,0.4,0.0,365,1468,2.56,4.94
2026-07-04 05:48:19.410,0.8,0.4,0.4,0.0,292,1472,3.63,4.88
2026-07-04 05:48:19.892,0.7,0.4,0.4,0.0,226,1473,4.60,4.86
2026-07-04 05:48:20.395,0.6,0.4,0.4,0.4,170,1473,5.42,4.86
2026-07-04 05:48:20.897,0.5,0.4,0.4,0.4,122,1472,6.12,4.88
2026-07-04 05:48:21.428,0.5,0.4,0.4,0.4,85,1471,6.67,4.89
2026-07-04 05:48:21.926,0.4,0.4,0.4,0.4,53,1471,7.13,4.89
2026-07-04 05:48:22.426,0.4,0.4,0.4,0.4,32,1472,7.44,4.88
2026-07-04 05:48:22.888,0.4,0.4,0.4,0.4,5,1473,7.84,4.86
2026-07-04 05:48:23.391,0.4,0.4,0.4,0.4,0,1471,7.91,4.89
2026-07-04 05:48:23.901,0.4,0.4,0.4,0.4,0,1471,7.91,4.89
2026-07-04 05:48:24.381,0.4,0.4,0.4,0.4,0,1476,7.91,4.82
2026-07-04 05:48:24.925,0.4,0.4,0.4,0.4,0,1471,7.91,4.89
2026-07-04 05:48:25.426,0.4,0.4,0.4,0.4,0,1473,7.91,4.86
2026-07-04 05:48:25.898,0.4,0.4,0.4,0.4,0,1472,7.91,4.88
2026-07-04 05:48:26.396,0.4,0.4,0.4,0.4,0,1472,7.91,4.88
2026-07-04 05:48:26.902,0.4,0.4,0.4,0.4,0,1471,7.91,4.89
2026-07-04 05:48:27.400,0.4,0.4,0.4,0.4,0,1474,7.91,4.85
2026-07-04 05:48:27.895,0.4,0.4,0.4,0.4,0,1473,7.91,4.86
2026-07-04 05:48:28.429,0.4,0.4,0.4,0.4,0,1472,7.91,4.88
2026-07-04 05:48:28.919,0.4,0.4,0.4,0.4,0,1477,7.91,4.80
2026-07-04 05:48:29.420,0.4,0.4,0.4,0.4,0,1474,7.91,4.85
2026-07-04 05:48:29.898,0.4,0.4,0.4,0.4,0,1471,7.91,4.89
2026-07-04 05:48:30.431,0.4,0.4,0.4,0.4,0,1472,7.91,4.88
2026-07-04 05:48:30.914,0.4,0.4,0.4,0.4,0,1474,7.91,4.85
2026-07-04 05:48:31.411,0.4,0.4,0.4,0.4,0,1473,7.91,4.86
2026-07-04 05:48:31.911,0.4,0.4,0.4,0.4,0,1470,7.91,4.91
2026-07-04 05:48:32.419,0.4,0.4,0.4,0.4,0,1471,7.91,4.89
2026-07-04 05:48:32.884,0.4,0.4,0.4,0.4,0,1473,7.91,4.86
2026-07-04 05:48:33.428,0.4,0.4,0.4,0.4,0,1471,7.91,4.89
2026-07-04 05:48:33.929,0.4,0.4,0.4,0.4,0,1474,7.91,4.85
2026-07-04 05:48:34.390,0.4,0.4,0.4,0.4,0,1471,7.91,4.89
2026-07-04 05:48:34.898,0.4,0.4,0.4,0.4,0,1472,7.91,4.88
2026-07-04 05:48:35.441,0.4,0.4,0.4,0.4,0,1473,7.91,4.86
2026-07-04 05:48:35.939,0.4,0.4,0.4,0.4,0,1471,7.91,4.89
2026-07-04 05:48:36.409,0.4,0.4,0.4,0.4,0,1470,7.91,4.91
2026-07-04 05:48:36.904,0.4,0.4,0.4,0.4,0,1465,7.91,4.98
2026-07-04 05:48:37.398,0.4,0.4,0.4,0.4,0,1472,7.91,4.88
2026-07-04 05:48:37.900,0.4,0.4,0.4,0.4,0,1470,7.91,4.91
2026-07-04 05:48:38.445,0.4,0.4,0.4,0.4,0,1474,7.91,4.85
2026-07-04 05:48:38.939,0.4,0.4,0.4,0.4,0,1473,7.91,4.86
2026-07-04 05:48:39.397,0.4,0.4,0.4,0.4,0,1473,7.91,4.86
2026-07-04 05:48:39.920,0.4,0.4,0.4,0.4,0,1473,7.91,4.86
2026-07-04 05:48:40.408,0.4,0.4,0.4,0.4,0,1469,7.91,4.92
2026-07-04 05:48:40.920,0.4,0.4,0.4,0.4,0,1473,7.91,4.86
2026-07-04 05:48:41.428,0.4,0.4,0.4,0.4,0,1474,7.91,4.85
2026-07-04 05:48:41.948,0.4,0.4,0.4,0.4,0,1470,7.91,4.91
2026-07-04 05:48:42.413,0.4,0.4,0.4,0.4,0,1864,7.91,-0.86
2026-07-04 05:48:42.910,0.4,0.4,0.4,0.4,0,1471,7.91,4.89
2026-07-04 05:48:43.392,0.4,0.4,0.4,0.4,0,1470,7.91,4.91
2026-07-04 05:48:43.901,0.4,0.4,0.4,0.4,0,1863,7.91,-0.85
2026-07-04 05:48:44.400,0.4,0.4,0.4,0.4,0,1474,7.91,4.85
2026-07-04 05:48:44.916,0.4,0.4,0.4,0.4,0,1471,7.91,4.89
2026-07-04 05:48:45.413,0.4,0.4,0.4,0.4,0,1472,7.91,4.88
2026-07-04 05:48:45.917,0.4,0.4,0.4,0.4,0,1467,7.91,4.95
2026-07-04 05:48:46.904,0.4,0.4,0.4,0.4,0,1473,7.91,4.86
2026-07-04 05:48:46.962,0.4,0.4,0.4,0.4,0,1470,7.91,4.91
2026-07-04 05:48:47.395,0.4,0.4,0.4,0.4,0,1470,7.91,4.91
2026-07-04 05:48:47.931,0.4,0.4,0.4,0.4,0,1472,7.91,4.88
2026-07-04 05:48:48.429,0.4,0.4,0.4,0.4,0,1471,7.91,4.89
2026-07-04 05:48:48.928,0.4,0.4,0.4,0.4,0,1471,7.91,4.89
2026-07-04 05:48:49.612,0.4,0.4,0.4,0.4,0,1471,7.91,4.89
2026-07-04 05:48:49.898,0.4,0.4,0.4,0.4,0,1472,7.91,4.88
2026-07-04 05:48:49.899,0.4,0.4,0.4,0.4,0,1471,7.91,4.89
2026-07-04 05:48:50.428,0.4,0.4,0.4,0.4,0,1469,7.91,4.92
2026-07-04 05:48:50.931,0.4,0.4,0.4,0.4,0,1473,7.91,4.86
2026-07-04 05:48:51.409,0.4,0.4,0.4,0.4,0,1474,7.91,4.85
2026-07-04 05:48:51.909,0.4,0.4,0.4,0.4,0,1475,7.91,4.83
2026-07-04 05:48:52.439,0.4,0.4,0.4,0.4,0,1472,7.91,4.88
2026-07-04 05:48:52.927,0.4,0.4,0.4,0.4,0,1471,7.91,4.89
2026-07-04 05:48:53.428,0.4,0.4,0.4,0.4,0,1473,7.91,4.86
2026-07-04 05:48:53.922,0.4,0.4,0.4,0.4,0,1470,7.91,4.91
2026-07-04 05:48:54.428,0.4,0.4,0.4,0.4,0,1469,7.91,4.92
2026-07-04 05:48:54.929,0.4,0.4,0.4,0.4,0,1472,7.91,4.88
2026-07-04 05:48:55.428,0.4,0.4,0.4,0.4,0,1460,7.91,5.05
2026-07-04 05:48:55.945,0.4,0.4,0.4,0.4,0,1471,7.91,4.89
2026-07-04 05:48:56.443,0.4,0.4,0.4,0.4,1,1471,7.90,4.89
2026-07-04 05:48:56.918,0.5,0.4,0.4,0.4,1,1470,7.90,4.91
2026-07-04 05:48:57.428,0.5,0.4,0.4,0.4,25,1471,7.54,4.89
2026-07-04 05:48:57.951,0.4,0.4,0.4,0.4,70,1473,6.88,4.86
2026-07-04 05:48:58.445,0.5,0.4,0.4,0.4,20,1472,7.62,4.88
2026-07-04 05:48:58.940,0.6,0.4,0.4,0.4,45,1471,7.25,4.89
2026-07-04 05:48:59.417,0.6,0.4,0.4,0.4,96,1470,6.50,4.91
2026-07-04 05:48:59.933,1.0,0.4,0.4,0.4,103,1471,6.40,4.89
2026-07-04 05:49:00.412,1.4,0.4,0.4,0.4,298,1469,3.54,4.92
2026-07-04 05:49:00.911,1.2,0.4,0.4,0.4,550,1474,-0.15,4.85
2026-07-04 05:49:01.399,1.5,0.4,0.4,0.4,537,1470,0.04,4.91
2026-07-04 05:49:01.959,1.5,0.4,0.4,0.4,608,1469,-1.00,4.92
2026-07-04 05:49:02.458,1.7,0.4,0.4,0.4,677,1471,-2.01,4.89
2026-07-04 05:49:02.939,1.7,0.4,0.4,0.4,708,1469,-2.46,4.92
2026-07-04 05:49:03.419,2.3,0.4,0.4,0.4,774,1470,-3.43,4.91
2026-07-04 05:49:03.929,2.6,0.4,0.4,0.4,1056,1475,-7.56,4.83
2026-07-04 05:49:04.412,2.8,0.4,0.4,0.4,1221,1469,-9.98,4.92
2026-07-04 05:49:04.947,2.9,0.4,0.5,0.4,1358,1472,-11.98,4.88
2026-07-04 05:49:05.413,3.3,0.4,0.6,0.4,1446,1470,-13.27,4.91
2026-07-04 05:49:05.910,3.3,0.4,0.9,0.4,1446,1470,-13.27,4.91
2026-07-04 05:49:06.419,3.6,0.4,1.5,0.4,1784,1470,-18.22,4.91
2026-07-04 05:49:06.928,3.7,0.4,1.5,0.4,1879,1470,-19.61,4.91
2026-07-04 05:49:07.447,3.8,0.4,1.5,0.4,1937,1471,-20.46,4.89
2026-07-04 05:49:07.959,4.1,0.4,1.5,0.4,1982,1470,-21.12,4.91
2026-07-04 05:49:08.445,4.1,0.4,0.0,0.0,1982,1470,-21.12,4.91
2026-07-04 05:49:08.928,4.1,0.4,0.0,0.0,1982,1470,-21.12,4.91
2026-07-04 05:49:09.448,4.7,0.4,0.0,0.0,2438,1470,-27.80,4.91
2026-07-04 05:49:09.954,5.0,0.4,0.0,0.4,2562,1469,-29.62,4.92
2026-07-04 05:49:10.404,5.2,0.4,0.0,0.4,2685,1467,-30.00,4.95
2026-07-04 05:49:10.956,5.3,0.4,0.0,0.4,2791,1468,-30.00,4.94
2026-07-04 05:49:11.413,5.4,0.4,0.0,0.4,2876,1469,-30.00,4.92
2026-07-04 05:49:11.916,5.6,0.4,4.8,0.4,2962,1469,-30.00,4.92
2026-07-04 05:49:12.412,5.6,0.4,4.9,0.4,3030,1470,-30.00,4.91
2026-07-04 05:49:13.470,5.7,0.4,4.9,0.4,3087,1468,-30.00,4.94
2026-07-04 05:49:13.470,5.7,0.4,5.1,0.4,3129,1469,-30.00,4.92
2026-07-04 05:49:13.917,5.8,0.4,5.2,0.4,3149,1469,-30.00,4.92
2026-07-04 05:49:14.418,5.9,0.4,5.2,0.4,3209,1467,-30.00,4.95
2026-07-04 05:49:14.928,5.8,0.4,5.2,0.4,3224,1468,-30.00,4.94
2026-07-04 05:49:15.523,5.9,0.4,5.2,0.0,3230,1469,-30.00,4.92
2026-07-04 05:49:15.960,5.9,0.4,5.2,0.0,3241,1473,-30.00,4.86
2026-07-04 05:49:16.458,5.7,0.4,5.2,0.0,3256,1467,-30.00,4.95
2026-07-04 05:49:16.956,5.5,0.4,5.2,0.0,3189,1470,-30.00,4.91
2026-07-04 05:49:17.450,5.2,0.4,4.8,0.0,3071,1469,-30.00,4.92
2026-07-04 05:49:17.918,4.6,0.4,4.8,0.0,2900,1462,-30.00,5.02
2026-07-04 05:49:18.433,5.0,0.4,4.8,0.0,2581,1457,-29.90,5.10
2026-07-04 05:49:18.958,5.0,0.4,4.8,0.0,2628,1453,-30.00,5.16
2026-07-04 05:49:19.448,5.0,0.4,4.0,0.0,2771,1447,-30.00,5.24
2026-07-04 05:49:19.959,4.6,0.4,4.0,0.0,2722,1434,-30.00,5.43
2026-07-04 05:49:20.446,4.2,0.4,3.3,0.0,2560,1423,-29.59,5.60
2026-07-04 05:49:20.941,3.8,0.4,3.3,0.0,2321,1418,-26.09,5.67
2026-07-04 05:49:21.417,3.4,0.4,2.8,0.0,2082,1415,-22.59,5.71
2026-07-04 05:49:21.928,3.0,0.4,2.6,0.0,1837,1404,-19.00,5.87
2026-07-04 05:49:22.430,2.8,0.4,2.4,0.0,1620,1403,-15.82,5.89
2026-07-04 05:49:22.926,2.5,0.4,2.3,0.0,1461,1403,-13.49,5.89
2026-07-04 05:49:23.472,2.2,0.4,2.1,0.0,1308,1404,-11.25,5.87
2026-07-04 05:49:23.974,1.7,0.4,1.9,0.0,1115,1404,-8.42,5.87
2026-07-04 05:49:24.928,1.4,0.4,1.9,0.0,880,1406,-4.98,5.84
2026-07-04 05:49:24.929,1.2,0.4,1.4,0.0,639,1403,-1.45,5.89
2026-07-04 05:49:25.932,1.0,0.4,1.4,0.0,508,1404,0.47,5.87
2026-07-04 05:49:25.988,0.8,0.4,1.0,0.0,378,1402,2.37,5.90
2026-07-04 05:49:26.413,0.7,0.4,0.9,0.0,283,1404,3.76,5.87
2026-07-04 05:49:26.971,0.6,0.4,0.7,0.0,207,1405,4.88,5.86
2026-07-04 05:49:27.472,0.5,0.4,0.7,0.4,140,1404,5.86,5.87
2026-07-04 05:49:27.948,0.5,0.4,0.6,0.4,140,1406,5.86,5.84
2026-07-04 05:49:28.450,0.4,0.4,0.5,0.4,44,1405,7.27,5.86
2026-07-04 05:49:28.940,0.4,0.4,0.5,0.4,44,1405,7.27,5.86
2026-07-04 05:49:29.451,0.4,0.4,0.4,0.4,0,1404,7.91,5.87
2026-07-04 05:49:29.950,0.4,0.4,0.5,0.0,0,1407,7.91,5.83
2026-07-04 05:49:30.458,0.4,0.4,0.5,0.0,0,1404,7.91,5.87
2026-07-04 05:49:30.957,0.4,0.4,0.4,0.0,0,1404,7.91,5.87
2026-07-04 05:49:31.448,0.4,0.4,0.4,0.0,0,1407,7.91,5.83
2026-07-04 05:49:31.960,0.4,0.4,0.4,0.0,0,1405,7.91,5.86
2026-07-04 05:49:32.457,0.4,0.4,0.4,0.0,0,1406,7.91,5.84
2026-07-04 05:49:32.959,0.4,0.4,0.4,0.4,0,1405,7.91,5.86
2026-07-04 05:49:33.448,0.4,0.4,0.4,0.4,0,1405,7.91,5.86
2026-07-04 05:49:33.969,0.4,0.4,0.4,0.4,0,1405,7.91,5.86
2026-07-04 05:49:34.428,0.4,0.4,0.5,0.4,0,1406,7.91,5.84
2026-07-04 05:49:34.929,0.4,0.4,0.5,0.4,0,1407,7.91,5.83
2026-07-04 05:49:35.428,0.4,0.4,0.5,0.4,0,1406,7.91,5.84
2026-07-04 05:49:35.957,0.4,0.4,0.5,0.4,2,1405,7.88,5.86
2026-07-04 05:49:36.444,0.4,0.4,0.7,0.4,6,1409,7.82,5.80
2026-07-04 05:49:36.944,0.4,0.4,0.8,0.4,22,1409,7.59,5.80
2026-07-04 05:49:37.441,0.4,0.4,0.8,0.4,16,1406,7.68,5.84
2026-07-04 05:49:37.959,0.4,0.4,0.8,0.4,1,1410,7.90,5.79
2026-07-04 05:49:38.463,0.4,0.4,0.8,0.4,0,1405,7.91,5.86
2026-07-04 05:49:38.961,0.4,0.4,0.8,0.4,0,1406,7.91,5.84
2026-07-04 05:49:39.457,0.4,0.4,0.8,0.4,0,1406,7.91,5.84
2026-07-04 05:49:39.916,0.4,0.4,0.7,0.4,0,1405,7.91,5.86
2026-07-04 05:49:40.420,0.4,0.4,0.7,0.4,1,1407,7.90,5.83
2026-07-04 05:49:40.929,0.4,0.4,0.6,0.4,0,1405,7.91,5.86
2026-07-04 05:49:41.427,0.4,0.4,0.6,0.4,0,1404,7.91,5.87
2026-07-04 05:49:41.972,0.4,0.4,0.6,0.4,1,1404,7.90,5.87
2026-07-04 05:49:42.472,0.4,0.4,0.5,0.4,0,1406,7.91,5.84
2026-07-04 05:49:42.958,0.4,0.4,0.4,0.4,0,1406,7.91,5.84
2026-07-04 05:49:43.458,0.4,0.4,0.4,0.4,1,1405,7.90,5.86
2026-07-04 05:49:43.984,0.4,0.4,0.4,0.4,0,1405,7.91,5.86
2026-07-04 05:49:44.423,0.4,0.4,0.4,0.4,0,1406,7.91,5.84
2026-07-04 05:49:44.969,0.4,0.4,0.4,0.4,0,1406,7.91,5.84
2026-07-04 05:49:45.478,0.4,0.4,0.4,0.4,0,1406,7.91,5.84
2026-07-04 05:49:45.938,0.4,0.4,0.4,0.4,0,1404,7.91,5.87
2026-07-04 05:49:46.451,0.4,0.4,0.4,0.4,0,1408,7.91,5.82
2026-07-04 05:49:46.952,0.4,0.4,0.4,0.4,1,1405,7.90,5.86
2026-07-04 05:49:47.478,0.4,0.4,0.4,0.4,1,1404,7.90,5.87
2026-07-04 05:49:47.958,0.4,0.4,0.4,0.4,1,1404,7.90,5.87
2026-07-04 05:49:48.444,0.4,0.4,0.4,0.4,0,1404,7.91,5.87
2026-07-04 05:49:48.951,0.4,0.4,0.4,0.4,0,1404,7.91,5.87
2026-07-04 05:49:49.450,0.4,0.4,0.4,0.4,0,1407,7.91,5.83
2026-07-04 05:49:49.957,0.4,0.4,0.4,0.4,1,1410,7.90,5.79
2026-07-04 05:49:50.443,0.4,0.4,0.4,0.4,0,1406,7.91,5.84
2026-07-04 05:49:50.985,0.4,0.4,0.5,0.4,0,1403,7.91,5.89
2026-07-04 05:49:51.462,0.4,0.4,0.5,0.4,0,1407,7.91,5.83
2026-07-04 05:49:51.948,0.4,0.4,0.5,0.4,0,1405,7.91,5.86
2026-07-04 05:49:52.970,0.4,0.4,0.4,0.4,0,1404,7.91,5.87
2026-07-04 05:49:52.971,0.4,0.4,0.4,0.4,1,1405,7.90,5.86
2026-07-04 05:49:53.671,0.4,0.4,0.4,0.4,1,1405,7.90,5.86
2026-07-04 05:49:53.950,0.4,0.4,0.4,0.4,0,1406,7.91,5.84
2026-07-04 05:49:53.950,0.4,0.4,0.4,0.4,0,1405,7.91,5.86
2026-07-04 05:49:54.449,0.4,0.4,0.4,0.4,0,1405,7.91,5.86
2026-07-04 05:49:54.971,0.4,0.4,0.4,0.4,0,1405,7.91,5.86
2026-07-04 05:49:55.470,0.4,0.4,0.4,0.4,0,1404,7.91,5.87
2026-07-04 05:49:55.968,0.4,0.4,0.4,0.4,0,1406,7.91,5.84
2026-07-04 05:49:56.498,0.4,0.4,0.4,0.4,0,1406,7.91,5.84
2026-07-04 05:49:56.950,0.4,0.4,0.4,0.4,0,1406,7.91,5.84
2026-07-04 05:49:57.458,0.4,0.4,0.4,0.4,0,1405,7.91,5.86
2026-07-04 05:49:57.957,0.4,0.4,0.4,0.0,0,1406,7.91,5.84
2026-07-04 05:49:58.491,0.4,0.4,0.4,0.0,0,1406,7.91,5.84
2026-07-04 05:49:58.949,0.4,0.4,0.4,0.0,0,1407,7.91,5.83
2026-07-04 05:49:59.460,0.4,0.4,0.4,0.4,1,1405,7.90,5.86
2026-07-04 05:49:59.978,0.4,0.4,0.4,0.4,0,1405,7.91,5.86
2026-07-04 05:50:00.496,0.4,0.4,0.4,0.4,0,1405,7.91,5.86
2026-07-04 05:50:00.945,0.4,0.4,0.4,0.4,0,1405,7.91,5.86
2026-07-04 05:50:01.442,0.4,0.4,0.4,0.4,0,1405,7.91,5.86
2026-07-04 05:50:01.942,0.4,0.4,0.4,0.4,0,1406,7.91,5.84
2026-07-04 05:50:02.474,0.4,0.4,0.4,0.4,0,1405,7.91,5.86
2026-07-04 05:50:02.951,0.4,0.4,0.4,0.0,0,1406,7.91,5.84
2026-07-04 05:50:03.450,0.4,0.4,0.4,0.0,0,1406,7.91,5.84
2026-07-04 05:50:03.979,0.4,0.4,0.4,0.0,0,1406,7.91,5.84
2026-07-04 05:50:04.476,0.4,0.4,0.4,0.4,0,1405,7.91,5.86
2026-07-04 05:50:04.953,0.4,0.4,0.4,0.4,1,1406,7.90,5.84
2026-07-04 05:50:05.449,0.4,0.4,0.4,0.4,0,1405,7.91,5.86
2026-07-04 05:50:05.945,0.4,0.4,0.4,0.4,0,1404,7.91,5.87
2026-07-04 05:50:06.444,0.4,0.4,0.4,0.4,0,1404,7.91,5.87
2026-07-04 05:50:06.989,0.4,0.4,0.4,0.4,0,1403,7.91,5.89
2026-07-04 05:50:07.487,0.4,0.4,0.4,0.4,0,1406,7.91,5.84
2026-07-04 05:50:07.953,0.4,0.4,0.4,0.4,0,1406,7.91,5.84
2026-07-04 05:50:08.460,0.4,0.4,0.4,0.4,0,1407,7.91,5.83
2026-07-04 05:50:08.988,0.4,0.4,0.4,0.4,0,1405,7.91,5.86
2026-07-04 05:50:09.484,0.4,0.4,0.4,0.4,0,1404,7.91,5.87
2026-07-04 05:50:09.987,0.4,0.4,0.4,0.4,0,1405,7.91,5.86
2026-07-04 05:50:10.447,0.4,0.4,0.4,0.4,0,1404,7.91,5.87
2026-07-04 05:50:10.959,0.4,0.4,0.4,0.4,0,1406,7.91,5.84
2026-07-04 05:50:11.445,0.4,0.4,0.4,0.4,1,1403,7.90,5.89
2026-07-04 05:50:11.943,0.4,0.4,0.4,0.4,0,1405,7.91,5.86
2026-07-04 05:50:12.458,0.4,0.4,0.4,0.4,0,1405,7.91,5.86
2026-07-04 05:50:12.973,0.4,0.4,0.4,0.4,0,1408,7.91,5.82
2026-07-04 05:50:13.444,0.4,0.4,0.4,0.4,0,1408,7.91,5.82
2026-07-04 05:50:13.946,0.4,0.4,0.4,0.4,0,1405,7.91,5.86
2026-07-04 05:50:14.499,0.4,0.4,0.4,0.4,0,1405,7.91,5.86
2026-07-04 05:50:14.988,0.4,0.4,0.4,0.4,0,1405,7.91,5.86
2026-07-04 05:50:15.475,0.4,0.4,0.4,0.4,0,1406,7.91,5.84
2026-07-04 05:50:15.958,0.4,0.4,0.4,0.4,0,1409,7.91,5.80
2026-07-04 05:50:16.457,0.4,0.4,0.4,0.4,0,1406,7.91,5.84
2026-07-04 05:50:16.949,0.4,0.4,0.4,0.4,0,1404,7.91,5.87
2026-07-04 05:50:17.479,0.4,0.4,0.4,0.4,0,1405,7.91,5.86
2026-07-04 05:50:17.973,0.4,0.4,0.4,0.4,1,1402,7.90,5.90
2026-07-04 05:50:18.490,0.4,0.4,0.4,0.4,1,1405,7.90,5.86
2026-07-04 05:50:18.953,0.4,0.4,0.4,0.4,1,1403,7.90,5.89
2026-07-04 05:50:19.459,0.4,0.4,0.4,0.4,1,1404,7.90,5.87
2026-07-04 05:50:19.979,0.4,0.4,0.4,0.4,0,1406,7.91,5.84
2026-07-04 05:50:20.461,0.4,0.4,0.4,0.4,1,1403,7.90,5.89
2026-07-04 05:50:20.959,0.4,0.4,0.4,0.4,0,1406,7.91,5.84
2026-07-04 05:50:21.503,0.4,0.4,0.4,0.4,1,1402,7.90,5.90
2026-07-04 05:50:21.950,0.4,0.4,0.4,0.4,1,1404,7.90,5.87
2026-07-04 05:50:22.458,0.4,0.4,0.4,0.4,0,1404,7.91,5.87
2026-07-04 05:50:22.959,0.4,0.4,0.4,0.4,0,1404,7.91,5.87
2026-07-04 05:50:23.459,0.4,0.4,0.4,0.4,1,1404,7.90,5.87
2026-07-04 05:50:23.958,0.4,0.4,0.4,0.4,0,1406,7.91,5.84
2026-07-04 05:50:24.458,0.4,0.4,0.4,0.4,0,1404,7.91,5.87
2026-07-04 05:50:24.956,0.4,0.4,0.4,0.4,0,1405,7.91,5.86
2026-07-04 05:50:25.479,0.4,0.4,0.4,0.4,0,1403,7.91,5.89
2026-07-04 05:50:25.990,0.4,0.4,0.4,0.4,0,1404,7.91,5.87
2026-07-04 05:50:26.509,0.4,0.4,0.4,0.4,0,1404,7.91,5.87
2026-07-04 05:50:26.943,0.4,0.4,0.4,0.4,0,1404,7.91,5.87
2026-07-04 05:50:27.478,0.4,0.4,0.4,0.4,0,1403,7.91,5.89
2026-07-04 05:50:27.949,0.4,0.4,0.4,0.4,0,1405,7.91,5.86
2026-07-04 05:50:28.444,0.4,0.4,0.4,0.4,0,1403,7.91,5.89
2026-07-04 05:50:28.957,0.4,0.4,0.4,0.4,0,1404,7.91,5.87
2026-07-04 05:50:29.445,0.4,0.4,0.4,0.4,0,1403,7.91,5.89
2026-07-04 05:50:29.947,0.4,0.4,0.4,0.4,0,1405,7.91,5.86
2026-07-04 05:50:30.503,0.4,0.4,0.4,0.4,0,1404,7.91,5.87
2026-07-04 05:50:30.972,0.4,0.4,0.4,0.4,0,1406,7.91,5.84
2026-07-04 05:50:31.475,0.4,0.4,0.4,0.4,0,1402,7.91,5.90
2026-07-04 05:50:31.977,0.4,0.4,0.5,0.4,1,1405,7.90,5.86
2026-07-04 05:50:32.483,0.4,0.4,0.4,0.4,0,1403,7.91,5.89
2026-07-04 05:50:32.949,0.4,0.4,0.4,0.4,1,1404,7.90,5.87
2026-07-04 05:50:33.477,0.4,0.4,0.4,0.4,0,1404,7.91,5.87
2026-07-04 05:50:33.959,0.4,0.4,0.4,0.4,0,1404,7.91,5.87
2026-07-04 05:50:34.457,0.4,0.4,0.4,0.4,1,1404,7.90,5.87
2026-07-04 05:50:34.977,0.4,0.4,0.4,0.4,1,1403,7.90,5.89
2026-07-04 05:50:35.477,0.4,0.4,0.4,0.4,0,1404,7.91,5.87
2026-07-04 05:50:35.980,0.4,0.4,0.4,0.4,0,1404,7.91,5.87
2026-07-04 05:50:36.488,0.4,0.4,0.4,0.4,0,1404,7.91,5.87
2026-07-04 05:50:36.972,0.4,0.4,0.4,0.4,1,1408,7.90,5.82
2026-07-04 05:50:37.503,0.4,0.4,0.4,0.4,4,1404,7.85,5.87
2026-07-04 05:50:38.005,0.4,0.4,0.4,0.4,1,1407,7.90,5.83
2026-07-04 05:50:38.501,0.4,0.4,0.4,0.4,2,1403,7.88,5.89
2026-07-04 05:50:38.969,0.4,0.4,0.4,0.4,4,1404,7.85,5.87
2026-07-04 05:50:39.480,0.4,0.4,0.4,0.4,1,1403,7.90,5.89
2026-07-04 05:50:39.982,0.4,0.4,0.4,0.4,1,1403,7.90,5.89
2026-07-04 05:50:40.488,0.4,0.4,0.4,0.4,1,1403,7.90,5.89
2026-07-04 05:50:40.960,0.4,0.4,0.5,0.4,0,1406,7.91,5.84
2026-07-04 05:50:41.487,0.4,0.4,0.5,0.4,1,1404,7.90,5.87
2026-07-04 05:50:41.957,0.4,0.4,0.6,0.4,1,1404,7.90,5.87
2026-07-04 05:50:42.458,0.4,0.4,0.6,0.4,1,1404,7.90,5.87
2026-07-04 05:50:42.978,0.4,0.4,0.7,0.4,1,1404,7.90,5.87
2026-07-04 05:50:43.490,0.4,0.4,0.7,0.4,1,1404,7.90,5.87
2026-07-04 05:50:43.979,0.4,0.4,0.7,0.4,1,1406,7.90,5.84
2026-07-04 05:50:44.505,0.4,0.4,0.7,0.4,1,1406,7.90,5.84
2026-07-04 05:50:45.001,0.4,0.4,0.7,0.4,1,1404,7.90,5.87
2026-07-04 05:50:45.505,0.4,0.4,0.8,0.4,2,1405,7.88,5.86
2026-07-04 05:50:45.988,0.4,0.4,0.8,0.4,2,1404,7.88,5.87
2026-07-04 05:50:46.457,0.4,0.4,0.8,0.4,1,1405,7.90,5.86
2026-07-04 05:50:46.958,0.4,0.4,0.8,0.4,1,1407,7.90,5.83
2026-07-04 05:50:47.501,0.4,0.4,0.8,0.4,0,1407,7.91,5.83
2026-07-04 05:50:48.465,0.4,0.4,0.9,0.4,1,1405,7.90,5.86
2026-07-04 05:50:48.465,0.4,0.4,0.9,0.4,1,1405,7.90,5.86
2026-07-04 05:50:49.005,0.4,0.4,0.9,0.4,1,1405,7.90,5.86
2026-07-04 05:50:49.506,0.4,0.4,1.0,0.4,1,1405,7.90,5.86
2026-07-04 05:50:50.005,0.4,0.4,1.0,0.4,1,1405,7.90,5.86
2026-07-04 05:50:50.485,0.4,0.4,1.0,0.4,0,1404,7.91,5.87
2026-07-04 05:50:50.982,0.4,0.4,1.0,0.4,2,1402,7.88,5.90
2026-07-04 05:50:51.480,0.4,0.4,1.1,0.4,0,1404,7.91,5.87
2026-07-04 05:50:51.988,0.4,0.4,1.1,0.4,1,1405,7.90,5.86
2026-07-04 05:50:52.474,0.4,0.4,1.1,0.4,0,1406,7.91,5.84
2026-07-04 05:50:52.971,0.4,0.4,1.1,0.4,1,1406,7.90,5.84
2026-07-04 05:50:53.477,0.4,0.4,1.2,0.4,1,1404,7.90,5.87
2026-07-04 05:50:53.989,0.4,0.4,1.2,0.4,2,1405,7.88,5.86
2026-07-04 05:50:54.487,0.4,0.4,1.2,0.4,1,1404,7.90,5.87
2026-07-04 05:50:55.015,0.4,0.4,1.2,0.4,1,1406,7.90,5.84
2026-07-04 05:50:55.508,0.4,0.4,1.2,0.4,1,1406,7.90,5.84
2026-07-04 05:50:56.027,0.4,0.4,1.2,0.4,1,1406,7.90,5.84
2026-07-04 05:50:56.488,0.4,0.4,1.2,0.4,2,1403,7.88,5.89
2026-07-04 05:50:56.993,0.4,0.4,1.2,0.4,2,1409,7.88,5.80
2026-07-04 05:50:57.517,0.4,0.4,1.2,0.4,2,1407,7.88,5.83
2026-07-04 05:50:57.977,0.4,0.4,1.2,0.4,0,1405,7.91,5.86
2026-07-04 05:50:58.507,0.4,0.4,1.2,0.4,1,1405,7.90,5.86
2026-07-04 05:50:58.986,0.4,0.4,1.2,0.4,1,1405,7.90,5.86
2026-07-04 05:50:59.507,0.4,0.4,1.2,0.4,3,1395,7.87,6.01
2026-07-04 05:51:00.012,0.4,0.4,1.2,0.4,0,1405,7.91,5.86
2026-07-04 05:51:00.508,0.4,0.4,1.2,0.4,1,1403,7.90,5.89
2026-07-04 05:51:01.004,0.4,0.4,1.2,0.4,1,1405,7.90,5.86
2026-07-04 05:51:01.507,0.4,0.4,1.2,0.4,0,1406,7.91,5.84
2026-07-04 05:51:02.026,0.4,0.4,1.2,0.4,0,1405,7.91,5.86
2026-07-04 05:51:02.523,0.4,0.4,1.2,0.4,0,1404,7.91,5.87
2026-07-04 05:51:03.020,0.4,0.4,1.2,0.4,2,1407,7.88,5.83
2026-07-04 05:51:03.508,0.4,0.4,1.2,0.4,2,1407,7.88,5.83
2026-07-04 05:51:04.010,0.4,0.4,1.1,0.4,4,1404,7.85,5.87
2026-07-04 05:51:04.476,0.4,0.4,1.1,0.4,2,1403,7.88,5.89
2026-07-04 05:51:04.972,0.4,0.4,1.1,0.4,1,1402,7.90,5.90
2026-07-04 05:51:05.469,0.4,0.4,1.1,0.4,1,1404,7.90,5.87
2026-07-04 05:51:06.008,0.4,0.4,1.0,0.4,1,1403,7.90,5.89
2026-07-04 05:51:06.507,0.4,0.4,1.0,0.4,2,1403,7.88,5.89
2026-07-04 05:51:07.003,0.4,0.4,1.1,0.4,1,1405,7.90,5.86
2026-07-04 05:51:07.472,0.4,0.4,1.1,0.4,1,1405,7.90,5.86
2026-07-04 05:51:07.989,0.4,0.4,1.1,0.4,1,1403,7.90,5.89
2026-07-04 05:51:08.517,0.4,0.4,1.1,0.4,1,1404,7.90,5.87
2026-07-04 05:51:08.989,0.4,0.4,1.1,0.4,1,1404,7.90,5.87
2026-07-04 05:51:09.509,0.4,0.4,1.2,0.4,1,1403,7.90,5.89
2026-07-04 05:51:09.980,0.4,0.4,1.2,0.4,1,1404,7.90,5.87
2026-07-04 05:51:10.474,0.4,0.4,1.2,0.4,1,1407,7.90,5.83
2026-07-04 05:51:10.971,0.4,0.4,1.2,0.4,2,1406,7.88,5.84
2026-07-04 05:51:11.522,0.4,0.4,1.2,0.4,2,1406,7.88,5.84
2026-07-04 05:51:11.977,0.4,0.4,1.2,0.4,1,1395,7.90,6.01
2026-07-04 05:51:12.475,0.4,0.4,1.2,0.4,2,1404,7.88,5.87
2026-07-04 05:51:13.004,0.4,0.4,1.2,0.4,2,1405,7.88,5.86
2026-07-04 05:51:13.487,0.4,0.4,1.2,0.4,2,1405,7.88,5.86
2026-07-04 05:51:14.024,0.4,0.4,1.2,0.4,2,1406,7.88,5.84
2026-07-04 05:51:14.520,0.4,0.4,1.2,0.4,1,1405,7.90,5.86
2026-07-04 05:51:14.981,0.4,0.4,1.1,0.4,1,1405,7.90,5.86
2026-07-04 05:51:15.508,0.4,0.4,1.1,0.4,1,1404,7.90,5.87
2026-07-04 05:51:16.006,0.4,0.4,1.2,0.4,1,1399,7.90,5.95
2026-07-04 05:51:16.504,0.4,0.4,1.2,0.4,2,1403,7.88,5.89
2026-07-04 05:51:17.003,0.4,0.4,1.2,0.4,2,1403,7.88,5.89
2026-07-04 05:51:17.482,0.4,0.4,1.2,0.4,2,1403,7.88,5.89
2026-07-04 05:51:18.001,0.4,0.4,1.2,0.4,0,1404,7.91,5.87
2026-07-04 05:51:18.516,0.4,0.4,1.2,0.4,2,1404,7.88,5.87
2026-07-04 05:51:18.972,0.4,0.4,1.2,0.4,1,1403,7.90,5.89
2026-07-04 05:51:19.487,0.4,0.4,1.2,0.4,1,1402,7.90,5.90
2026-07-04 05:51:20.025,0.4,0.4,1.2,0.4,4,1404,7.85,5.87
2026-07-04 05:51:20.505,0.4,0.4,1.3,0.4,2,1402,7.88,5.90
2026-07-04 05:51:21.003,0.4,0.4,1.4,0.4,1,1405,7.90,5.86
2026-07-04 05:51:21.487,0.4,0.4,1.4,0.4,1,1403,7.90,5.89
2026-07-04 05:51:22.028,0.4,0.4,1.3,0.4,1,1401,7.90,5.92
2026-07-04 05:51:22.485,0.4,0.4,1.3,0.4,0,1402,7.91,5.90
2026-07-04 05:51:23.004,0.4,0.4,1.3,0.4,0,1407,7.91,5.83
2026-07-04 05:51:23.508,0.4,0.4,1.3,0.4,1,1405,7.90,5.86
2026-07-04 05:51:24.011,0.4,0.4,1.3,0.4,0,1402,7.91,5.90
2026-07-04 05:51:24.518,0.4,0.4,1.3,0.4,0,1402,7.91,5.90
2026-07-04 05:51:24.975,0.4,0.4,1.3,0.4,2,1406,7.88,5.84
2026-07-04 05:51:26.009,0.4,0.4,1.3,0.4,2,1401,7.88,5.92
2026-07-04 05:51:26.010,0.4,0.4,1.3,0.4,0,1405,7.91,5.86
2026-07-04 05:51:26.509,0.4,0.4,1.3,0.4,2,1407,7.88,5.83
2026-07-04 05:51:27.003,0.4,0.4,1.2,0.4,2,1407,7.88,5.83
2026-07-04 05:51:27.509,0.4,0.4,1.2,0.4,1,1405,7.90,5.86
2026-07-04 05:51:28.011,0.4,0.4,0.9,0.4,2,1403,7.88,5.89
2026-07-04 05:51:28.540,0.4,0.4,0.9,0.4,2,1405,7.88,5.86
2026-07-04 05:51:28.978,0.4,0.4,0.9,0.4,4,1403,7.85,5.89
2026-07-04 05:51:29.507,0.4,0.4,1.0,0.4,1,1403,7.90,5.89
2026-07-04 05:51:30.006,0.4,0.4,1.0,0.4,1,1403,7.90,5.89
2026-07-04 05:51:30.507,0.4,0.4,1.0,0.4,1,1404,7.90,5.87
2026-07-04 05:51:31.003,0.4,0.4,1.1,0.4,1,1403,7.90,5.89
2026-07-04 05:51:31.494,0.4,0.4,1.2,0.4,1,1405,7.90,5.86
2026-07-04 05:51:31.989,0.4,0.4,1.2,0.4,2,1405,7.88,5.86
2026-07-04 05:51:32.490,0.4,0.4,1.2,0.4,0,1402,7.91,5.90
2026-07-04 05:51:33.019,0.4,0.4,1.2,0.4,1,1403,7.90,5.89
2026-07-04 05:51:33.531,0.4,0.4,1.2,0.4,2,1404,7.88,5.87
2026-07-04 05:51:33.977,0.4,0.4,1.2,0.4,0,1405,7.91,5.86
2026-07-04 05:51:34.480,0.4,0.4,1.2,0.4,1,1404,7.90,5.87
2026-07-04 05:51:35.005,0.4,0.4,1.2,0.4,0,1403,7.91,5.89
2026-07-04 05:51:35.510,0.4,0.4,1.2,0.4,2,1404,7.88,5.87
2026-07-04 05:51:36.009,0.4,0.4,1.2,0.4,2,1401,7.88,5.92
2026-07-04 05:51:36.505,0.4,0.4,1.2,0.4,0,1407,7.91,5.83
2026-07-04 05:51:37.003,0.4,0.4,1.2,0.4,1,1404,7.90,5.87
2026-07-04 05:51:37.487,0.4,0.4,1.1,0.4,0,1403,7.91,5.89
2026-07-04 05:51:38.008,0.4,0.4,1.1,0.4,0,1404,7.91,5.87
2026-07-04 05:51:38.510,0.4,0.4,1.2,0.4,1,1405,7.90,5.86
2026-07-04 05:51:39.012,0.4,0.4,1.2,0.4,1,1404,7.90,5.87
2026-07-04 05:51:39.528,0.4,0.4,1.2,0.4,2,1405,7.88,5.86
2026-07-04 05:51:39.988,0.4,0.4,1.2,0.4,1,1405,7.90,5.86
2026-07-04 05:51:40.522,0.4,0.4,1.2,0.4,0,1407,7.91,5.83
2026-07-04 05:51:41.019,0.4,0.4,1.2,0.4,0,1403,7.91,5.89
2026-07-04 05:51:41.520,0.4,0.4,1.3,0.4,0,1405,7.91,5.86
2026-07-04 05:51:42.001,0.4,0.4,1.2,0.4,1,1404,7.90,5.87
2026-07-04 05:51:42.496,0.4,0.4,1.2,0.4,2,1404,7.88,5.87
2026-07-04 05:51:43.010,0.4,0.4,1.2,0.4,1,1401,7.90,5.92
2026-07-04 05:51:43.488,0.4,0.4,1.2,0.4,0,1407,7.91,5.83
2026-07-04 05:51:43.988,0.4,0.4,1.2,0.4,2,1405,7.88,5.86
2026-07-04 05:51:44.490,0.4,0.4,1.2,0.4,1,1403,7.90,5.89
2026-07-04 05:51:44.988,0.4,0.4,1.2,0.4,1,1403,7.90,5.89
2026-07-04 05:51:45.517,0.4,0.4,1.2,0.4,1,1403,7.90,5.89
2026-07-04 05:51:46.013,0.4,0.4,1.2,0.4,0,1403,7.91,5.89
2026-07-04 05:51:46.508,0.4,0.4,1.1,0.4,1,1407,7.90,5.83
2026-07-04 05:51:47.508,0.4,0.4,1.1,0.4,0,1403,7.91,5.89
2026-07-04 05:51:47.508,0.4,0.4,1.1,0.4,2,1403,7.88,5.89
2026-07-04 05:51:47.988,0.4,0.4,1.1,0.4,0,1404,7.91,5.87
2026-07-04 05:51:48.508,0.4,0.4,1.1,0.4,0,1404,7.91,5.87
2026-07-04 05:51:49.051,0.4,0.4,1.1,0.4,1,1403,7.90,5.89
2026-07-04 05:51:49.507,0.4,0.4,1.1,0.4,1,1405,7.90,5.86
2026-07-04 05:51:50.540,0.4,0.4,1.1,0.4,1,1403,7.90,5.89
2026-07-04 05:51:50.541,0.4,0.4,1.1,0.4,1,1403,7.90,5.89
2026-07-04 05:51:51.036,0.4,0.4,1.0,0.4,0,1403,7.91,5.89
2026-07-04 05:51:51.988,0.4,0.4,1.0,0.4,0,1403,7.91,5.89
2026-07-04 05:51:52.042,0.4,0.4,0.9,0.4,1,1403,7.90,5.89
2026-07-04 05:51:52.538,0.4,0.4,0.9,0.4,1,1406,7.90,5.84
2026-07-04 05:51:53.020,0.4,0.4,0.8,0.4,0,1402,7.91,5.90
2026-07-04 05:51:53.509,0.4,0.4,0.7,0.4,0,1402,7.91,5.90
2026-07-04 05:51:54.038,0.4,0.4,0.7,0.4,0,1402,7.91,5.90
2026-07-04 05:51:54.529,0.4,0.4,0.6,0.4,0,1402,7.91,5.90
2026-07-04 05:51:55.029,0.4,0.4,0.5,0.4,1,1404,7.90,5.87
2026-07-04 05:51:55.538,0.4,0.4,0.5,0.4,0,1404,7.91,5.87
2026-07-04 05:51:56.008,0.4,0.4,0.5,0.4,0,1405,7.91,5.86
2026-07-04 05:51:56.504,0.4,0.4,0.5,0.4,0,1405,7.91,5.86
2026-07-04 05:51:57.052,0.4,0.4,0.5,0.4,0,1405,7.91,5.86
2026-07-04 05:51:57.531,0.4,0.4,0.4,0.4,0,1402,7.91,5.90
2026-07-04 05:51:58.038,0.4,0.4,0.4,0.4,0,1403,7.91,5.89
2026-07-04 05:51:58.527,0.4,0.4,0.4,0.4,0,1402,7.91,5.90
2026-07-04 05:51:59.004,0.4,0.4,0.4,0.4,0,1407,7.91,5.83
2026-07-04 05:51:59.508,0.4,0.4,0.4,0.4,0,1404,7.91,5.87
2026-07-04 05:52:00.008,0.4,0.4,0.4,0.4,0,1403,7.91,5.89
2026-07-04 05:52:00.520,0.4,0.4,0.4,0.4,0,1401,7.91,5.92
2026-07-04 05:52:01.021,0.4,0.4,0.4,0.4,0,1402,7.91,5.90
2026-07-04 05:52:01.539,0.4,0.4,0.4,0.4,0,1402,7.91,5.90
2026-07-04 05:52:02.000,0.4,0.4,0.4,0.4,0,1403,7.91,5.89
2026-07-04 05:52:02.508,0.4,0.4,0.4,0.4,0,1403,7.91,5.89
2026-07-04 05:52:03.019,0.4,0.4,0.4,0.4,0,1405,7.91,5.86
2026-07-04 05:52:03.521,0.4,0.4,0.4,0.4,0,1405,7.91,5.86
2026-07-04 05:52:04.019,0.4,0.4,0.4,0.4,0,1405,7.91,5.86
2026-07-04 05:52:04.502,0.4,0.4,0.4,0.4,0,1404,7.91,5.87
2026-07-04 05:52:05.068,0.4,0.4,0.4,0.4,0,1402,7.91,5.90
2026-07-04 05:52:06.007,0.4,0.4,0.4,0.4,0,1407,7.91,5.83
2026-07-04 05:52:06.009,0.4,0.4,0.4,0.4,0,1404,7.91,5.87
2026-07-04 05:52:06.502,0.4,0.4,0.4,0.4,0,1405,7.91,5.86
2026-07-04 05:52:07.000,0.4,0.4,0.4,0.4,0,1400,7.91,5.93
2026-07-04 05:52:07.507,0.4,0.4,0.4,0.4,0,1403,7.91,5.89
2026-07-04 05:52:08.057,0.4,0.4,0.4,0.4,0,1404,7.91,5.87
2026-07-04 05:52:08.539,0.4,0.4,0.4,0.4,0,1404,7.91,5.87
2026-07-04 05:52:09.009,0.4,0.4,0.4,0.4,0,1403,7.91,5.89
2026-07-04 05:52:09.504,0.4,0.4,0.4,0.4,0,1404,7.91,5.87
2026-07-04 05:52:10.501,0.4,0.4,0.4,0.4,0,1406,7.91,5.84
2026-07-04 05:52:10.557,0.4,0.4,0.4,0.4,0,1403,7.91,5.89
2026-07-04 05:52:11.001,0.4,0.4,0.4,0.4,0,1405,7.91,5.86
2026-07-04 05:52:11.509,0.4,0.4,0.4,0.4,0,1405,7.91,5.86
2026-07-04 05:52:12.038,0.4,0.4,0.4,0.4,0,1403,7.91,5.89
2026-07-04 05:52:12.535,0.4,0.4,0.4,0.4,0,1399,7.91,5.95
2026-07-04 05:52:13.016,0.4,0.4,0.4,0.4,0,1403,7.91,5.89
2026-07-04 05:52:13.532,0.4,0.4,0.4,0.4,0,1403,7.91,5.89
2026-07-04 05:52:14.039,0.4,0.4,0.4,0.4,0,1403,7.91,5.89
2026-07-04 05:52:14.539,0.4,0.4,0.4,0.4,0,1403,7.91,5.89
2026-07-04 05:52:15.005,0.4,0.4,0.4,0.4,0,1404,7.91,5.87
2026-07-04 05:52:15.505,0.4,0.4,0.4,0.4,0,1399,7.91,5.95
2026-07-04 05:52:16.002,0.4,0.4,0.4,0.4,0,1404,7.91,5.87
2026-07-04 05:52:16.503,0.4,0.4,0.4,0.4,0,1403,7.91,5.89
2026-07-04 05:52:17.034,0.4,0.4,0.4,0.4,0,1401,7.91,5.92
2026-07-04 05:52:17.532,0.4,0.4,0.4,0.4,0,1405,7.91,5.86
2026-07-04 05:52:18.023,0.4,0.4,0.4,0.4,0,1405,7.91,5.86
2026-07-04 05:52:18.521,0.4,0.4,0.4,0.4,0,1404,7.91,5.87
2026-07-04 05:52:19.021,0.4,0.4,0.4,0.4,0,1405,7.91,5.86
2026-07-04 05:52:19.509,0.4,0.4,0.4,0.4,0,1403,7.91,5.89
2026-07-04 05:52:20.017,0.4,0.4,0.4,0.4,0,1403,7.91,5.89
2026-07-04 05:52:20.564,0.4,0.4,0.4,0.4,0,1403,7.91,5.89
2026-07-04 05:52:21.041,0.4,0.4,0.4,0.4,0,1405,7.91,5.86
2026-07-04 05:52:21.508,0.4,0.4,0.4,0.4,0,1403,7.91,5.89
2026-07-04 05:52:22.041,0.4,0.4,0.4,0.4,0,1402,7.91,5.90
2026-07-04 05:52:22.537,0.4,0.4,0.4,0.4,0,1403,7.91,5.89
2026-07-04 05:52:23.037,0.4,0.4,0.4,0.4,0,1403,7.91,5.89
2026-07-04 05:52:23.535,0.4,0.4,0.4,0.4,0,1402,7.91,5.90
2026-07-04 05:52:24.036,0.4,0.4,0.4,0.4,0,1402,7.91,5.90
2026-07-04 05:52:24.523,0.4,0.4,0.4,0.4,0,1404,7.91,5.87
2026-07-04 05:52:25.019,0.4,0.4,0.4,0.4,0,1403,7.91,5.89
2026-07-04 05:52:25.512,0.4,0.4,0.4,0.4,0,1403,7.91,5.89
2026-07-04 05:52:26.025,0.4,0.4,0.4,0.4,0,1404,7.91,5.87
2026-07-04 05:52:26.568,0.4,0.4,0.4,0.4,0,1403,7.91,5.89
2026-07-04 05:52:27.064,0.4,0.4,0.4,0.4,0,1403,7.91,5.89
2026-07-04 05:52:27.531,0.4,0.4,0.4,0.4,0,1402,7.91,5.90
2026-07-04 05:52:28.039,0.4,0.4,0.4,0.4,0,1403,7.91,5.89
2026-07-04 05:52:29.042,0.4,0.4,0.4,0.4,0,1404,7.91,5.87
2026-07-04 05:52:29.042,0.4,0.4,0.4,0.4,0,1403,7.91,5.89
2026-07-04 05:52:29.539,0.4,0.4,0.4,0.4,0,1405,7.91,5.86
2026-07-04 05:52:30.021,0.4,0.4,0.4,0.4,0,1405,7.91,5.86
2026-07-04 05:52:30.526,0.4,0.4,0.4,0.4,0,1402,7.91,5.90
2026-07-04 05:52:31.023,0.4,0.4,0.4,0.4,0,1403,7.91,5.89
2026-07-04 05:52:31.519,0.4,0.4,0.4,0.4,0,1403,7.91,5.89
2026-07-04 05:52:32.066,0.4,0.4,0.4,0.4,0,1403,7.91,5.89
2026-07-04 05:52:32.513,0.4,0.4,0.4,0.4,0,1402,7.91,5.90
2026-07-04 05:52:33.058,0.4,0.4,0.4,0.4,0,1404,7.91,5.87
2026-07-04 05:52:33.538,0.4,0.4,0.4,0.4,0,1404,7.91,5.87
2026-07-04 05:52:34.040,0.4,0.4,0.4,0.4,0,1403,7.91,5.89
2026-07-04 05:52:34.538,0.4,0.4,0.4,0.4,0,1403,7.91,5.89
2026-07-04 05:52:35.536,0.4,0.4,0.4,0.4,0,1403,7.91,5.89
2026-07-04 05:52:35.536,0.4,0.4,0.4,0.4,0,1402,7.91,5.90
2026-07-04 05:52:36.031,0.4,0.4,0.4,0.4,0,1403,7.91,5.89
2026-07-04 05:52:36.543,0.4,0.4,0.4,0.4,0,1401,7.91,5.92
2026-07-04 05:52:37.510,0.4,0.4,0.4,0.4,0,1405,7.91,5.86
2026-07-04 05:52:37.567,0.4,0.4,0.4,0.4,0,1408,7.91,5.82
2026-07-04 05:52:38.025,0.4,0.4,0.4,0.4,0,1408,7.91,5.82
2026-07-04 05:52:38.567,0.4,0.4,0.4,0.4,0,1400,7.91,5.93
2026-07-04 05:52:39.066,0.4,0.4,0.4,0.4,0,1402,7.91,5.90
2026-07-04 05:52:39.538,0.4,0.4,0.4,0.4,0,1403,7.91,5.89
2026-07-04 05:52:40.059,0.4,0.4,0.4,0.4,0,1402,7.91,5.90
2026-07-04 05:52:40.570,0.4,0.4,0.4,0.4,0,1402,7.91,5.90
2026-07-04 05:52:41.035,0.4,0.4,0.4,0.4,0,1403,7.91,5.89
2026-07-04 05:52:41.527,0.4,0.4,0.4,0.4,0,1401,7.91,5.92
2026-07-04 05:52:42.037,0.4,0.4,0.4,0.4,0,1404,7.91,5.87
2026-07-04 05:52:42.567,0.4,0.4,0.4,0.4,0,1404,7.91,5.87
2026-07-04 05:52:43.068,0.4,0.4,0.4,0.4,0,1404,7.91,5.87
2026-07-04 05:52:43.568,0.4,0.4,0.4,0.4,0,1402,7.91,5.90
2026-07-04 05:52:44.058,0.4,0.4,0.4,0.4,0,1402,7.91,5.90
2026-07-04 05:52:44.540,0.4,0.4,0.4,0.4,0,1404,7.91,5.87
2026-07-04 05:52:45.037,0.4,0.4,0.4,0.4,0,1403,7.91,5.89
2026-07-04 05:52:45.561,0.4,0.4,0.4,0.4,0,1403,7.91,5.89
2026-07-04 05:52:46.068,0.4,0.4,0.4,0.4,0,1402,7.91,5.90
2026-07-04 05:52:46.567,0.4,0.4,0.4,0.4,0,1402,7.91,5.90
2026-07-04 05:52:47.067,0.4,0.4,0.4,0.4,0,1403,7.91,5.89
2026-07-04 05:52:47.569,0.4,0.4,0.4,0.4,0,1403,7.91,5.89
2026-07-04 05:52:48.068,0.4,0.4,0.4,0.4,0,1402,7.91,5.90
2026-07-04 05:52:48.567,0.4,0.4,0.4,0.4,0,1403,7.91,5.89
2026-07-04 05:52:49.048,0.4,0.4,0.4,0.4,0,1403,7.91,5.89
2026-07-04 05:52:49.561,0.4,0.4,0.4,0.4,0,1399,7.91,5.95
2026-07-04 05:52:50.025,0.4,0.4,0.4,0.4,0,1403,7.91,5.89
2026-07-04 05:52:50.519,0.4,0.4,0.4,0.4,0,1403,7.91,5.89
2026-07-04 05:52:51.081,0.4,0.4,0.4,0.4,0,1402,7.91,5.90
2026-07-04 05:52:51.541,0.4,0.4,0.4,0.4,0,1409,7.91,5.80
2026-07-04 05:52:52.041,0.4,0.4,0.4,0.4,0,1403,7.91,5.89
2026-07-04 05:52:52.569,0.4,0.4,0.4,0.4,0,1402,7.91,5.90
2026-07-04 05:52:53.068,0.4,0.4,0.4,0.4,0,1403,7.91,5.89
2026-07-04 05:52:53.541,0.4,0.4,0.4,0.4,0,1406,7.91,5.84
2026-07-04 05:52:54.036,0.4,0.4,0.4,0.4,0,1402,7.91,5.90
2026-07-04 05:52:54.537,0.4,0.4,0.4,0.4,0,1403,7.91,5.89
2026-07-04 05:52:55.039,0.4,0.4,0.4,0.4,0,1403,7.91,5.89
2026-07-04 05:52:55.558,0.4,0.4,0.4,0.4,0,1400,7.91,5.93
2026-07-04 05:52:56.067,0.4,0.4,0.4,0.4,0,1405,7.91,5.86
2026-07-04 05:52:56.541,0.4,0.4,0.4,0.4,0,1405,7.91,5.86
2026-07-04 05:52:57.070,0.4,0.4,0.4,0.4,0,1403,7.91,5.89
2026-07-04 05:52:57.525,0.4,0.4,0.4,0.4,0,1400,7.91,5.93
2026-07-04 05:52:58.065,0.4,0.4,0.4,0.4,0,1400,7.91,5.93
2026-07-04 05:52:58.555,0.4,0.4,0.4,0.4,0,1403,7.91,5.89
2026-07-04 05:52:59.058,0.4,0.4,0.4,0.4,0,1405,7.91,5.86
2026-07-04 05:52:59.568,0.4,0.4,0.4,0.4,0,1404,7.91,5.87
2026-07-04 05:53:00.043,0.4,0.4,0.4,0.4,0,1405,7.91,5.86
2026-07-04 05:53:00.537,0.4,0.4,0.4,0.4,0,1404,7.91,5.87
2026-07-04 05:53:01.095,0.4,0.4,0.4,0.4,0,1403,7.91,5.89
2026-07-04 05:53:02.069,0.4,0.4,0.4,0.4,0,1404,7.91,5.87
2026-07-04 05:53:02.069,0.4,0.4,0.4,0.4,0,1400,7.91,5.93
2026-07-04 05:53:02.541,0.4,0.4,0.4,0.4,0,1404,7.91,5.87
2026-07-04 05:53:03.037,0.4,0.4,0.4,0.4,0,1402,7.91,5.90
2026-07-04 05:53:03.563,0.4,0.4,0.4,0.4,0,1402,7.91,5.90
2026-07-04 05:53:04.069,0.4,0.4,0.4,0.4,0,1403,7.91,5.89
2026-07-04 05:53:04.556,0.4,0.4,0.4,0.4,0,1404,7.91,5.87
2026-07-04 05:53:05.052,0.4,0.4,0.4,0.4,0,1400,7.91,5.93
2026-07-04 05:53:06.060,0.4,0.4,0.4,0.4,0,1402,7.91,5.90
2026-07-04 05:53:06.118,0.4,0.4,0.4,0.4,0,1407,7.91,5.83
2026-07-04 05:53:06.538,0.4,0.4,0.4,0.4,0,1405,7.91,5.86
2026-07-04 05:53:07.056,0.4,0.4,0.4,0.4,0,1403,7.91,5.89
2026-07-04 05:53:07.552,0.4,0.4,0.4,0.4,0,1402,7.91,5.90
2026-07-04 05:53:08.031,0.4,0.4,0.4,0.4,0,1402,7.91,5.90
2026-07-04 05:53:08.546,0.4,0.4,0.4,0.4,0,1401,7.91,5.92
2026-07-04 05:53:09.043,0.4,0.4,0.4,0.4,0,1403,7.91,5.89
2026-07-04 05:53:09.537,0.4,0.4,0.4,0.4,0,1405,7.91,5.86
2026-07-04 05:53:10.096,0.4,0.4,0.4,0.4,0,1402,7.91,5.90
2026-07-04 05:53:10.578,0.6,0.4,0.4,0.4,12,1403,7.73,5.89
2026-07-04 05:53:11.052,0.5,0.4,0.4,0.4,18,1403,7.65,5.89
2026-07-04 05:53:11.536,0.4,0.4,0.4,0.4,43,1403,7.28,5.89
2026-07-04 05:53:12.039,0.6,0.4,0.4,0.4,28,1401,7.50,5.92
2026-07-04 05:53:13.059,0.4,0.4,0.4,0.4,8,1401,7.79,5.92
2026-07-04 05:53:13.060,0.4,0.4,0.4,0.4,3,1402,7.87,5.90
2026-07-04 05:53:13.575,0.4,0.4,0.4,0.4,1,1402,7.90,5.90
2026-07-04 05:53:14.068,0.4,0.4,0.4,0.4,0,1402,7.91,5.90
2026-07-04 05:53:14.568,0.4,0.4,0.4,0.4,0,1402,7.91,5.90
2026-07-04 05:53:15.053,0.4,0.4,0.4,0.4,0,1402,7.91,5.90
2026-07-04 05:53:15.559,0.4,0.4,0.4,0.4,0,1403,7.91,5.89
2026-07-04 05:53:16.037,0.4,0.4,0.4,0.4,0,1403,7.91,5.89
2026-07-04 05:53:17.057,0.4,0.4,0.4,0.4,0,1403,7.91,5.89
2026-07-04 05:53:17.057,0.4,0.4,0.4,0.4,0,1402,7.91,5.90
2026-07-04 05:53:17.589,0.4,0.4,0.4,0.4,0,1401,7.91,5.92
2026-07-04 05:53:18.061,0.4,0.4,0.4,0.4,0,1402,7.91,5.90
2026-07-04 05:53:18.557,0.4,0.4,0.4,0.4,0,1402,7.91,5.90
2026-07-04 05:53:19.061,0.4,0.4,0.4,0.4,0,1402,7.91,5.90
2026-07-04 05:53:19.585,0.4,0.4,0.4,0.4,0,1402,7.91,5.90
2026-07-04 05:53:20.068,0.4,0.4,0.4,0.4,0,1404,7.91,5.87
2026-07-04 05:53:20.555,0.4,0.4,0.4,0.4,0,1401,7.91,5.92
2026-07-04 05:53:21.062,0.4,0.4,0.4,0.4,0,1402,7.91,5.90
2026-07-04 05:53:21.568,0.4,0.4,0.4,0.4,0,1405,7.91,5.86
2026-07-04 05:53:22.070,0.4,0.4,0.4,0.4,0,1402,7.91,5.90
2026-07-04 05:53:22.537,0.4,0.4,0.4,0.4,0,1404,7.91,5.87
2026-07-04 05:53:23.097,0.4,0.4,0.4,0.4,1,1403,7.90,5.89
2026-07-04 05:53:23.537,0.4,0.4,0.4,0.4,0,1402,7.91,5.90
2026-07-04 05:53:24.089,0.4,0.4,0.4,0.4,0,1403,7.91,5.89
2026-07-04 05:53:24.541,0.4,0.4,0.4,0.4,0,1403,7.91,5.89
2026-07-04 05:53:25.071,0.4,0.4,0.4,0.4,0,1403,7.91,5.89
2026-07-04 05:53:25.565,0.4,0.4,0.4,0.4,0,1402,7.91,5.90
2026-07-04 05:53:26.087,0.4,0.4,0.4,0.4,0,1403,7.91,5.89
2026-07-04 05:53:26.589,0.4,0.4,0.4,0.4,0,1406,7.91,5.84
2026-07-04 05:53:27.088,0.4,0.4,0.4,0.4,0,1402,7.91,5.90
2026-07-04 05:53:28.098,0.4,0.4,0.4,0.4,0,1403,7.91,5.89
2026-07-04 05:53:28.098,0.4,0.4,0.4,0.4,0,1397,7.91,5.98
2026-07-04 05:53:29.054,0.4,0.4,0.4,0.4,0,1404,7.91,5.87
2026-07-04 05:53:29.055,0.4,0.4,0.4,0.4,0,1404,7.91,5.87
2026-07-04 05:53:29.597,0.4,0.4,0.4,0.4,0,1394,7.91,6.02
2026-07-04 05:53:30.069,0.4,0.4,0.4,0.4,0,1406,7.91,5.84
2026-07-04 05:53:30.569,0.4,0.4,0.4,0.4,0,1403,7.91,5.89
2026-07-04 05:53:31.069,0.4,0.4,0.4,0.4,0,1400,7.91,5.93
2026-07-04 05:53:32.098,0.4,0.4,0.4,0.4,0,1405,7.91,5.86
2026-07-04 05:53:32.098,0.4,0.4,0.4,0.4,0,1403,7.91,5.89
2026-07-04 05:53:32.580,0.4,0.4,0.4,0.4,0,1402,7.91,5.90
2026-07-04 05:53:33.062,0.4,0.4,0.4,0.4,0,1401,7.91,5.92
2026-07-04 05:53:33.558,0.4,0.4,0.4,0.4,0,1402,7.91,5.90
2026-07-04 05:53:34.058,0.4,0.4,0.4,0.4,0,1403,7.91,5.89
2026-07-04 05:53:34.597,0.4,0.4,0.4,0.4,0,1404,7.91,5.87
2026-07-04 05:53:35.041,0.4,0.4,0.4,0.4,0,1400,7.91,5.93
2026-07-04 05:53:35.599,0.4,0.4,0.4,0.4,0,1402,7.91,5.90
2026-07-04 05:53:36.079,0.4,0.4,0.4,0.4,0,1402,7.91,5.90
2026-07-04 05:53:36.580,0.4,0.4,0.4,0.4,0,1402,7.91,5.90
2026-07-04 05:53:37.091,0.4,0.4,0.4,0.4,0,1402,7.91,5.90
2026-07-04 05:53:37.589,0.4,0.4,0.4,0.4,0,1403,7.91,5.89
2026-07-04 05:53:38.098,0.4,0.4,0.4,0.4,0,1402,7.91,5.90
2026-07-04 05:53:38.555,0.4,0.4,0.4,0.4,0,1403,7.91,5.89
2026-07-04 05:53:39.601,0.4,0.4,0.4,0.4,0,1403,7.91,5.89
2026-07-04 05:53:39.603,0.4,0.4,0.4,0.4,0,1401,7.91,5.92
2026-07-04 05:53:40.091,0.4,0.4,0.4,0.4,0,1402,7.91,5.90
2026-07-04 05:53:40.556,0.4,0.4,0.4,0.4,0,1402,7.91,5.90
2026-07-04 05:53:41.068,0.4,0.4,0.4,0.4,0,1397,7.91,5.98
2026-07-04 05:53:41.597,0.4,0.4,0.4,0.4,0,1402,7.91,5.90
2026-07-04 05:53:42.089,0.4,0.4,0.4,0.4,0,1402,7.91,5.90
2026-07-04 05:53:42.598,0.4,0.4,0.4,0.4,0,1401,7.91,5.92
2026-07-04 05:53:43.083,0.4,0.4,0.4,0.4,0,1402,7.91,5.90
2026-07-04 05:53:43.584,0.4,0.4,0.4,0.4,0,1402,7.91,5.90
2026-07-04 05:53:44.059,0.4,0.4,0.4,0.4,0,1402,7.91,5.90
2026-07-04 05:53:44.611,0.4,0.4,0.4,0.4,0,1402,7.91,5.90
2026-07-04 05:53:45.084,0.4,0.4,0.4,0.4,0,1402,7.91,5.90
2026-07-04 05:53:45.588,0.4,0.4,0.4,0.4,0,1400,7.91,5.93
2026-07-04 05:53:46.098,0.4,0.4,0.4,0.4,0,1402,7.91,5.90
2026-07-04 05:53:46.599,0.4,0.4,0.4,0.4,0,1403,7.91,5.89
2026-07-04 05:53:47.084,0.4,0.4,0.4,0.4,0,1402,7.91,5.90
2026-07-04 05:53:47.589,0.4,0.4,0.4,0.4,0,1401,7.91,5.92
2026-07-04 05:53:48.086,0.4,0.4,0.4,0.4,0,1402,7.91,5.90
2026-07-04 05:53:48.580,0.4,0.4,0.4,0.4,0,1401,7.91,5.92
2026-07-04 05:53:49.090,0.4,0.4,0.4,0.4,0,1404,7.91,5.87
2026-07-04 05:53:49.599,0.4,0.4,0.4,0.4,0,1401,7.91,5.92
2026-07-04 05:53:50.085,0.4,0.4,0.4,0.4,0,1399,7.91,5.95
2026-07-04 05:53:50.585,0.4,0.4,0.4,0.4,0,1401,7.91,5.92
2026-07-04 05:53:51.082,0.4,0.4,0.4,0.4,0,1401,7.91,5.92
2026-07-04 05:53:51.582,0.4,0.4,0.4,0.4,0,1402,7.91,5.90
2026-07-04 05:53:52.110,0.4,0.4,0.4,0.4,0,1402,7.91,5.90
2026-07-04 05:53:52.556,0.4,0.4,0.4,0.4,0,1403,7.91,5.89
2026-07-04 05:53:53.098,0.4,0.4,0.4,0.4,0,1402,7.91,5.90
2026-07-04 05:53:53.555,0.4,0.4,0.4,0.4,0,1403,7.91,5.89
2026-07-04 05:53:54.057,0.4,0.4,0.4,0.4,0,1403,7.91,5.89
2026-07-04 05:53:54.598,0.4,0.4,0.4,0.4,0,1404,7.91,5.87
2026-07-04 05:53:55.097,0.4,0.4,0.4,0.4,0,1402,7.91,5.90
2026-07-04 05:53:55.561,0.4,0.4,0.4,0.4,0,1399,7.91,5.95
2026-07-04 05:53:56.068,0.4,0.4,0.4,0.4,0,1403,7.91,5.89
2026-07-04 05:53:56.569,0.4,0.4,0.4,0.4,0,1401,7.91,5.92
2026-07-04 05:53:57.068,0.4,0.4,0.4,0.4,0,1401,7.91,5.92
2026-07-04 05:53:57.586,0.4,0.4,0.4,0.4,0,1405,7.91,5.86
2026-07-04 05:53:58.095,0.4,0.4,0.4,0.4,0,1399,7.91,5.95
2026-07-04 05:53:58.588,0.4,0.4,0.4,0.4,0,1401,7.91,5.92
2026-07-04 05:53:59.098,0.4,0.4,0.4,0.4,0,1402,7.91,5.90
2026-07-04 05:53:59.598,0.4,0.4,0.4,0.4,0,1401,7.91,5.92
2026-07-04 05:54:00.082,0.4,0.4,0.4,0.4,0,1402,7.91,5.90
2026-07-04 05:54:00.578,0.4,0.4,0.4,0.4,0,1398,7.91,5.96
2026-07-04 05:54:01.084,0.4,0.4,0.4,0.4,0,1400,7.91,5.93
2026-07-04 05:54:02.088,0.4,0.4,0.4,0.4,0,1401,7.91,5.92
2026-07-04 05:54:02.089,0.4,0.4,0.4,0.4,0,1401,7.91,5.92
2026-07-04 05:54:02.618,0.4,0.4,0.4,0.4,0,1402,7.91,5.90
2026-07-04 05:54:03.101,0.4,0.4,0.4,0.4,0,1400,7.91,5.93
2026-07-04 05:54:03.599,0.4,0.4,0.4,0.4,0,1400,7.91,5.93
2026-07-04 05:54:04.099,0.4,0.4,0.4,0.5,0,1403,7.91,5.89
2026-07-04 05:54:04.576,0.4,0.4,0.4,0.4,0,1399,7.91,5.95
2026-07-04 05:54:05.097,0.4,0.4,0.4,0.4,0,1401,7.91,5.92
2026-07-04 05:54:05.590,0.4,0.4,0.4,0.4,0,1401,7.91,5.92
2026-07-04 05:54:06.115,0.4,0.4,0.4,0.4,0,1399,7.91,5.95
2026-07-04 05:54:06.615,0.4,0.4,0.4,0.4,0,1405,7.91,5.86
2026-07-04 05:54:07.090,0.4,0.4,0.4,0.4,0,1401,7.91,5.92
2026-07-04 05:54:07.613,0.4,0.4,0.4,0.4,0,1402,7.91,5.90
2026-07-04 05:54:08.085,0.4,0.4,0.4,0.4,0,1403,7.91,5.89
2026-07-04 05:54:08.583,0.4,0.4,0.4,0.4,1,1401,7.90,5.92
2026-07-04 05:54:09.110,0.4,0.4,0.4,0.4,0,1402,7.91,5.90
2026-07-04 05:54:09.582,0.4,0.4,0.4,0.4,0,1401,7.91,5.92
2026-07-04 05:54:10.109,0.4,0.4,0.4,0.4,0,1402,7.91,5.90
2026-07-04 05:54:10.617,0.4,0.4,0.4,0.4,0,1402,7.91,5.90
2026-07-04 05:54:11.116,0.4,0.4,0.4,0.4,0,1403,7.91,5.89
2026-07-04 05:54:11.570,0.4,0.4,0.4,0.4,0,1402,7.91,5.90
2026-07-04 05:54:12.115,0.4,0.4,0.4,0.4,0,1906,7.91,-1.48
2026-07-04 05:54:12.610,0.4,0.4,0.4,0.4,0,1401,7.91,5.92
2026-07-04 05:54:13.068,0.4,0.4,0.4,0.4,0,1403,7.91,5.89
2026-07-04 05:54:13.567,0.4,0.4,0.4,0.4,0,1404,7.91,5.87
2026-07-04 05:54:14.098,0.4,0.4,0.4,0.4,0,1404,7.91,5.87
2026-07-04 05:54:14.628,0.4,0.4,0.4,0.4,0,1401,7.91,5.92
2026-07-04 05:54:15.113,0.4,0.4,0.4,0.4,0,1402,7.91,5.90
2026-07-04 05:54:15.615,0.4,0.4,0.4,0.4,0,1401,7.91,5.92
2026-07-04 05:54:16.577,0.4,0.4,0.4,0.4,0,1402,7.91,5.90
2026-07-04 05:54:16.640,0.4,0.4,0.4,0.4,0,1403,7.91,5.89
2026-07-04 05:54:17.109,0.4,0.4,0.4,0.4,0,1400,7.91,5.93
2026-07-04 05:54:17.618,0.4,0.4,0.4,0.4,0,1402,7.91,5.90
2026-07-04 05:54:18.068,0.4,0.4,0.4,0.4,0,1403,7.91,5.89
2026-07-04 05:54:18.628,0.4,0.4,0.4,0.4,0,1402,7.91,5.90
2026-07-04 05:54:19.117,0.4,0.4,0.4,0.4,0,1403,7.91,5.89
2026-07-04 05:54:20.115,0.4,0.4,0.4,0.4,0,1401,7.91,5.92
2026-07-04 05:54:20.117,0.4,0.4,0.4,0.4,0,1403,7.91,5.89
2026-07-04 05:54:20.575,0.4,0.4,0.4,0.4,0,1402,7.91,5.90
2026-07-04 05:54:21.101,0.4,0.4,0.4,0.4,0,1402,7.91,5.90
2026-07-04 05:54:21.600,0.4,0.4,0.4,0.4,0,1400,7.91,5.93
2026-07-04 05:54:22.098,0.4,0.4,0.4,0.4,0,1402,7.91,5.90
2026-07-04 05:54:22.581,0.4,0.4,0.4,0.5,0,1402,7.91,5.90
2026-07-04 05:54:23.092,0.4,0.4,0.4,0.4,0,1394,7.91,6.02
2026-07-04 05:54:24.100,0.4,0.4,0.4,0.4,0,1402,7.91,5.90
2026-07-04 05:54:24.101,0.4,0.4,0.4,0.4,0,1403,7.91,5.89
2026-07-04 05:54:24.595,0.4,0.4,0.4,0.4,0,1404,7.91,5.87
2026-07-04 05:54:25.080,0.4,0.4,0.4,0.4,0,1401,7.91,5.92
2026-07-04 05:54:25.625,0.4,0.4,0.4,0.4,0,1402,7.91,5.90
2026-07-04 05:54:26.078,0.4,0.4,0.4,0.4,0,1403,7.91,5.89
2026-07-04 05:54:26.597,0.4,0.4,0.4,0.4,0,1402,7.91,5.90
2026-07-04 05:54:27.129,0.4,0.4,0.4,0.4,0,1906,7.91,-1.48
2026-07-04 05:54:27.628,0.4,0.4,0.4,0.4,0,1401,7.91,5.92
2026-07-04 05:54:28.130,0.4,0.4,0.4,0.4,0,1402,7.91,5.90
2026-07-04 05:54:28.618,0.4,0.4,0.4,0.4,0,1402,7.91,5.90
2026-07-04 05:54:29.120,0.4,0.4,0.4,0.4,0,1401,7.91,5.92
2026-07-04 05:54:29.591,0.4,0.4,0.4,0.4,0,1403,7.91,5.89
2026-07-04 05:54:30.099,0.4,0.4,0.4,0.4,0,1402,7.91,5.90
2026-07-04 05:54:30.597,0.4,0.4,0.4,0.4,0,1398,7.91,5.96
2026-07-04 05:54:31.097,0.4,0.4,0.4,0.4,0,1401,7.91,5.92
2026-07-04 05:54:31.588,0.4,0.4,0.4,0.4,0,1401,7.91,5.92
2026-07-04 05:54:32.088,0.4,0.4,0.4,0.4,0,1402,7.91,5.90
2026-07-04 05:54:32.598,0.4,0.4,0.4,0.4,0,1399,7.91,5.95
2026-07-04 05:54:33.098,0.4,0.4,0.4,0.4,0,1402,7.91,5.90
2026-07-04 05:54:33.587,0.4,0.4,0.4,0.4,0,1401,7.91,5.92
2026-07-04 05:54:34.085,0.4,0.4,0.4,0.4,0,1401,7.91,5.92
2026-07-04 05:54:34.578,0.4,0.4,0.4,0.4,0,1403,7.91,5.89
2026-07-04 05:54:35.597,0.4,0.4,0.4,0.4,0,1405,7.91,5.86
2026-07-04 05:54:35.598,0.4,0.4,0.4,0.4,0,1405,7.91,5.86
2026-07-04 05:54:36.085,0.4,0.4,0.4,0.4,0,1403,7.91,5.89
2026-07-04 05:54:36.584,0.4,0.4,0.4,0.4,0,1403,7.91,5.89
2026-07-04 05:54:37.084,0.4,0.4,0.4,0.4,0,1403,7.91,5.89
2026-07-04 05:54:37.582,0.4,0.4,0.4,0.4,0,1403,7.91,5.89
2026-07-04 05:54:38.079,0.4,0.4,0.4,0.4,0,1396,7.91,5.99
2026-07-04 05:54:38.598,0.4,0.4,0.4,0.4,0,1404,7.91,5.87
2026-07-04 05:54:39.101,0.4,0.4,0.4,0.4,0,1402,7.91,5.90
2026-07-04 05:54:39.598,0.4,0.4,0.4,0.4,0,1401,7.91,5.92
2026-07-04 05:54:40.083,0.4,0.4,0.4,0.4,0,1401,7.91,5.92
2026-07-04 05:54:40.583,0.4,0.4,0.4,0.4,0,1400,7.91,5.93
2026-07-04 05:54:41.108,0.4,0.4,0.4,0.4,0,1397,7.91,5.98
2026-07-04 05:54:41.618,0.4,0.4,0.4,0.4,0,1402,7.91,5.90
2026-07-04 05:54:42.118,0.4,0.4,0.4,0.4,0,1401,7.91,5.92
2026-07-04 05:54:42.597,0.4,0.4,0.4,0.4,0,1402,7.91,5.90
2026-07-04 05:54:43.097,0.4,0.4,0.4,0.4,0,1402,7.91,5.90
2026-07-04 05:54:43.580,0.4,0.4,0.4,0.4,0,1401,7.91,5.92
2026-07-04 05:54:44.090,0.4,0.4,0.4,0.4,0,1401,7.91,5.92
2026-07-04 05:54:44.628,0.4,0.4,0.4,0.4,0,1401,7.91,5.92
2026-07-04 05:54:45.088,0.4,0.4,0.4,0.4,0,1401,7.91,5.92
2026-07-04 05:54:45.584,0.4,0.4,0.4,0.4,0,1400,7.91,5.93
2026-07-04 05:54:46.083,0.4,0.4,0.4,0.4,0,1400,7.91,5.93
2026-07-04 05:54:46.598,0.4,0.4,0.4,0.4,0,1401,7.91,5.92
2026-07-04 05:54:47.098,0.4,0.4,0.4,0.4,0,1401,7.91,5.92
2026-07-04 05:54:47.609,0.4,0.4,0.4,0.4,0,1396,7.91,5.99
2026-07-04 05:54:48.090,0.4,0.4,0.4,0.4,0,1402,7.91,5.90
2026-07-04 05:54:48.628,0.4,0.4,0.4,0.4,0,1401,7.91,5.92
2026-07-04 05:54:49.086,0.4,0.4,0.4,0.4,0,1402,7.91,5.90
2026-07-04 05:54:49.599,0.4,0.4,0.4,0.4,0,1401,7.91,5.92
2026-07-04 05:54:50.087,0.4,0.4,0.4,0.4,0,1401,7.91,5.92
2026-07-04 05:54:50.645,0.4,0.4,0.4,0.4,0,1401,7.91,5.92
2026-07-04 05:54:51.140,0.4,0.4,0.4,0.4,0,1401,7.91,5.92
2026-07-04 05:54:51.594,0.4,0.4,0.4,0.4,0,1906,7.91,-1.48
2026-07-04 05:54:52.108,0.4,0.4,0.4,0.4,0,1401,7.91,5.92
2026-07-04 05:54:52.622,0.4,0.4,0.4,0.4,0,1396,7.91,5.99
2026-07-04 05:54:53.136,0.4,0.4,0.4,0.4,0,1400,7.91,5.93
2026-07-04 05:54:53.599,0.4,0.4,0.4,0.4,0,1906,7.91,-1.48
2026-07-04 05:54:54.084,0.4,0.4,0.4,0.4,0,1401,7.91,5.92
2026-07-04 05:54:54.644,0.4,0.4,0.4,0.4,0,1400,7.91,5.93
2026-07-04 05:54:55.092,0.4,0.4,0.4,0.4,0,1402,7.91,5.90
2026-07-04 05:54:55.593,0.4,0.4,0.4,0.4,0,1402,7.91,5.90
2026-07-04 05:54:56.097,0.4,0.4,0.4,0.4,0,1403,7.91,5.89
2026-07-04 05:54:56.646,0.4,0.4,0.4,0.4,0,1403,7.91,5.89
2026-07-04 05:54:57.143,0.4,0.4,0.4,0.4,0,1401,7.91,5.92
2026-07-04 05:54:57.591,0.4,0.4,0.4,0.4,0,1906,7.91,-1.48
2026-07-04 05:54:58.099,0.4,0.4,0.4,0.4,0,1401,7.91,5.92
2026-07-04 05:54:58.599,0.4,0.4,0.4,0.4,0,1401,7.91,5.92
2026-07-04 05:54:59.096,0.4,0.4,0.4,0.4,0,1401,7.91,5.92
2026-07-04 05:54:59.620,0.4,0.4,0.4,0.4,0,1402,7.91,5.90
2026-07-04 05:55:00.124,0.4,0.4,0.4,0.4,0,1401,7.91,5.92
2026-07-04 05:55:00.597,0.4,0.4,0.4,0.4,0,1399,7.91,5.95
2026-07-04 05:55:01.095,0.4,0.4,0.4,0.4,0,1906,7.91,-1.48
2026-07-04 05:55:01.620,0.4,0.4,0.4,0.4,0,1401,7.91,5.92
2026-07-04 05:55:02.098,0.4,0.4,0.4,0.4,0,1401,7.91,5.92
2026-07-04 05:55:02.650,0.4,0.4,0.4,0.4,0,1400,7.91,5.93
2026-07-04 05:55:03.148,0.4,0.4,0.4,0.4,0,1906,7.91,-1.48
2026-07-04 05:55:03.630,0.4,0.4,0.4,0.4,0,1401,7.91,5.92
2026-07-04 05:55:04.114,0.4,0.4,0.4,0.4,0,1402,7.91,5.90
2026-07-04 05:55:04.622,0.4,0.4,0.4,0.4,0,1401,7.91,5.92
2026-07-04 05:55:05.129,0.4,0.4,0.4,0.4,0,1402,7.91,5.90
2026-07-04 05:55:05.621,0.4,0.4,0.4,0.4,0,1402,7.91,5.90
2026-07-04 05:55:06.098,0.4,0.4,0.4,0.4,0,1400,7.91,5.93
2026-07-04 05:55:06.618,0.4,0.4,0.4,0.4,0,1906,7.91,-1.48
2026-07-04 05:55:07.119,0.4,0.4,0.4,0.4,0,1906,7.91,-1.48
2026-07-04 05:55:07.628,0.4,0.4,0.4,0.4,0,1906,7.91,-1.48
2026-07-04 05:55:08.649,0.4,0.4,0.4,0.4,0,1402,7.91,5.90
2026-07-04 05:55:08.649,0.4,0.4,0.4,0.4,0,1401,7.91,5.92
2026-07-04 05:55:09.149,0.4,0.4,0.4,0.4,0,1402,7.91,5.90
2026-07-04 05:55:09.645,0.4,0.4,0.4,0.4,0,1906,7.91,-1.48
2026-07-04 05:55:10.098,0.4,0.4,0.4,0.4,0,1399,7.91,5.95
2026-07-04 05:55:10.649,0.4,0.4,0.4,0.4,0,1401,7.91,5.92
2026-07-04 05:55:11.098,0.4,0.4,0.4,0.4,0,1400,7.91,5.93
2026-07-04 05:55:11.647,0.4,0.4,0.4,0.4,0,1401,7.91,5.92
2026-07-04 05:55:12.119,0.4,0.4,0.4,0.4,0,1401,7.91,5.92
2026-07-04 05:55:13.128,0.4,0.4,0.4,0.4,0,1401,7.91,5.92
2026-07-04 05:55:13.130,0.4,0.4,0.4,0.4,0,1395,7.91,6.01
2026-07-04 05:55:13.641,0.4,0.4,0.4,0.4,0,1401,7.91,5.92
2026-07-04 05:55:14.149,0.4,0.4,0.4,0.4,0,1402,7.91,5.90
2026-07-04 05:55:14.619,0.4,0.4,0.4,0.4,0,1401,7.91,5.92
2026-07-04 05:55:15.149,0.4,0.4,0.4,0.4,0,1402,7.91,5.90
2026-07-04 05:55:15.644,0.4,0.4,0.4,0.4,0,1401,7.91,5.92
2026-07-04 05:55:16.098,0.4,0.4,0.4,0.4,0,1401,7.91,5.92
2026-07-04 05:55:16.598,0.4,0.4,0.4,0.4,0,1400,7.91,5.93
2026-07-04 05:55:17.149,0.4,0.4,0.4,0.4,0,1401,7.91,5.92
2026-07-04 05:55:17.658,0.4,0.4,0.4,0.4,0,1401,7.91,5.92
2026-07-04 05:55:18.119,0.4,0.4,0.4,0.4,0,1401,7.91,5.92
2026-07-04 05:55:18.598,0.4,0.4,0.4,0.4,0,1401,7.91,5.92
2026-07-04 05:55:19.130,0.4,0.4,0.4,0.4,0,1400,7.91,5.93
2026-07-04 05:55:19.620,0.4,0.4,0.4,0.4,0,1402,7.91,5.90
2026-07-04 05:55:20.635,0.4,0.4,0.4,0.4,0,1401,7.91,5.92
2026-07-04 05:55:20.635,0.4,0.4,0.4,0.4,0,1401,7.91,5.92
2026-07-04 05:55:21.118,0.4,0.4,0.4,0.4,0,1401,7.91,5.92
2026-07-04 05:55:21.617,0.4,0.4,0.4,0.4,0,1398,7.91,5.96
2026-07-04 05:55:22.116,0.4,0.4,0.4,0.4,0,1398,7.91,5.96
2026-07-04 05:55:22.651,0.4,0.4,0.4,0.4,0,1401,7.91,5.92
2026-07-04 05:55:23.144,0.4,0.4,0.4,0.4,0,1400,7.91,5.93
2026-07-04 05:55:23.640,0.4,0.4,0.4,0.4,0,1400,7.91,5.93
2026-07-04 05:55:24.148,0.4,0.4,0.4,0.4,0,1401,7.91,5.92
2026-07-04 05:55:24.618,0.4,0.4,0.4,0.4,0,1401,7.91,5.92
2026-07-04 05:55:25.162,0.4,0.4,0.4,0.4,0,1401,7.91,5.92
2026-07-04 05:55:25.660,0.4,0.4,0.4,0.4,0,1401,7.91,5.92
2026-07-04 05:55:26.149,0.4,0.4,0.4,0.4,0,1399,7.91,5.95
2026-07-04 05:55:26.620,0.4,0.4,0.4,0.4,0,1906,7.91,-1.48
2026-07-04 05:55:27.118,0.4,0.4,0.4,0.4,0,1398,7.91,5.96
2026-07-04 05:55:27.643,0.4,0.4,0.4,0.4,0,1400,7.91,5.93
2026-07-04 05:55:28.120,0.4,0.4,0.4,0.4,0,1401,7.91,5.92
2026-07-04 05:55:28.665,0.4,0.4,0.4,0.4,0,1401,7.91,5.92
2026-07-04 05:55:29.148,0.4,0.4,0.4,0.4,0,1400,7.91,5.93
2026-07-04 05:55:29.619,0.4,0.4,0.4,0.4,0,1402,7.91,5.90
2026-07-04 05:55:30.148,0.4,0.4,0.4,0.4,0,1400,7.91,5.93
2026-07-04 05:55:30.643,0.4,0.4,0.4,0.4,0,1400,7.91,5.93
2026-07-04 05:55:31.154,0.4,0.4,0.4,0.4,0,1401,7.91,5.92
2026-07-04 05:55:31.622,0.4,0.4,0.4,0.4,0,1400,7.91,5.93
2026-07-04 05:55:32.150,0.4,0.4,0.4,0.4,0,1399,7.91,5.95
2026-07-04 05:55:32.630,0.4,0.4,0.4,0.4,0,1399,7.91,5.95
2026-07-04 05:55:33.108,0.4,0.4,0.4,0.4,0,1400,7.91,5.93
2026-07-04 05:55:33.620,0.4,0.4,0.4,0.4,0,1399,7.91,5.95
2026-07-04 05:55:34.119,0.4,0.4,0.4,0.4,0,1399,7.91,5.95
2026-07-04 05:55:34.651,0.4,0.4,0.4,0.4,0,1400,7.91,5.93
2026-07-04 05:55:35.115,0.4,0.4,0.4,0.4,0,1398,7.91,5.96
2026-07-04 05:55:35.676,0.4,0.4,0.4,0.4,0,1402,7.91,5.90
2026-07-04 05:55:36.650,0.4,0.4,0.4,0.4,0,1400,7.91,5.93
2026-07-04 05:55:36.651,0.4,0.4,0.4,0.4,0,1400,7.91,5.93
2026-07-04 05:55:37.120,0.4,0.4,0.4,0.4,0,1401,7.91,5.92
2026-07-04 05:55:37.619,0.4,0.4,0.4,0.4,0,1402,7.91,5.90
2026-07-04 05:55:38.160,0.4,0.4,0.4,0.4,0,1397,7.91,5.98
2026-07-04 05:55:38.657,0.4,0.4,0.4,0.4,0,1399,7.91,5.95
2026-07-04 05:55:39.121,0.4,0.4,0.4,0.4,0,1401,7.91,5.92
2026-07-04 05:55:39.659,0.4,0.4,0.4,0.4,0,1398,7.91,5.96
2026-07-04 05:55:40.119,0.4,0.4,0.4,0.4,0,1400,7.91,5.93
2026-07-04 05:55:40.614,0.4,0.4,0.4,0.4,0,1400,7.91,5.93
2026-07-04 05:55:41.152,0.4,0.4,0.4,0.4,0,1400,7.91,5.93
2026-07-04 05:55:41.630,0.4,0.4,0.4,0.4,0,1400,7.91,5.93
2026-07-04 05:55:42.118,0.4,0.4,0.4,0.4,0,1400,7.91,5.93
2026-07-04 05:55:43.151,0.4,0.4,0.4,0.4,0,1400,7.91,5.93
2026-07-04 05:55:43.153,0.4,0.4,0.4,0.4,0,1401,7.91,5.92
2026-07-04 05:55:43.619,0.4,0.4,0.4,0.4,0,1399,7.91,5.95
2026-07-04 05:55:44.116,0.4,0.4,0.4,0.4,0,1401,7.91,5.92
2026-07-04 05:55:44.615,0.4,0.4,0.4,0.4,0,1399,7.91,5.95
2026-07-04 05:55:45.164,0.4,0.4,0.4,0.4,0,1906,7.91,-1.48
2026-07-04 05:55:45.621,0.4,0.4,0.4,0.4,0,1399,7.91,5.95
2026-07-04 05:55:46.160,0.4,0.4,0.4,0.4,0,1398,7.91,5.96
2026-07-04 05:55:46.619,0.4,0.4,0.4,0.4,0,1399,7.91,5.95
2026-07-04 05:55:47.117,0.4,0.4,0.4,0.4,0,1400,7.91,5.93
2026-07-04 05:55:47.619,0.4,0.4,0.4,0.4,0,1399,7.91,5.95
2026-07-04 05:55:48.118,0.4,0.4,0.4,0.4,0,1401,7.91,5.92
2026-07-04 05:55:48.620,0.4,0.4,0.4,0.4,0,1398,7.91,5.96
2026-07-04 05:55:49.148,0.4,0.4,0.4,0.4,0,1400,7.91,5.93
2026-07-04 05:55:49.647,0.4,0.4,0.4,0.4,0,1399,7.91,5.95
2026-07-04 05:55:50.118,0.4,0.4,0.4,0.4,0,1398,7.91,5.96
2026-07-04 05:55:50.619,0.4,0.4,0.4,0.4,0,1401,7.91,5.92
2026-07-04 05:55:51.132,0.4,0.4,0.4,0.4,0,1401,7.91,5.92
2026-07-04 05:55:51.660,0.4,0.4,0.4,0.4,0,1400,7.91,5.93
2026-07-04 05:55:52.149,0.4,0.4,0.4,0.4,0,1399,7.91,5.95
2026-07-04 05:55:52.646,0.4,0.4,0.4,0.4,0,1402,7.91,5.90
2026-07-04 05:55:53.128,0.4,0.4,0.4,0.4,0,1399,7.91,5.95
2026-07-04 05:55:53.647,0.4,0.4,0.4,0.4,0,1397,7.91,5.98
2026-07-04 05:55:54.148,0.4,0.4,0.4,0.4,0,1400,7.91,5.93
2026-07-04 05:55:54.621,0.4,0.4,0.4,0.4,0,1402,7.91,5.90
2026-07-04 05:55:55.177,0.4,0.4,0.4,0.4,0,1402,7.91,5.90
2026-07-04 05:55:55.616,0.4,0.4,0.4,0.4,0,1400,7.91,5.93
2026-07-04 05:55:56.163,0.4,0.4,0.4,0.4,0,1400,7.91,5.93
2026-07-04 05:55:56.641,0.4,0.4,0.4,0.4,0,1401,7.91,5.92
2026-07-04 05:55:57.148,0.4,0.4,0.4,0.4,0,1401,7.91,5.92
2026-07-04 05:55:57.646,0.4,0.4,0.4,0.4,0,1401,7.91,5.92
2026-07-04 05:55:58.150,0.4,0.4,0.4,0.4,0,1402,7.91,5.90
2026-07-04 05:55:58.652,0.4,0.4,0.4,0.4,0,1402,7.91,5.90
2026-07-04 05:55:59.178,0.4,0.4,0.4,0.4,0,1399,7.91,5.95
2026-07-04 05:56:00.176,0.4,0.4,0.4,0.4,0,1399,7.91,5.95
2026-07-04 05:56:00.177,0.4,0.4,0.4,0.4,0,1399,7.91,5.95
2026-07-04 05:56:00.658,0.4,0.4,0.4,0.4,0,1395,7.91,6.01
2026-07-04 05:56:01.127,0.4,0.4,0.4,0.4,0,1400,7.91,5.93
2026-07-04 05:56:01.687,0.4,0.4,0.4,0.4,0,1401,7.91,5.92
2026-07-04 05:56:02.148,0.4,0.4,0.4,0.4,0,1401,7.91,5.92
2026-07-04 05:56:02.679,0.4,0.4,0.4,0.4,0,1402,7.91,5.90
2026-07-04 05:56:03.178,0.4,0.4,0.4,0.4,0,1401,7.91,5.92
2026-07-04 05:56:03.660,0.4,0.4,0.4,0.4,0,1399,7.91,5.95
2026-07-04 05:56:04.158,0.4,0.4,0.4,0.4,0,1400,7.91,5.93
2026-07-04 05:56:04.668,0.4,0.4,0.4,0.4,0,1402,7.91,5.90
2026-07-04 05:56:05.645,0.4,0.4,0.4,0.4,0,1401,7.91,5.92
2026-07-04 05:56:05.646,0.4,0.4,0.4,0.4,0,1396,7.91,5.99
2026-07-04 05:56:06.144,0.4,0.4,0.4,0.4,0,1400,7.91,5.93
2026-07-04 05:56:06.643,0.4,0.4,0.4,0.4,0,1401,7.91,5.92
2026-07-04 05:56:07.157,0.4,0.4,0.4,0.4,0,1397,7.91,5.98
2026-07-04 05:56:07.644,0.4,0.4,0.4,0.4,0,1402,7.91,5.90
2026-07-04 05:56:08.145,0.4,0.4,0.4,0.4,0,1399,7.91,5.95
2026-07-04 05:56:08.637,0.4,0.4,0.4,0.4,1,1402,7.90,5.90
2026-07-04 05:56:09.140,0.4,0.4,0.4,0.4,0,1400,7.91,5.93
2026-07-04 05:56:09.652,0.4,0.4,0.4,0.4,8,1398,7.79,5.96
2026-07-04 05:56:10.198,0.4,0.4,0.4,0.4,1,1400,7.90,5.93
2026-07-04 05:56:10.663,0.5,0.4,0.4,0.4,7,1400,7.81,5.93
2026-07-04 05:56:11.164,0.5,0.4,0.4,0.4,30,1391,7.47,6.06
2026-07-04 05:56:11.644,0.5,0.4,0.4,0.4,49,1399,7.19,5.95
2026-07-04 05:56:12.145,0.5,0.4,0.4,0.4,57,1400,7.08,5.93
2026-07-04 05:56:12.678,0.6,0.4,0.4,0.4,73,1399,6.84,5.95
2026-07-04 05:56:13.179,0.7,0.4,0.4,0.4,153,1400,5.67,5.93
2026-07-04 05:56:13.684,0.8,0.4,0.4,0.4,221,1400,4.67,5.93
2026-07-04 05:56:14.149,1.0,0.4,0.4,0.4,285,1401,3.74,5.92
2026-07-04 05:56:14.650,1.0,0.4,0.4,0.4,328,1403,3.11,5.89
2026-07-04 05:56:15.150,1.0,0.4,0.4,0.4,357,1401,2.68,5.92
2026-07-04 05:56:15.645,1.0,0.4,0.4,0.4,355,1399,2.71,5.95
2026-07-04 05:56:16.139,0.9,0.4,0.4,0.4,309,1400,3.38,5.93
2026-07-04 05:56:16.650,1.0,0.4,0.4,0.4,288,1400,3.69,5.93
2026-07-04 05:56:17.163,1.0,0.4,0.4,0.4,338,1401,2.96,5.92
2026-07-04 05:56:17.679,0.9,0.4,0.4,0.4,316,1401,3.28,5.92
2026-07-04 05:56:18.150,1.1,0.4,0.4,0.4,359,1398,2.65,5.96
2026-07-04 05:56:18.648,1.2,0.4,0.4,0.4,423,1400,1.71,5.93
2026-07-04 05:56:19.195,1.2,0.4,0.4,0.4,495,1397,0.66,5.98
2026-07-04 05:56:19.691,1.3,0.4,0.4,0.4,515,1401,0.37,5.92
2026-07-04 05:56:20.149,1.3,0.4,0.4,0.4,546,1400,-0.09,5.93
2026-07-04 05:56:20.650,1.2,0.4,0.4,0.4,519,1401,0.31,5.92
2026-07-04 05:56:21.165,1.1,0.4,0.4,0.4,432,1397,1.58,5.98
2026-07-04 05:56:21.659,1.2,0.4,0.4,0.4,428,1399,1.64,5.95
2026-07-04 05:56:22.159,1.3,0.4,0.4,0.4,485,1400,0.81,5.93
2026-07-04 05:56:23.149,1.3,0.4,0.4,0.4,543,1400,-0.04,5.93
2026-07-04 05:56:23.150,1.4,0.4,0.4,0.4,573,1399,-0.48,5.95
2026-07-04 05:56:23.644,1.5,0.4,0.4,0.4,610,1400,-1.03,5.93
2026-07-04 05:56:24.194,1.5,0.4,0.4,0.4,644,1400,-1.52,5.93
2026-07-04 05:56:24.691,1.4,0.4,0.4,0.4,647,1402,-1.57,5.90
2026-07-04 05:56:25.188,1.3,0.4,0.4,0.4,600,1400,-0.88,5.93
2026-07-04 05:56:25.676,1.3,0.4,0.4,0.4,543,1399,-0.04,5.95
2026-07-04 05:56:26.148,1.2,0.4,0.4,0.4,494,1400,0.67,5.93
2026-07-04 05:56:26.648,1.1,0.4,0.4,0.4,454,1401,1.26,5.92
2026-07-04 05:56:27.150,1.1,0.4,0.4,0.4,403,1400,2.01,5.93
2026-07-04 05:56:27.649,1.1,0.4,0.4,0.4,405,1400,1.98,5.93
2026-07-04 05:56:28.151,1.1,0.4,0.4,0.4,438,1399,1.49,5.95
2026-07-04 05:56:28.643,1.1,0.4,0.4,0.4,409,1399,1.92,5.95
2026-07-04 05:56:29.163,1.0,0.4,0.4,0.4,379,1400,2.36,5.93
2026-07-04 05:56:29.647,1.0,0.4,0.4,0.4,357,1399,2.68,5.95
2026-07-04 05:56:30.148,1.0,0.4,0.4,0.4,366,1400,2.55,5.93
2026-07-04 05:56:30.831,0.9,0.4,0.4,0.4,366,1400,2.55,5.93
2026-07-04 05:56:31.145,0.9,0.4,0.4,0.4,325,1400,3.15,5.93
2026-07-04 05:56:31.207,0.8,0.4,0.4,0.4,270,1401,3.96,5.92
2026-07-04 05:56:31.639,0.7,0.4,0.4,0.4,216,1399,4.75,5.95
2026-07-04 05:56:32.148,0.7,0.4,0.4,0.4,177,1400,5.32,5.93
2026-07-04 05:56:32.668,0.6,0.4,0.4,0.4,130,1400,6.01,5.93
2026-07-04 05:56:33.190,0.5,0.4,0.4,0.4,84,1401,6.68,5.92
2026-07-04 05:56:33.654,0.5,0.4,0.4,0.4,47,1401,7.22,5.92
2026-07-04 05:56:34.177,0.4,0.4,0.4,0.4,28,1400,7.50,5.93
2026-07-04 05:56:34.648,0.4,0.4,0.4,0.4,3,1401,7.87,5.92
2026-07-04 05:56:35.149,0.4,0.4,0.4,0.4,0,1400,7.91,5.93
2026-07-04 05:56:35.645,0.4,0.4,0.4,0.4,0,1396,7.91,5.99
2026-07-04 05:56:36.147,0.4,0.4,0.4,0.4,0,1399,7.91,5.95
2026-07-04 05:56:36.678,0.4,0.4,0.4,0.4,0,1400,7.91,5.93
2026-07-04 05:56:37.148,0.4,0.4,0.4,0.4,0,1399,7.91,5.95
2026-07-04 05:56:37.645,0.4,0.4,0.4,0.4,0,1398,7.91,5.96
2026-07-04 05:56:38.643,0.4,0.4,0.4,0.4,0,1397,7.91,5.98
2026-07-04 05:56:38.704,0.4,0.4,0.4,0.4,0,1397,7.91,5.98
2026-07-04 05:56:39.173,0.4,0.4,0.4,0.4,1,1395,7.90,6.01
2026-07-04 05:56:39.691,0.4,0.4,0.4,0.4,0,1399,7.91,5.95
2026-07-04 05:56:40.149,0.4,0.4,0.4,0.4,0,1399,7.91,5.95
2026-07-04 05:56:40.665,0.4,0.4,0.4,0.4,0,1398,7.91,5.96
2026-07-04 05:56:41.150,0.4,0.4,0.4,0.4,0,1399,7.91,5.95
2026-07-04 05:56:41.648,0.4,0.4,0.4,0.4,0,1400,7.91,5.93
2026-07-04 05:56:42.145,0.4,0.4,0.4,0.4,0,1399,7.91,5.95
2026-07-04 05:56:42.643,0.4,0.4,0.4,0.4,0,1400,7.91,5.93
2026-07-04 05:56:43.145,0.4,0.4,0.4,0.4,0,1400,7.91,5.93
2026-07-04 05:56:43.650,0.4,0.4,0.4,0.4,0,1400,7.91,5.93
2026-07-04 05:56:44.148,0.4,0.4,0.4,0.4,0,1403,7.91,5.89
2026-07-04 05:56:44.649,0.4,0.4,0.4,0.4,0,1401,7.91,5.92
2026-07-04 05:56:45.165,0.4,0.4,0.4,0.4,0,1400,7.91,5.93
2026-07-04 05:56:45.661,0.4,0.4,0.4,0.4,0,1398,7.91,5.96
2026-07-04 05:56:46.160,0.4,0.4,0.4,0.4,0,1402,7.91,5.90
2026-07-04 05:56:46.658,0.4,0.4,0.4,0.4,0,1401,7.91,5.92
2026-07-04 05:56:47.183,0.4,0.4,0.4,0.4,0,1400,7.91,5.93
2026-07-04 05:56:47.708,0.4,0.4,0.4,0.4,0,1399,7.91,5.95
2026-07-04 05:56:48.145,0.4,0.4,0.4,0.4,0,1402,7.91,5.90
2026-07-04 05:56:48.698,0.4,0.4,0.4,0.4,0,1401,7.91,5.92
2026-07-04 05:56:49.164,0.4,0.4,0.4,0.4,0,1393,7.91,6.04
2026-07-04 05:56:49.676,0.4,0.4,0.4,0.4,0,1906,7.91,-1.48
2026-07-04 05:56:50.178,0.4,0.4,0.4,0.4,0,1398,7.91,5.96
2026-07-04 05:56:50.651,0.4,0.4,0.4,0.4,0,1399,7.91,5.95
2026-07-04 05:56:51.208,0.4,0.4,0.4,0.4,0,1401,7.91,5.92
2026-07-04 05:56:51.677,0.4,0.4,0.4,0.4,0,1398,7.91,5.96
2026-07-04 05:56:52.150,0.4,0.4,0.4,0.4,0,1399,7.91,5.95
2026-07-04 05:56:53.191,0.4,0.4,0.4,0.4,0,1394,7.91,6.02
2026-07-04 05:56:53.192,0.4,0.4,0.4,0.4,0,1396,7.91,5.99
2026-07-04 05:56:53.689,0.4,0.4,0.4,0.4,0,1399,7.91,5.95
2026-07-04 05:56:54.173,0.4,0.4,0.4,0.4,0,1396,7.91,5.99
2026-07-04 05:56:54.707,0.4,0.4,0.4,0.4,0,1398,7.91,5.96
2026-07-04 05:56:55.367,0.4,0.4,0.4,0.4,0,1398,7.91,5.96
2026-07-04 05:56:55.673,0.4,0.4,0.4,0.4,0,1399,7.91,5.95
2026-07-04 05:56:55.673,0.4,0.4,0.4,0.4,0,1400,7.91,5.93
2026-07-04 05:56:56.179,0.4,0.4,0.4,0.4,0,1397,7.91,5.98
2026-07-04 05:56:56.677,0.4,0.4,0.4,0.4,0,1399,7.91,5.95
2026-07-04 05:56:57.173,0.4,0.4,0.4,0.4,0,1398,7.91,5.96
2026-07-04 05:56:57.693,0.4,0.4,0.4,0.4,0,1399,7.91,5.95
2026-07-04 05:56:58.209,0.4,0.4,0.4,0.4,0,1399,7.91,5.95
2026-07-04 05:56:58.696,0.4,0.4,0.4,0.4,0,1401,7.91,5.92
2026-07-04 05:56:59.189,0.4,0.4,0.4,0.4,0,1399,7.91,5.95
2026-07-04 05:56:59.708,0.4,0.4,0.4,0.4,0,1400,7.91,5.93
2026-07-04 05:57:00.164,0.4,0.4,0.4,0.4,0,1400,7.91,5.93
2026-07-04 05:57:00.724,0.4,0.4,0.4,0.4,0,1400,7.91,5.93
2026-07-04 05:57:01.199,0.4,0.4,0.4,0.4,0,1398,7.91,5.96
2026-07-04 05:57:01.699,0.4,0.4,0.4,0.4,0,1396,7.91,5.99
2026-07-04 05:57:02.207,0.4,0.4,0.4,0.4,0,1399,7.91,5.95
2026-07-04 05:57:02.708,0.4,0.4,0.4,0.4,0,1400,7.91,5.93
2026-07-04 05:57:03.179,0.4,0.4,0.4,0.4,0,1399,7.91,5.95
2026-07-04 05:57:03.661,0.4,0.4,0.4,0.4,0,1398,7.91,5.96
2026-07-04 05:57:04.161,0.4,0.4,0.4,0.4,0,1400,7.91,5.93
2026-07-04 05:57:04.708,0.4,0.4,0.4,0.4,0,1401,7.91,5.92
2026-07-04 05:57:05.164,0.4,0.4,0.4,0.4,0,1398,7.91,5.96
2026-07-04 05:57:06.209,0.4,0.4,0.4,0.4,0,1399,7.91,5.95
2026-07-04 05:57:06.209,0.4,0.4,0.4,0.4,0,1397,7.91,5.98
2026-07-04 05:57:06.696,0.4,0.4,0.4,0.4,0,1398,7.91,5.96
2026-07-04 05:57:07.194,0.4,0.4,0.4,0.4,0,1397,7.91,5.98
2026-07-04 05:57:07.691,0.4,0.4,0.4,0.4,0,1399,7.91,5.95
2026-07-04 05:57:08.191,0.4,0.4,0.4,0.4,0,1400,7.91,5.93
2026-07-04 05:57:08.709,0.4,0.4,0.4,0.4,0,1395,7.91,6.01
2026-07-04 05:57:09.201,0.4,0.4,0.4,0.4,0,1399,7.91,5.95
2026-07-04 05:57:09.698,0.4,0.4,0.4,0.4,0,1398,7.91,5.96
2026-07-04 05:57:10.207,0.4,0.4,0.4,0.4,0,1399,7.91,5.95
2026-07-04 05:57:10.680,0.4,0.4,0.4,0.4,0,1398,7.91,5.96
2026-07-04 05:57:11.669,0.4,0.4,0.4,0.4,0,1398,7.91,5.96
2026-07-04 05:57:11.669,0.4,0.4,0.4,0.4,0,1401,7.91,5.92
2026-07-04 05:57:12.177,0.4,0.4,0.4,0.4,0,1401,7.91,5.92
2026-07-04 05:57:12.708,0.4,0.4,0.4,0.4,0,1397,7.91,5.98
2026-07-04 05:57:13.163,0.4,0.4,0.4,0.4,0,1397,7.91,5.98
2026-07-04 05:57:13.724,0.4,0.4,0.4,0.4,0,1396,7.91,5.99
2026-07-04 05:57:14.220,0.4,0.4,0.4,0.4,0,1394,7.91,6.02
2026-07-04 05:57:14.701,0.4,0.4,0.4,0.4,0,1394,7.91,6.02
2026-07-04 05:57:15.164,0.4,0.4,0.4,0.4,0,1389,7.91,6.09
2026-07-04 05:57:15.709,0.4,0.4,0.4,0.4,0,1397,7.91,5.98
2026-07-04 05:57:16.205,0.4,0.4,0.4,0.4,0,1394,7.91,6.02
2026-07-04 05:57:16.679,0.4,0.4,0.4,0.4,0,1400,7.91,5.93
2026-07-04 05:57:17.170,0.5,0.4,0.4,0.4,22,1396,7.59,5.99
2026-07-04 05:57:17.695,0.5,0.4,0.4,0.4,67,1398,6.93,5.96
2026-07-04 05:57:18.193,0.4,0.4,0.4,0.4,16,1399,7.68,5.95
2026-07-04 05:57:18.679,0.8,0.4,0.4,0.4,51,1397,7.16,5.98
2026-07-04 05:57:19.196,0.9,0.4,0.4,0.4,251,1394,4.23,6.02
2026-07-04 05:57:19.708,1.2,0.4,0.4,0.4,328,1399,3.11,5.95
2026-07-04 05:57:20.180,1.8,0.4,0.4,0.4,564,1396,-0.35,5.99
2026-07-04 05:57:20.723,2.0,0.4,0.4,0.4,867,1397,-4.79,5.98
2026-07-04 05:57:21.195,1.9,0.4,0.5,0.4,875,1396,-4.91,5.99
2026-07-04 05:57:21.701,2.0,0.4,0.5,0.4,924,1397,-5.62,5.98
2026-07-04 05:57:22.208,2.1,0.4,0.7,0.4,918,1397,-5.54,5.98
2026-07-04 05:57:22.680,3.1,0.4,1.1,0.4,1209,1398,-9.80,5.96
2026-07-04 05:57:23.207,3.6,0.4,1.8,0.4,1705,1396,-17.07,5.99
2026-07-04 05:57:23.710,3.9,0.4,2.7,0.4,1944,1399,-20.57,5.95
2026-07-04 05:57:24.206,4.3,0.4,3.4,0.4,2136,1392,-23.38,6.05
2026-07-04 05:57:24.673,4.5,0.4,3.8,0.4,2339,1394,-26.35,6.02
2026-07-04 05:57:25.180,4.6,0.4,4.0,0.4,2450,1390,-27.98,6.08
2026-07-04 05:57:25.684,4.8,0.4,4.1,0.4,2509,1393,-28.84,6.04
2026-07-04 05:57:26.208,5.2,0.4,4.3,0.4,2667,1389,-30.00,6.09
2026-07-04 05:57:26.708,5.3,0.4,4.5,0.4,2828,1394,-30.00,6.02
2026-07-04 05:57:27.210,5.5,0.4,4.6,0.4,2914,1388,-30.00,6.11
2026-07-04 05:57:27.708,5.6,0.4,4.8,0.4,3033,1391,-30.00,6.06
2026-07-04 05:57:28.173,5.7,0.4,5.0,0.4,3101,1390,-30.00,6.08
2026-07-04 05:57:28.671,5.8,0.4,5.1,0.4,3159,1391,-30.00,6.06
2026-07-04 05:57:29.178,5.9,0.4,5.3,0.4,3219,1391,-30.00,6.06
2026-07-04 05:57:29.724,6.0,0.4,5.3,0.4,3268,1391,-30.00,6.06
2026-07-04 05:57:30.202,6.0,0.4,5.2,0.4,3359,1394,-30.00,6.02
2026-07-04 05:57:30.720,6.0,0.4,5.2,0.4,3339,1394,-30.00,6.02
2026-07-04 05:57:31.172,6.0,0.4,5.2,0.4,3336,1393,-30.00,6.04
2026-07-04 05:57:32.177,6.0,0.4,5.2,0.4,3336,1393,-30.00,6.04
2026-07-04 05:57:32.178,6.0,0.4,5.3,0.0,3336,1393,-30.00,6.04
2026-07-04 05:57:32.679,6.0,0.4,5.3,0.0,3336,1393,-30.00,6.04
2026-07-04 05:57:33.183,6.0,0.4,5.4,0.0,0,0,7.91,26.44
2026-07-04 05:57:33.725,5.9,0.4,5.2,0.4,3290,1393,-30.00,6.04
2026-07-04 05:57:34.221,5.7,0.4,5.1,0.4,3221,1388,-30.00,6.11
2026-07-04 05:57:34.725,5.6,0.4,5.1,0.4,3144,1392,-30.00,6.05
2026-07-04 05:57:35.227,5.5,0.4,4.7,0.4,3072,1392,-30.00,6.05
2026-07-04 05:57:35.723,5.3,0.4,4.6,0.0,2980,1391,-30.00,6.06
2026-07-04 05:57:36.179,5.1,0.4,4.6,0.0,2880,1389,-30.00,6.09
2026-07-04 05:57:36.708,4.9,0.4,4.3,0.0,2776,1393,-30.00,6.04
2026-07-04 05:57:37.178,4.7,0.4,4.1,0.4,2641,1390,-30.00,6.08
2026-07-04 05:57:37.724,4.7,0.4,4.1,0.4,2641,1390,-30.00,6.08
2026-07-04 05:57:38.204,4.2,0.4,3.6,0.4,2408,1394,-27.36,6.02
2026-07-04 05:57:38.728,3.9,0.4,3.4,0.4,2212,1394,-24.49,6.02
2026-07-04 05:57:39.196,3.6,0.4,3.2,0.0,2048,1392,-22.09,6.05
2026-07-04 05:57:39.711,3.3,0.4,3.2,0.0,1849,1391,-19.17,6.06
2026-07-04 05:57:40.208,2.9,0.4,3.2,0.0,1658,1389,-16.38,6.09
2026-07-04 05:57:40.698,2.5,0.4,3.2,0.0,1427,1391,-12.99,6.06
2026-07-04 05:57:41.176,2.5,0.4,0.0,0.0,1427,1391,-12.99,6.06
2026-07-04 05:57:41.724,1.9,0.4,1.7,0.0,1038,1389,-7.29,6.09
2026-07-04 05:57:42.225,1.6,0.4,1.4,0.4,841,1391,-4.41,6.06
2026-07-04 05:57:42.688,1.3,0.4,1.3,0.4,660,1390,-1.76,6.08
2026-07-04 05:57:43.207,1.1,0.4,1.1,0.4,510,1389,0.44,6.09
2026-07-04 05:57:43.676,1.0,0.4,0.9,0.4,395,1392,2.12,6.05
2026-07-04 05:57:44.197,0.8,0.4,0.8,0.4,308,1393,3.40,6.04
2026-07-04 05:57:44.725,0.8,0.4,0.8,0.4,244,1391,4.34,6.06
2026-07-04 05:57:45.223,0.7,0.4,0.8,0.4,195,1392,5.05,6.05
2026-07-04 05:57:45.724,0.6,0.4,0.6,0.4,154,1395,5.65,6.01
2026-07-04 05:57:46.220,0.6,0.4,0.6,0.4,123,1390,6.11,6.08
2026-07-04 05:57:47.207,0.5,0.4,0.6,0.4,95,1390,6.52,6.08
2026-07-04 05:57:47.208,0.5,0.4,0.5,0.4,70,1393,6.88,6.04
2026-07-04 05:57:47.713,0.5,0.4,0.5,0.4,51,1395,7.16,6.01
2026-07-04 05:57:48.209,0.4,0.4,0.4,0.4,22,1391,7.59,6.06
2026-07-04 05:57:48.706,0.4,0.4,0.4,0.4,6,1391,7.82,6.06
2026-07-04 05:57:49.181,0.4,0.4,0.5,0.4,0,1394,7.91,6.02
2026-07-04 05:57:49.675,0.4,0.4,0.5,0.4,0,1393,7.91,6.04
2026-07-04 05:57:50.178,0.4,0.4,0.5,0.4,0,1394,7.91,6.02
2026-07-04 05:57:50.710,0.4,0.4,0.5,0.4,0,1392,7.91,6.05
2026-07-04 05:57:51.706,0.4,0.4,0.5,0.4,0,1398,7.91,5.96
2026-07-04 05:57:51.707,0.4,0.4,0.5,0.4,0,1390,7.91,6.08
2026-07-04 05:57:52.199,0.4,0.4,0.5,0.4,0,1394,7.91,6.02
2026-07-04 05:57:52.699,0.4,0.4,0.5,0.4,1,1394,7.90,6.02
2026-07-04 05:57:53.209,0.4,0.4,0.5,0.4,0,1392,7.91,6.05
2026-07-04 05:57:53.709,0.4,0.4,0.5,0.4,0,1395,7.91,6.01
2026-07-04 05:57:54.693,0.4,0.4,0.5,0.4,0,1394,7.91,6.02
2026-07-04 05:57:54.759,0.4,0.4,0.4,0.4,0,1392,7.91,6.05
2026-07-04 05:57:55.187,0.4,0.4,0.4,0.4,0,1394,7.91,6.02
2026-07-04 05:57:56.209,0.4,0.4,0.4,0.4,1,1395,7.90,6.01
2026-07-04 05:57:56.209,0.4,0.4,0.4,0.4,2,1395,7.88,6.01
2026-07-04 05:57:56.739,0.4,0.4,0.4,0.4,0,1392,7.91,6.05
2026-07-04 05:57:57.237,0.4,0.4,0.4,0.4,2,1392,7.88,6.05
2026-07-04 05:57:57.738,0.4,0.4,0.4,0.4,4,1390,7.85,6.08
2026-07-04 05:57:58.208,0.4,0.4,0.4,0.4,8,1390,7.79,6.08
2026-07-04 05:57:58.726,0.4,0.4,0.4,0.4,8,1391,7.79,6.06
2026-07-04 05:57:59.223,0.4,0.4,0.4,0.4,8,1391,7.79,6.06
2026-07-04 05:57:59.705,0.4,0.4,0.4,0.4,0,1390,7.91,6.08
2026-07-04 05:58:00.228,0.4,0.4,0.5,0.4,1,1391,7.90,6.06
2026-07-04 05:58:00.726,0.4,0.4,0.5,0.4,0,1392,7.91,6.05
2026-07-04 05:58:01.221,0.4,0.4,0.4,0.4,0,1392,7.91,6.05
2026-07-04 05:58:01.718,0.4,0.4,0.4,0.4,1,1394,7.90,6.02
2026-07-04 05:58:02.218,0.4,0.4,0.4,0.4,1,1390,7.90,6.08
2026-07-04 05:58:02.738,0.4,0.4,0.5,0.4,1,1390,7.90,6.08
2026-07-04 05:58:03.210,0.4,0.4,0.5,0.4,0,1395,7.91,6.01
2026-07-04 05:58:03.732,0.4,0.4,0.4,0.4,0,1396,7.91,5.99
2026-07-04 05:58:04.239,0.4,0.4,0.4,0.4,0,1393,7.91,6.04
2026-07-04 05:58:04.739,0.4,0.4,0.4,0.4,0,1396,7.91,5.99
2026-07-04 05:58:05.204,0.4,0.4,0.4,0.4,0,1392,7.91,6.05
2026-07-04 05:58:05.702,0.4,0.4,0.4,0.0,0,1391,7.91,6.06
2026-07-04 05:58:06.230,0.4,0.4,0.4,0.4,0,1391,7.91,6.06
2026-07-04 05:58:06.708,0.4,0.4,0.4,0.4,1,1390,7.90,6.08
2026-07-04 05:58:07.208,0.4,0.4,0.4,0.4,0,1393,7.91,6.04
2026-07-04 05:58:07.706,0.4,0.4,0.4,0.4,0,1390,7.91,6.08
2026-07-04 05:58:08.208,0.4,0.4,0.4,0.4,0,1394,7.91,6.02
2026-07-04 05:58:08.706,0.4,0.4,0.4,0.4,0,1393,7.91,6.04
2026-07-04 05:58:09.218,0.4,0.4,0.4,0.4,0,1392,7.91,6.05
2026-07-04 05:58:09.739,0.4,0.4,0.4,0.4,1,1392,7.90,6.05
2026-07-04 05:58:10.239,0.4,0.4,0.4,0.4,6,1392,7.82,6.05
2026-07-04 05:58:10.740,0.4,0.4,0.4,0.4,4,1391,7.85,6.06
2026-07-04 05:58:11.230,0.4,0.4,0.4,0.4,0,1390,7.91,6.08
2026-07-04 05:58:11.756,0.4,0.4,0.4,0.4,0,1393,7.91,6.04
2026-07-04 05:58:12.238,0.4,0.4,0.4,0.4,0,1393,7.91,6.04
2026-07-04 05:58:12.738,0.4,0.4,0.4,0.4,0,1388,7.91,6.11
2026-07-04 05:58:13.241,0.4,0.4,0.4,0.4,0,1391,7.91,6.06
2026-07-04 05:58:13.739,0.4,0.4,0.4,0.4,0,1388,7.91,6.11
2026-07-04 05:58:14.199,0.4,0.4,0.4,0.4,0,1393,7.91,6.04
2026-07-04 05:58:14.727,0.4,0.4,0.4,0.4,0,1390,7.91,6.08
2026-07-04 05:58:15.429,0.4,0.4,0.4,0.4,0,1390,7.91,6.08
2026-07-04 05:58:15.738,0.4,0.4,0.4,0.4,0,1390,7.91,6.08
2026-07-04 05:58:15.738,0.4,0.4,0.4,0.4,1,1390,7.90,6.08
2026-07-04 05:58:16.239,0.4,0.4,0.4,0.4,0,1390,7.91,6.08
2026-07-04 05:58:16.702,0.4,0.4,0.4,0.4,0,1392,7.91,6.05
2026-07-04 05:58:17.208,0.4,0.4,0.4,0.4,0,1392,7.91,6.05
2026-07-04 05:58:17.712,0.4,0.4,0.4,0.4,0,1390,7.91,6.08
2026-07-04 05:58:18.196,0.4,0.4,0.4,0.4,0,1391,7.91,6.06
2026-07-04 05:58:18.692,0.4,0.4,0.4,0.4,0,1389,7.91,6.09
2026-07-04 05:58:19.256,0.4,0.4,0.4,0.4,1,1391,7.90,6.06
2026-07-04 05:58:19.754,0.4,0.4,0.4,0.4,0,1390,7.91,6.08
2026-07-04 05:58:20.230,0.4,0.4,0.4,0.4,0,1394,7.91,6.02
2026-07-04 05:58:20.737,0.4,0.4,0.4,0.4,1,1390,7.90,6.08
2026-07-04 05:58:21.239,0.4,0.4,0.4,0.4,1,1392,7.90,6.05
2026-07-04 05:58:21.724,0.4,0.4,0.4,0.4,0,1392,7.91,6.05
2026-07-04 05:58:22.222,0.4,0.4,0.4,0.4,0,1395,7.91,6.01
2026-07-04 05:58:22.721,0.4,0.4,0.4,0.4,0,1395,7.91,6.01
2026-07-04 05:58:23.231,0.4,0.4,0.4,0.4,0,1389,7.91,6.09
2026-07-04 05:58:23.745,0.4,0.4,0.4,0.4,0,1393,7.91,6.04
2026-07-04 05:58:24.228,0.4,0.4,0.4,0.4,0,1392,7.91,6.05
2026-07-04 05:58:24.723,0.4,0.4,0.4,0.4,0,1390,7.91,6.08
2026-07-04 05:58:25.204,0.4,0.4,0.4,0.4,0,1390,7.91,6.08
2026-07-04 05:58:25.698,0.4,0.4,0.4,0.4,1,1392,7.90,6.05
2026-07-04 05:58:26.208,0.4,0.4,0.4,0.4,0,1392,7.91,6.05
2026-07-04 05:58:26.739,0.4,0.4,0.4,0.4,0,1393,7.91,6.04
2026-07-04 05:58:27.208,0.4,0.4,0.4,0.4,0,1392,7.91,6.05
2026-07-04 05:58:27.710,0.4,0.4,0.4,0.4,0,1389,7.91,6.09
2026-07-04 05:58:28.236,0.4,0.4,0.4,0.4,0,1395,7.91,6.01
2026-07-04 05:58:28.697,0.4,0.4,0.4,0.4,1,1392,7.90,6.05
2026-07-04 05:58:29.203,0.4,0.4,0.4,0.4,0,1393,7.91,6.04
2026-07-04 05:58:29.708,0.4,0.4,0.4,0.4,0,1393,7.91,6.04
2026-07-04 05:58:30.738,0.4,0.4,0.4,0.4,0,1389,7.91,6.09
2026-07-04 05:58:30.739,0.4,0.4,0.4,0.4,0,1392,7.91,6.05
2026-07-04 05:58:31.231,0.4,0.4,0.4,0.4,0,1393,7.91,6.04
2026-07-04 05:58:31.725,0.4,0.4,0.4,0.4,1,1391,7.90,6.06
2026-07-04 05:58:32.204,0.4,0.4,0.4,0.4,1,1390,7.90,6.08
2026-07-04 05:58:32.702,0.4,0.4,0.4,0.4,0,1389,7.91,6.09
2026-07-04 05:58:33.208,0.4,0.4,0.4,0.4,0,1391,7.91,6.06
2026-07-04 05:58:33.710,0.4,0.4,0.4,0.4,0,1392,7.91,6.05
2026-07-04 05:58:34.208,0.4,0.4,0.4,0.4,0,1388,7.91,6.11
2026-07-04 05:58:34.759,0.4,0.4,0.4,0.4,0,1391,7.91,6.06
2026-07-04 05:58:35.738,0.4,0.4,0.4,0.4,0,1388,7.91,6.11
2026-07-04 05:58:35.739,0.4,0.4,0.4,0.4,0,1391,7.91,6.06
2026-07-04 05:58:36.240,0.4,0.4,0.4,0.4,0,1389,7.91,6.09
2026-07-04 05:58:36.728,0.4,0.4,0.4,0.4,0,1391,7.91,6.06
2026-07-04 05:58:37.728,0.4,0.4,0.4,0.4,0,1390,7.91,6.08
2026-07-04 05:58:37.728,0.4,0.4,0.4,0.4,0,1391,7.91,6.06
2026-07-04 05:58:38.229,0.4,0.4,0.4,0.4,1,1394,7.90,6.02
2026-07-04 05:58:38.708,0.4,0.4,0.4,0.4,2,1390,7.88,6.08
2026-07-04 05:58:39.207,0.4,0.4,0.4,0.4,2,1389,7.88,6.09
2026-07-04 05:58:39.725,0.4,0.4,0.4,0.4,2,1392,7.88,6.05
2026-07-04 05:58:40.222,0.4,0.4,0.4,0.4,3,1391,7.87,6.06
2026-07-04 05:58:40.751,0.4,0.4,0.5,0.4,2,1391,7.88,6.06
2026-07-04 05:58:41.208,0.4,0.4,0.5,0.0,1,1388,7.90,6.11
2026-07-04 05:58:41.708,0.4,0.4,0.4,0.4,1,1390,7.90,6.08
2026-07-04 05:58:42.207,0.4,0.4,0.4,0.4,2,1392,7.88,6.05
2026-07-04 05:58:42.760,0.4,0.4,0.4,0.4,2,1389,7.88,6.09
2026-07-04 05:58:43.209,0.4,0.4,0.4,0.4,0,1390,7.91,6.08
2026-07-04 05:58:43.756,0.4,0.4,0.4,0.0,0,1393,7.91,6.04
2026-07-04 05:58:44.207,0.4,0.4,0.4,0.0,3,1395,7.87,6.01
2026-07-04 05:58:44.727,0.4,0.4,0.4,0.0,1,1388,7.90,6.11
2026-07-04 05:58:45.210,0.4,0.4,0.4,0.0,1,1391,7.90,6.06
2026-07-04 05:58:45.938,0.4,0.4,0.4,0.0,1,1391,7.90,6.06
2026-07-04 05:58:46.231,0.4,0.4,0.4,0.0,1,1392,7.90,6.05
2026-07-04 05:58:46.232,0.4,0.4,0.4,0.4,3,1390,7.87,6.08
2026-07-04 05:58:46.709,0.4,0.4,0.4,0.4,4,1389,7.85,6.09
2026-07-04 05:58:47.208,0.4,0.4,0.4,0.4,2,1393,7.88,6.04
2026-07-04 05:58:47.710,0.4,0.4,0.4,0.4,1,1390,7.90,6.08
2026-07-04 05:58:48.259,0.4,0.4,0.4,0.4,3,1384,7.87,6.17
2026-07-04 05:58:48.708,0.4,0.4,0.4,0.4,3,1388,7.87,6.11
2026-07-04 05:58:49.228,0.4,0.4,0.4,0.4,4,1392,7.85,6.05
2026-07-04 05:58:49.722,0.4,0.4,0.0,0.4,5,1389,7.84,6.09
2026-07-04 05:58:50.227,0.4,0.4,0.4,0.4,3,1392,7.87,6.05
2026-07-04 05:58:50.707,0.4,0.4,0.4,0.4,2,1389,7.88,6.09
2026-07-04 05:58:51.269,0.4,0.4,0.4,0.4,3,1391,7.87,6.06
2026-07-04 05:58:51.754,0.4,0.4,0.4,0.4,3,1391,7.87,6.06
2026-07-04 05:58:52.729,0.4,0.4,0.4,0.4,2,1387,7.88,6.12
2026-07-04 05:58:52.730,0.4,0.4,0.4,0.4,0,1389,7.91,6.09
2026-07-04 05:58:53.237,0.4,0.4,0.4,0.4,1,1391,7.90,6.06
2026-07-04 05:58:53.724,0.4,0.4,0.4,0.4,1,1391,7.90,6.06
2026-07-04 05:58:54.224,0.4,0.4,0.4,0.4,0,1390,7.91,6.08
2026-07-04 05:58:54.720,0.4,0.4,0.4,0.4,1,1384,7.90,6.17
2026-07-04 05:58:55.270,0.4,0.4,0.4,0.0,1,1390,7.90,6.08
2026-07-04 05:58:55.714,0.4,0.4,0.4,0.4,2,1392,7.88,6.05
2026-07-04 05:58:56.238,0.4,0.4,0.4,0.4,1,1391,7.90,6.06
2026-07-04 05:58:56.728,0.4,0.4,0.4,0.4,2,1389,7.88,6.09
2026-07-04 05:58:57.222,0.4,0.4,0.4,0.4,1,1392,7.90,6.05
2026-07-04 05:58:57.724,0.4,0.4,0.4,0.4,1,1389,7.90,6.09
2026-07-04 05:58:58.728,0.4,0.4,0.4,0.4,4,1389,7.85,6.09
2026-07-04 05:58:58.949,0.4,0.4,0.4,0.4,4,1389,7.85,6.09
2026-07-04 05:58:59.228,0.4,0.4,0.4,0.4,2,1391,7.88,6.06
2026-07-04 05:58:59.229,0.4,0.4,0.4,0.4,2,1391,7.88,6.06
2026-07-04 05:58:59.756,0.4,0.4,0.4,0.4,1,1390,7.90,6.08
2026-07-04 05:59:00.249,0.4,0.4,0.4,0.4,4,1388,7.85,6.11
2026-07-04 05:59:00.760,0.4,0.4,0.4,0.4,2,1390,7.88,6.08
2026-07-04 05:59:01.228,0.4,0.4,0.4,0.4,2,1390,7.88,6.08
2026-07-04 05:59:01.725,0.4,0.4,0.4,0.4,1,1393,7.90,6.04
2026-07-04 05:59:02.229,0.4,0.4,0.4,0.4,2,1390,7.88,6.08
2026-07-04 05:59:02.758,0.4,0.4,0.4,0.4,1,1390,7.90,6.08
2026-07-04 05:59:03.275,0.4,0.4,0.4,0.4,5,1390,7.84,6.08
2026-07-04 05:59:03.772,0.4,0.4,0.4,0.4,5,1390,7.84,6.08
2026-07-04 05:59:04.251,0.4,0.4,0.4,0.4,5,1390,7.84,6.08
2026-07-04 05:59:04.759,0.4,0.4,0.4,0.4,2,1389,7.88,6.09
2026-07-04 05:59:05.258,0.4,0.4,0.4,0.4,0,1388,7.91,6.11
2026-07-04 05:59:05.772,0.4,0.4,0.4,0.4,4,1391,7.85,6.06
2026-07-04 05:59:06.239,0.4,0.4,0.4,0.4,4,1389,7.85,6.09
2026-07-04 05:59:06.739,0.4,0.4,0.4,0.4,1,1391,7.90,6.06
2026-07-04 05:59:07.230,0.4,0.4,0.4,0.4,1,1389,7.90,6.09
2026-07-04 05:59:08.228,0.4,0.4,0.4,0.4,1,1389,7.90,6.09
2026-07-04 05:59:08.228,0.4,0.4,0.4,0.4,4,1391,7.85,6.06
2026-07-04 05:59:08.758,0.4,0.4,0.4,0.4,4,1391,7.85,6.06
2026-07-04 05:59:09.276,0.4,0.4,0.4,0.4,1,1390,7.90,6.08
2026-07-04 05:59:09.737,0.4,0.4,0.4,0.4,1,1390,7.90,6.08
2026-07-04 05:59:10.225,0.4,0.4,0.4,0.4,0,1387,7.91,6.12
2026-07-04 05:59:10.725,0.4,0.4,0.4,0.4,2,1391,7.88,6.06
2026-07-04 05:59:11.258,0.4,0.4,0.4,0.4,4,1389,7.85,6.09
2026-07-04 05:59:11.762,0.4,0.4,0.4,0.4,7,1390,7.81,6.08
2026-07-04 05:59:12.274,0.4,0.4,0.4,0.4,10,1389,7.76,6.09
2026-07-04 05:59:12.757,0.4,0.4,0.4,0.4,21,1390,7.60,6.08
2026-07-04 05:59:13.269,0.4,0.4,0.4,0.4,23,1389,7.57,6.09
2026-07-04 05:59:13.766,0.4,0.4,0.4,0.4,22,1388,7.59,6.11
2026-07-04 05:59:14.258,0.4,0.4,0.4,0.4,13,1392,7.72,6.05
2026-07-04 05:59:14.727,0.4,0.4,0.4,0.4,2,1389,7.88,6.09
2026-07-04 05:59:15.231,0.4,0.4,0.4,0.4,2,1389,7.88,6.09
2026-07-04 05:59:15.741,0.4,0.4,0.4,0.4,6,1388,7.82,6.11
2026-07-04 05:59:16.228,0.4,0.4,0.4,0.4,8,1391,7.79,6.06
2026-07-04 05:59:16.724,0.4,0.4,0.4,0.4,11,1389,7.75,6.09
2026-07-04 05:59:17.225,0.4,0.4,0.4,0.4,17,1388,7.66,6.11
2026-07-04 05:59:17.783,0.4,0.4,0.4,0.4,21,1389,7.60,6.09
2026-07-04 05:59:18.227,0.4,0.4,0.4,0.4,16,1390,7.68,6.08
2026-07-04 05:59:18.738,0.4,0.4,0.4,0.4,7,1389,7.81,6.09
2026-07-04 05:59:19.228,0.4,0.4,0.4,0.4,3,1392,7.87,6.05
2026-07-04 05:59:19.725,0.4,0.4,0.4,0.4,2,1393,7.88,6.04
2026-07-04 05:59:20.258,0.4,0.4,0.4,0.4,6,1391,7.82,6.06
2026-07-04 05:59:21.256,0.4,0.4,0.4,0.4,2,1387,7.88,6.12
2026-07-04 05:59:21.257,0.4,0.4,0.4,0.4,3,1389,7.87,6.09
2026-07-04 05:59:22.227,0.4,0.4,0.4,0.4,1,1393,7.90,6.04
2026-07-04 05:59:22.281,0.4,0.4,0.4,0.4,1,1393,7.90,6.04
2026-07-04 05:59:22.728,0.4,0.4,0.4,0.4,7,1388,7.81,6.11
2026-07-04 05:59:23.238,0.4,0.4,0.4,0.4,7,1388,7.81,6.11
2026-07-04 05:59:23.738,0.5,0.4,0.4,0.4,17,1389,7.66,6.09
2026-07-04 05:59:24.237,0.5,0.4,0.4,0.4,32,1389,7.44,6.09
2026-07-04 05:59:24.757,0.5,0.4,0.4,0.4,32,1389,7.44,6.09
2026-07-04 05:59:25.238,0.5,0.4,0.4,0.4,32,1389,7.44,6.09
2026-07-04 05:59:25.737,0.5,0.4,0.4,0.4,32,1389,7.44,6.09
2026-07-04 05:59:26.285,0.5,0.4,0.4,0.4,63,1385,6.99,6.15
2026-07-04 05:59:26.787,0.5,0.4,0.4,0.4,66,1388,6.94,6.11
2026-07-04 05:59:27.275,0.5,0.4,0.4,0.4,66,1388,6.94,6.11
2026-07-04 05:59:27.734,0.5,0.4,0.4,0.4,59,1388,7.05,6.11
2026-07-04 05:59:28.234,0.5,0.4,0.4,0.4,59,1388,7.05,6.11
2026-07-04 05:59:28.740,0.5,0.4,0.4,0.4,49,1390,7.19,6.08
2026-07-04 05:59:29.238,0.4,0.4,0.4,0.4,34,1386,7.41,6.14
2026-07-04 05:59:29.759,0.4,0.4,0.4,0.4,18,1390,7.65,6.08
2026-07-04 05:59:30.490,0.4,0.4,0.4,0.4,18,1390,7.65,6.08
2026-07-04 05:59:30.729,0.4,0.4,0.4,0.4,16,1388,7.68,6.11
2026-07-04 05:59:30.790,0.5,0.4,0.4,0.4,22,1390,7.59,6.08
2026-07-04 05:59:31.257,0.4,0.4,0.4,0.4,22,1388,7.59,6.11
2026-07-04 05:59:31.762,0.4,0.4,0.4,0.4,10,1391,7.76,6.06
2026-07-04 05:59:32.257,0.4,0.4,0.4,0.4,3,1389,7.87,6.09
2026-07-04 05:59:32.757,0.4,0.4,0.4,0.4,0,1389,7.91,6.09
2026-07-04 05:59:33.255,0.4,0.4,0.4,0.4,1,1390,7.90,6.08
2026-07-04 05:59:33.754,0.4,0.4,0.4,0.4,4,1392,7.85,6.05
2026-07-04 05:59:34.250,0.4,0.4,0.4,0.4,2,1389,7.88,6.09
2026-07-04 05:59:34.759,0.4,0.4,0.4,0.4,3,1390,7.87,6.08
2026-07-04 05:59:35.264,0.4,0.4,0.4,0.4,4,1388,7.85,6.11
2026-07-04 05:59:35.772,0.4,0.4,0.4,0.4,2,1390,7.88,6.08
2026-07-04 05:59:36.735,0.4,0.4,0.4,0.4,3,1390,7.87,6.08
2026-07-04 05:59:36.788,0.4,0.4,0.4,0.4,2,1388,7.88,6.11
2026-07-04 05:59:37.277,0.4,0.4,0.4,0.4,1,1391,7.90,6.06
2026-07-04 05:59:37.778,0.4,0.4,0.4,0.4,1,1387,7.90,6.12
2026-07-04 05:59:38.237,0.4,0.4,0.4,0.4,2,1389,7.88,6.09
2026-07-04 05:59:38.773,0.4,0.4,0.4,0.4,1,1389,7.90,6.09
2026-07-04 05:59:39.258,0.4,0.4,0.4,0.4,1,1389,7.90,6.09
2026-07-04 05:59:39.756,0.4,0.4,0.4,0.4,2,1389,7.88,6.09
2026-07-04 05:59:40.257,0.4,0.4,0.4,0.4,2,1388,7.88,6.11
2026-07-04 05:59:40.757,0.4,0.4,0.4,0.4,2,1388,7.88,6.11
2026-07-04 05:59:41.257,0.4,0.4,0.4,0.4,5,1389,7.84,6.09
2026-07-04 05:59:41.751,0.4,0.4,0.4,0.4,4,1388,7.85,6.11
2026-07-04 05:59:42.250,0.4,0.4,0.4,0.4,2,1389,7.88,6.09
2026-07-04 05:59:42.761,0.4,0.4,0.4,0.4,2,1389,7.88,6.09
2026-07-04 05:59:43.508,0.4,0.4,0.4,0.4,2,1389,7.88,6.09
2026-07-04 05:59:43.738,0.4,0.4,0.4,0.4,2,1390,7.88,6.08
2026-07-04 05:59:43.738,0.4,0.4,0.4,0.4,6,1391,7.82,6.06
2026-07-04 05:59:44.238,0.4,0.4,0.4,0.4,2,1388,7.88,6.11
2026-07-04 05:59:44.779,0.4,0.4,0.4,0.4,4,1390,7.85,6.08
2026-07-04 05:59:45.292,0.4,0.4,0.4,0.4,3,1388,7.87,6.11
2026-07-04 05:59:45.791,0.4,0.4,0.4,0.4,3,1393,7.87,6.04
2026-07-04 05:59:46.286,0.4,0.4,0.4,0.4,6,1389,7.82,6.09
2026-07-04 05:59:46.786,0.4,0.4,0.4,0.4,4,1391,7.85,6.06
2026-07-04 05:59:47.288,0.4,0.4,0.4,0.4,4,1388,7.85,6.11
2026-07-04 05:59:47.786,0.4,0.4,0.4,0.4,5,1389,7.84,6.09
2026-07-04 05:59:48.283,0.4,0.4,0.4,0.4,3,1389,7.87,6.09
2026-07-04 05:59:48.788,0.4,0.4,0.4,0.4,3,1391,7.87,6.06
2026-07-04 05:59:49.289,0.4,0.4,0.4,0.4,4,1388,7.85,6.11
2026-07-04 05:59:49.804,0.4,0.4,0.4,0.4,5,1388,7.84,6.11
2026-07-04 05:59:50.300,0.4,0.4,0.4,0.4,9,1390,7.78,6.08
2026-07-04 05:59:50.759,0.4,0.4,0.4,0.4,3,1388,7.87,6.11
2026-07-04 05:59:51.260,0.4,0.4,0.4,0.4,6,1388,7.82,6.11
2026-07-04 05:59:52.257,0.4,0.4,0.4,0.4,4,1388,7.85,6.11
2026-07-04 05:59:52.258,0.4,0.4,0.4,0.4,2,1381,7.88,6.21
2026-07-04 05:59:52.758,0.4,0.4,0.4,0.4,1,1387,7.90,6.12
2026-07-04 05:59:53.308,0.4,0.4,0.4,0.4,3,1388,7.87,6.11
2026-07-04 05:59:53.788,0.4,0.4,0.4,0.4,4,1391,7.85,6.06
2026-07-04 05:59:54.288,0.4,0.4,0.4,0.4,4,1388,7.85,6.11
2026-07-04 05:59:54.787,0.4,0.4,0.4,0.4,3,1391,7.87,6.06
2026-07-04 05:59:55.262,0.4,0.4,0.4,0.4,2,1844,7.88,-0.57
2026-07-04 05:59:55.788,0.4,0.4,0.4,0.4,2,1388,7.88,6.11
2026-07-04 05:59:56.287,0.4,0.4,0.4,0.4,2,1388,7.88,6.11
2026-07-04 05:59:56.750,0.4,0.4,0.5,0.4,1,1388,7.90,6.11
2026-07-04 05:59:57.250,0.4,0.4,0.5,0.4,1,1391,7.90,6.06
2026-07-04 05:59:57.774,0.4,0.4,0.5,0.4,1,1836,7.90,-0.45
2026-07-04 05:59:58.258,0.4,0.4,0.5,0.4,1,1390,7.90,6.08
2026-07-04 05:59:58.789,0.4,0.4,0.5,0.4,0,1388,7.91,6.11
2026-07-04 05:59:59.270,0.4,0.4,0.6,0.4,0,1388,7.91,6.11
2026-07-04 05:59:59.751,0.4,0.4,0.6,0.4,0,1389,7.91,6.09
2026-07-04 06:00:00.259,0.4,0.4,0.7,0.4,0,1388,7.91,6.11
2026-07-04 06:00:00.761,0.4,0.4,0.8,0.4,0,1387,7.91,6.12
2026-07-04 06:00:01.306,0.4,0.4,0.8,0.4,0,1388,7.91,6.11
2026-07-04 06:00:01.806,0.4,0.4,0.8,0.4,0,1389,7.91,6.09
2026-07-04 06:00:02.283,0.4,0.4,0.7,0.4,0,1390,7.91,6.08
2026-07-04 06:00:02.757,0.4,0.4,0.7,0.4,0,1389,7.91,6.09
2026-07-04 06:00:03.262,0.4,0.4,0.7,0.4,0,1389,7.91,6.09
2026-07-04 06:00:03.758,0.4,0.4,0.7,0.4,0,1390,7.91,6.08
2026-07-04 06:00:04.290,0.4,0.4,0.6,0.4,1,1388,7.90,6.11
2026-07-04 06:00:04.760,0.4,0.4,0.6,0.4,0,1388,7.91,6.11
2026-07-04 06:00:05.302,0.4,0.4,0.6,0.4,0,1836,7.91,-0.45
2026-07-04 06:00:05.797,0.4,0.4,0.6,0.4,0,1388,7.91,6.11
2026-07-04 06:00:06.265,0.4,0.4,0.6,0.4,0,1389,7.91,6.09
2026-07-04 06:00:06.788,0.4,0.4,0.6,0.4,1,1836,7.90,-0.45
2026-07-04 06:00:07.259,0.4,0.4,0.6,0.4,1,1391,7.90,6.06
2026-07-04 06:00:07.788,0.4,0.4,0.6,0.4,0,1388,7.91,6.11
2026-07-04 06:00:08.289,0.4,0.4,0.6,0.4,0,1389,7.91,6.09
2026-07-04 06:00:08.788,0.4,0.4,0.6,0.4,1,1389,7.90,6.09
2026-07-04 06:00:09.287,0.4,0.4,0.6,0.4,0,1393,7.91,6.04
2026-07-04 06:00:09.783,0.4,0.4,0.6,0.4,2,1388,7.88,6.11
2026-07-04 06:00:10.283,0.4,0.4,0.6,0.4,0,1386,7.91,6.14
2026-07-04 06:00:10.758,0.4,0.4,0.6,0.4,0,1391,7.91,6.06
2026-07-04 06:00:11.261,0.4,0.4,0.6,0.4,7,1389,7.81,6.09
2026-07-04 06:00:11.803,0.4,0.4,0.6,0.4,8,1390,7.79,6.08
2026-07-04 06:00:12.285,0.4,0.4,0.6,0.4,1,1391,7.90,6.06
2026-07-04 06:00:12.779,0.4,0.4,0.6,0.4,1,1388,7.90,6.11
2026-07-04 06:00:13.311,0.4,0.4,0.7,0.4,1,1814,7.90,-0.13
2026-07-04 06:00:13.804,0.4,0.4,0.7,0.4,0,1814,7.91,-0.13
2026-07-04 06:00:14.259,0.4,0.4,0.7,0.4,0,1383,7.91,6.18
2026-07-04 06:00:14.790,0.4,0.4,0.7,0.4,0,1391,7.91,6.06
2026-07-04 06:00:15.459,0.4,0.4,0.7,0.4,0,1391,7.91,6.06
2026-07-04 06:00:15.804,0.4,0.4,0.7,0.4,0,1388,7.91,6.11
2026-07-04 06:00:15.804,0.4,0.4,0.7,0.4,0,1388,7.91,6.11
2026-07-04 06:00:16.275,0.4,0.4,0.7,0.4,0,1388,7.91,6.11
2026-07-04 06:00:16.803,0.4,0.4,0.6,0.4,0,1813,7.91,-0.12
2026-07-04 06:00:17.282,0.4,0.4,0.6,0.4,0,1387,7.91,6.12
2026-07-04 06:00:18.289,0.4,0.4,0.6,0.4,0,1391,7.91,6.06
2026-07-04 06:00:18.290,0.4,0.4,0.6,0.4,0,1389,7.91,6.09
2026-07-04 06:00:18.786,0.4,0.4,0.6,0.4,0,1387,7.91,6.12
2026-07-04 06:00:19.277,0.4,0.4,0.6,0.4,0,1813,7.91,-0.12
2026-07-04 06:00:19.788,0.4,0.4,0.6,0.4,0,1813,7.91,-0.12
2026-07-04 06:00:20.317,0.4,0.4,0.6,0.4,0,1389,7.91,6.09
2026-07-04 06:00:20.798,0.4,0.4,0.6,0.4,0,1387,7.91,6.12
2026-07-04 06:00:21.310,0.4,0.4,0.6,0.4,0,1388,7.91,6.11
2026-07-04 06:00:21.763,0.4,0.4,0.6,0.4,0,1387,7.91,6.12
2026-07-04 06:00:22.324,0.4,0.4,0.5,0.4,2,1386,7.88,6.14
2026-07-04 06:00:22.760,0.4,0.4,0.5,0.4,2,1387,7.88,6.12
2026-07-04 06:00:23.274,0.4,0.4,0.6,0.4,2,1388,7.88,6.11
2026-07-04 06:00:23.770,0.4,0.4,0.6,0.4,0,1813,7.91,-0.12
2026-07-04 06:00:24.269,0.4,0.4,0.6,0.4,0,1392,7.91,6.05
2026-07-04 06:00:24.768,0.4,0.4,0.6,0.4,1,1390,7.90,6.08
2026-07-04 06:00:25.315,0.4,0.4,0.6,0.4,1,1387,7.90,6.12
2026-07-04 06:00:25.772,0.4,0.4,0.6,0.4,0,1389,7.91,6.09
2026-07-04 06:00:26.312,0.4,0.4,0.6,0.4,1,1814,7.90,-0.13
2026-07-04 06:00:26.809,0.4,0.4,0.6,0.4,0,1813,7.91,-0.12
2026-07-04 06:00:27.319,0.4,0.4,0.6,0.4,1,1813,7.90,-0.12
2026-07-04 06:00:27.817,0.4,0.4,0.6,0.4,1,1389,7.90,6.09
2026-07-04 06:00:28.317,0.4,0.4,0.6,0.4,0,1387,7.91,6.12
2026-07-04 06:00:28.787,0.4,0.4,0.6,0.4,0,1389,7.91,6.09
2026-07-04 06:00:29.305,0.4,0.4,0.6,0.4,0,1389,7.91,6.09
2026-07-04 06:00:29.797,0.4,0.4,0.6,0.4,0,1389,7.91,6.09
2026-07-04 06:00:30.316,0.4,0.4,0.6,0.4,1,1388,7.90,6.11
2026-07-04 06:00:30.774,0.4,0.4,0.6,0.4,1,1389,7.90,6.09
2026-07-04 06:00:31.269,0.4,0.4,0.6,0.4,0,1388,7.91,6.11
2026-07-04 06:00:32.315,0.4,0.4,0.6,0.4,1,1389,7.90,6.09
2026-07-04 06:00:32.317,0.4,0.4,0.6,0.4,0,1393,7.91,6.04
2026-07-04 06:00:32.765,0.4,0.4,0.6,0.4,0,1813,7.91,-0.12
2026-07-04 06:00:33.318,0.4,0.4,0.6,0.4,0,1813,7.91,-0.12
2026-07-04 06:00:33.802,0.4,0.4,0.6,0.4,0,1389,7.91,6.09
2026-07-04 06:00:34.286,0.4,0.4,0.6,0.4,1,1387,7.90,6.12
2026-07-04 06:00:34.818,0.4,0.4,0.6,0.4,0,1388,7.91,6.11
2026-07-04 06:00:35.772,0.4,0.4,0.6,0.4,0,1387,7.91,6.12
2026-07-04 06:00:35.772,0.4,0.4,0.6,0.4,4,1387,7.85,6.12
2026-07-04 06:00:36.269,0.4,0.4,0.6,0.4,11,1813,7.75,-0.12
2026-07-04 06:00:36.813,0.4,0.4,0.6,0.4,11,1388,7.75,6.11
2026-07-04 06:00:37.319,0.4,0.4,0.6,0.4,19,1389,7.63,6.09
2026-07-04 06:00:38.318,0.4,0.4,0.6,0.4,10,1389,7.76,6.09
2026-07-04 06:00:38.320,0.4,0.4,0.5,0.4,1,1388,7.90,6.11
2026-07-04 06:00:38.773,0.4,0.4,0.5,0.4,2,1813,7.88,-0.12
2026-07-04 06:00:39.269,0.4,0.4,0.5,0.4,2,1388,7.88,6.11
2026-07-04 06:00:39.780,0.4,0.4,0.6,0.4,5,1388,7.84,6.11
2026-07-04 06:00:40.290,0.4,0.4,0.6,0.4,1,1813,7.90,-0.12
2026-07-04 06:00:40.775,0.4,0.4,0.5,0.4,1,1813,7.90,-0.12
2026-07-04 06:00:41.331,0.4,0.4,0.6,0.4,0,1813,7.91,-0.12
2026-07-04 06:00:41.797,0.4,0.4,0.6,0.4,0,1813,7.91,-0.12
2026-07-04 06:00:42.319,0.4,0.4,0.6,0.4,0,1387,7.91,6.12
2026-07-04 06:00:42.788,0.4,0.4,0.6,0.4,0,1814,7.91,-0.13
2026-07-04 06:00:43.540,0.4,0.5,0.5,0.4,0,1814,7.91,-0.13
2026-07-04 06:00:43.785,0.4,0.5,0.6,0.4,0,1813,7.91,-0.12
2026-07-04 06:00:43.785,0.4,0.5,0.6,0.4,1,1813,7.90,-0.12
2026-07-04 06:00:44.288,0.4,0.5,0.6,0.4,1,1389,7.90,6.09
2026-07-04 06:00:44.809,0.4,0.5,0.6,0.4,2,1388,7.88,6.11
2026-07-04 06:00:45.302,0.4,0.5,0.6,0.4,3,1814,7.87,-0.13
2026-07-04 06:00:45.801,0.4,0.5,0.6,0.4,2,1814,7.88,-0.13
2026-07-04 06:00:46.317,0.4,0.5,0.6,0.4,2,1387,7.88,6.12
2026-07-04 06:00:46.778,0.4,0.5,0.7,0.4,0,1813,7.91,-0.12
2026-07-04 06:00:47.293,0.4,0.5,0.7,0.4,1,1813,7.90,-0.12
2026-07-04 06:00:47.771,0.4,0.5,0.7,0.4,1,1389,7.90,6.09
2026-07-04 06:00:48.330,0.4,0.5,0.7,0.4,1,1391,7.90,6.06
2026-07-04 06:00:48.787,0.4,0.5,0.7,0.4,0,1387,7.91,6.12
2026-07-04 06:00:49.289,0.4,0.5,0.7,0.4,0,1813,7.91,-0.12
2026-07-04 06:00:49.786,0.4,0.5,0.7,0.4,0,1814,7.91,-0.13
2026-07-04 06:00:50.318,0.4,0.5,0.7,0.4,1,1813,7.90,-0.12
2026-07-04 06:00:50.815,0.4,0.5,0.7,0.4,1,1390,7.90,6.08
2026-07-04 06:00:51.323,0.4,0.5,0.7,0.4,0,1813,7.91,-0.12
2026-07-04 06:00:51.820,0.4,0.5,0.7,0.4,0,1388,7.91,6.11
2026-07-04 06:00:52.306,0.4,0.5,0.7,0.4,0,1390,7.91,6.08
2026-07-04 06:00:52.818,0.4,0.5,0.7,0.4,0,1387,7.91,6.12
2026-07-04 06:00:53.317,0.4,0.5,0.7,0.4,0,1814,7.91,-0.13
2026-07-04 06:00:53.788,0.4,0.5,0.7,0.4,0,1388,7.91,6.11
2026-07-04 06:00:54.319,0.4,0.5,0.7,0.4,0,1814,7.91,-0.13
2026-07-04 06:00:54.819,0.4,0.5,0.7,0.4,0,1813,7.91,-0.12
2026-07-04 06:00:55.288,0.4,0.5,0.7,0.4,0,1813,7.91,-0.12
2026-07-04 06:00:55.785,0.4,0.5,0.7,0.4,0,1389,7.91,6.09
2026-07-04 06:00:56.319,0.4,0.5,0.7,0.4,0,1391,7.91,6.06
2026-07-04 06:00:56.818,0.4,0.5,0.7,0.4,0,1389,7.91,6.09
2026-07-04 06:00:57.288,0.4,0.5,0.7,0.4,0,1813,7.91,-0.12
2026-07-04 06:00:57.787,0.4,0.5,0.7,0.4,0,1813,7.91,-0.12
2026-07-04 06:00:58.327,0.4,0.5,0.7,0.4,0,1813,7.91,-0.12
2026-07-04 06:00:58.777,0.4,0.5,0.7,0.4,0,1388,7.91,6.11
2026-07-04 06:00:59.319,0.4,0.5,0.6,0.4,0,1387,7.91,6.12
2026-07-04 06:00:59.805,0.4,0.5,0.6,0.4,0,1813,7.91,-0.12
2026-07-04 06:01:00.333,0.4,0.5,0.6,0.4,1,1814,7.90,-0.13
2026-07-04 06:01:00.831,0.4,0.5,0.6,0.4,1,1813,7.90,-0.12
2026-07-04 06:01:01.288,0.4,0.5,0.6,0.4,1,1813,7.90,-0.12
2026-07-04 06:01:01.788,0.4,0.5,0.6,0.4,1,1813,7.90,-0.12
2026-07-04 06:01:02.317,0.4,0.5,0.6,0.4,0,1813,7.91,-0.12
2026-07-04 06:01:02.818,0.4,0.5,0.6,0.4,0,1379,7.91,6.24
2026-07-04 06:01:03.283,0.4,0.5,0.6,0.4,1,1813,7.90,-0.12
2026-07-04 06:01:03.788,0.4,0.5,0.6,0.4,1,1391,7.90,6.06
2026-07-04 06:01:04.785,0.4,0.5,0.6,0.4,0,1389,7.91,6.09
2026-07-04 06:01:04.785,0.4,0.5,0.6,0.4,0,1813,7.91,-0.12
2026-07-04 06:01:05.313,0.4,0.5,0.6,0.4,0,1387,7.91,6.12
2026-07-04 06:01:05.838,0.4,0.5,0.6,0.4,0,1813,7.91,-0.12
2026-07-04 06:01:06.332,0.4,0.5,0.6,0.4,0,1813,7.91,-0.12
2026-07-04 06:01:06.821,0.4,0.5,0.6,0.4,0,1813,7.91,-0.12
2026-07-04 06:01:07.289,0.4,0.5,0.6,0.4,0,1814,7.91,-0.13
2026-07-04 06:01:07.838,0.4,0.5,0.5,0.4,0,1813,7.91,-0.12
2026-07-04 06:01:08.332,0.4,0.5,0.5,0.4,1,1813,7.90,-0.12
2026-07-04 06:01:08.830,0.4,0.5,0.5,0.4,0,1813,7.91,-0.12
2026-07-04 06:01:09.289,0.4,0.5,0.5,0.4,0,1388,7.91,6.11
2026-07-04 06:01:09.803,0.4,0.5,0.5,0.4,0,1388,7.91,6.11
2026-07-04 06:01:10.283,0.4,0.5,0.5,0.4,0,1389,7.91,6.09
2026-07-04 06:01:10.838,0.4,0.5,0.5,0.4,0,1814,7.91,-0.13
2026-07-04 06:01:11.289,0.4,0.5,0.5,0.4,0,1813,7.91,-0.12
2026-07-04 06:01:11.791,0.4,0.5,0.5,0.4,0,1386,7.91,6.14
2026-07-04 06:01:12.333,0.4,0.5,0.4,0.4,0,1388,7.91,6.11
2026-07-04 06:01:12.808,0.4,0.5,0.4,0.4,0,1386,7.91,6.14
2026-07-04 06:01:13.329,0.4,0.5,0.4,0.4,0,1386,7.91,6.14
2026-07-04 06:01:13.804,0.4,0.5,0.4,0.4,0,1386,7.91,6.14
2026-07-04 06:01:14.309,0.4,0.5,0.4,0.4,0,1387,7.91,6.12
2026-07-04 06:01:14.787,0.4,0.5,0.4,0.4,1,1385,7.90,6.15
2026-07-04 06:01:15.539,0.4,0.5,0.4,0.4,1,1385,7.90,6.15
2026-07-04 06:01:15.787,0.4,0.5,0.4,0.4,0,1388,7.91,6.11
2026-07-04 06:01:15.847,0.4,0.5,0.4,0.4,0,1390,7.91,6.08
2026-07-04 06:01:16.349,0.4,0.5,0.4,0.4,8,1813,7.79,-0.12
2026-07-04 06:01:16.808,0.4,0.5,0.4,0.4,8,1389,7.79,6.09
2026-07-04 06:01:17.310,0.4,0.5,0.4,0.4,7,1387,7.81,6.12
2026-07-04 06:01:17.820,0.4,0.5,0.4,0.4,0,1813,7.91,-0.12
2026-07-04 06:01:18.300,0.4,0.5,0.4,0.4,1,1813,7.90,-0.12
2026-07-04 06:01:18.839,0.4,0.5,0.4,0.4,0,1813,7.91,-0.12
2026-07-04 06:01:19.848,0.4,0.5,0.4,0.4,0,1389,7.91,6.09
2026-07-04 06:01:19.849,0.4,0.5,0.4,0.4,0,1813,7.91,-0.12
2026-07-04 06:01:20.318,0.4,0.5,0.4,0.4,0,1813,7.91,-0.12
2026-07-04 06:01:21.317,0.4,0.5,0.4,0.4,0,1814,7.91,-0.13
2026-07-04 06:01:21.318,0.4,0.5,0.4,0.4,0,1813,7.91,-0.12
2026-07-04 06:01:21.849,0.4,0.5,0.4,0.4,0,1383,7.91,6.18
2026-07-04 06:01:22.345,0.4,0.5,0.4,0.4,1,1387,7.90,6.12
2026-07-04 06:01:22.813,0.4,0.5,0.4,0.4,0,1813,7.91,-0.12
2026-07-04 06:01:23.318,0.4,0.5,0.4,0.4,0,1813,7.91,-0.12
2026-07-04 06:01:23.849,0.4,0.5,0.4,0.4,0,1814,7.91,-0.13
2026-07-04 06:01:24.351,0.4,0.5,0.4,0.4,0,1387,7.91,6.12
2026-07-04 06:01:24.807,0.4,0.5,0.4,0.4,1,1387,7.90,6.12
2026-07-04 06:01:25.311,0.4,0.5,0.4,0.4,0,1813,7.91,-0.12
2026-07-04 06:01:25.836,0.4,0.5,0.4,0.4,0,1813,7.91,-0.12
2026-07-04 06:01:26.317,0.4,0.5,0.4,0.4,0,1388,7.91,6.11
2026-07-04 06:01:26.814,0.4,0.5,0.4,0.4,0,1813,7.91,-0.12
2026-07-04 06:01:27.329,0.4,0.5,0.4,0.4,0,1813,7.91,-0.12
2026-07-04 06:01:27.849,0.4,0.5,0.4,0.4,0,1814,7.91,-0.13
2026-07-04 06:01:28.348,0.4,0.5,0.4,0.4,0,1387,7.91,6.12
2026-07-04 06:01:28.849,0.4,0.5,0.4,0.4,0,1386,7.91,6.14
2026-07-04 06:01:29.349,0.4,0.5,0.4,0.4,0,1387,7.91,6.12
2026-07-04 06:01:29.848,0.4,0.5,0.4,0.4,0,1387,7.91,6.12
2026-07-04 06:01:30.348,0.4,0.5,0.4,0.4,0,1387,7.91,6.12
2026-07-04 06:01:30.809,0.4,0.5,0.4,0.4,0,1813,7.91,-0.12
2026-07-04 06:01:31.318,0.4,0.5,0.4,0.4,0,1813,7.91,-0.12
2026-07-04 06:01:31.837,0.4,0.5,0.4,0.4,0,1813,7.91,-0.12
2026-07-04 06:01:32.332,0.4,0.5,0.4,0.4,0,1388,7.91,6.11
2026-07-04 06:01:32.836,0.4,0.5,0.4,0.4,0,1813,7.91,-0.12
2026-07-04 06:01:33.334,0.4,0.5,0.4,0.4,0,1387,7.91,6.12
2026-07-04 06:01:33.831,0.4,0.5,0.4,0.4,0,1813,7.91,-0.12
2026-07-04 06:01:34.338,0.4,0.5,0.4,0.4,0,1370,7.91,6.37
2026-07-04 06:01:34.819,0.4,0.5,0.4,0.4,0,1354,7.91,6.61
2026-07-04 06:01:35.319,0.4,0.5,0.4,0.4,0,1813,7.91,-0.12
2026-07-04 06:01:36.299,0.4,0.5,0.4,0.4,0,1353,7.91,6.62
2026-07-04 06:01:36.360,0.4,0.5,0.4,0.4,3,1352,7.87,6.64
2026-07-04 06:01:36.856,0.4,0.5,0.4,0.4,0,1813,7.91,-0.12
2026-07-04 06:01:37.318,0.4,0.5,0.4,0.4,0,1354,7.91,6.61
2026-07-04 06:01:37.816,0.4,0.5,0.4,0.4,0,1813,7.91,-0.12
2026-07-04 06:01:38.300,0.4,0.5,0.4,0.4,1,1813,7.90,-0.12
2026-07-04 06:01:38.818,0.4,0.5,0.4,0.4,1,1352,7.90,6.64
2026-07-04 06:01:39.339,0.4,0.5,0.4,0.4,0,1814,7.91,-0.13
2026-07-04 06:01:39.837,0.4,0.5,0.4,0.4,0,1353,7.91,6.62
2026-07-04 06:01:40.331,0.4,0.5,0.4,0.4,0,1353,7.91,6.62
2026-07-04 06:01:41.347,0.4,0.5,0.4,0.4,0,1813,7.91,-0.12
2026-07-04 06:01:41.348,0.4,0.5,0.4,0.4,0,1353,7.91,6.62
2026-07-04 06:01:42.349,0.4,0.5,0.4,0.4,0,1353,7.91,6.62
2026-07-04 06:01:42.349,0.4,0.5,0.4,0.4,0,1351,7.91,6.65
2026-07-04 06:01:42.836,0.4,0.5,0.4,0.4,0,1813,7.91,-0.12
2026-07-04 06:01:43.348,0.4,0.5,0.4,0.4,0,1353,7.91,6.62
2026-07-04 06:01:43.834,0.4,0.5,0.4,0.4,0,1353,7.91,6.62
2026-07-04 06:01:44.332,0.4,0.5,0.4,0.4,0,1354,7.91,6.61
2026-07-04 06:01:44.842,0.4,0.5,0.4,0.4,0,1354,7.91,6.61
2026-07-04 06:01:45.348,0.4,0.5,0.4,0.4,0,1813,7.91,-0.12
2026-07-04 06:01:45.837,0.4,0.5,0.4,0.4,0,1351,7.91,6.65
2026-07-04 06:01:46.316,0.4,0.5,0.4,0.4,7,1356,7.81,6.58
2026-07-04 06:01:46.820,0.4,0.5,0.4,0.4,8,1353,7.79,6.62
2026-07-04 06:01:47.317,0.4,0.5,0.4,0.4,12,1813,7.73,-0.12
2026-07-04 06:01:47.805,0.5,0.5,0.4,0.4,12,1353,7.73,6.62
2026-07-04 06:01:48.313,0.5,0.5,0.4,0.4,29,1353,7.49,6.62
2026-07-04 06:01:48.818,0.4,0.5,0.4,0.4,30,1353,7.47,6.62
2026-07-04 06:01:49.311,0.4,0.5,0.4,0.4,29,1814,7.49,-0.13
2026-07-04 06:01:49.817,0.5,0.5,0.4,0.4,29,1349,7.49,6.68
2026-07-04 06:01:50.348,0.5,0.5,0.4,0.4,35,1352,7.40,6.64
2026-07-04 06:01:50.850,0.4,0.5,0.4,0.4,21,1350,7.60,6.67
2026-07-04 06:01:51.348,0.4,0.5,0.4,0.4,16,1813,7.68,-0.12
2026-07-04 06:01:51.847,0.4,0.5,0.4,0.4,16,1353,7.68,6.62
2026-07-04 06:01:52.313,0.5,0.5,0.4,0.4,21,1350,7.60,6.67
2026-07-04 06:01:52.839,0.4,0.5,0.4,0.4,25,1353,7.54,6.62
2026-07-04 06:01:53.348,0.4,0.5,0.4,0.4,18,1353,7.65,6.62
2026-07-04 06:01:53.804,0.4,0.5,0.4,0.4,7,1352,7.81,6.64
2026-07-04 06:01:54.364,0.4,0.5,0.4,0.4,0,1354,7.91,6.61
2026-07-04 06:01:54.829,0.4,0.5,0.4,0.4,0,1352,7.91,6.64
2026-07-04 06:01:55.341,0.4,0.5,0.4,0.4,0,1353,7.91,6.62
2026-07-04 06:01:55.848,0.4,0.5,0.4,0.0,0,1352,7.91,6.64
2026-07-04 06:01:56.350,0.4,0.5,0.4,0.0,0,1353,7.91,6.62
2026-07-04 06:01:56.838,0.4,0.5,0.4,0.0,0,1353,7.91,6.62
2026-07-04 06:01:57.345,0.4,0.5,0.4,0.4,0,1354,7.91,6.61
2026-07-04 06:01:57.814,0.4,0.5,0.4,0.4,0,1351,7.91,6.65
2026-07-04 06:01:58.308,0.4,0.5,0.4,0.4,0,1814,7.91,-0.13
2026-07-04 06:01:58.820,0.4,0.5,0.4,0.4,0,1351,7.91,6.65
2026-07-04 06:01:59.372,0.4,0.5,0.5,0.4,0,1813,7.91,-0.12
2026-07-04 06:01:59.868,0.4,0.5,0.5,0.4,0,1352,7.91,6.64
2026-07-04 06:02:00.365,0.4,0.5,0.5,0.4,0,1354,7.91,6.61
2026-07-04 06:02:00.838,0.4,0.5,0.5,0.4,0,1353,7.91,6.62
2026-07-04 06:02:01.348,0.4,0.5,0.6,0.4,0,1350,7.91,6.67
2026-07-04 06:02:01.818,0.4,0.5,0.5,0.4,0,1354,7.91,6.61
2026-07-04 06:02:02.378,0.4,0.5,0.6,0.4,0,1350,7.91,6.67
2026-07-04 06:02:02.818,0.4,0.5,0.6,0.4,0,1352,7.91,6.64
2026-07-04 06:02:03.316,0.4,0.5,0.7,0.4,0,1352,7.91,6.64
2026-07-04 06:02:03.817,0.4,0.5,0.7,0.4,0,1348,7.91,6.69
2026-07-04 06:02:04.318,0.4,0.5,0.7,0.4,1,1352,7.90,6.64
2026-07-04 06:02:04.839,0.4,0.5,0.7,0.4,0,1351,7.91,6.65
2026-07-04 06:02:05.348,0.4,0.5,0.7,0.4,0,1351,7.91,6.65
2026-07-04 06:02:05.817,0.4,0.5,0.7,0.4,0,1352,7.91,6.64
2026-07-04 06:02:06.320,0.4,0.5,0.7,0.4,1,1352,7.90,6.64
2026-07-04 06:02:06.817,0.4,0.5,0.7,0.4,2,1352,7.88,6.64
2026-07-04 06:02:07.369,0.4,0.5,0.7,0.4,4,1350,7.85,6.67
2026-07-04 06:02:07.818,0.4,0.5,0.7,0.4,4,1352,7.85,6.64
2026-07-04 06:02:08.869,0.4,0.5,0.7,0.4,9,1353,7.78,6.62
2026-07-04 06:02:08.869,0.5,0.5,0.7,0.4,14,1352,7.71,6.64
2026-07-04 06:02:09.828,0.5,0.5,0.7,0.4,25,1351,7.54,6.65
2026-07-04 06:02:09.884,0.4,0.5,0.7,0.4,24,1350,7.56,6.67
2026-07-04 06:02:10.343,0.4,0.5,0.6,0.4,16,1353,7.68,6.62
2026-07-04 06:02:10.848,0.4,0.5,0.6,0.4,8,1352,7.79,6.64
2026-07-04 06:02:11.349,0.4,0.5,0.6,0.4,7,1355,7.81,6.59
2026-07-04 06:02:11.847,0.4,0.5,0.7,0.4,10,1351,7.76,6.65
2026-07-04 06:02:12.372,0.5,0.5,0.7,0.4,21,1352,7.60,6.64
2026-07-04 06:02:12.836,0.5,0.5,0.7,0.4,25,1353,7.54,6.62
2026-07-04 06:02:13.334,0.4,0.5,0.7,0.4,20,1351,7.62,6.65
2026-07-04 06:02:13.832,0.5,0.5,0.7,0.4,21,1353,7.60,6.62
2026-07-04 06:02:14.333,0.5,0.5,0.7,0.4,45,1350,7.25,6.67
2026-07-04 06:02:14.849,0.5,0.5,0.6,0.4,49,1353,7.19,6.62
2026-07-04 06:02:15.348,0.5,0.5,0.6,0.4,47,1354,7.22,6.61
2026-07-04 06:02:15.836,0.4,0.5,0.6,0.4,39,1355,7.34,6.59
2026-07-04 06:02:16.350,0.4,0.5,0.6,0.4,17,1352,7.66,6.64
2026-07-04 06:02:16.848,0.4,0.5,0.6,0.4,13,1352,7.72,6.64
2026-07-04 06:02:17.340,0.5,0.5,0.6,0.4,18,1354,7.65,6.61
2026-07-04 06:02:17.851,0.5,0.5,0.6,0.4,31,1353,7.46,6.62
2026-07-04 06:02:18.348,0.5,0.5,0.6,0.4,34,1353,7.41,6.62
2026-07-04 06:02:18.838,0.5,0.5,0.6,0.4,40,1351,7.32,6.65
2026-07-04 06:02:19.338,0.5,0.5,0.6,0.4,47,1352,7.22,6.64
2026-07-04 06:02:19.844,0.5,0.5,0.6,0.4,46,1352,7.24,6.64
2026-07-04 06:02:20.343,0.5,0.5,0.7,0.4,60,1353,7.03,6.62
2026-07-04 06:02:20.848,0.5,0.5,0.7,0.4,59,1351,7.05,6.65
2026-07-04 06:02:21.348,0.5,0.5,0.7,0.4,71,1353,6.87,6.62
2026-07-04 06:02:21.843,0.6,0.5,0.7,0.4,85,1353,6.67,6.62
2026-07-04 06:02:22.348,0.6,0.5,0.8,0.4,110,1352,6.30,6.64
2026-07-04 06:02:22.846,0.6,0.5,0.8,0.4,130,1352,6.01,6.64
2026-07-04 06:02:23.373,0.6,0.5,0.8,0.4,121,1353,6.14,6.62
2026-07-04 06:02:23.871,0.6,0.5,0.8,0.4,115,1352,6.23,6.64
2026-07-04 06:02:24.379,0.6,0.5,0.8,0.4,103,1352,6.40,6.64
2026-07-04 06:02:24.848,0.6,0.5,0.8,0.4,99,1353,6.46,6.62
2026-07-04 06:02:25.333,0.5,0.5,0.8,0.4,91,1351,6.58,6.65
2026-07-04 06:02:25.832,0.5,0.5,0.8,0.4,71,1349,6.87,6.68
2026-07-04 06:02:26.348,0.5,0.5,0.9,0.4,66,1352,6.94,6.64
2026-07-04 06:02:26.848,0.5,0.5,0.9,0.4,59,1352,7.05,6.64
2026-07-04 06:02:27.382,0.5,0.5,0.9,0.4,51,1350,7.16,6.67
2026-07-04 06:02:27.878,0.5,0.5,0.9,0.4,59,1350,7.05,6.67
2026-07-04 06:02:28.344,0.5,0.5,0.9,0.4,56,1353,7.09,6.62
2026-07-04 06:02:28.860,0.5,0.5,0.9,0.4,60,1349,7.03,6.68
2026-07-04 06:02:29.341,0.5,0.5,0.9,0.4,62,1352,7.00,6.64
2026-07-04 06:02:29.842,0.5,0.5,0.9,0.4,68,1350,6.91,6.67
2026-07-04 06:02:30.372,0.5,0.5,0.8,0.4,75,1351,6.81,6.65
2026-07-04 06:02:30.848,0.6,0.5,0.8,0.4,81,1350,6.72,6.67
2026-07-04 06:02:31.368,0.6,0.5,0.8,0.4,87,1350,6.64,6.67
2026-07-04 06:02:31.869,0.5,0.5,0.7,0.4,87,1351,6.64,6.65
2026-07-04 06:02:32.333,0.6,0.5,0.7,0.4,84,1351,6.68,6.65
2026-07-04 06:02:32.849,0.6,0.5,0.6,0.4,83,1351,6.69,6.65
2026-07-04 06:02:33.348,0.5,0.5,0.6,0.4,81,1352,6.72,6.64
2026-07-04 06:02:33.847,0.5,0.5,0.6,0.4,78,1350,6.77,6.67
2026-07-04 06:02:34.331,0.5,0.5,0.6,0.4,71,1348,6.87,6.69
2026-07-04 06:02:34.878,0.5,0.5,0.6,0.4,61,1352,7.02,6.64
2026-07-04 06:02:35.347,0.5,0.5,0.6,0.4,60,1351,7.03,6.65
2026-07-04 06:02:35.836,0.5,0.5,0.6,0.4,58,1351,7.06,6.65
2026-07-04 06:02:36.332,0.5,0.5,0.6,0.4,58,1351,7.06,6.65
2026-07-04 06:02:36.834,0.5,0.5,0.6,0.4,50,1350,7.18,6.67
2026-07-04 06:02:37.349,0.5,0.5,0.6,0.4,57,1351,7.08,6.65
2026-07-04 06:02:37.850,0.5,0.5,0.6,0.4,61,1353,7.02,6.62
2026-07-04 06:02:38.350,0.5,0.5,0.5,0.4,60,1351,7.03,6.65
2026-07-04 06:02:38.859,0.5,0.5,0.5,0.4,59,1352,7.05,6.64
2026-07-04 06:02:39.385,0.5,0.5,0.5,0.4,51,1352,7.16,6.64
2026-07-04 06:02:39.848,0.5,0.5,0.5,0.4,59,1351,7.05,6.65
2026-07-04 06:02:40.349,0.5,0.5,0.4,0.4,70,1351,6.88,6.65
2026-07-04 06:02:40.837,0.5,0.5,0.4,0.4,66,1352,6.94,6.64
2026-07-04 06:02:41.382,0.5,0.5,0.4,0.4,64,1349,6.97,6.68
2026-07-04 06:02:41.878,0.5,0.5,0.4,0.4,62,1350,7.00,6.67
2026-07-04 06:02:42.334,0.5,0.5,0.4,0.4,50,1351,7.18,6.65
2026-07-04 06:02:42.838,0.5,0.5,0.4,0.4,37,1349,7.37,6.68
2026-07-04 06:02:43.342,0.4,0.5,0.4,0.4,30,1349,7.47,6.68
2026-07-04 06:02:43.868,0.4,0.5,0.4,0.4,11,1351,7.75,6.65
2026-07-04 06:02:44.367,0.4,0.5,0.5,0.4,2,1352,7.88,6.64
2026-07-04 06:02:44.865,0.4,0.5,0.5,0.4,0,1350,7.91,6.67
2026-07-04 06:02:45.362,0.4,0.5,0.5,0.4,0,1349,7.91,6.68
2026-07-04 06:02:45.870,0.4,0.5,0.5,0.4,0,1350,7.91,6.67
2026-07-04 06:02:46.371,0.4,0.5,0.5,0.4,0,1350,7.91,6.67
2026-07-04 06:02:46.870,0.4,0.5,0.5,0.4,0,1351,7.91,6.65
2026-07-04 06:02:47.398,0.4,0.5,0.5,0.4,0,1352,7.91,6.64
2026-07-04 06:02:47.897,0.4,0.5,0.6,0.4,0,1349,7.91,6.68
2026-07-04 06:02:48.394,0.4,0.5,0.6,0.4,0,1351,7.91,6.65
2026-07-04 06:02:48.889,0.4,0.5,0.6,0.4,0,1350,7.91,6.67
2026-07-04 06:02:49.388,0.4,0.5,0.6,0.4,0,1350,7.91,6.67
2026-07-04 06:02:49.847,0.4,0.5,0.7,0.4,0,1349,7.91,6.68
2026-07-04 06:02:50.367,0.4,0.5,0.7,0.4,0,1345,7.91,6.74
2026-07-04 06:02:50.864,0.4,0.5,0.7,0.4,0,1350,7.91,6.67
2026-07-04 06:02:51.338,0.4,0.5,0.7,0.4,0,1350,7.91,6.67
2026-07-04 06:02:51.868,0.4,0.5,0.8,0.4,0,1351,7.91,6.65
2026-07-04 06:02:52.348,0.4,0.5,0.8,0.4,0,1352,7.91,6.64
2026-07-04 06:02:52.874,0.4,0.5,0.8,0.4,0,1351,7.91,6.65
2026-07-04 06:02:53.367,0.4,0.5,0.8,0.4,0,1354,7.91,6.61
2026-07-04 06:02:53.878,0.4,0.5,0.8,0.4,0,1349,7.91,6.68
2026-07-04 06:02:54.379,0.4,0.5,0.8,0.4,0,1350,7.91,6.67
2026-07-04 06:02:54.880,0.4,0.5,0.8,0.4,0,1349,7.91,6.68
2026-07-04 06:02:55.345,0.4,0.5,0.8,0.4,0,1352,7.91,6.64
2026-07-04 06:02:55.900,0.4,0.5,0.8,0.4,0,1346,7.91,6.72
2026-07-04 06:02:56.348,0.4,0.5,0.8,0.4,1,1348,7.90,6.69
2026-07-04 06:02:56.848,0.4,0.5,0.7,0.4,3,1349,7.87,6.68
2026-07-04 06:02:57.347,0.4,0.5,0.7,0.4,6,1348,7.82,6.69
2026-07-04 06:02:57.869,0.4,0.5,0.7,0.4,4,1349,7.85,6.68
2026-07-04 06:02:58.364,0.4,0.5,0.7,0.4,7,1348,7.81,6.69
2026-07-04 06:02:58.884,0.5,0.5,0.7,0.4,20,1351,7.62,6.65
2026-07-04 06:02:59.379,0.5,0.5,0.7,0.4,39,1351,7.34,6.65
2026-07-04 06:02:59.859,0.5,0.5,0.7,0.4,39,1350,7.34,6.67
2026-07-04 06:03:00.364,0.5,0.5,0.7,0.4,34,1352,7.41,6.64
2026-07-04 06:03:00.871,0.4,0.5,0.7,0.4,33,1347,7.43,6.71
2026-07-04 06:03:01.385,0.4,0.5,0.7,0.4,16,1350,7.68,6.67
2026-07-04 06:03:02.389,0.4,0.5,0.7,0.4,3,1349,7.87,6.68
2026-07-04 06:03:02.389,0.4,0.5,0.7,0.4,0,1350,7.91,6.67
2026-07-04 06:03:02.916,0.4,0.5,0.7,0.4,6,1349,7.82,6.68
2026-07-04 06:03:03.378,0.5,0.5,0.7,0.4,23,1349,7.57,6.68
2026-07-04 06:03:03.848,0.5,0.5,0.7,0.4,49,1350,7.19,6.67
2026-07-04 06:03:04.389,0.5,0.5,0.7,0.4,53,1348,7.13,6.69
2026-07-04 06:03:04.892,0.6,0.5,0.7,0.4,69,1349,6.90,6.68
2026-07-04 06:03:05.377,0.6,0.5,0.8,0.4,83,1350,6.69,6.67
2026-07-04 06:03:05.860,0.6,0.5,0.8,0.4,97,1350,6.49,6.67
2026-07-04 06:03:06.364,0.7,0.5,0.8,0.4,132,1348,5.98,6.69
2026-07-04 06:03:07.374,0.7,0.5,0.8,0.4,159,1350,5.58,6.67
2026-07-04 06:03:07.432,0.7,0.5,0.8,0.4,173,1350,5.38,6.67
2026-07-04 06:03:07.868,0.7,0.5,0.8,0.4,184,1351,5.21,6.65
2026-07-04 06:03:08.349,0.7,0.5,0.8,0.4,192,1348,5.10,6.69
2026-07-04 06:03:08.870,0.8,0.5,0.8,0.4,195,1351,5.05,6.65
2026-07-04 06:03:09.373,0.8,0.5,0.8,0.4,211,1349,4.82,6.68
2026-07-04 06:03:09.869,0.8,0.5,0.7,0.4,234,1349,4.48,6.68
2026-07-04 06:03:10.360,0.8,0.5,0.7,0.4,250,1350,4.25,6.67
2026-07-04 06:03:10.856,0.9,0.5,0.7,0.4,260,1349,4.10,6.68
2026-07-04 06:03:11.372,0.9,0.5,0.7,0.4,268,1350,3.98,6.67
2026-07-04 06:03:12.349,0.9,0.5,0.7,0.4,270,1348,3.96,6.69
2026-07-04 06:03:12.413,0.9,0.5,0.7,0.4,268,1351,3.98,6.65
2026-07-04 06:03:12.850,0.9,0.5,0.7,0.4,268,1350,3.98,6.67
2026-07-04 06:03:13.408,0.9,0.5,0.8,0.4,272,1349,3.93,6.68
2026-07-04 06:03:13.869,0.9,0.5,0.8,0.4,275,1349,3.88,6.68
2026-07-04 06:03:14.362,0.9,0.5,0.8,0.4,274,1349,3.90,6.68
2026-07-04 06:03:14.863,0.9,0.5,0.9,0.4,274,1351,3.90,6.65
2026-07-04 06:03:15.389,0.9,0.5,0.9,0.4,271,1347,3.94,6.71
2026-07-04 06:03:15.901,0.8,0.5,1.0,0.4,266,1348,4.01,6.69
2026-07-04 06:03:16.381,0.8,0.5,1.0,0.4,248,1352,4.28,6.64
2026-07-04 06:03:16.869,0.8,0.5,1.0,0.4,237,1349,4.44,6.68
2026-07-04 06:03:17.364,0.8,0.5,1.0,0.4,236,1349,4.45,6.68
2026-07-04 06:03:17.864,0.8,0.5,1.0,0.4,238,1350,4.42,6.67
2026-07-04 06:03:18.397,0.8,0.5,1.0,0.4,234,1350,4.48,6.67
2026-07-04 06:03:18.917,0.7,0.5,1.0,0.4,216,1348,4.75,6.69
2026-07-04 06:03:19.379,0.7,0.5,1.0,0.4,194,1346,5.07,6.72
2026-07-04 06:03:19.867,0.7,0.5,1.0,0.4,173,1347,5.38,6.71
2026-07-04 06:03:20.408,0.6,0.5,1.0,0.4,155,1348,5.64,6.69
2026-07-04 06:03:20.868,0.6,0.5,1.0,0.4,140,1349,5.86,6.68
2026-07-04 06:03:21.367,0.6,0.5,1.0,0.4,140,1348,5.86,6.69
2026-07-04 06:03:21.913,0.6,0.5,1.0,0.4,129,1350,6.02,6.67
2026-07-04 06:03:22.413,0.6,0.5,1.1,0.4,119,1347,6.17,6.71
2026-07-04 06:03:22.907,0.6,0.5,1.1,0.4,121,1351,6.14,6.65
2026-07-04 06:03:23.359,0.6,0.5,1.1,0.4,109,1349,6.31,6.68
2026-07-04 06:03:23.875,0.6,0.5,1.0,0.4,104,1347,6.39,6.71
2026-07-04 06:03:24.407,0.5,0.5,1.0,0.4,97,1343,6.49,6.77
2026-07-04 06:03:24.905,0.5,0.5,1.0,0.4,91,1350,6.58,6.67
2026-07-04 06:03:25.397,0.5,0.5,1.0,0.4,74,1346,6.83,6.72
2026-07-04 06:03:25.916,0.5,0.5,1.0,0.4,60,1347,7.03,6.71
2026-07-04 06:03:26.372,0.5,0.5,0.9,0.4,50,1348,7.18,6.69
2026-07-04 06:03:26.898,0.5,0.5,0.9,0.4,59,1347,7.05,6.71
2026-07-04 06:03:27.382,0.5,0.5,0.9,0.4,62,1349,7.00,6.68
2026-07-04 06:03:27.879,0.5,0.5,0.9,0.4,64,1348,6.97,6.69
2026-07-04 06:03:28.375,0.5,0.5,0.8,0.4,71,1347,6.87,6.71
2026-07-04 06:03:28.870,0.5,0.5,0.8,0.4,74,1348,6.83,6.69
2026-07-04 06:03:29.368,0.5,0.5,0.8,0.4,77,1344,6.78,6.75
2026-07-04 06:03:29.869,0.5,0.5,0.8,0.4,75,1814,6.81,-0.13
2026-07-04 06:03:30.363,0.6,0.5,0.7,0.4,75,1346,6.81,6.72
2026-07-04 06:03:30.890,0.5,0.5,0.7,0.4,78,1348,6.77,6.69
2026-07-04 06:03:31.388,0.5,0.5,0.7,0.4,59,1346,7.05,6.72
2026-07-04 06:03:31.903,0.5,0.5,0.7,0.4,52,1347,7.15,6.71
2026-07-04 06:03:32.396,0.5,0.5,0.7,0.4,40,1346,7.32,6.72
2026-07-04 06:03:32.899,0.5,0.5,0.6,0.4,52,1349,7.15,6.68
2026-07-04 06:03:33.416,0.5,0.5,0.6,0.4,52,1349,7.15,6.68
2026-07-04 06:03:33.900,0.5,0.5,0.6,0.4,63,1350,6.99,6.67
2026-07-04 06:03:34.409,0.5,0.5,0.6,0.4,59,1347,7.05,6.71
2026-07-04 06:03:34.867,0.5,0.5,0.6,0.4,65,1346,6.96,6.72
2026-07-04 06:03:35.368,0.6,0.5,0.6,0.4,79,1346,6.75,6.72
2026-07-04 06:03:35.913,0.6,0.5,0.6,0.4,94,1350,6.53,6.67
2026-07-04 06:03:36.879,0.6,0.5,0.6,0.4,114,1346,6.24,6.72
2026-07-04 06:03:36.880,0.7,0.5,0.6,0.4,136,1345,5.92,6.74
2026-07-04 06:03:37.360,0.6,0.5,0.6,0.4,150,1346,5.71,6.72
2026-07-04 06:03:37.860,0.6,0.5,0.6,0.4,147,1345,5.76,6.74
2026-07-04 06:03:38.380,0.6,0.5,0.7,0.4,133,1347,5.96,6.71
2026-07-04 06:03:38.871,0.6,0.5,0.7,0.4,127,1344,6.05,6.75
2026-07-04 06:03:39.415,0.6,0.5,0.8,0.4,123,1344,6.11,6.75
2026-07-04 06:03:39.913,0.6,0.5,0.8,0.4,124,1345,6.09,6.74
2026-07-04 06:03:40.396,0.6,0.5,0.8,0.4,122,1348,6.12,6.69
2026-07-04 06:03:40.874,0.6,0.5,0.8,0.4,118,1345,6.18,6.74
2026-07-04 06:03:41.401,0.6,0.5,0.9,0.4,119,1348,6.17,6.69
2026-07-04 06:03:41.870,0.6,0.5,0.9,0.4,115,1347,6.23,6.71
2026-07-04 06:03:42.890,0.6,0.5,1.0,0.4,118,1347,6.18,6.71
2026-07-04 06:03:42.892,0.6,0.5,1.0,0.4,115,1345,6.23,6.74
2026-07-04 06:03:43.397,0.6,0.5,1.0,0.4,104,1350,6.39,6.67
2026-07-04 06:03:43.899,0.5,0.5,1.0,0.4,95,1345,6.52,6.74
2026-07-04 06:03:44.402,0.6,0.5,1.0,0.4,86,1345,6.65,6.74
2026-07-04 06:03:44.866,0.6,0.5,1.1,0.4,86,1347,6.65,6.71
2026-07-04 06:03:45.427,0.6,0.5,1.1,0.4,93,1345,6.55,6.74
2026-07-04 06:03:45.930,0.6,0.5,1.1,0.4,95,1347,6.52,6.71
2026-07-04 06:03:46.427,0.6,0.5,1.1,0.4,101,1349,6.43,6.68
2026-07-04 06:03:46.925,0.6,0.5,1.1,0.4,119,1345,6.17,6.74
2026-07-04 06:03:47.380,0.7,0.5,1.1,0.4,140,1343,5.86,6.77
2026-07-04 06:03:47.898,0.7,0.5,1.0,0.4,173,1348,5.38,6.69
2026-07-04 06:03:48.396,0.8,0.5,1.0,0.4,200,1345,4.98,6.74
2026-07-04 06:03:48.897,0.9,0.5,1.0,0.4,234,1345,4.48,6.74
2026-07-04 06:03:49.894,0.9,0.5,1.0,0.4,272,1345,3.93,6.74
2026-07-04 06:03:49.894,1.0,0.5,1.0,0.4,299,1345,3.53,6.74
2026-07-04 06:03:50.376,1.0,0.5,0.9,0.4,322,1347,3.19,6.71
2026-07-04 06:03:50.894,1.0,0.5,0.9,0.4,329,1348,3.09,6.69
2026-07-04 06:03:51.870,1.0,0.5,0.9,0.4,332,1343,3.05,6.77
2026-07-04 06:03:51.930,1.0,0.5,0.8,0.4,338,1347,2.96,6.71
2026-07-04 06:03:52.380,1.0,0.5,0.8,0.4,340,1346,2.93,6.72
2026-07-04 06:03:52.928,1.0,0.5,0.8,0.4,341,1345,2.92,6.74
2026-07-04 06:03:53.426,1.0,0.5,0.9,0.4,344,1347,2.87,6.71
2026-07-04 06:03:53.925,1.0,0.5,0.9,0.4,342,1347,2.90,6.71
2026-07-04 06:03:54.390,1.0,0.5,0.9,0.4,343,1347,2.89,6.71
2026-07-04 06:03:54.898,1.0,0.5,0.9,0.4,342,1344,2.90,6.75
2026-07-04 06:03:55.378,1.0,0.5,0.9,0.4,341,1342,2.92,6.78
2026-07-04 06:03:55.879,1.0,0.5,1.0,0.4,339,1345,2.94,6.74
2026-07-04 06:03:56.882,1.0,0.5,1.0,0.4,337,1342,2.97,6.78
2026-07-04 06:03:56.944,1.0,0.5,1.1,0.4,343,1344,2.89,6.75
2026-07-04 06:03:57.922,1.0,0.5,1.1,0.4,340,1342,2.93,6.78
2026-07-04 06:03:57.923,0.9,0.5,1.1,0.4,335,1348,3.00,6.69
2026-07-04 06:03:58.376,0.9,0.5,1.1,0.4,320,1343,3.22,6.77
2026-07-04 06:03:58.889,0.9,0.5,1.1,0.4,299,1345,3.53,6.74
2026-07-04 06:03:59.398,0.9,0.5,1.1,0.4,298,1351,3.54,6.65
2026-07-04 06:04:00.411,0.9,0.5,1.1,0.4,299,1343,3.53,6.77
2026-07-04 06:04:00.413,0.9,0.5,1.1,0.4,306,1342,3.43,6.78
2026-07-04 06:04:00.871,0.9,0.5,1.1,0.4,312,1346,3.34,6.72
2026-07-04 06:04:01.428,1.0,0.5,1.0,0.4,325,1345,3.15,6.74
2026-07-04 06:04:01.885,1.0,0.5,1.0,0.4,333,1342,3.03,6.78
2026-07-04 06:04:02.585,1.0,0.5,1.0,0.4,333,1342,3.03,6.78
2026-07-04 06:04:02.896,1.0,0.5,1.0,0.4,332,1342,3.05,6.78
2026-07-04 06:04:02.896,1.0,0.5,1.0,0.4,334,1344,3.02,6.75
2026-07-04 06:04:03.898,1.0,0.5,0.9,0.4,346,1348,2.84,6.69
2026-07-04 06:04:03.898,1.0,0.5,0.9,0.4,349,1346,2.80,6.72
2026-07-04 06:04:04.398,1.0,0.5,0.9,0.4,362,1346,2.61,6.72
2026-07-04 06:04:04.896,1.0,0.5,1.0,0.4,363,1344,2.59,6.75
2026-07-04 06:04:05.395,1.1,0.5,1.0,0.4,367,1346,2.53,6.72
2026-07-04 06:04:05.930,1.0,0.5,0.9,0.4,379,1344,2.36,6.75
2026-07-04 06:04:06.379,1.0,0.5,0.9,0.4,377,1345,2.39,6.74
2026-07-04 06:04:07.397,1.0,0.5,0.9,0.4,377,1344,2.39,6.75
2026-07-04 06:04:07.398,1.0,0.5,0.9,0.4,365,1346,2.56,6.72
2026-07-04 06:04:07.906,1.0,0.5,1.0,0.4,347,1346,2.83,6.72
2026-07-04 06:04:08.420,0.9,0.5,1.0,0.4,335,1346,3.00,6.72
2026-07-04 06:04:08.928,0.9,0.5,1.0,0.4,313,1345,3.33,6.74
2026-07-04 06:04:09.415,0.9,0.5,1.0,0.4,301,1341,3.50,6.80
2026-07-04 06:04:10.410,0.9,0.5,1.0,0.4,294,1343,3.60,6.77
2026-07-04 06:04:10.412,0.9,0.5,1.0,0.4,295,1342,3.59,6.78
2026-07-04 06:04:10.919,0.9,0.5,1.0,0.4,303,1342,3.47,6.78
2026-07-04 06:04:11.428,0.9,0.5,1.0,0.4,304,1347,3.46,6.71
2026-07-04 06:04:12.423,0.9,0.5,1.1,0.4,307,1345,3.41,6.74
2026-07-04 06:04:12.423,0.9,0.5,1.1,0.4,312,1344,3.34,6.75
2026-07-04 06:04:12.892,0.9,0.5,1.1,0.4,311,1343,3.35,6.77
2026-07-04 06:04:13.398,0.9,0.5,1.1,0.4,304,1349,3.46,6.68
2026-07-04 06:04:13.900,0.9,0.5,1.1,0.4,312,1345,3.34,6.74
2026-07-04 06:04:14.397,0.9,0.5,1.1,0.4,311,1342,3.35,6.78
2026-07-04 06:04:14.898,1.0,0.5,1.1,0.4,319,1345,3.24,6.74
2026-07-04 06:04:15.418,1.0,0.5,1.1,0.4,323,1343,3.18,6.77
2026-07-04 06:04:15.920,0.9,0.5,1.1,0.4,326,1343,3.13,6.77
2026-07-04 06:04:16.403,1.0,0.5,1.1,0.4,319,1348,3.24,6.69
2026-07-04 06:04:16.928,1.0,0.5,1.0,0.4,323,1341,3.18,6.80
2026-07-04 06:04:17.930,1.0,0.5,1.0,0.4,336,1342,2.99,6.78
2026-07-04 06:04:17.932,1.0,0.5,1.0,0.4,338,1342,2.96,6.78
2026-07-04 06:04:18.427,1.0,0.5,1.0,0.4,356,1813,2.70,-0.12
2026-07-04 06:04:18.926,1.0,0.5,0.9,0.4,356,1345,2.70,6.74
2026-07-04 06:04:19.398,1.0,0.5,0.9,0.4,366,1343,2.55,6.77
2026-07-04 06:04:19.898,1.1,0.5,0.9,0.4,380,1343,2.34,6.77
2026-07-04 06:04:20.396,1.1,0.5,0.9,0.4,396,1341,2.11,6.80
2026-07-04 06:04:20.930,1.1,0.5,0.9,0.4,423,1345,1.71,6.74
2026-07-04 06:04:21.427,1.1,0.5,0.8,0.4,436,1343,1.52,6.77
2026-07-04 06:04:21.927,1.1,0.5,0.8,0.4,437,1343,1.51,6.77
2026-07-04 06:04:22.889,1.1,0.5,0.8,0.4,436,1342,1.52,6.78
2026-07-04 06:04:22.947,1.0,0.5,0.8,0.4,421,1341,1.74,6.80
2026-07-04 06:04:23.398,1.0,0.5,0.8,0.4,387,1340,2.24,6.81
2026-07-04 06:04:23.897,0.9,0.5,0.8,0.4,348,1342,2.81,6.78
2026-07-04 06:04:24.396,0.9,0.5,0.8,0.4,322,1345,3.19,6.74
2026-07-04 06:04:24.898,0.9,0.5,0.8,0.4,297,1342,3.56,6.78
2026-07-04 06:04:25.440,0.8,0.5,0.8,0.4,278,1344,3.84,6.75
2026-07-04 06:04:25.890,0.8,0.5,0.8,0.4,256,1343,4.16,6.77
2026-07-04 06:04:26.397,0.8,0.5,0.8,0.4,252,1345,4.22,6.74
2026-07-04 06:04:26.898,0.8,0.5,0.9,0.4,254,1339,4.19,6.83
2026-07-04 06:04:27.397,0.8,0.5,0.9,0.4,243,1341,4.35,6.80
2026-07-04 06:04:27.917,0.7,0.5,0.9,0.4,222,1342,4.66,6.78
2026-07-04 06:04:28.395,0.7,0.5,0.9,0.4,196,1343,5.04,6.77
2026-07-04 06:04:28.895,0.7,0.5,1.0,0.4,175,1343,5.35,6.77
2026-07-04 06:04:29.418,0.6,0.5,1.0,0.4,154,1341,5.65,6.80
2026-07-04 06:04:29.923,0.6,0.5,1.0,0.4,128,1342,6.04,6.78
2026-07-04 06:04:30.420,0.6,0.5,1.1,0.4,109,1341,6.31,6.80
2026-07-04 06:04:31.396,0.6,0.5,1.1,0.4,105,1341,6.37,6.80
2026-07-04 06:04:31.458,0.7,0.5,1.1,0.4,119,1340,6.17,6.81
2026-07-04 06:04:31.896,0.7,0.5,1.1,0.4,142,1342,5.83,6.78
2026-07-04 06:04:32.394,0.7,0.5,1.1,0.4,164,1348,5.51,6.69
2026-07-04 06:04:32.898,0.7,0.5,1.1,0.4,184,1340,5.21,6.81
2026-07-04 06:04:33.416,0.8,0.5,1.1,0.4,199,1344,5.00,6.75
2026-07-04 06:04:33.898,0.8,0.5,1.1,0.4,217,1343,4.73,6.77
2026-07-04 06:04:34.617,0.8,0.8,0.8,0.4,217,1343,4.73,6.77
2026-07-04 06:04:34.899,0.8,0.8,1.1,0.4,227,1344,4.58,6.75
2026-07-04 06:04:34.899,0.8,0.8,1.1,0.4,238,1342,4.42,6.78
2026-07-04 06:04:35.428,0.9,0.8,1.1,0.4,259,1342,4.12,6.78
2026-07-04 06:04:35.926,0.9,0.8,1.1,0.4,283,1343,3.76,6.77
2026-07-04 06:04:36.444,0.9,0.8,1.1,0.4,291,1341,3.65,6.80
2026-07-04 06:04:36.897,0.8,0.8,1.1,0.4,281,1342,3.79,6.78
2026-07-04 06:04:37.420,0.8,0.8,1.0,0.4,262,1342,4.07,6.78
2026-07-04 06:04:37.919,0.8,0.8,1.0,0.4,253,1343,4.20,6.77
2026-07-04 06:04:38.428,0.8,0.8,1.0,0.4,245,1342,4.32,6.78
2026-07-04 06:04:38.928,0.8,0.8,1.0,0.4,240,1343,4.39,6.77
2026-07-04 06:04:39.420,0.8,0.8,1.0,0.4,248,1341,4.28,6.80
2026-07-04 06:04:39.928,0.8,0.8,1.0,0.4,256,1342,4.16,6.78
2026-07-04 06:04:40.445,0.8,0.8,1.0,0.4,242,1342,4.37,6.78
2026-07-04 06:04:40.928,0.8,0.8,1.0,0.4,232,1342,4.51,6.78
2026-07-04 06:04:41.392,0.8,0.8,1.0,0.4,237,1343,4.44,6.77
2026-07-04 06:04:41.928,0.8,0.8,1.0,0.4,229,1340,4.56,6.81
2026-07-04 06:04:42.430,0.7,0.8,1.0,0.4,208,1342,4.86,6.78
2026-07-04 06:04:42.928,0.8,0.8,1.1,0.4,191,1344,5.11,6.75
2026-07-04 06:04:43.429,0.8,0.8,1.1,0.4,204,1340,4.92,6.81
2026-07-04 06:04:43.955,0.8,0.8,1.0,0.4,228,1340,4.57,6.81
2026-07-04 06:04:44.444,0.9,0.8,1.0,0.4,256,1340,4.16,6.81
2026-07-04 06:04:44.957,0.9,0.8,1.0,0.4,285,1341,3.74,6.80
2026-07-04 06:04:45.401,0.9,0.8,0.8,0.4,299,1345,3.53,6.74
2026-07-04 06:04:45.946,0.9,0.8,0.8,0.4,308,1346,3.40,6.72
2026-07-04 06:04:46.427,0.9,0.8,0.8,0.4,322,1342,3.19,6.78
2026-07-04 06:04:46.908,0.9,0.8,0.8,0.4,322,1343,3.19,6.77
2026-07-04 06:04:47.438,0.9,0.8,0.8,0.4,322,1342,3.19,6.78
2026-07-04 06:04:48.462,0.9,0.8,0.8,0.4,322,1340,3.19,6.81
2026-07-04 06:04:48.464,0.9,0.8,0.8,0.4,317,1338,3.27,6.84
2026-07-04 06:04:48.958,0.9,0.8,0.9,0.4,305,1344,3.44,6.75
2026-07-04 06:04:49.439,0.9,0.8,0.9,0.4,305,1344,3.44,6.75
2026-07-04 06:04:49.898,0.9,0.8,0.9,0.4,306,1341,3.43,6.80
2026-07-04 06:04:50.458,0.9,0.8,0.9,0.4,305,1341,3.44,6.80
2026-07-04 06:04:50.957,0.9,0.8,0.9,0.4,300,1342,3.52,6.78
2026-07-04 06:04:51.458,0.9,0.8,0.9,0.4,296,1340,3.57,6.81
2026-07-04 06:04:51.959,0.9,0.8,0.9,0.4,299,1343,3.53,6.77
2026-07-04 06:04:52.456,0.9,0.8,0.8,0.4,296,1343,3.57,6.77
2026-07-04 06:04:52.919,0.9,0.8,0.8,0.4,298,1340,3.54,6.81
2026-07-04 06:04:53.431,0.9,0.8,0.8,0.4,303,1339,3.47,6.83
2026-07-04 06:04:53.959,0.9,0.8,0.8,0.4,297,1342,3.56,6.78
2026-07-04 06:04:54.460,0.9,0.8,0.8,0.4,288,1340,3.69,6.81
2026-07-04 06:04:54.956,0.9,0.8,0.8,0.4,272,1341,3.93,6.80
2026-07-04 06:04:55.419,0.9,0.8,0.8,0.4,272,1340,3.93,6.81
2026-07-04 06:04:55.960,0.8,0.8,0.8,0.4,272,1341,3.93,6.80
2026-07-04 06:04:56.458,0.8,0.8,0.9,0.4,261,1340,4.09,6.81
2026-07-04 06:04:56.948,0.8,0.8,0.9,0.4,249,1339,4.26,6.83
2026-07-04 06:04:57.450,0.8,0.8,0.9,0.4,242,1340,4.37,6.81
2026-07-04 06:04:57.918,0.8,0.8,0.8,0.4,231,1340,4.53,6.81
2026-07-04 06:04:58.911,0.8,0.8,0.8,0.4,226,1340,4.60,6.81
2026-07-04 06:04:58.974,0.8,0.8,0.9,0.4,230,1341,4.54,6.80
2026-07-04 06:04:59.456,0.8,0.8,0.9,0.4,230,1340,4.54,6.81
2026-07-04 06:04:59.917,0.8,0.8,0.9,0.4,228,1341,4.57,6.80
2026-07-04 06:05:00.421,0.8,0.8,0.9,0.4,222,1339,4.66,6.83
2026-07-04 06:05:00.928,0.8,0.8,0.9,0.4,215,1340,4.76,6.81
2026-07-04 06:05:01.430,0.7,0.8,1.0,0.4,208,1340,4.86,6.81
2026-07-04 06:05:01.915,0.7,0.8,0.9,0.4,197,1340,5.02,6.81
2026-07-04 06:05:02.459,0.7,0.8,0.9,0.4,193,1339,5.08,6.83
2026-07-04 06:05:02.921,0.7,0.8,0.9,0.4,190,1341,5.13,6.80
2026-07-04 06:05:03.445,0.8,0.8,0.9,0.4,194,1341,5.07,6.80
2026-07-04 06:05:03.931,0.8,0.8,0.9,0.4,200,1342,4.98,6.78
2026-07-04 06:05:04.431,0.8,0.8,0.9,0.4,217,1339,4.73,6.83
2026-07-04 06:05:04.918,0.8,0.8,0.9,0.4,237,1339,4.44,6.83
2026-07-04 06:05:05.958,0.9,0.8,0.8,0.4,255,1343,4.17,6.77
2026-07-04 06:05:05.959,0.9,0.8,0.8,0.4,281,1340,3.79,6.81
2026-07-04 06:05:06.460,0.9,0.8,0.8,0.4,302,1340,3.49,6.81
2026-07-04 06:05:06.949,1.0,0.8,0.8,0.4,313,1340,3.33,6.81
2026-07-04 06:05:07.438,1.0,0.8,0.8,0.4,323,1340,3.18,6.81
2026-07-04 06:05:08.476,1.0,0.8,0.8,0.4,332,1338,3.05,6.84
2026-07-04 06:05:08.477,1.0,0.8,0.8,0.4,335,1340,3.00,6.81
2026-07-04 06:05:08.950,1.0,0.8,0.8,0.4,344,1339,2.87,6.83
2026-07-04 06:05:09.420,1.0,0.8,0.8,0.4,355,1341,2.71,6.80
2026-07-04 06:05:09.931,1.0,0.8,0.8,0.4,353,1342,2.74,6.78
2026-07-04 06:05:10.429,0.9,0.8,0.8,0.4,342,1339,2.90,6.83
2026-07-04 06:05:10.969,0.9,0.8,0.8,0.4,331,1342,3.06,6.78
2026-07-04 06:05:11.421,0.9,0.8,0.8,0.4,304,1343,3.46,6.77
2026-07-04 06:05:11.932,0.8,0.8,0.8,0.4,276,1339,3.87,6.83
2026-07-04 06:05:12.428,0.8,0.8,0.8,0.4,259,1339,4.12,6.83
2026-07-04 06:05:12.958,0.8,0.8,0.8,0.4,245,1342,4.32,6.78
2026-07-04 06:05:13.457,0.8,0.8,0.8,0.4,242,1339,4.37,6.83
2026-07-04 06:05:13.949,0.8,0.8,0.8,0.4,241,1340,4.38,6.81
2026-07-04 06:05:14.470,0.8,0.8,0.8,0.4,228,1341,4.57,6.80
2026-07-04 06:05:14.921,0.8,0.8,0.8,0.4,226,1340,4.60,6.81
2026-07-04 06:05:15.444,0.8,0.8,0.8,0.4,233,1339,4.50,6.83
2026-07-04 06:05:15.941,0.8,0.8,0.8,0.4,236,1340,4.45,6.81
2026-07-04 06:05:16.970,0.8,0.8,0.8,0.4,230,1339,4.54,6.83
2026-07-04 06:05:16.971,0.8,0.8,0.8,0.4,233,1341,4.50,6.80
2026-07-04 06:05:17.428,0.8,0.8,0.8,0.4,237,1339,4.44,6.83
2026-07-04 06:05:17.948,0.8,0.8,0.8,0.4,242,1339,4.37,6.83
2026-07-04 06:05:18.444,0.8,0.8,0.9,0.4,246,1339,4.31,6.83
2026-07-04 06:05:18.944,0.8,0.8,0.9,0.4,242,1341,4.37,6.80
2026-07-04 06:05:19.429,0.8,0.8,0.9,0.4,230,1340,4.54,6.81
2026-07-04 06:05:19.930,0.7,0.8,0.9,0.4,214,1339,4.78,6.83
2026-07-04 06:05:20.915,0.7,0.8,0.9,0.4,192,1340,5.10,6.81
2026-07-04 06:05:20.976,0.7,0.8,0.9,0.4,173,1337,5.38,6.86
2026-07-04 06:05:21.472,0.7,0.8,0.9,0.4,162,1340,5.54,6.81
2026-07-04 06:05:21.970,0.7,0.8,0.9,0.4,158,1338,5.60,6.84
2026-07-04 06:05:22.468,0.7,0.8,0.9,0.4,151,1338,5.70,6.84
2026-07-04 06:05:22.934,0.7,0.8,0.9,0.4,147,1339,5.76,6.83
2026-07-04 06:05:23.926,0.6,0.8,0.9,0.4,143,1338,5.82,6.84
2026-07-04 06:05:23.927,0.7,0.8,0.9,0.4,141,1336,5.84,6.87
2026-07-04 06:05:24.426,0.7,0.8,0.9,0.4,149,1339,5.73,6.83
2026-07-04 06:05:24.950,0.7,0.8,0.9,0.4,170,1340,5.42,6.81
2026-07-04 06:05:25.477,0.7,0.8,0.9,0.4,186,1337,5.19,6.86
2026-07-04 06:05:25.958,0.7,0.8,0.9,0.4,194,1340,5.07,6.81
2026-07-04 06:05:26.476,0.7,0.8,0.9,0.4,196,1339,5.04,6.83
2026-07-04 06:05:26.928,0.7,0.8,0.9,0.4,184,1341,5.21,6.80
2026-07-04 06:05:27.428,0.7,0.8,0.9,0.4,171,1339,5.41,6.83
2026-07-04 06:05:27.978,0.7,0.8,0.8,0.4,163,1338,5.52,6.84
2026-07-04 06:05:28.468,0.7,0.8,0.8,0.4,153,1341,5.67,6.80
2026-07-04 06:05:28.978,0.7,0.8,0.8,0.4,160,1338,5.57,6.84
2026-07-04 06:05:29.457,0.8,0.8,0.8,0.4,199,1339,5.00,6.83
2026-07-04 06:05:29.960,0.8,0.8,0.8,0.4,228,1338,4.57,6.84
2026-07-04 06:05:30.457,0.8,0.8,0.8,0.4,237,1335,4.44,6.88
2026-07-04 06:05:30.957,0.8,0.8,0.8,0.4,248,1339,4.28,6.83
2026-07-04 06:05:31.978,0.9,0.8,0.8,0.4,252,1339,4.22,6.83
2026-07-04 06:05:31.979,0.9,0.8,0.8,0.4,269,1338,3.97,6.84
2026-07-04 06:05:32.483,0.9,0.8,0.8,0.4,286,1339,3.72,6.83
2026-07-04 06:05:32.935,0.9,0.8,0.9,0.4,292,1339,3.63,6.83
2026-07-04 06:05:33.445,0.9,0.8,0.9,0.4,289,1339,3.68,6.83
2026-07-04 06:05:33.931,0.9,0.8,0.9,0.4,284,1340,3.75,6.81
2026-07-04 06:05:34.427,0.8,0.8,0.8,0.4,275,1339,3.88,6.83
2026-07-04 06:05:34.948,0.9,0.8,0.8,0.4,270,1339,3.96,6.83
2026-07-04 06:05:35.929,0.9,0.8,0.8,0.4,272,1338,3.93,6.84
2026-07-04 06:05:35.987,0.9,0.8,0.8,0.4,276,1339,3.87,6.83
2026-07-04 06:05:36.488,0.9,0.8,0.9,0.4,278,1337,3.84,6.86
2026-07-04 06:05:36.972,0.8,0.8,0.9,0.4,272,1339,3.93,6.83
2026-07-04 06:05:37.448,0.9,0.8,0.9,0.4,264,1338,4.04,6.84
2026-07-04 06:05:37.945,0.9,0.8,0.9,0.4,267,1341,4.00,6.80
2026-07-04 06:05:38.441,0.9,0.8,0.9,0.4,286,1339,3.72,6.83
2026-07-04 06:05:39.448,1.0,0.8,0.9,0.4,310,1339,3.37,6.83
2026-07-04 06:05:39.448,1.0,0.8,0.9,0.4,325,1335,3.15,6.88
2026-07-04 06:05:39.957,1.0,0.8,0.9,0.4,339,1340,2.94,6.81
2026-07-04 06:05:40.445,1.0,0.8,1.0,0.4,354,1339,2.72,6.83
2026-07-04 06:05:40.929,1.0,0.8,1.0,0.4,369,1339,2.50,6.83
2026-07-04 06:05:41.428,1.0,0.8,1.1,0.4,369,1337,2.50,6.86
2026-07-04 06:05:41.988,1.0,0.8,1.1,0.4,377,1339,2.39,6.83
2026-07-04 06:05:42.472,1.1,0.8,1.1,0.4,381,1338,2.33,6.84
2026-07-04 06:05:42.988,1.1,0.8,1.2,0.4,396,1338,2.11,6.84
2026-07-04 06:05:43.448,1.1,0.8,1.2,0.4,402,1339,2.02,6.83
2026-07-04 06:05:43.952,1.1,0.8,1.1,0.4,403,1338,2.01,6.84
2026-07-04 06:05:44.444,1.0,0.8,1.1,0.4,390,1337,2.20,6.86
2026-07-04 06:05:44.958,1.0,0.8,1.1,0.4,377,1337,2.39,6.86
2026-07-04 06:05:45.475,1.0,0.8,1.1,0.4,364,1339,2.58,6.83
2026-07-04 06:05:45.974,1.0,0.8,1.1,0.4,359,1337,2.65,6.86
2026-07-04 06:05:46.980,1.0,0.8,1.1,0.4,357,1338,2.68,6.84
2026-07-04 06:05:46.980,1.1,0.8,1.1,0.4,378,1338,2.37,6.84
2026-07-04 06:05:47.449,1.1,0.8,1.0,0.4,412,1339,1.88,6.83
2026-07-04 06:05:47.958,1.1,0.8,1.0,0.4,429,1339,1.63,6.83
2026-07-04 06:05:48.476,1.2,0.8,0.9,0.4,430,1337,1.61,6.86
2026-07-04 06:05:48.959,1.2,0.8,0.9,0.4,439,1338,1.48,6.84
2026-07-04 06:05:49.449,1.2,0.8,0.9,0.4,454,1338,1.26,6.84
2026-07-04 06:05:49.949,1.2,0.8,0.8,0.4,467,1338,1.07,6.84
2026-07-04 06:05:50.448,1.2,0.8,0.8,0.4,472,1339,1.00,6.83
2026-07-04 06:05:50.948,1.1,0.8,0.9,0.4,466,1338,1.08,6.84
2026-07-04 06:05:51.445,1.2,0.8,0.9,0.4,451,1338,1.30,6.84
2026-07-04 06:05:51.939,1.2,0.8,1.0,0.4,453,1337,1.27,6.86
2026-07-04 06:05:52.488,1.2,0.8,1.0,0.4,453,1337,1.27,6.86
2026-07-04 06:05:52.948,1.3,0.8,1.1,0.4,480,1338,0.88,6.84
2026-07-04 06:05:53.487,1.3,0.8,1.1,0.4,507,1339,0.48,6.83
2026-07-04 06:05:53.971,1.3,0.8,1.1,0.4,532,1338,0.12,6.84
2026-07-04 06:05:54.444,1.3,0.8,1.1,0.4,543,1337,-0.04,6.86
2026-07-04 06:05:54.956,1.2,0.8,1.1,0.4,540,1337,0.00,6.86
2026-07-04 06:05:55.476,1.2,0.8,1.0,0.4,511,1339,0.42,6.83
2026-07-04 06:05:55.974,1.2,0.8,1.1,0.4,482,1331,0.85,6.94
2026-07-04 06:05:56.488,1.2,0.8,1.1,0.4,463,1337,1.13,6.86
2026-07-04 06:05:56.948,1.1,0.8,1.2,0.4,455,1339,1.25,6.83
2026-07-04 06:05:57.453,1.2,0.8,1.2,0.4,444,1338,1.41,6.84
2026-07-04 06:05:58.458,1.2,0.8,1.2,0.4,447,1338,1.36,6.84
2026-07-04 06:05:58.460,1.2,0.8,1.2,0.4,470,1337,1.03,6.86
2026-07-04 06:05:58.944,1.2,0.8,1.3,0.4,480,1341,0.88,6.80
2026-07-04 06:05:59.439,1.2,0.8,1.3,0.4,469,1338,1.04,6.84
2026-07-04 06:05:59.977,1.1,0.8,1.3,0.4,457,1339,1.22,6.83
2026-07-04 06:06:00.476,1.0,0.8,1.3,0.4,425,1337,1.68,6.86
2026-07-04 06:06:00.980,1.0,0.8,1.3,0.4,380,1339,2.34,6.83
2026-07-04 06:06:01.448,1.0,0.8,1.3,0.4,356,1338,2.70,6.84
2026-07-04 06:06:01.957,1.0,0.8,1.3,0.4,355,1336,2.71,6.87
2026-07-04 06:06:02.488,1.0,0.8,1.2,0.4,366,1337,2.55,6.86
2026-07-04 06:06:03.470,1.1,0.8,1.2,0.4,372,1338,2.46,6.84
2026-07-04 06:06:03.471,1.1,0.8,1.2,0.4,390,1338,2.20,6.84
2026-07-04 06:06:03.981,1.1,0.8,1.1,0.4,404,1336,1.99,6.87
2026-07-04 06:06:04.488,1.1,0.8,1.2,0.4,406,1334,1.96,6.90
2026-07-04 06:06:04.957,1.1,0.8,1.1,0.4,401,1337,2.04,6.86
2026-07-04 06:06:05.449,1.0,0.8,1.2,0.4,387,1337,2.24,6.86
2026-07-04 06:06:05.954,1.0,0.8,1.1,0.4,374,1336,2.43,6.87
2026-07-04 06:06:06.458,1.1,0.8,1.1,0.4,364,1334,2.58,6.90
2026-07-04 06:06:06.982,1.1,0.8,1.1,0.4,379,1337,2.36,6.86
2026-07-04 06:06:07.447,1.1,0.8,1.1,0.4,388,1336,2.23,6.87
2026-07-04 06:06:07.989,1.1,0.8,1.1,0.4,388,1337,2.23,6.86
2026-07-04 06:06:08.989,1.1,0.8,1.1,0.4,392,1337,2.17,6.86
2026-07-04 06:06:08.990,1.1,0.8,1.1,0.4,395,1337,2.12,6.86
2026-07-04 06:06:09.477,1.1,0.8,1.1,0.4,413,1336,1.86,6.87
2026-07-04 06:06:09.980,1.1,0.8,1.1,0.4,421,1336,1.74,6.87
2026-07-04 06:06:10.443,1.1,0.8,1.1,0.4,414,1337,1.85,6.86
2026-07-04 06:06:11.003,1.0,0.8,1.0,0.4,406,1336,1.96,6.87
2026-07-04 06:06:11.478,1.0,0.8,1.0,0.4,379,1337,2.36,6.86
2026-07-04 06:06:11.982,1.0,0.8,1.0,0.4,353,1337,2.74,6.86
2026-07-04 06:06:12.488,0.9,0.8,0.9,0.4,337,1336,2.97,6.87
2026-07-04 06:06:12.956,1.0,0.8,0.9,0.4,325,1336,3.15,6.87
2026-07-04 06:06:13.943,1.0,0.8,0.9,0.4,333,1337,3.03,6.86
2026-07-04 06:06:14.004,1.0,0.8,0.9,0.4,352,1337,2.75,6.86
2026-07-04 06:06:14.508,1.0,0.8,0.8,0.4,353,1337,2.74,6.86
2026-07-04 06:06:15.003,1.0,0.8,0.8,0.4,340,1331,2.93,6.94
2026-07-04 06:06:15.692,1.0,0.6,0.6,0.4,340,1331,2.93,6.94
2026-07-04 06:06:15.977,1.0,0.6,0.8,0.4,339,1334,2.94,6.90
2026-07-04 06:06:15.978,1.0,0.6,0.7,0.4,332,1339,3.05,6.83
2026-07-04 06:06:16.475,0.9,0.6,0.7,0.4,325,1337,3.15,6.86
2026-07-04 06:06:16.988,0.9,0.6,0.7,0.4,326,1333,3.13,6.91
2026-07-04 06:06:17.446,1.0,0.6,0.7,0.4,326,1335,3.13,6.88
2026-07-04 06:06:17.976,1.0,0.6,0.8,0.4,327,1336,3.12,6.87
2026-07-04 06:06:18.487,1.0,0.6,0.8,0.4,340,1334,2.93,6.90
2026-07-04 06:06:18.969,1.0,0.6,0.9,0.4,337,1336,2.97,6.87
2026-07-04 06:06:19.469,0.9,0.6,0.9,0.4,329,1336,3.09,6.87
2026-07-04 06:06:19.977,0.9,0.6,1.0,0.4,326,1335,3.13,6.88
2026-07-04 06:06:20.480,1.0,0.6,1.0,0.4,323,1335,3.18,6.88
2026-07-04 06:06:21.003,1.0,0.6,1.0,0.4,328,1337,3.11,6.86
2026-07-04 06:06:21.508,1.0,0.6,1.0,0.4,335,1337,3.00,6.86
2026-07-04 06:06:22.477,0.9,0.6,1.0,0.4,329,1335,3.09,6.88
2026-07-04 06:06:22.477,1.0,0.6,0.9,0.4,318,1335,3.25,6.88
2026-07-04 06:06:22.972,1.0,0.6,0.9,0.4,334,1335,3.02,6.88
2026-07-04 06:06:23.477,1.0,0.6,0.9,0.4,333,1335,3.03,6.88
2026-07-04 06:06:23.977,1.0,0.6,0.8,0.4,335,1336,3.00,6.87
2026-07-04 06:06:24.507,1.0,0.6,0.8,0.4,339,1335,2.94,6.88
2026-07-04 06:06:25.004,1.0,0.6,0.8,0.4,336,1329,2.99,6.97
2026-07-04 06:06:25.987,1.0,0.6,0.8,0.4,344,1333,2.87,6.91
2026-07-04 06:06:25.988,1.0,0.6,0.8,0.4,352,1331,2.75,6.94
2026-07-04 06:06:26.475,1.0,0.6,0.8,0.4,355,1334,2.71,6.90
2026-07-04 06:06:26.974,1.0,0.6,0.8,0.4,360,1333,2.64,6.91
2026-07-04 06:06:27.463,0.9,0.6,0.9,0.4,343,1335,2.89,6.88
2026-07-04 06:06:27.970,0.9,0.6,0.9,0.4,311,1332,3.35,6.93
2026-07-04 06:06:28.476,0.8,0.6,0.8,0.4,278,1331,3.84,6.94
2026-07-04 06:06:28.979,0.8,0.6,0.8,0.4,244,1333,4.34,6.91
2026-07-04 06:06:29.478,0.7,0.6,0.8,0.4,218,1333,4.72,6.91
2026-07-04 06:06:30.008,0.7,0.6,0.8,0.4,191,1331,5.11,6.94
2026-07-04 06:06:30.488,0.7,0.6,0.8,0.4,171,1335,5.41,6.88
2026-07-04 06:06:30.969,0.6,0.6,0.8,0.4,157,1332,5.61,6.93
2026-07-04 06:06:31.477,0.6,0.6,0.8,0.4,144,1330,5.80,6.96
2026-07-04 06:06:31.979,0.6,0.6,0.8,0.4,141,1333,5.84,6.91
2026-07-04 06:06:32.482,0.6,0.6,0.9,0.4,140,1331,5.86,6.94
2026-07-04 06:06:32.972,0.6,0.6,0.9,0.4,135,1332,5.93,6.93
2026-07-04 06:06:33.472,0.6,0.6,0.9,0.4,133,1328,5.96,6.99
2026-07-04 06:06:34.008,0.7,0.6,0.9,0.4,133,1334,5.96,6.90
2026-07-04 06:06:34.457,0.7,0.6,0.9,0.4,143,1332,5.82,6.93
2026-07-04 06:06:35.003,0.7,0.6,0.8,0.4,150,1332,5.71,6.93
2026-07-04 06:06:35.489,0.7,0.6,0.8,0.4,162,1333,5.54,6.91
2026-07-04 06:06:36.001,0.7,0.6,0.8,0.4,168,1332,5.45,6.93
2026-07-04 06:06:36.499,0.7,0.6,0.8,0.4,173,1332,5.38,6.93
2026-07-04 06:06:36.958,0.7,0.6,0.8,0.4,182,1330,5.24,6.96
2026-07-04 06:06:37.458,0.8,0.6,0.8,0.4,197,1332,5.02,6.93
2026-07-04 06:06:38.023,0.8,0.6,0.7,0.4,213,1333,4.79,6.91
2026-07-04 06:06:38.508,0.8,0.6,0.8,0.4,220,1331,4.69,6.94
2026-07-04 06:06:39.000,0.8,0.6,0.8,0.4,224,1332,4.63,6.93
2026-07-04 06:06:39.507,0.8,0.6,0.8,0.4,231,1329,4.53,6.97
2026-07-04 06:06:39.978,0.8,0.6,0.8,0.4,239,1334,4.41,6.90
2026-07-04 06:06:40.956,0.8,0.6,0.8,0.4,251,1333,4.23,6.91
2026-07-04 06:06:41.023,0.9,0.6,0.8,0.4,260,1332,4.10,6.93
2026-07-04 06:06:41.477,1.0,0.6,0.8,0.4,272,1332,3.93,6.93
2026-07-04 06:06:42.024,1.0,0.6,0.7,0.4,312,1330,3.34,6.96
2026-07-04 06:06:42.488,1.0,0.6,0.7,0.4,334,1330,3.02,6.96
2026-07-04 06:06:42.977,1.0,0.6,0.8,0.4,343,1331,2.89,6.94
2026-07-04 06:06:43.524,1.0,0.6,0.8,0.4,349,1331,2.80,6.94
2026-07-04 06:06:44.019,1.0,0.6,0.8,0.4,364,1327,2.58,7.00
2026-07-04 06:06:44.476,1.1,0.6,0.8,0.4,379,1332,2.36,6.93
2026-07-04 06:06:44.982,1.1,0.6,0.8,0.4,386,1331,2.26,6.94
2026-07-04 06:06:45.487,1.0,0.6,0.8,0.4,386,1328,2.26,6.99
2026-07-04 06:06:46.020,1.0,0.6,0.8,0.4,383,1330,2.30,6.96
2026-07-04 06:06:46.476,1.0,0.6,0.8,0.4,370,1329,2.49,6.97
2026-07-04 06:06:47.005,1.1,0.6,0.9,0.4,396,1328,2.11,6.99
2026-07-04 06:06:47.504,1.1,0.6,0.9,0.4,414,1332,1.85,6.93
2026-07-04 06:06:47.978,1.1,0.6,1.0,0.4,412,1331,1.88,6.94
2026-07-04 06:06:48.488,1.1,0.6,1.0,0.4,396,1332,2.11,6.93
2026-07-04 06:06:48.974,1.0,0.6,1.0,0.4,371,1327,2.48,7.00
2026-07-04 06:06:49.472,1.0,0.6,1.0,0.4,342,1330,2.90,6.96
2026-07-04 06:06:49.971,0.9,0.6,1.0,0.4,323,1328,3.18,6.99
2026-07-04 06:06:50.484,0.9,0.6,1.0,0.4,314,1330,3.31,6.96
2026-07-04 06:06:50.982,0.9,0.6,1.1,0.4,312,1327,3.34,7.00
2026-07-04 06:06:51.488,0.9,0.6,1.1,0.4,309,1327,3.38,7.00
2026-07-04 06:06:51.978,0.9,0.6,1.1,0.4,304,1328,3.46,6.99
2026-07-04 06:06:52.475,0.9,0.6,1.1,0.4,303,1329,3.47,6.97
2026-07-04 06:06:52.983,0.9,0.6,1.1,0.4,306,1329,3.43,6.97
2026-07-04 06:06:53.481,1.0,0.6,1.1,0.4,329,1327,3.09,7.00
2026-07-04 06:06:54.009,1.0,0.6,1.0,0.4,335,1332,3.00,6.93
2026-07-04 06:06:54.475,1.0,0.6,1.0,0.4,342,1328,2.90,6.99
2026-07-04 06:06:54.977,1.0,0.6,1.0,0.4,342,1332,2.90,6.93
2026-07-04 06:06:55.470,1.0,0.6,1.0,0.4,361,1327,2.62,7.00
2026-07-04 06:06:55.977,1.0,0.6,1.0,0.4,363,1329,2.59,6.97
2026-07-04 06:06:56.480,1.0,0.6,0.9,0.4,368,1331,2.52,6.94
2026-07-04 06:06:57.008,1.0,0.6,1.0,0.4,358,1327,2.67,7.00
2026-07-04 06:06:57.505,1.0,0.6,1.0,0.4,357,1330,2.68,6.96
2026-07-04 06:06:58.006,1.0,0.6,1.0,0.4,355,1330,2.71,6.96
2026-07-04 06:06:58.484,1.0,0.6,1.0,0.4,358,1328,2.67,6.99
2026-07-04 06:06:58.977,1.0,0.6,1.0,0.4,349,1333,2.80,6.91
2026-07-04 06:06:59.479,1.0,0.6,1.1,0.4,342,1326,2.90,7.02
2026-07-04 06:07:00.022,1.0,0.6,1.1,0.4,345,1329,2.86,6.97
2026-07-04 06:07:00.519,1.0,0.6,1.0,0.4,358,1330,2.67,6.96
2026-07-04 06:07:00.988,1.0,0.6,1.0,0.4,358,1326,2.67,7.02
2026-07-04 06:07:01.524,1.0,0.6,1.0,0.4,357,1323,2.68,7.06
2026-07-04 06:07:02.023,1.0,0.6,0.9,0.4,359,1330,2.65,6.96
2026-07-04 06:07:02.520,1.0,0.6,0.9,0.4,357,1328,2.68,6.99
2026-07-04 06:07:03.016,1.0,0.6,0.8,0.4,350,1327,2.78,7.00
2026-07-04 06:07:03.480,1.0,0.6,0.8,0.4,346,1325,2.84,7.03
2026-07-04 06:07:04.008,1.0,0.6,0.8,0.4,341,1328,2.92,6.99
2026-07-04 06:07:04.504,1.0,0.6,0.8,0.4,328,1328,3.11,6.99
2026-07-04 06:07:05.004,0.9,0.6,0.8,0.4,310,1326,3.37,7.02
2026-07-04 06:07:05.478,0.9,0.6,0.8,0.4,310,1328,3.37,6.99
2026-07-04 06:07:06.017,0.9,0.6,0.8,0.4,319,1329,3.24,6.97
2026-07-04 06:07:06.476,1.0,0.6,0.9,0.4,328,1327,3.11,7.00
2026-07-04 06:07:06.988,0.9,0.6,0.9,0.4,326,1326,3.13,7.02
2026-07-04 06:07:07.480,0.9,0.6,0.9,0.4,320,1326,3.22,7.02
2026-07-04 06:07:07.988,0.9,0.6,1.0,0.4,302,1323,3.49,7.06
2026-07-04 06:07:08.488,0.9,0.6,1.0,0.4,284,1326,3.75,7.02
2026-07-04 06:07:09.017,0.8,0.6,1.0,0.4,265,1327,4.03,7.00
2026-07-04 06:07:09.531,0.8,0.6,1.0,0.4,249,1329,4.26,6.97
2026-07-04 06:07:09.988,0.8,0.6,1.0,0.4,234,1327,4.48,7.00
2026-07-04 06:07:10.488,0.8,0.6,1.0,0.4,219,1326,4.70,7.02
2026-07-04 06:07:10.988,0.7,0.6,1.0,0.4,205,1325,4.91,7.03
2026-07-04 06:07:11.488,0.7,0.6,1.0,0.4,188,1325,5.16,7.03
2026-07-04 06:07:11.980,0.7,0.6,1.0,0.4,170,1327,5.42,7.00
2026-07-04 06:07:12.524,0.7,0.6,1.1,0.4,163,1325,5.52,7.03
2026-07-04 06:07:13.004,0.7,0.6,1.1,0.4,169,1325,5.43,7.03
2026-07-04 06:07:13.507,0.7,0.6,1.1,0.4,181,1327,5.26,7.00
2026-07-04 06:07:14.007,0.7,0.6,1.1,0.4,181,1324,5.26,7.05
2026-07-04 06:07:14.476,0.7,0.6,1.2,0.4,183,1323,5.23,7.06
2026-07-04 06:07:15.036,0.7,0.6,1.2,0.4,196,1324,5.04,7.05
2026-07-04 06:07:15.502,0.8,0.6,1.1,0.4,215,1324,4.76,7.05
2026-07-04 06:07:16.008,0.8,0.6,1.1,0.4,231,1320,4.53,7.10
2026-07-04 06:07:16.538,0.8,0.6,1.1,0.4,244,1326,4.34,7.02
2026-07-04 06:07:17.036,0.8,0.6,1.1,0.4,253,1324,4.20,7.05
2026-07-04 06:07:17.536,0.9,0.6,1.0,0.4,271,1325,3.94,7.03
2026-07-04 06:07:18.000,0.9,0.6,1.0,0.4,301,1327,3.50,7.00
2026-07-04 06:07:18.496,0.9,0.6,0.9,0.4,323,1325,3.18,7.03
2026-07-04 06:07:19.009,1.0,0.6,1.0,0.4,330,1328,3.08,6.99
2026-07-04 06:07:19.507,1.0,0.6,1.0,0.4,345,1327,2.86,7.00
2026-07-04 06:07:20.004,1.0,0.6,1.0,0.4,352,1326,2.75,7.02
2026-07-04 06:07:20.505,1.0,0.6,1.1,0.4,360,1326,2.64,7.02
2026-07-04 06:07:20.992,1.0,0.6,1.1,0.4,360,1324,2.64,7.05
2026-07-04 06:07:21.501,1.0,0.6,1.1,0.4,363,1322,2.59,7.08
2026-07-04 06:07:22.029,1.0,0.6,1.1,0.4,372,1324,2.46,7.05
2026-07-04 06:07:22.480,1.0,0.6,1.1,0.4,366,1324,2.55,7.05
2026-07-04 06:07:23.020,1.0,0.6,1.0,0.4,359,1325,2.65,7.03
2026-07-04 06:07:23.509,1.0,0.6,1.0,0.4,352,1327,2.75,7.00
2026-07-04 06:07:23.978,1.0,0.6,1.0,0.4,353,1327,2.74,7.00
2026-07-04 06:07:24.528,1.0,0.6,1.0,0.4,359,1325,2.65,7.03
2026-07-04 06:07:25.004,1.0,0.6,1.0,0.4,362,1328,2.61,6.99
2026-07-04 06:07:25.484,1.0,0.6,1.0,0.4,360,1325,2.64,7.03
2026-07-04 06:07:26.037,1.0,0.6,1.1,0.4,333,1323,3.03,7.06
2026-07-04 06:07:26.508,0.9,0.6,1.1,0.4,313,1324,3.33,7.05
2026-07-04 06:07:27.004,0.9,0.6,1.2,0.4,317,1324,3.27,7.05
2026-07-04 06:07:27.507,0.9,0.6,1.1,0.4,315,1323,3.30,7.06
2026-07-04 06:07:28.013,0.9,0.6,1.1,0.4,310,1324,3.37,7.05
2026-07-04 06:07:28.538,0.9,0.6,1.1,0.4,304,1324,3.46,7.05
2026-07-04 06:07:29.019,0.9,0.6,1.1,0.4,301,1322,3.50,7.08
2026-07-04 06:07:29.519,0.9,0.6,1.1,0.4,302,1324,3.49,7.05
2026-07-04 06:07:30.038,0.9,0.6,1.0,0.4,313,1324,3.33,7.05
2026-07-04 06:07:30.530,1.0,0.6,1.0,0.4,323,1325,3.18,7.03
2026-07-04 06:07:31.028,1.0,0.6,1.1,0.4,335,1326,3.00,7.02
2026-07-04 06:07:31.537,1.0,0.6,1.2,0.4,348,1322,2.81,7.08
2026-07-04 06:07:32.008,1.0,0.6,1.2,0.4,372,1325,2.46,7.03
2026-07-04 06:07:32.504,1.0,0.6,1.2,0.4,388,1322,2.23,7.08
2026-07-04 06:07:32.989,1.0,0.6,1.2,0.4,374,1325,2.43,7.03
2026-07-04 06:07:33.501,1.0,0.6,1.2,0.4,344,1327,2.87,7.00
2026-07-04 06:07:34.038,1.0,0.6,1.2,0.4,327,1325,3.12,7.03
2026-07-04 06:07:34.539,0.9,0.6,1.2,0.4,312,1318,3.34,7.13
2026-07-04 06:07:35.038,0.9,0.6,1.1,0.4,294,1323,3.60,7.06
2026-07-04 06:07:35.521,0.8,0.6,1.2,0.4,273,1323,3.91,7.06
2026-07-04 06:07:36.008,0.9,0.6,1.2,0.4,273,1324,3.91,7.05
2026-07-04 06:07:36.512,0.9,0.6,1.2,0.4,277,1323,3.85,7.06
2026-07-04 06:07:37.037,0.8,0.6,1.1,0.4,262,1322,4.07,7.08
2026-07-04 06:07:37.521,0.8,0.6,1.1,0.4,258,1322,4.13,7.08
2026-07-04 06:07:38.020,0.9,0.6,1.1,0.4,269,1325,3.97,7.03
2026-07-04 06:07:38.508,0.9,0.6,1.2,0.4,287,1324,3.71,7.05
2026-07-04 06:07:39.013,0.9,0.6,1.2,0.4,289,1325,3.68,7.03
2026-07-04 06:07:39.509,0.9,0.6,1.3,0.4,288,1325,3.69,7.03
2026-07-04 06:07:40.005,0.9,0.6,1.4,0.4,297,1322,3.56,7.08
2026-07-04 06:07:40.546,0.9,0.6,1.4,0.4,310,1324,3.37,7.05
2026-07-04 06:07:41.012,0.9,0.6,1.4,0.4,310,1324,3.37,7.05
2026-07-04 06:07:41.526,1.0,0.6,1.4,0.4,330,1323,3.08,7.06
2026-07-04 06:07:42.007,1.0,0.6,1.3,0.4,341,1324,2.92,7.05
2026-07-04 06:07:42.524,1.0,0.6,1.3,0.4,349,1323,2.80,7.06
2026-07-04 06:07:43.036,1.0,0.6,1.2,0.4,345,1323,2.86,7.06
2026-07-04 06:07:43.540,1.0,0.6,1.2,0.4,338,1323,2.96,7.06
2026-07-04 06:07:44.009,1.0,0.6,1.3,0.4,336,1324,2.99,7.05
2026-07-04 06:07:44.527,0.9,0.6,1.3,0.4,327,1321,3.12,7.09
2026-07-04 06:07:45.020,0.9,0.6,1.2,0.4,327,1321,3.12,7.09
2026-07-04 06:07:45.517,0.9,0.6,1.2,0.4,308,1323,3.40,7.06
2026-07-04 06:07:46.021,0.9,0.6,1.2,0.4,304,1322,3.46,7.08
2026-07-04 06:07:46.520,0.9,0.6,1.2,0.4,307,1322,3.41,7.08
2026-07-04 06:07:47.019,1.0,0.6,1.2,0.4,320,1323,3.22,7.06
2026-07-04 06:07:47.520,0.9,0.6,1.1,0.4,323,1322,3.18,7.08
2026-07-04 06:07:48.018,0.9,0.6,1.1,0.4,317,1321,3.27,7.09
2026-07-04 06:07:48.526,0.9,0.6,1.1,0.4,314,1322,3.31,7.08
2026-07-04 06:07:49.045,0.9,0.6,1.1,0.4,314,1323,3.31,7.06
2026-07-04 06:07:49.537,0.9,0.6,1.0,0.4,311,1324,3.35,7.05
2026-07-04 06:07:50.022,0.9,0.6,1.0,0.4,304,1320,3.46,7.10
2026-07-04 06:07:50.522,0.9,0.6,1.0,0.4,293,1322,3.62,7.08
2026-07-04 06:07:51.017,0.9,0.6,1.0,0.4,298,1322,3.54,7.08
2026-07-04 06:07:51.542,0.9,0.6,0.9,0.4,312,1324,3.34,7.05
2026-07-04 06:07:52.009,0.9,0.6,0.9,0.4,317,1323,3.27,7.06
2026-07-04 06:07:52.506,0.9,0.6,0.9,0.4,319,1321,3.24,7.09
2026-07-04 06:07:53.005,1.0,0.6,0.8,0.4,333,1324,3.03,7.05
2026-07-04 06:07:53.503,1.0,0.6,0.8,0.4,346,1322,2.84,7.08
2026-07-04 06:07:54.032,1.0,0.6,0.8,0.4,351,1323,2.77,7.06
2026-07-04 06:07:54.543,1.0,0.6,0.7,0.4,357,1323,2.68,7.06
2026-07-04 06:07:55.054,1.0,0.6,0.7,0.4,352,1323,2.75,7.06
2026-07-04 06:07:55.551,1.0,0.6,0.7,0.4,342,1321,2.90,7.09
2026-07-04 06:07:56.008,0.9,0.6,0.8,0.4,331,1322,3.06,7.08
2026-07-04 06:07:56.524,0.9,0.6,0.8,0.4,316,1323,3.28,7.06
2026-07-04 06:07:57.019,0.9,0.6,0.8,0.4,305,1322,3.44,7.08
2026-07-04 06:07:57.724,0.9,0.6,0.6,0.4,305,1322,3.44,7.08
2026-07-04 06:07:58.007,0.9,0.6,0.8,0.4,291,1321,3.65,7.09
2026-07-04 06:07:58.008,0.9,0.6,0.8,0.4,273,1321,3.91,7.09
2026-07-04 06:07:58.524,0.9,0.6,0.8,0.4,273,1321,3.91,7.09
2026-07-04 06:07:59.010,0.8,0.6,0.8,0.4,263,1319,4.06,7.12
2026-07-04 06:07:59.504,0.8,0.6,0.8,0.4,247,1814,4.29,-0.13
2026-07-04 06:08:00.002,0.8,0.6,0.8,0.4,247,1814,4.29,-0.13
2026-07-04 06:08:00.508,0.8,0.6,0.8,0.4,228,1321,4.57,7.09
2026-07-04 06:08:01.004,0.8,0.6,0.8,0.4,237,1320,4.44,7.10
2026-07-04 06:08:01.538,0.8,0.6,0.8,0.4,256,1322,4.16,7.08
2026-07-04 06:08:02.038,0.9,0.6,0.8,0.4,283,1323,3.76,7.06
2026-07-04 06:08:02.539,0.9,0.6,0.8,0.4,312,1323,3.34,7.06
2026-07-04 06:08:03.005,1.0,0.6,0.8,0.4,345,1322,2.86,7.08
2026-07-04 06:08:03.541,1.1,0.6,0.8,0.4,387,1323,2.24,7.06
2026-07-04 06:08:04.008,1.0,0.6,0.8,0.4,387,1323,2.24,7.06
2026-07-04 06:08:04.526,1.0,0.6,0.8,0.4,364,1319,2.58,7.12
2026-07-04 06:08:05.041,1.0,0.6,0.9,0.4,341,1321,2.92,7.09
2026-07-04 06:08:05.539,0.9,0.6,0.9,0.4,310,1322,3.37,7.08
2026-07-04 06:08:06.038,0.8,0.6,0.9,0.4,268,1323,3.98,7.06
2026-07-04 06:08:06.538,0.8,0.6,0.9,0.4,252,1323,4.22,7.06
2026-07-04 06:08:07.016,0.8,0.6,1.0,0.4,257,1320,4.15,7.10
2026-07-04 06:08:07.533,0.8,0.6,1.0,0.4,251,1320,4.23,7.10
2026-07-04 06:08:08.041,0.8,0.6,1.0,0.4,232,1814,4.51,-0.13
2026-07-04 06:08:08.542,0.7,0.6,1.0,0.4,183,1321,5.23,7.09
2026-07-04 06:08:09.009,0.6,0.6,1.0,0.4,140,1814,5.86,-0.13
2026-07-04 06:08:09.508,0.7,0.6,1.0,0.4,154,1814,5.65,-0.13
2026-07-04 06:08:10.563,0.7,0.6,1.0,0.4,173,1814,5.38,-0.13
2026-07-04 06:08:10.564,0.7,0.6,1.0,0.4,173,1321,5.38,7.09
2026-07-04 06:08:11.006,0.7,0.6,1.0,0.4,199,1814,5.00,-0.13
2026-07-04 06:08:12.053,0.8,0.6,1.0,0.4,215,1814,4.76,-0.13
2026-07-04 06:08:12.054,0.8,0.6,0.9,0.4,233,1815,4.50,-0.15
2026-07-04 06:08:12.550,0.8,0.6,0.9,0.4,242,1815,4.37,-0.15
2026-07-04 06:08:13.053,0.8,0.6,0.8,0.4,242,1321,4.37,7.09
2026-07-04 06:08:13.532,0.8,0.6,0.8,0.4,232,1319,4.51,7.12
2026-07-04 06:08:14.038,0.8,0.6,0.8,0.4,222,1321,4.66,7.09
2026-07-04 06:08:14.528,0.7,0.6,0.7,0.4,214,1814,4.78,-0.13
2026-07-04 06:08:15.052,0.8,0.6,0.7,0.4,244,1814,4.34,-0.13
2026-07-04 06:08:15.554,0.8,0.6,0.7,0.4,253,1815,4.20,-0.15
2026-07-04 06:08:16.053,0.8,0.6,0.7,0.4,253,1320,4.20,7.10
2026-07-04 06:08:16.553,0.8,0.6,0.7,0.4,256,1319,4.16,7.12
2026-07-04 06:08:17.031,0.8,0.6,0.8,0.4,263,1319,4.06,7.12
2026-07-04 06:08:17.538,0.9,0.6,0.8,0.4,275,1319,3.88,7.12
2026-07-04 06:08:18.067,0.9,0.6,0.8,0.4,283,1319,3.76,7.12
2026-07-04 06:08:18.538,0.9,0.6,0.9,0.4,312,1814,3.34,-0.13
2026-07-04 06:08:19.534,0.9,0.6,0.9,0.4,312,1319,3.34,7.12
2026-07-04 06:08:19.535,0.9,0.6,0.9,0.4,320,1815,3.22,-0.15
2026-07-04 06:08:20.034,0.9,0.6,0.9,0.4,320,1319,3.22,7.12
2026-07-04 06:08:20.556,0.9,0.6,0.9,0.4,286,1815,3.72,-0.15
2026-07-04 06:08:21.026,0.8,0.6,0.9,0.4,248,1814,4.28,-0.13
2026-07-04 06:08:21.541,0.8,0.6,0.9,0.4,248,1321,4.28,7.09
2026-07-04 06:08:22.025,0.7,0.6,0.9,0.4,206,1320,4.89,7.10
2026-07-04 06:08:22.526,0.7,0.6,0.9,0.4,187,1318,5.17,7.13
2026-07-04 06:08:23.019,0.7,0.6,0.9,0.4,187,1318,5.17,7.13
2026-07-04 06:08:23.564,0.7,0.6,0.9,0.4,173,1319,5.38,7.12
2026-07-04 06:08:24.063,0.7,0.6,0.9,0.4,155,1320,5.64,7.10
2026-07-04 06:08:24.561,0.6,0.6,1.0,0.4,113,1815,6.25,-0.15
2026-07-04 06:08:25.015,0.6,0.6,1.1,0.4,113,1318,6.25,7.13
2026-07-04 06:08:25.538,0.6,0.6,1.1,0.4,111,1814,6.28,-0.13
2026-07-04 06:08:26.036,0.6,0.6,1.1,0.4,111,1319,6.28,7.12
2026-07-04 06:08:26.568,0.6,0.6,1.1,0.4,111,1318,6.28,7.13
2026-07-04 06:08:27.052,0.6,0.6,1.1,0.4,121,1319,6.14,7.12
2026-07-04 06:08:27.552,0.6,0.6,1.1,0.4,130,1319,6.01,7.12
2026-07-04 06:08:28.050,0.6,0.6,1.1,0.4,125,1318,6.08,7.13
2026-07-04 06:08:28.562,0.6,0.6,1.1,0.4,120,1319,6.15,7.12
2026-07-04 06:08:29.061,0.7,0.6,1.2,0.4,133,1320,5.96,7.10
2026-07-04 06:08:29.568,0.7,0.6,1.2,0.0,162,1319,5.54,7.12
2026-07-04 06:08:30.042,0.7,0.6,1.2,0.4,180,1318,5.27,7.13
2026-07-04 06:08:30.520,0.7,0.6,1.2,0.4,186,1317,5.19,7.15
2026-07-04 06:08:31.020,0.7,0.6,1.2,0.4,195,1316,5.05,7.16
2026-07-04 06:08:31.532,0.8,0.6,1.1,0.4,202,1318,4.95,7.13
2026-07-04 06:08:32.041,0.8,0.6,1.1,0.4,233,1313,4.50,7.21
2026-07-04 06:08:32.539,0.9,0.6,1.1,0.4,271,1319,3.94,7.12
2026-07-04 06:08:33.057,0.9,0.6,1.1,0.4,303,1314,3.47,7.19
2026-07-04 06:08:33.538,1.0,0.6,1.1,0.4,326,1319,3.13,7.12
2026-07-04 06:08:34.039,0.9,0.6,1.1,0.4,329,1318,3.09,7.13
2026-07-04 06:08:34.537,0.9,0.6,1.1,0.4,314,1314,3.31,7.19
2026-07-04 06:08:35.034,0.9,0.6,1.1,0.4,307,1318,3.41,7.13
2026-07-04 06:08:35.565,0.9,0.6,1.0,0.4,281,1317,3.79,7.15
2026-07-04 06:08:36.030,0.8,0.6,1.0,0.4,266,1315,4.01,7.18
2026-07-04 06:08:36.542,0.8,0.6,1.0,0.4,266,1315,4.01,7.18
2026-07-04 06:08:37.037,0.8,0.6,1.0,0.4,219,1317,4.70,7.15
2026-07-04 06:08:37.527,0.7,0.6,1.0,0.4,179,1316,5.29,7.16
2026-07-04 06:08:38.033,0.6,0.6,1.0,0.4,137,1312,5.90,7.22
2026-07-04 06:08:38.542,0.6,0.6,1.0,0.4,105,1314,6.37,7.19
2026-07-04 06:08:39.042,0.6,0.6,1.0,0.4,97,1315,6.49,7.18
2026-07-04 06:08:39.538,0.5,0.6,1.0,0.4,87,1318,6.64,7.13
2026-07-04 06:08:40.037,0.5,0.6,1.0,0.4,66,1316,6.94,7.16
2026-07-04 06:08:40.541,0.5,0.6,1.0,0.4,48,1318,7.21,7.13
2026-07-04 06:08:41.024,0.5,0.6,1.0,0.4,48,1318,7.21,7.13
2026-07-04 06:08:41.523,0.4,0.6,1.0,0.4,11,1314,7.75,7.19
2026-07-04 06:08:42.080,0.4,0.6,1.0,0.4,1,1316,7.90,7.16
2026-07-04 06:08:42.539,0.4,0.6,0.9,0.4,0,1317,7.91,7.15
2026-07-04 06:08:43.025,0.4,0.6,0.9,0.4,2,1317,7.88,7.15
2026-07-04 06:08:43.584,0.4,0.6,0.9,0.4,10,1313,7.76,7.21
2026-07-04 06:08:44.081,0.4,0.6,0.9,0.4,10,1316,7.76,7.16
2026-07-04 06:08:44.540,0.4,0.6,0.9,0.4,3,1315,7.87,7.18
2026-07-04 06:08:45.052,0.4,0.6,0.9,0.4,1,1814,7.90,-0.13
2026-07-04 06:08:46.039,0.4,0.6,0.9,0.4,1,1314,7.90,7.19
2026-07-04 06:08:46.097,0.4,0.6,0.9,0.4,0,1315,7.91,7.18
2026-07-04 06:08:46.536,0.4,0.6,1.0,0.4,0,1310,7.91,7.25
2026-07-04 06:08:47.035,0.4,0.6,1.0,0.4,0,1311,7.91,7.24
2026-07-04 06:08:48.032,0.4,0.6,1.0,0.4,4,1314,7.85,7.19
2026-07-04 06:08:48.094,0.4,0.6,1.0,0.4,0,1315,7.91,7.18
2026-07-04 06:08:48.557,0.4,0.6,1.0,0.4,0,1314,7.91,7.19
2026-07-04 06:08:49.057,0.4,0.6,1.0,0.4,1,1312,7.90,7.22
2026-07-04 06:08:49.537,0.4,0.6,1.0,0.4,1,1312,7.90,7.22
2026-07-04 06:08:50.054,0.4,0.6,1.0,0.4,0,1312,7.91,7.22
2026-07-04 06:08:50.537,0.4,0.6,1.0,0.4,1,1312,7.90,7.22
2026-07-04 06:08:51.036,0.4,0.6,1.0,0.4,4,1316,7.85,7.16
2026-07-04 06:08:51.532,0.4,0.6,1.0,0.4,4,1316,7.85,7.16
2026-07-04 06:08:52.057,0.4,0.6,1.0,0.4,1,1312,7.90,7.22
2026-07-04 06:08:52.537,0.4,0.6,1.0,0.4,1,1314,7.90,7.19
2026-07-04 06:08:53.037,0.4,0.6,0.9,0.4,12,1312,7.73,7.22
2026-07-04 06:08:54.059,0.4,0.6,0.9,0.4,23,1311,7.57,7.24
2026-07-04 06:08:54.060,0.5,0.6,0.9,0.0,40,1312,7.32,7.22
2026-07-04 06:08:54.561,0.5,0.6,0.8,0.4,56,1314,7.09,7.19
2026-07-04 06:08:55.084,0.5,0.6,0.8,0.4,71,1309,6.87,7.27
2026-07-04 06:08:55.582,0.5,0.6,0.8,0.4,79,1312,6.75,7.22
2026-07-04 06:08:56.029,0.6,0.6,0.8,0.4,95,1310,6.52,7.25
2026-07-04 06:08:56.592,0.6,0.6,0.8,0.4,95,1310,6.52,7.25
2026-07-04 06:08:57.054,0.6,0.6,0.8,0.4,95,1313,6.52,7.21
2026-07-04 06:08:57.557,0.5,0.6,0.8,0.4,71,1312,6.87,7.22
2026-07-04 06:08:58.068,0.5,0.6,0.8,0.4,51,1311,7.16,7.24
2026-07-04 06:08:58.556,0.5,0.6,0.8,0.0,40,1311,7.32,7.24
2026-07-04 06:08:59.051,0.5,0.6,0.8,0.0,34,1311,7.41,7.24
2026-07-04 06:08:59.560,0.5,0.6,0.8,0.0,34,1311,7.41,7.24
2026-07-04 06:09:00.045,0.4,0.6,0.8,0.4,0,1308,7.91,7.28
2026-07-04 06:09:00.585,0.4,0.6,0.7,0.4,0,1309,7.91,7.27
2026-07-04 06:09:01.082,0.4,0.6,0.8,0.4,0,1310,7.91,7.25
2026-07-04 06:09:01.538,0.4,0.6,0.8,0.4,0,1315,7.91,7.18
2026-07-04 06:09:02.068,0.4,0.6,0.8,0.4,0,1310,7.91,7.25
2026-07-04 06:09:02.567,0.4,0.6,0.8,0.4,1,1311,7.90,7.24
2026-07-04 06:09:03.053,0.4,0.6,0.8,0.4,7,1313,7.81,7.21
2026-07-04 06:09:03.561,0.4,0.6,0.8,0.4,7,1309,7.81,7.27
2026-07-04 06:09:04.038,0.4,0.6,0.8,0.4,7,1309,7.81,7.27
2026-07-04 06:09:04.538,0.4,0.6,0.8,0.0,7,1309,7.81,7.27
2026-07-04 06:09:05.040,0.4,0.6,0.8,0.0,0,1313,7.91,7.21
2026-07-04 06:09:05.536,0.4,0.6,0.8,0.0,0,1311,7.91,7.24
2026-07-04 06:09:06.058,0.4,0.6,0.8,0.0,1,1310,7.90,7.25
2026-07-04 06:09:06.587,0.4,0.6,0.8,0.0,1,1310,7.90,7.25
2026-07-04 06:09:07.056,0.4,0.6,0.8,0.0,8,1309,7.79,7.27
2026-07-04 06:09:07.537,0.4,0.6,0.8,0.0,8,1309,7.79,7.27
2026-07-04 06:09:08.085,0.4,0.6,0.9,0.0,0,1312,7.91,7.22
2026-07-04 06:09:08.580,0.4,0.6,0.9,0.0,2,1308,7.88,7.28
2026-07-04 06:09:09.086,0.4,0.6,0.9,0.0,4,1310,7.85,7.25
2026-07-04 06:09:09.537,0.4,0.6,0.9,0.0,0,1310,7.91,7.25
2026-07-04 06:09:10.045,0.4,0.6,0.8,0.0,0,1308,7.91,7.28
2026-07-04 06:09:10.589,0.4,0.6,0.8,0.0,0,1309,7.91,7.27
2026-07-04 06:09:11.071,0.4,0.6,0.8,0.0,0,1311,7.91,7.24
2026-07-04 06:09:11.539,0.4,0.6,0.8,0.0,1,1309,7.90,7.27
2026-07-04 06:09:12.086,0.4,0.6,0.7,0.0,0,1305,7.91,7.32
2026-07-04 06:09:12.584,0.4,0.6,0.8,0.0,0,1308,7.91,7.28
2026-07-04 06:09:13.084,0.4,0.6,0.8,0.0,0,1308,7.91,7.28
2026-07-04 06:09:13.588,0.4,0.6,0.9,0.0,0,1308,7.91,7.28
2026-07-04 06:09:14.089,0.4,0.6,0.9,0.0,0,1310,7.91,7.25
2026-07-04 06:09:14.588,0.4,0.6,0.9,0.0,0,1309,7.91,7.27
2026-07-04 06:09:15.087,0.4,0.6,0.9,0.4,0,1307,7.91,7.29
2026-07-04 06:09:15.582,0.4,0.6,0.9,0.4,0,1311,7.91,7.24
2026-07-04 06:09:16.084,0.4,0.6,1.0,0.4,7,1309,7.81,7.27
2026-07-04 06:09:16.584,0.4,0.6,1.0,0.4,4,1307,7.85,7.29
2026-07-04 06:09:17.061,0.4,0.6,1.0,0.4,0,1309,7.91,7.27
2026-07-04 06:09:17.559,0.4,0.6,1.0,0.4,0,1307,7.91,7.29
2026-07-04 06:09:18.085,0.4,0.6,1.0,0.4,1,1307,7.90,7.29
2026-07-04 06:09:18.578,0.4,0.6,1.0,0.4,8,1308,7.79,7.28
2026-07-04 06:09:19.084,0.4,0.6,1.0,0.4,2,1310,7.88,7.25
2026-07-04 06:09:19.567,0.4,0.6,1.1,0.4,9,1308,7.78,7.28
2026-07-04 06:09:20.055,0.4,0.6,1.1,0.4,9,1308,7.78,7.28
2026-07-04 06:09:20.552,0.5,0.6,1.1,0.4,13,1310,7.72,7.25
2026-07-04 06:09:21.051,0.5,0.6,1.0,0.4,36,1306,7.38,7.31
2026-07-04 06:09:21.549,0.4,0.6,1.0,0.4,19,1305,7.63,7.32
2026-07-04 06:09:22.067,0.4,0.6,1.0,0.4,0,1309,7.91,7.27
2026-07-04 06:09:22.568,0.4,0.6,0.9,0.4,0,1311,7.91,7.24
2026-07-04 06:09:23.061,0.4,0.6,0.9,0.4,0,1309,7.91,7.27
2026-07-04 06:09:23.568,0.4,0.6,0.9,0.4,0,1307,7.91,7.29
2026-07-04 06:09:24.081,0.4,0.6,0.9,0.4,0,1309,7.91,7.27
2026-07-04 06:09:24.577,0.4,0.6,0.9,0.4,0,1309,7.91,7.27
2026-07-04 06:09:25.090,0.4,0.6,0.9,0.4,1,1307,7.90,7.29
2026-07-04 06:09:26.067,0.4,0.6,0.8,0.4,0,1306,7.91,7.31
2026-07-04 06:09:26.068,0.4,0.6,0.8,0.0,0,1306,7.91,7.31
2026-07-04 06:09:26.571,0.4,0.6,0.8,0.4,0,1307,7.91,7.29
2026-07-04 06:09:27.067,0.4,0.6,0.8,0.4,0,1307,7.91,7.29
2026-07-04 06:09:27.567,0.4,0.6,0.8,0.4,0,1307,7.91,7.29
2026-07-04 06:09:28.067,0.4,0.6,0.8,0.4,3,1307,7.87,7.29
2026-07-04 06:09:28.565,0.4,0.6,0.8,0.4,0,1307,7.91,7.29
2026-07-04 06:09:29.085,0.4,0.6,0.8,0.4,0,1308,7.91,7.28
2026-07-04 06:09:29.593,0.4,0.6,0.8,0.4,0,1305,7.91,7.32
2026-07-04 06:09:30.090,0.4,0.6,0.8,0.4,0,1304,7.91,7.34
2026-07-04 06:09:30.598,0.4,0.6,0.8,0.4,0,1304,7.91,7.34
2026-07-04 06:09:31.097,0.4,0.6,0.7,0.4,1,1307,7.90,7.29
2026-07-04 06:09:31.597,0.4,0.6,0.7,0.4,1,1307,7.90,7.29
2026-07-04 06:09:32.088,0.4,0.6,0.7,0.4,0,1310,7.91,7.25
2026-07-04 06:09:32.597,0.4,0.6,0.7,0.4,3,1308,7.87,7.28
2026-07-04 06:09:33.097,0.4,0.6,0.7,0.4,9,1306,7.78,7.31
2026-07-04 06:09:33.567,0.4,0.6,0.7,0.4,10,1306,7.76,7.31
2026-07-04 06:09:34.098,0.4,0.6,0.7,0.4,4,1306,7.85,7.31
2026-07-04 06:09:34.597,0.4,0.6,0.7,0.4,0,1308,7.91,7.28
2026-07-04 06:09:35.097,0.4,0.6,0.7,0.4,0,1306,7.91,7.31
2026-07-04 06:09:35.563,0.4,0.6,0.7,0.4,0,1308,7.91,7.28
2026-07-04 06:09:36.089,0.4,0.6,0.7,0.4,3,1306,7.87,7.31
2026-07-04 06:09:36.598,0.4,0.6,0.7,0.4,5,1306,7.84,7.31
2026-07-04 06:09:37.098,0.4,0.6,0.7,0.4,2,1300,7.88,7.40
2026-07-04 06:09:38.098,0.4,0.6,0.7,0.0,0,1306,7.91,7.31
2026-07-04 06:09:38.099,0.4,0.6,0.7,0.0,1,1309,7.90,7.27
2026-07-04 06:09:38.598,0.4,0.6,0.7,0.0,0,1307,7.91,7.29
2026-07-04 06:09:39.099,0.4,0.6,0.7,0.4,0,1306,7.91,7.31
2026-07-04 06:09:39.788,0.4,0.6,0.6,0.4,0,1306,7.91,7.31
2026-07-04 06:09:40.098,0.4,0.6,0.7,0.4,11,1302,7.75,7.37
2026-07-04 06:09:40.099,0.4,0.6,0.7,0.4,11,1302,7.75,7.37
2026-07-04 06:09:40.597,0.4,0.6,0.7,0.4,18,1306,7.65,7.31
2026-07-04 06:09:41.084,0.4,0.6,0.7,0.4,18,1306,7.65,7.31
2026-07-04 06:09:41.608,0.4,0.6,0.7,0.4,0,1304,7.91,7.34
2026-07-04 06:09:42.106,0.4,0.6,0.7,0.4,0,1305,7.91,7.32
2026-07-04 06:09:42.591,0.4,0.6,0.7,0.4,0,1305,7.91,7.32
2026-07-04 06:09:43.090,0.4,0.6,0.7,0.4,0,1305,7.91,7.32
2026-07-04 06:09:43.598,0.4,0.6,0.7,0.4,0,1304,7.91,7.34
2026-07-04 06:09:44.098,0.4,0.6,0.7,0.4,0,1303,7.91,7.35
2026-07-04 06:09:44.599,0.4,0.6,0.7,0.4,0,1303,7.91,7.35
2026-07-04 06:09:45.097,0.4,0.6,0.7,0.4,0,1305,7.91,7.32
2026-07-04 06:09:45.588,0.4,0.6,0.7,0.4,1,1306,7.90,7.31
2026-07-04 06:09:46.088,0.4,0.6,0.7,0.4,0,1307,7.91,7.29
2026-07-04 06:09:46.582,0.4,0.6,0.7,0.4,0,1307,7.91,7.29
2026-07-04 06:09:47.083,0.4,0.6,0.7,0.4,0,1303,7.91,7.35
2026-07-04 06:09:47.598,0.4,0.6,0.7,0.4,0,1305,7.91,7.32
2026-07-04 06:09:48.083,0.4,0.6,0.7,0.4,0,1306,7.91,7.31
2026-07-04 06:09:49.085,0.4,0.6,0.6,0.4,0,1306,7.91,7.31
2026-07-04 06:09:49.085,0.4,0.6,0.7,0.4,4,1306,7.85,7.31
2026-07-04 06:09:49.598,0.4,0.6,0.7,0.0,4,1304,7.85,7.34
2026-07-04 06:09:50.098,0.4,0.6,0.7,0.4,4,1304,7.85,7.34
2026-07-04 06:09:50.590,0.4,0.6,0.7,0.4,0,1303,7.91,7.35
2026-07-04 06:09:51.098,0.4,0.6,0.6,0.4,2,1305,7.88,7.32
2026-07-04 06:09:51.598,0.4,0.6,0.6,0.4,0,1306,7.91,7.31
2026-07-04 06:09:52.098,0.4,0.6,0.6,0.4,3,1303,7.87,7.35
2026-07-04 06:09:52.598,0.4,0.6,0.6,0.4,6,1305,7.82,7.32
2026-07-04 06:09:53.110,0.4,0.6,0.6,0.4,11,1305,7.75,7.32
2026-07-04 06:09:53.562,0.4,0.6,0.6,0.4,2,1306,7.88,7.31
2026-07-04 06:09:54.067,0.4,0.6,0.0,0.4,1,1305,7.90,7.32
2026-07-04 06:09:54.597,0.4,0.6,0.0,0.4,0,1303,7.91,7.35
2026-07-04 06:09:55.084,0.4,0.6,0.6,0.4,0,1303,7.91,7.35
2026-07-04 06:09:55.583,0.4,0.6,0.6,0.0,0,1303,7.91,7.35
2026-07-04 06:09:56.078,0.4,0.6,0.6,0.4,0,1303,7.91,7.35
2026-07-04 06:09:56.588,0.4,0.6,0.6,0.4,6,1305,7.82,7.32
2026-07-04 06:09:57.088,0.4,0.6,0.6,0.4,1,1304,7.90,7.34
2026-07-04 06:09:57.588,0.4,0.6,0.6,0.4,0,1303,7.91,7.35
2026-07-04 06:09:58.068,0.4,0.6,0.6,0.4,0,1303,7.91,7.35
2026-07-04 06:09:58.567,0.4,0.6,0.6,0.4,0,1303,7.91,7.35
2026-07-04 06:09:59.066,0.4,0.6,0.6,0.4,0,1305,7.91,7.32
2026-07-04 06:09:59.589,0.4,0.6,0.6,0.4,1,1299,7.90,7.41
2026-07-04 06:10:00.067,0.4,0.6,0.6,0.4,0,1306,7.91,7.31
2026-07-04 06:10:00.599,0.4,0.6,0.6,0.4,0,1306,7.91,7.31
2026-07-04 06:10:01.097,0.4,0.6,0.6,0.4,0,1306,7.91,7.31
2026-07-04 06:10:01.619,0.4,0.6,0.6,0.4,0,1306,7.91,7.31
2026-07-04 06:10:02.089,0.4,0.6,0.6,0.4,0,0,7.91,26.44
2026-07-04 06:10:02.584,0.4,0.6,0.6,0.4,4,1302,7.85,7.37
2026-07-04 06:10:03.080,0.4,0.6,0.6,0.4,2,1299,7.88,7.41
2026-07-04 06:10:03.589,0.4,0.6,0.7,0.4,12,1305,7.73,7.32
2026-07-04 06:10:04.088,0.5,0.6,0.7,0.4,25,1303,7.54,7.35
2026-07-04 06:10:04.622,0.4,0.6,0.7,0.4,26,1304,7.53,7.34
2026-07-04 06:10:05.069,0.4,0.6,0.7,0.4,13,1302,7.72,7.37
2026-07-04 06:10:05.568,0.4,0.6,0.7,0.4,8,1299,7.79,7.41
2026-07-04 06:10:06.097,0.4,0.6,0.8,0.4,7,1302,7.81,7.37
2026-07-04 06:10:06.584,0.4,0.6,0.8,0.4,7,1304,7.81,7.34
2026-07-04 06:10:07.069,0.4,0.6,0.8,0.4,7,1304,7.81,7.34
2026-07-04 06:10:07.581,0.4,0.6,0.8,0.4,7,1304,7.81,7.34
2026-07-04 06:10:08.092,0.4,0.6,0.8,0.4,16,1304,7.68,7.34
2026-07-04 06:10:08.599,0.4,0.6,0.8,0.0,7,1303,7.81,7.35
2026-07-04 06:10:09.097,0.4,0.6,0.0,0.0,4,1301,7.85,7.38
2026-07-04 06:10:09.568,0.4,0.6,0.0,0.0,1,1302,7.90,7.37
2026-07-04 06:10:10.089,0.4,0.6,0.7,0.0,1,1304,7.90,7.34
2026-07-04 06:10:10.597,0.4,0.6,0.7,0.0,6,1301,7.82,7.38
2026-07-04 06:10:11.071,0.4,0.6,0.7,0.0,14,1303,7.71,7.35
2026-07-04 06:10:11.619,0.4,0.6,0.7,0.0,11,1302,7.75,7.37
2026-07-04 06:10:12.115,0.4,0.6,0.7,0.0,11,1302,7.75,7.37
2026-07-04 06:10:12.611,0.5,0.6,0.7,0.0,57,1300,7.08,7.40
2026-07-04 06:10:13.079,0.5,0.6,0.7,0.0,57,1300,7.08,7.40
2026-07-04 06:10:13.582,0.5,0.6,0.0,0.0,71,1302,6.87,7.37
2026-07-04 06:10:14.097,0.5,0.6,0.0,0.0,71,1302,6.87,7.37
2026-07-04 06:10:14.597,0.7,0.6,0.5,0.0,139,1300,5.87,7.40
2026-07-04 06:10:15.098,0.7,0.6,0.5,0.4,139,1300,5.87,7.40
2026-07-04 06:10:15.599,0.7,0.6,0.5,0.4,164,1298,5.51,7.43
2026-07-04 06:10:16.088,0.7,0.6,0.5,0.4,167,1301,5.46,7.38
2026-07-04 06:10:16.579,0.7,0.6,0.5,0.4,168,1300,5.45,7.40
2026-07-04 06:10:17.110,0.7,0.6,0.5,0.4,165,1298,5.49,7.43
2026-07-04 06:10:17.621,0.7,0.6,0.5,0.4,160,1302,5.57,7.37
2026-07-04 06:10:18.098,0.7,0.6,0.5,0.4,154,1295,5.65,7.47
2026-07-04 06:10:18.585,0.6,0.6,0.5,0.4,143,1298,5.82,7.43
2026-07-04 06:10:19.079,0.7,0.6,0.5,0.4,145,1298,5.79,7.43
2026-07-04 06:10:19.591,0.7,0.6,0.6,0.4,145,1298,5.79,7.43
2026-07-04 06:10:20.128,0.6,0.6,0.6,0.4,125,1296,6.08,7.46
2026-07-04 06:10:20.587,0.6,0.6,0.6,0.4,125,1296,6.08,7.46
2026-07-04 06:10:21.083,0.6,0.6,0.6,0.4,125,1295,6.08,7.47
2026-07-04 06:10:21.580,0.6,0.6,0.6,0.4,118,1297,6.18,7.44
2026-07-04 06:10:22.091,0.6,0.6,0.6,0.4,106,1298,6.36,7.43
2026-07-04 06:10:22.588,0.6,0.6,0.6,0.4,97,1295,6.49,7.47
2026-07-04 06:10:23.132,0.6,0.6,0.6,0.0,94,1295,6.53,7.47
2026-07-04 06:10:23.632,0.6,0.6,0.6,0.0,94,1295,6.53,7.47
2026-07-04 06:10:24.128,0.6,0.6,0.6,0.4,94,1295,6.53,7.47
2026-07-04 06:10:24.629,0.6,0.6,0.6,0.4,94,1295,6.53,7.47
2026-07-04 06:10:25.092,0.6,0.6,0.6,0.4,0,0,7.91,26.44
2026-07-04 06:10:25.598,0.6,0.6,0.6,0.4,0,0,7.91,26.44
2026-07-04 06:10:26.134,0.6,0.6,0.7,0.0,89,1297,6.61,7.44
2026-07-04 06:10:26.621,0.5,0.6,0.7,0.0,84,1298,6.68,7.43
2026-07-04 06:10:27.103,0.5,0.6,0.7,0.4,77,1300,6.78,7.40
2026-07-04 06:10:27.584,0.5,0.6,0.7,0.4,46,1299,7.24,7.41
2026-07-04 06:10:28.082,0.4,0.6,0.7,0.4,26,1298,7.53,7.43
2026-07-04 06:10:28.579,0.4,0.6,0.7,0.4,14,1302,7.71,7.37
2026-07-04 06:10:29.090,0.4,0.6,0.7,0.4,14,1302,7.71,7.37
2026-07-04 06:10:29.588,0.4,0.6,0.7,0.4,0,1294,7.91,7.49
2026-07-04 06:10:30.089,0.4,0.6,0.7,0.4,0,1295,7.91,7.47
2026-07-04 06:10:30.598,0.4,0.6,0.6,0.4,3,1294,7.87,7.49
2026-07-04 06:10:31.098,0.4,0.6,0.6,0.4,19,1295,7.63,7.47
2026-07-04 06:10:31.619,0.5,0.6,0.6,0.4,25,1296,7.54,7.46
2026-07-04 06:10:32.098,0.5,0.6,0.6,0.4,38,1298,7.35,7.43
2026-07-04 06:10:32.598,0.5,0.6,0.7,0.4,38,1298,7.35,7.43
2026-07-04 06:10:33.096,0.5,0.6,0.7,0.4,38,1298,7.35,7.43
2026-07-04 06:10:33.587,0.5,0.6,0.7,0.4,38,1298,7.35,7.43
2026-07-04 06:10:34.092,0.5,0.6,0.7,0.4,0,0,7.91,26.44
2026-07-04 06:10:34.622,0.7,0.6,0.7,0.0,137,1294,5.90,7.49
2026-07-04 06:10:35.129,0.7,0.6,0.7,0.4,137,1294,5.90,7.49
2026-07-04 06:10:35.612,0.7,0.6,0.7,0.4,137,1294,5.90,7.49
2026-07-04 06:10:36.113,0.7,0.6,0.7,0.4,153,1293,5.67,7.50
2026-07-04 06:10:36.591,0.7,0.6,0.6,0.4,158,1298,5.60,7.43
2026-07-04 06:10:37.091,0.7,0.6,0.6,0.4,161,1295,5.55,7.47
2026-07-04 06:10:37.617,0.7,0.6,0.6,0.4,161,1295,5.55,7.47
2026-07-04 06:10:38.089,0.7,0.6,0.7,0.4,149,1295,5.73,7.47
2026-07-04 06:10:38.589,0.7,0.6,0.7,0.4,149,1295,5.73,7.47
2026-07-04 06:10:39.126,0.7,0.6,0.7,0.4,149,1295,5.73,7.47
2026-07-04 06:10:39.587,0.6,0.6,0.7,0.4,143,1294,5.82,7.49
2026-07-04 06:10:40.089,0.6,0.6,0.7,0.4,139,1293,5.87,7.50
2026-07-04 06:10:40.598,0.6,0.6,0.7,0.4,137,1295,5.90,7.47
2026-07-04 06:10:41.097,0.6,0.6,0.7,0.4,137,1295,5.90,7.47
2026-07-04 06:10:41.587,0.7,0.6,0.7,0.4,158,1293,5.60,7.50
2026-07-04 06:10:42.087,0.7,0.6,0.8,0.0,166,1294,5.48,7.49
2026-07-04 06:10:42.645,0.7,0.6,0.8,0.0,175,1292,5.35,7.51
2026-07-04 06:10:43.142,0.7,0.6,0.8,0.0,175,1292,5.35,7.51
2026-07-04 06:10:43.591,0.7,0.6,0.8,0.0,167,1293,5.46,7.50
2026-07-04 06:10:44.119,0.7,0.6,0.8,0.0,164,1293,5.51,7.50
2026-07-04 06:10:44.586,0.7,0.6,0.8,0.0,163,1294,5.52,7.49
2026-07-04 06:10:45.151,0.7,0.6,0.8,0.0,158,1293,5.60,7.50
2026-07-04 06:10:45.618,0.7,0.6,0.9,0.0,160,1293,5.57,7.50
2026-07-04 06:10:46.648,0.7,0.6,0.9,0.4,167,1292,5.46,7.51
2026-07-04 06:10:46.648,0.7,0.6,0.9,0.4,167,1292,5.46,7.51
2026-07-04 06:10:47.091,0.8,0.6,0.9,0.4,220,1293,4.69,7.50
2026-07-04 06:10:47.620,0.7,0.6,0.9,0.4,203,1293,4.94,7.50
2026-07-04 06:10:48.129,0.8,0.6,0.9,0.0,214,1293,4.78,7.50
2026-07-04 06:10:48.621,0.8,0.6,0.8,0.0,239,1292,4.41,7.51
2026-07-04 06:10:49.146,0.8,0.6,0.8,0.0,239,1292,4.41,7.51
2026-07-04 06:10:50.149,0.8,0.6,0.8,0.4,234,1292,4.48,7.51
2026-07-04 06:10:50.151,0.8,0.6,0.9,0.4,234,1292,4.48,7.51
2026-07-04 06:10:50.647,0.8,0.6,0.9,0.4,259,1291,4.12,7.53
2026-07-04 06:10:51.142,0.8,0.6,0.9,0.4,259,1291,4.12,7.53
2026-07-04 06:10:51.640,0.8,0.6,0.9,0.4,259,1291,4.12,7.53
2026-07-04 06:10:52.097,0.9,0.6,0.8,0.0,270,1293,3.96,7.50
2026-07-04 06:10:52.620,0.8,0.6,0.8,0.0,265,1293,4.03,7.50
2026-07-04 06:10:53.117,0.8,0.6,0.8,0.0,243,1291,4.35,7.53
2026-07-04 06:10:53.613,0.8,0.6,0.7,0.0,241,1292,4.38,7.51
2026-07-04 06:10:54.619,0.8,0.6,0.7,0.0,243,1291,4.35,7.53
2026-07-04 06:10:54.620,0.8,0.6,0.7,0.0,246,1291,4.31,7.53
2026-07-04 06:10:55.151,0.8,0.6,0.7,0.0,248,1291,4.28,7.53
2026-07-04 06:10:55.618,0.8,0.6,0.7,0.0,248,1291,4.28,7.53
2026-07-04 06:10:56.118,0.8,0.6,0.7,0.0,246,1288,4.31,7.57
2026-07-04 06:10:56.597,0.8,0.6,0.7,0.0,234,1291,4.48,7.53
2026-07-04 06:10:57.160,0.8,0.6,0.7,0.0,234,1291,4.48,7.53
2026-07-04 06:10:57.628,0.8,0.6,0.7,0.0,224,1292,4.63,7.51
2026-07-04 06:10:58.094,0.8,0.6,0.7,0.0,227,1293,4.58,7.50
2026-07-04 06:10:58.597,0.8,0.6,0.7,0.0,222,1290,4.66,7.54
2026-07-04 06:10:59.098,0.8,0.6,0.7,0.4,217,1291,4.73,7.53
2026-07-04 06:10:59.635,0.8,0.6,0.7,0.4,235,1293,4.47,7.50
2026-07-04 06:11:00.119,0.8,0.6,0.7,0.4,232,1290,4.51,7.54
2026-07-04 06:11:00.620,0.8,0.6,0.6,0.4,245,1290,4.32,7.54
2026-07-04 06:11:01.119,0.8,0.6,0.6,0.4,262,1290,4.07,7.54
2026-07-04 06:11:01.615,0.9,0.6,0.6,0.4,266,1290,4.01,7.54
2026-07-04 06:11:02.152,0.9,0.6,0.6,0.4,267,1290,4.00,7.54
2026-07-04 06:11:02.647,0.9,0.6,0.7,0.4,283,1290,3.76,7.54
2026-07-04 06:11:03.149,0.9,0.6,0.7,0.4,288,1289,3.69,7.56
2026-07-04 06:11:03.617,0.8,0.6,0.7,0.4,270,1290,3.96,7.54
2026-07-04 06:11:04.116,0.8,0.6,0.7,0.4,241,1290,4.38,7.54
2026-07-04 06:11:04.611,0.8,0.6,0.7,0.4,220,1290,4.69,7.54
2026-07-04 06:11:05.118,0.7,0.6,0.7,0.4,210,1291,4.83,7.53
2026-07-04 06:11:05.618,0.7,0.6,0.8,0.4,192,1289,5.10,7.56
2026-07-04 06:11:06.121,0.7,0.6,0.8,0.4,178,1290,5.30,7.54
2026-07-04 06:11:06.598,0.7,0.6,0.8,0.4,166,1294,5.48,7.49
2026-07-04 06:11:07.098,0.7,0.6,0.8,0.4,150,1289,5.71,7.56
2026-07-04 06:11:07.657,0.7,0.6,0.8,0.4,144,1289,5.80,7.56
2026-07-04 06:11:08.120,0.7,0.6,0.8,0.4,144,1289,5.80,7.56
2026-07-04 06:11:08.648,0.6,0.6,0.8,0.4,132,1290,5.98,7.54
2026-07-04 06:11:09.146,0.6,0.6,0.8,0.0,134,1289,5.95,7.56
2026-07-04 06:11:09.618,0.7,0.6,0.8,0.0,145,1286,5.79,7.60
2026-07-04 06:11:10.121,0.7,0.6,0.8,0.4,166,1289,5.48,7.56
2026-07-04 06:11:10.648,0.7,0.6,0.9,0.4,189,1290,5.14,7.54
2026-07-04 06:11:11.131,0.7,0.6,0.8,0.4,189,1290,5.14,7.54
2026-07-04 06:11:11.628,0.7,0.6,0.8,0.4,189,1290,5.14,7.54
2026-07-04 06:11:12.138,0.8,0.6,0.8,0.0,214,1289,4.78,7.56
2026-07-04 06:11:12.666,0.8,0.6,0.7,0.4,214,1289,4.78,7.56
2026-07-04 06:11:13.118,0.8,0.6,0.7,0.4,211,1290,4.82,7.54
2026-07-04 06:11:13.629,0.8,0.6,0.7,0.4,211,1290,4.82,7.54
2026-07-04 06:11:14.118,0.8,0.6,0.7,0.4,211,1290,4.82,7.54
2026-07-04 06:11:14.618,0.8,0.6,0.7,0.4,211,1290,4.82,7.54
2026-07-04 06:11:15.116,0.8,0.6,0.7,0.0,0,0,7.91,26.44
2026-07-04 06:11:15.619,0.8,0.6,0.7,0.0,246,1289,4.31,7.56
2026-07-04 06:11:16.158,0.9,0.6,0.7,0.0,274,1288,3.90,7.57
2026-07-04 06:11:17.134,0.9,0.6,0.7,0.4,290,1286,3.66,7.60
2026-07-04 06:11:17.135,0.9,0.6,0.6,0.4,295,1288,3.59,7.57
2026-07-04 06:11:17.628,0.9,0.6,0.6,0.4,295,1288,3.59,7.57
2026-07-04 06:11:18.127,0.9,0.6,0.6,0.4,295,1288,3.59,7.57
2026-07-04 06:11:18.629,0.8,0.6,0.6,0.4,250,1289,4.25,7.56
2026-07-04 06:11:19.129,0.8,0.6,0.6,0.4,241,1288,4.38,7.57
2026-07-04 06:11:19.628,0.8,0.6,0.6,0.4,228,1290,4.57,7.54
2026-07-04 06:11:20.150,0.8,0.6,0.6,0.4,221,1288,4.67,7.57
2026-07-04 06:11:20.629,0.8,0.6,0.6,0.4,227,1289,4.58,7.56
2026-07-04 06:11:21.116,0.8,0.6,0.6,0.4,215,1286,4.76,7.60
2026-07-04 06:11:21.617,0.8,0.6,0.6,0.4,215,1289,4.76,7.56
2026-07-04 06:11:22.151,0.8,0.6,0.6,0.4,223,1287,4.64,7.59
2026-07-04 06:11:22.619,0.8,0.6,0.6,0.4,223,1287,4.64,7.59
2026-07-04 06:11:23.114,0.9,0.6,0.7,0.4,275,1288,3.88,7.57
2026-07-04 06:11:23.614,0.9,0.6,0.7,0.4,319,1291,3.24,7.53
2026-07-04 06:11:24.120,0.9,0.6,0.7,0.4,317,1288,3.27,7.57
2026-07-04 06:11:24.620,0.9,0.6,0.8,0.4,308,1287,3.40,7.59
2026-07-04 06:11:25.119,0.9,0.6,0.7,0.0,305,1288,3.44,7.57
2026-07-04 06:11:25.625,1.0,0.6,0.7,0.0,334,1288,3.02,7.57
2026-07-04 06:11:26.129,1.0,0.6,0.6,0.0,334,1288,3.02,7.57
2026-07-04 06:11:26.628,1.0,0.6,0.5,0.0,349,1288,2.80,7.57
2026-07-04 06:11:27.116,1.0,0.6,0.4,0.4,349,1288,2.80,7.57
2026-07-04 06:11:27.617,1.0,0.6,0.5,0.4,350,1287,2.78,7.59
2026-07-04 06:11:28.111,1.0,0.6,0.5,0.4,348,1285,2.81,7.62
2026-07-04 06:11:28.621,0.9,0.6,0.4,0.4,326,1291,3.13,7.53
2026-07-04 06:11:29.129,0.9,0.6,0.4,0.4,312,1288,3.34,7.57
2026-07-04 06:11:29.631,0.9,0.6,0.4,0.4,304,1287,3.46,7.59
2026-07-04 06:11:30.128,0.9,0.6,0.4,0.4,277,1284,3.85,7.63
2026-07-04 06:11:30.622,0.8,0.6,0.5,0.4,265,1285,4.03,7.62
2026-07-04 06:11:31.118,0.8,0.6,0.5,0.4,256,1284,4.16,7.63
2026-07-04 06:11:31.622,0.8,0.6,0.5,0.4,256,1284,4.16,7.63
2026-07-04 06:11:32.119,0.8,0.6,0.5,0.4,239,1286,4.41,7.60
2026-07-04 06:11:32.648,0.9,0.6,0.5,0.4,257,1287,4.15,7.59
2026-07-04 06:11:33.128,0.9,0.6,0.5,0.4,274,1284,3.90,7.63
2026-07-04 06:11:34.162,0.9,0.6,0.5,0.4,281,1287,3.79,7.59
2026-07-04 06:11:34.164,0.9,0.6,0.6,0.0,287,1286,3.71,7.60
2026-07-04 06:11:34.659,0.9,0.6,0.6,0.0,285,1288,3.74,7.57
2026-07-04 06:11:35.118,0.9,0.6,0.6,0.0,299,1285,3.53,7.62
2026-07-04 06:11:35.660,0.9,0.6,0.6,0.0,318,1282,3.25,7.66
2026-07-04 06:11:36.147,0.9,0.6,0.6,0.0,318,1282,3.25,7.66
2026-07-04 06:11:36.648,1.0,0.6,0.7,0.0,316,1284,3.28,7.63
2026-07-04 06:11:37.148,1.0,0.6,0.7,0.0,316,1284,3.28,7.63
2026-07-04 06:11:37.618,1.0,0.6,0.7,0.0,316,1284,3.28,7.63
2026-07-04 06:11:38.120,1.0,0.6,0.7,0.0,316,1284,3.28,7.63
2026-07-04 06:11:38.665,1.0,0.6,0.8,0.0,0,0,7.91,26.44
2026-07-04 06:11:39.162,1.0,0.6,0.8,0.0,348,1283,2.81,7.65
2026-07-04 06:11:39.621,1.0,0.6,0.8,0.0,340,1285,2.93,7.62
2026-07-04 06:11:40.160,1.0,0.6,0.8,0.0,346,1288,2.84,7.57
2026-07-04 06:11:40.641,1.0,0.6,0.8,0.0,346,1288,2.84,7.57
2026-07-04 06:11:41.149,0.9,0.6,0.8,0.4,312,1283,3.34,7.65
2026-07-04 06:11:41.678,0.9,0.6,0.8,0.4,286,1280,3.72,7.69
2026-07-04 06:11:42.116,0.9,0.6,0.8,0.4,286,1280,3.72,7.69
2026-07-04 06:11:42.676,0.9,0.6,0.8,0.4,275,1282,3.88,7.66
2026-07-04 06:11:43.167,0.9,0.6,0.9,0.0,274,1280,3.90,7.69
2026-07-04 06:11:43.640,0.9,0.6,0.9,0.0,274,1280,3.90,7.69
2026-07-04 06:11:44.151,0.8,0.6,0.9,0.0,244,1282,4.34,7.66
2026-07-04 06:11:45.148,0.8,0.6,0.9,0.4,239,1282,4.41,7.66
2026-07-04 06:11:45.149,0.8,0.6,0.9,0.4,236,1278,4.45,7.72
2026-07-04 06:11:45.647,0.8,0.6,0.9,0.4,240,1282,4.39,7.66
2026-07-04 06:11:46.145,0.8,0.6,0.8,0.4,247,1281,4.29,7.68
2026-07-04 06:11:46.646,0.8,0.6,0.8,0.4,241,1277,4.38,7.73
2026-07-04 06:11:47.116,0.8,0.6,0.8,0.4,241,1277,4.38,7.73
2026-07-04 06:11:47.641,0.8,0.6,0.8,0.4,221,1278,4.67,7.72
2026-07-04 06:11:48.152,0.7,0.6,0.8,0.0,211,1282,4.82,7.66
2026-07-04 06:11:48.679,0.7,0.6,0.8,0.0,194,1280,5.07,7.69
2026-07-04 06:11:49.128,0.7,0.6,0.8,0.0,183,1278,5.23,7.72
2026-07-04 06:11:49.660,0.7,0.6,0.8,0.0,182,1278,5.24,7.72
2026-07-04 06:11:50.161,0.7,0.6,0.8,0.0,182,1278,5.24,7.72
2026-07-04 06:11:50.661,0.6,0.6,0.8,0.0,157,1279,5.61,7.71
2026-07-04 06:11:51.169,0.6,0.6,0.8,0.0,157,1279,5.61,7.71
2026-07-04 06:11:51.677,0.6,0.6,0.8,0.0,157,1279,5.61,7.71
2026-07-04 06:11:52.177,0.6,0.6,0.8,0.0,157,1279,5.61,7.71
2026-07-04 06:11:52.678,0.6,0.6,0.8,0.0,0,0,7.91,26.44
2026-07-04 06:11:53.175,0.8,0.6,0.8,0.0,190,1277,5.13,7.73
2026-07-04 06:11:53.686,0.8,0.6,0.8,0.0,190,1277,5.13,7.73
2026-07-04 06:11:54.138,0.8,0.6,0.8,0.0,190,1277,5.13,7.73
2026-07-04 06:11:55.159,0.9,0.6,0.8,0.0,265,1279,4.03,7.71
2026-07-04 06:11:55.161,0.9,0.6,0.8,0.0,284,1276,3.75,7.75
2026-07-04 06:11:55.691,0.9,0.6,0.8,0.0,300,1275,3.52,7.76
2026-07-04 06:11:56.168,0.9,0.6,0.9,0.0,303,1278,3.47,7.72
2026-07-04 06:11:57.179,0.9,0.6,0.9,0.0,303,1278,3.47,7.72
2026-07-04 06:11:57.180,0.9,0.6,0.9,0.0,286,1278,3.72,7.72
2026-07-04 06:11:57.676,0.8,0.6,0.9,0.0,262,1277,4.07,7.73
2026-07-04 06:11:58.178,0.8,0.6,1.0,0.0,246,1276,4.31,7.75
2026-07-04 06:11:58.679,0.8,0.6,1.0,0.0,230,1276,4.54,7.75
2026-07-04 06:11:59.177,0.7,0.6,1.0,0.0,210,1277,4.83,7.73
2026-07-04 06:11:59.673,0.7,0.6,1.0,0.0,179,1282,5.29,7.66
2026-07-04 06:12:00.179,0.7,0.6,1.0,0.4,179,1282,5.29,7.66
2026-07-04 06:12:00.679,0.6,0.6,1.1,0.4,136,1274,5.92,7.78
2026-07-04 06:12:01.178,0.6,0.6,1.1,0.4,135,1277,5.93,7.73
2026-07-04 06:12:01.676,0.6,0.6,1.1,0.4,139,1276,5.87,7.75
2026-07-04 06:12:02.178,0.6,0.6,1.2,0.4,139,1277,5.87,7.73
2026-07-04 06:12:02.673,0.6,0.6,1.2,0.0,135,1276,5.93,7.75
2026-07-04 06:12:03.164,0.5,0.6,1.2,0.0,86,1276,6.65,7.75
2026-07-04 06:12:03.676,0.4,0.6,1.1,0.0,36,1275,7.38,7.76
2026-07-04 06:12:04.680,0.5,0.6,1.0,0.0,23,1278,7.57,7.72
2026-07-04 06:12:04.682,0.4,0.6,1.0,0.0,35,1277,7.40,7.73
2026-07-04 06:12:05.165,0.4,0.6,1.0,0.0,24,1277,7.56,7.73
2026-07-04 06:12:05.677,0.4,0.6,1.0,0.0,8,1277,7.79,7.73
2026-07-04 06:12:06.175,0.5,0.6,1.0,0.0,35,1276,7.40,7.75
2026-07-04 06:12:06.668,0.5,0.6,1.0,0.0,46,1276,7.24,7.75
2026-07-04 06:12:07.177,0.7,0.6,1.0,0.0,108,1278,6.33,7.72
2026-07-04 06:12:07.849,0.7,1.0,1.0,0.0,108,1278,6.33,7.72
2026-07-04 06:12:08.151,0.7,1.0,1.0,0.0,157,1276,5.61,7.75
2026-07-04 06:12:08.152,0.7,1.0,1.0,0.0,157,1276,5.61,7.75
2026-07-04 06:12:08.649,0.7,1.0,1.0,0.4,162,1276,5.54,7.75
2026-07-04 06:12:09.141,0.7,1.0,1.0,0.4,162,1276,5.54,7.75
2026-07-04 06:12:09.659,0.6,1.0,1.0,0.4,106,1274,6.36,7.78
2026-07-04 06:12:10.141,0.6,1.0,1.0,0.4,106,1274,6.36,7.78
2026-07-04 06:12:10.651,0.6,1.0,1.2,0.4,106,1274,6.36,7.78
2026-07-04 06:12:11.148,0.4,1.0,1.3,0.4,26,1275,7.53,7.76
2026-07-04 06:12:12.175,0.4,1.0,1.2,0.4,26,1275,7.53,7.76
2026-07-04 06:12:12.175,0.4,1.0,1.3,0.4,8,1275,7.79,7.76
2026-07-04 06:12:12.649,0.4,1.0,1.4,0.4,19,1275,7.63,7.76
2026-07-04 06:12:13.148,0.4,1.0,1.4,0.4,19,1275,7.63,7.76
2026-07-04 06:12:13.650,0.4,1.0,1.3,0.0,2,1274,7.88,7.78
2026-07-04 06:12:14.178,0.4,1.0,1.3,0.0,2,1274,7.88,7.78
2026-07-04 06:12:14.650,0.4,1.0,1.2,0.0,7,1276,7.81,7.75
2026-07-04 06:12:15.146,0.4,1.0,1.2,0.0,7,1276,7.81,7.75
2026-07-04 06:12:15.673,0.5,1.0,1.3,0.0,16,1275,7.68,7.76
2026-07-04 06:12:16.178,0.5,1.0,1.3,0.0,16,1275,7.68,7.76
2026-07-04 06:12:16.678,0.6,1.0,1.3,0.0,67,1274,6.93,7.78
2026-07-04 06:12:17.179,0.6,1.0,1.3,0.0,67,1274,6.93,7.78
2026-07-04 06:12:18.178,0.5,1.0,1.2,0.0,102,1276,6.42,7.75
2026-07-04 06:12:18.179,0.5,1.0,1.1,0.0,64,1274,6.97,7.78
2026-07-04 06:12:18.663,0.4,1.0,1.1,0.0,24,1276,7.56,7.75
2026-07-04 06:12:19.165,0.4,1.0,1.1,0.0,5,1274,7.84,7.78
2026-07-04 06:12:19.665,0.4,1.0,1.1,0.0,0,1274,7.91,7.78
2026-07-04 06:12:20.164,0.4,1.0,1.1,0.0,1,1275,7.90,7.76
2026-07-04 06:12:20.649,0.4,1.0,1.1,0.0,1,1275,7.90,7.76
2026-07-04 06:12:21.651,0.4,1.0,1.2,0.0,1,1275,7.90,7.76
2026-07-04 06:12:21.652,0.4,1.0,1.2,0.0,1,1275,7.90,7.76
2026-07-04 06:12:22.179,0.4,1.0,1.2,0.0,0,0,7.91,26.44
2026-07-04 06:12:22.680,0.4,1.0,1.2,0.0,21,1277,7.60,7.73
2026-07-04 06:12:23.182,0.4,1.0,1.2,0.0,4,1274,7.85,7.78
2026-07-04 06:12:23.693,0.4,1.0,1.2,0.0,1,1274,7.90,7.78
2026-07-04 06:12:24.153,0.4,1.0,1.2,0.0,1,1274,7.90,7.78
2026-07-04 06:12:24.680,0.4,1.0,1.2,0.0,1,1274,7.90,7.78
2026-07-04 06:12:25.163,0.4,1.0,1.2,0.4,0,1275,7.91,7.76
2026-07-04 06:12:25.640,0.4,1.0,1.2,0.4,0,1273,7.91,7.79
2026-07-04 06:12:26.157,0.4,1.0,1.2,0.4,0,1274,7.91,7.78
2026-07-04 06:12:26.679,0.4,1.0,1.2,0.4,0,1273,7.91,7.79
2026-07-04 06:12:27.180,0.4,1.0,1.1,0.0,0,1274,7.91,7.78
2026-07-04 06:12:27.676,0.4,1.0,1.1,0.0,0,1274,7.91,7.78
2026-07-04 06:12:28.162,0.4,1.0,1.1,0.0,0,1274,7.91,7.78
2026-07-04 06:12:28.662,0.4,1.0,1.0,0.0,0,1274,7.91,7.78
2026-07-04 06:12:29.161,0.4,1.0,1.0,0.0,0,1274,7.91,7.78
2026-07-04 06:12:29.676,0.4,1.0,1.0,0.0,2,1272,7.88,7.81
2026-07-04 06:12:30.149,0.4,1.0,1.0,0.0,0,1271,7.91,7.82
2026-07-04 06:12:30.706,0.4,1.0,1.0,0.0,0,1274,7.91,7.78
2026-07-04 06:12:31.142,0.4,1.0,1.0,0.0,0,1276,7.91,7.75
2026-07-04 06:12:31.673,0.4,1.0,1.0,0.0,0,1272,7.91,7.81
2026-07-04 06:12:32.149,0.4,1.0,1.0,0.0,0,1273,7.91,7.79
2026-07-04 06:12:32.648,0.4,1.0,1.0,0.0,1,1271,7.90,7.82
2026-07-04 06:12:33.179,0.4,1.0,1.0,0.0,1,1271,7.90,7.82
2026-07-04 06:12:34.146,0.4,1.0,0.9,0.0,0,1271,7.91,7.82
2026-07-04 06:12:34.208,0.5,1.0,0.8,0.4,7,1273,7.81,7.79
2026-07-04 06:12:34.672,0.4,1.0,0.8,0.4,25,1271,7.54,7.82
2026-07-04 06:12:35.206,0.4,1.0,0.8,0.4,1,1273,7.90,7.79
2026-07-04 06:12:35.655,0.4,1.0,0.7,0.4,1,1273,7.90,7.79
2026-07-04 06:12:36.149,0.4,1.0,0.7,0.4,12,1272,7.73,7.81
2026-07-04 06:12:36.652,0.4,1.0,0.7,0.4,10,1273,7.76,7.79
2026-07-04 06:12:37.181,0.4,1.0,0.7,0.0,9,1272,7.78,7.81
2026-07-04 06:12:38.206,0.4,1.0,0.6,0.0,4,1273,7.85,7.79
2026-07-04 06:12:38.206,0.4,1.0,0.6,0.0,1,1272,7.90,7.81
2026-07-04 06:12:38.677,0.4,1.0,0.7,0.0,1,1272,7.90,7.81
2026-07-04 06:12:39.149,0.4,1.0,0.7,0.0,21,1271,7.60,7.82
2026-07-04 06:12:39.707,0.4,1.0,0.7,0.4,17,1269,7.66,7.85
2026-07-04 06:12:40.208,0.4,1.0,0.7,0.4,14,1271,7.71,7.82
2026-07-04 06:12:40.678,0.4,1.0,0.7,0.4,1,1270,7.90,7.84
2026-07-04 06:12:41.180,0.4,1.0,0.7,0.4,2,1271,7.88,7.82
2026-07-04 06:12:41.659,0.4,1.0,0.7,0.4,11,1270,7.75,7.84
2026-07-04 06:12:42.162,0.4,1.0,0.8,0.4,3,1270,7.87,7.84
2026-07-04 06:12:42.660,0.4,1.0,0.8,0.0,3,1270,7.87,7.84
2026-07-04 06:12:43.160,0.4,1.0,0.8,0.0,3,1270,7.87,7.84
2026-07-04 06:12:43.670,0.4,1.0,0.8,0.0,2,1268,7.88,7.87
2026-07-04 06:12:44.178,0.4,1.0,0.8,0.0,11,1268,7.75,7.87
2026-07-04 06:12:44.648,0.4,1.0,0.8,0.0,12,1271,7.73,7.82
2026-07-04 06:12:45.151,0.4,1.0,0.8,0.0,0,1271,7.91,7.82
2026-07-04 06:12:45.708,0.4,1.0,0.8,0.0,6,1270,7.82,7.84
2026-07-04 06:12:46.207,0.4,1.0,0.8,0.0,10,1269,7.76,7.85
2026-07-04 06:12:46.698,0.4,1.0,0.7,0.0,17,1270,7.66,7.84
2026-07-04 06:12:47.165,0.4,1.0,0.7,0.0,17,1270,7.66,7.84
2026-07-04 06:12:47.660,0.5,1.0,0.7,0.0,61,1270,7.02,7.84
2026-07-04 06:12:48.162,0.5,1.0,0.7,0.0,61,1270,7.02,7.84
2026-07-04 06:12:48.660,0.5,1.0,0.8,0.0,59,1270,7.05,7.84
2026-07-04 06:12:49.162,0.5,1.0,0.7,0.0,59,1270,7.05,7.84
2026-07-04 06:12:49.692,0.5,1.0,0.7,0.4,59,1270,7.05,7.84
2026-07-04 06:12:50.209,0.5,1.0,0.7,0.4,59,1270,7.05,7.84
2026-07-04 06:12:50.708,0.6,1.0,0.7,0.4,97,1269,6.49,7.85
2026-07-04 06:12:51.207,0.5,1.0,0.7,0.4,99,1269,6.46,7.85
2026-07-04 06:12:51.708,0.5,1.0,0.7,0.0,99,1269,6.46,7.85
2026-07-04 06:12:52.708,0.4,1.0,0.7,0.0,34,1269,7.41,7.85
2026-07-04 06:12:52.708,0.4,1.0,0.7,0.0,8,1265,7.79,7.91
2026-07-04 06:12:53.179,0.4,1.0,0.7,0.0,8,1265,7.79,7.91
2026-07-04 06:12:53.670,0.4,1.0,0.8,0.4,8,1265,7.79,7.91
2026-07-04 06:12:54.171,0.7,1.0,0.9,0.4,125,1265,6.08,7.91
2026-07-04 06:12:55.172,0.7,1.0,0.9,0.4,162,1269,5.54,7.85
2026-07-04 06:12:55.173,0.7,1.0,0.9,0.4,162,1269,5.54,7.85
2026-07-04 06:12:55.676,0.7,1.0,0.9,0.0,162,1269,5.54,7.85
2026-07-04 06:12:56.179,0.8,1.0,0.9,0.0,230,1264,4.54,7.92
2026-07-04 06:12:56.665,0.8,1.0,0.9,0.0,239,1265,4.41,7.91
2026-07-04 06:12:57.161,0.8,1.0,0.8,0.0,239,1265,4.41,7.91
2026-07-04 06:12:58.208,0.8,1.0,0.8,0.0,255,1266,4.17,7.90
2026-07-04 06:12:58.209,0.7,1.0,0.8,0.0,192,1267,5.10,7.88
2026-07-04 06:12:58.708,0.7,1.0,0.9,0.0,192,1267,5.10,7.88
2026-07-04 06:12:59.208,0.7,1.0,0.9,0.0,192,1267,5.10,7.88
2026-07-04 06:12:59.672,0.8,1.0,0.9,0.4,240,1265,4.39,7.91
2026-07-04 06:13:00.197,0.8,1.0,0.9,0.4,249,1266,4.26,7.90
2026-07-04 06:13:00.694,0.7,1.0,0.7,0.4,218,1260,4.72,7.98
2026-07-04 06:13:01.164,0.6,1.0,0.7,0.4,164,1265,5.51,7.91
2026-07-04 06:13:01.677,0.6,1.0,0.8,0.0,126,1264,6.06,7.92
2026-07-04 06:13:02.180,0.6,1.0,0.8,0.0,126,1264,6.06,7.92
2026-07-04 06:13:02.708,0.5,1.0,0.8,0.4,53,1264,7.13,7.92
2026-07-04 06:13:03.177,0.4,1.0,0.8,0.4,28,1265,7.50,7.91
2026-07-04 06:13:03.694,0.4,1.0,0.7,0.4,28,1265,7.50,7.91
2026-07-04 06:13:04.707,0.5,1.0,0.7,0.4,16,1267,7.68,7.88
2026-07-04 06:13:04.708,0.4,1.0,0.7,0.4,32,1264,7.44,7.92
2026-07-04 06:13:05.208,0.4,1.0,0.8,0.4,17,1261,7.66,7.97
2026-07-04 06:13:05.709,0.4,1.0,1.0,0.4,17,1261,7.66,7.97
2026-07-04 06:13:06.209,0.4,1.0,1.0,0.4,14,1261,7.71,7.97
2026-07-04 06:13:06.674,0.4,1.0,1.1,0.4,29,1262,7.49,7.95
2026-07-04 06:13:07.172,0.5,1.0,1.1,0.4,31,1263,7.46,7.94
2026-07-04 06:13:07.684,0.4,1.0,1.1,0.4,26,1264,7.53,7.92
2026-07-04 06:13:08.207,0.4,1.0,1.1,0.4,13,1263,7.72,7.94
2026-07-04 06:13:09.178,0.5,1.0,1.2,0.4,21,1261,7.60,7.97
2026-07-04 06:13:09.180,0.6,1.0,1.2,0.4,63,1260,6.99,7.98
2026-07-04 06:13:09.676,0.6,1.0,1.1,0.4,104,1260,6.39,7.98
2026-07-04 06:13:10.197,0.7,1.0,1.1,0.4,146,1260,5.77,7.98
2026-07-04 06:13:10.700,0.7,1.0,1.1,0.4,146,1260,5.77,7.98
2026-07-04 06:13:11.180,0.7,1.0,1.0,0.4,192,1260,5.10,7.98
2026-07-04 06:13:11.724,0.7,1.0,0.9,0.4,192,1260,5.10,7.98
2026-07-04 06:13:12.207,0.7,1.0,0.9,0.0,192,1260,5.10,7.98
2026-07-04 06:13:12.705,0.6,1.0,0.9,0.0,157,1262,5.61,7.95
2026-07-04 06:13:13.178,0.6,1.0,0.9,0.0,114,1260,6.24,7.98
2026-07-04 06:13:13.692,0.5,1.0,0.9,0.0,75,1263,6.81,7.94
2026-07-04 06:13:14.207,0.5,1.0,0.9,0.0,52,1261,7.15,7.97
2026-07-04 06:13:14.678,0.5,1.0,0.8,0.0,52,1261,7.15,7.97
2026-07-04 06:13:15.224,0.5,1.0,0.9,0.0,78,1260,6.77,7.98
2026-07-04 06:13:15.722,0.5,1.0,0.9,0.0,78,1260,6.77,7.98
2026-07-04 06:13:16.191,0.4,1.0,0.9,0.0,19,1262,7.63,7.95
2026-07-04 06:13:16.678,0.4,1.0,0.9,0.0,19,1262,7.63,7.95
2026-07-04 06:13:17.173,0.4,1.0,1.0,0.0,19,1262,7.63,7.95
2026-07-04 06:13:17.684,0.4,1.0,1.0,0.0,19,1262,7.63,7.95
2026-07-04 06:13:18.179,0.4,1.0,0.9,0.0,1,1261,7.90,7.97
2026-07-04 06:13:18.721,0.4,1.0,0.9,0.0,3,1257,7.87,8.03
2026-07-04 06:13:19.222,0.4,1.0,0.9,0.0,2,1259,7.88,8.00
2026-07-04 06:13:19.722,0.4,1.0,0.9,0.0,3,1259,7.87,8.00
2026-07-04 06:13:20.178,0.5,1.0,0.9,0.0,19,1259,7.63,8.00
2026-07-04 06:13:20.912,0.4,1.0,0.9,0.0,19,1259,7.63,8.00
2026-07-04 06:13:21.228,0.4,1.0,0.9,0.0,17,1260,7.66,7.98
2026-07-04 06:13:21.229,0.4,1.0,0.9,0.0,8,1259,7.79,8.00
2026-07-04 06:13:21.724,0.4,1.0,0.9,0.0,2,1259,7.88,8.00
2026-07-04 06:13:22.226,0.4,1.0,0.9,0.0,2,1259,7.88,8.00
2026-07-04 06:13:22.708,0.5,1.0,1.0,0.0,33,1259,7.43,8.00
2026-07-04 06:13:23.209,0.4,1.0,1.0,0.0,21,1259,7.60,8.00
2026-07-04 06:13:23.675,0.4,1.0,1.0,0.0,21,1259,7.60,8.00
2026-07-04 06:13:24.228,0.4,1.0,1.1,0.0,4,1260,7.85,7.98
2026-07-04 06:13:24.678,0.4,1.0,1.1,0.0,10,1259,7.76,8.00
2026-07-04 06:13:25.178,0.4,1.0,1.2,0.0,10,1259,7.76,8.00
2026-07-04 06:13:25.676,0.4,1.0,1.2,0.0,2,1260,7.88,7.98
2026-07-04 06:13:26.175,0.5,1.0,1.1,0.0,21,1258,7.60,8.01
2026-07-04 06:13:26.699,0.5,1.0,1.1,0.0,21,1258,7.60,8.01
2026-07-04 06:13:27.208,0.5,1.0,1.0,0.0,21,1258,7.60,8.01
2026-07-04 06:13:27.710,0.4,1.0,1.0,0.0,11,1262,7.75,7.95
2026-07-04 06:13:28.170,0.4,1.0,1.0,0.0,13,1260,7.72,7.98
2026-07-04 06:13:28.679,0.4,1.0,1.0,0.0,13,1260,7.72,7.98
2026-07-04 06:13:29.207,0.4,1.0,0.9,0.0,13,1260,7.72,7.98
2026-07-04 06:13:29.708,0.4,1.0,0.9,0.0,13,1260,7.72,7.98
2026-07-04 06:13:30.207,0.4,1.0,0.9,0.0,0,0,7.91,26.44
2026-07-04 06:13:30.707,0.4,1.0,0.9,0.0,0,0,7.91,26.44
2026-07-04 06:13:31.188,0.4,1.0,0.8,0.0,0,0,7.91,26.44
2026-07-04 06:13:31.719,0.4,1.0,0.8,0.0,0,1259,7.91,8.00
2026-07-04 06:13:32.178,0.4,1.0,0.8,0.0,0,1259,7.91,8.00
2026-07-04 06:13:32.709,0.4,1.0,0.8,0.0,9,1258,7.78,8.01
2026-07-04 06:13:33.206,0.4,1.0,0.9,0.0,19,1258,7.63,8.01
2026-07-04 06:13:33.703,0.4,1.0,0.9,0.0,19,1258,7.63,8.01
2026-07-04 06:13:34.208,0.4,1.0,0.9,0.0,10,1259,7.76,8.00
2026-07-04 06:13:34.698,0.4,1.0,0.9,0.0,8,1256,7.79,8.04
2026-07-04 06:13:35.178,0.4,1.0,0.9,0.0,0,1259,7.91,8.00
2026-07-04 06:13:35.676,0.4,1.0,0.9,0.0,0,1256,7.91,8.04
2026-07-04 06:13:36.197,0.4,1.0,0.9,0.0,0,1258,7.91,8.01
2026-07-04 06:13:36.709,0.4,1.0,0.9,0.0,0,1258,7.91,8.01
2026-07-04 06:13:37.207,0.4,1.0,0.9,0.0,0,1257,7.91,8.03
2026-07-04 06:13:37.738,0.4,1.0,0.9,0.4,0,1257,7.91,8.03
2026-07-04 06:13:38.413,0.4,0.6,0.6,0.4,0,1257,7.91,8.03
2026-07-04 06:13:38.725,0.4,0.6,0.9,0.4,0,1259,7.91,8.00
2026-07-04 06:13:38.726,0.4,0.6,0.9,0.4,0,1259,7.91,8.00
2026-07-04 06:13:39.187,0.4,0.6,0.9,0.4,0,1255,7.91,8.06
2026-07-04 06:13:39.712,0.4,0.6,0.9,0.0,1,1257,7.90,8.03
2026-07-04 06:13:40.207,0.4,0.6,0.9,0.0,1,1257,7.90,8.03
2026-07-04 06:13:40.699,0.4,0.6,0.9,0.0,6,1257,7.82,8.03
2026-07-04 06:13:41.208,0.4,0.6,1.0,0.0,8,1257,7.79,8.03
2026-07-04 06:13:41.700,0.4,0.6,1.0,0.0,0,1256,7.91,8.04
2026-07-04 06:13:42.208,0.4,0.6,1.0,0.0,1,1256,7.90,8.04
2026-07-04 06:13:42.723,0.4,0.6,1.0,0.0,1,1257,7.90,8.03
2026-07-04 06:13:43.220,0.4,0.6,0.9,0.0,0,1256,7.91,8.04
2026-07-04 06:13:43.725,0.4,0.6,0.9,0.0,0,1256,7.91,8.04
2026-07-04 06:13:44.226,0.4,0.6,0.9,0.0,1,1256,7.90,8.04
2026-07-04 06:13:44.720,0.4,0.6,0.9,0.0,0,1257,7.91,8.03
2026-07-04 06:13:45.238,0.4,0.6,0.9,0.0,0,1253,7.91,8.09
2026-07-04 06:13:45.695,0.4,0.6,0.9,0.0,0,1256,7.91,8.04
2026-07-04 06:13:46.199,0.4,0.6,0.9,0.0,0,1255,7.91,8.06
2026-07-04 06:13:46.738,0.4,0.6,0.9,0.0,0,1255,7.91,8.06
2026-07-04 06:13:47.238,0.4,0.6,0.9,0.0,0,1255,7.91,8.06
2026-07-04 06:13:47.739,0.4,0.6,0.9,0.0,26,1256,7.53,8.04
2026-07-04 06:13:48.200,0.4,0.6,0.9,0.0,2,1257,7.88,8.03
2026-07-04 06:13:48.739,0.4,0.6,0.9,0.0,5,1256,7.84,8.04
2026-07-04 06:13:49.238,0.4,0.6,0.9,0.0,0,1255,7.91,8.06
2026-07-04 06:13:49.727,0.4,0.6,1.0,0.0,0,1255,7.91,8.06
2026-07-04 06:13:50.239,0.4,0.6,1.0,0.0,0,1255,7.91,8.06
2026-07-04 06:13:50.739,0.4,0.6,1.0,0.0,0,1255,7.91,8.06
2026-07-04 06:13:51.239,0.4,0.6,0.9,0.0,0,1257,7.91,8.03
2026-07-04 06:13:51.740,0.4,0.6,0.9,0.0,5,1255,7.84,8.06
2026-07-04 06:13:52.220,0.4,0.6,0.8,0.0,4,1253,7.85,8.09
2026-07-04 06:13:52.739,0.4,0.6,0.8,0.0,3,1253,7.87,8.09
2026-07-04 06:13:53.239,0.4,0.6,0.7,0.0,17,1252,7.66,8.10
2026-07-04 06:13:53.708,0.4,0.6,0.8,0.0,14,1252,7.71,8.10
2026-07-04 06:13:54.207,0.4,0.6,0.8,0.0,14,1252,7.71,8.10
2026-07-04 06:13:54.708,0.4,0.6,0.8,0.0,9,1253,7.78,8.09
2026-07-04 06:13:55.206,0.4,0.6,0.8,0.0,1,1257,7.90,8.03
2026-07-04 06:13:55.692,0.4,0.6,0.8,0.0,23,1253,7.57,8.09
2026-07-04 06:13:56.208,0.5,0.6,0.9,0.0,21,1252,7.60,8.10
2026-07-04 06:13:56.712,0.5,0.6,0.9,0.0,39,1250,7.34,8.13
2026-07-04 06:13:57.208,0.6,0.6,0.9,0.0,88,1251,6.62,8.12
2026-07-04 06:13:58.197,0.6,0.6,0.8,0.0,88,1251,6.62,8.12
2026-07-04 06:13:58.198,0.8,0.6,0.8,0.4,202,1251,4.95,8.12
2026-07-04 06:13:58.728,0.8,0.6,0.9,0.4,218,1247,4.72,8.17
2026-07-04 06:13:59.228,0.8,0.6,0.9,0.4,244,1249,4.34,8.14
2026-07-04 06:13:59.748,0.9,0.6,0.9,0.4,260,1253,4.10,8.09
2026-07-04 06:14:00.224,0.9,0.6,0.9,0.0,260,1253,4.10,8.09
2026-07-04 06:14:00.705,0.8,0.6,0.9,0.0,253,1250,4.20,8.13
2026-07-04 06:14:01.196,0.8,0.6,0.9,0.0,256,1249,4.16,8.14
2026-07-04 06:14:01.950,0.8,0.6,0.9,0.0,256,1249,4.16,8.14
2026-07-04 06:14:02.230,0.8,0.6,0.9,0.0,256,1249,4.16,8.14
2026-07-04 06:14:02.230,1.0,0.6,0.9,0.0,322,1246,3.19,8.19
2026-07-04 06:14:02.709,1.0,0.6,0.9,0.0,339,1248,2.94,8.16
2026-07-04 06:14:03.208,1.0,0.6,1.0,0.0,350,1251,2.78,8.12
2026-07-04 06:14:03.708,0.8,0.6,1.0,0.0,316,1249,3.28,8.14
2026-07-04 06:14:04.207,0.7,0.6,1.0,0.4,226,1247,4.60,8.17
2026-07-04 06:14:04.734,0.8,0.6,1.0,0.4,204,1249,4.92,8.14
2026-07-04 06:14:05.207,0.8,0.6,1.1,0.4,204,1249,4.92,8.14
2026-07-04 06:14:05.724,0.6,0.6,1.1,0.4,174,1249,5.36,8.14
2026-07-04 06:14:06.195,0.6,0.6,1.2,0.0,125,1251,6.08,8.12
2026-07-04 06:14:06.757,0.6,0.6,1.2,0.0,125,1251,6.08,8.12
2026-07-04 06:14:07.253,0.6,0.6,1.1,0.0,132,1248,5.98,8.16
2026-07-04 06:14:07.725,0.6,0.6,1.1,0.0,138,1246,5.89,8.19
2026-07-04 06:14:08.234,0.5,0.6,1.0,0.0,118,1246,6.18,8.19
2026-07-04 06:14:08.729,0.5,0.6,1.0,0.0,69,1247,6.90,8.17
2026-07-04 06:14:09.237,0.5,0.6,0.9,0.0,40,1246,7.32,8.19
2026-07-04 06:14:09.708,0.4,0.6,0.8,0.0,18,1246,7.65,8.19
2026-07-04 06:14:10.208,0.4,0.6,0.8,0.0,18,1246,7.65,8.19
2026-07-04 06:14:10.709,0.4,0.6,0.7,0.0,1,1244,7.90,8.22
2026-07-04 06:14:11.205,0.4,0.6,0.7,0.0,2,1246,7.88,8.19
2026-07-04 06:14:12.237,0.4,0.6,0.7,0.0,5,1245,7.84,8.20
2026-07-04 06:14:12.238,0.4,0.6,0.7,0.0,0,1247,7.91,8.17
2026-07-04 06:14:12.739,0.4,0.6,0.7,0.0,0,1244,7.91,8.22
2026-07-04 06:14:13.237,0.4,0.6,0.7,0.0,2,1246,7.88,8.19
2026-07-04 06:14:13.707,0.4,0.6,0.7,0.0,0,1247,7.91,8.17
2026-07-04 06:14:14.194,0.4,0.6,0.7,0.0,0,1245,7.91,8.20
2026-07-04 06:14:14.757,0.4,0.6,0.7,0.0,0,1247,7.91,8.17
2026-07-04 06:14:15.229,0.4,0.6,0.7,0.0,4,1248,7.85,8.16
2026-07-04 06:14:15.720,0.4,0.6,0.7,0.0,0,1243,7.91,8.23
2026-07-04 06:14:16.228,0.4,0.6,0.7,0.0,0,1245,7.91,8.20
2026-07-04 06:14:16.733,0.4,0.6,0.7,0.0,0,1247,7.91,8.17
2026-07-04 06:14:17.238,0.4,0.6,0.7,0.0,0,1246,7.91,8.19
2026-07-04 06:14:17.709,0.4,0.6,0.7,0.0,2,1246,7.88,8.19
2026-07-04 06:14:18.258,0.4,0.6,0.8,0.0,2,1246,7.88,8.19
2026-07-04 06:14:18.702,0.4,0.6,0.8,0.0,0,1244,7.91,8.22
2026-07-04 06:14:19.208,0.4,0.6,0.8,0.0,0,1246,7.91,8.19
2026-07-04 06:14:19.738,0.4,0.6,0.8,0.0,0,1243,7.91,8.23
2026-07-04 06:14:20.213,0.4,0.6,0.8,0.0,0,1237,7.91,8.32
2026-07-04 06:14:20.737,0.4,0.6,0.8,0.0,0,1244,7.91,8.22
2026-07-04 06:14:21.240,0.4,0.6,0.9,0.0,0,1244,7.91,8.22
2026-07-04 06:14:21.703,0.4,0.6,0.9,0.0,0,1244,7.91,8.22
2026-07-04 06:14:22.208,0.4,0.6,0.9,0.0,0,1244,7.91,8.22
2026-07-04 06:14:22.755,0.4,0.6,0.9,0.0,0,1244,7.91,8.22
2026-07-04 06:14:23.252,0.4,0.6,0.7,0.0,0,1246,7.91,8.19
2026-07-04 06:14:23.751,0.4,0.6,0.7,0.0,0,1246,7.91,8.19
2026-07-04 06:14:24.209,0.4,0.6,0.7,0.0,0,1244,7.91,8.22
2026-07-04 06:14:24.757,0.4,0.6,0.8,0.0,0,1244,7.91,8.22
2026-07-04 06:14:25.253,0.4,0.6,0.8,0.0,0,1244,7.91,8.22
2026-07-04 06:14:25.704,0.4,0.6,0.8,0.0,0,1242,7.91,8.25
2026-07-04 06:14:26.208,0.4,0.6,0.8,0.0,0,1244,7.91,8.22
2026-07-04 06:14:26.732,0.4,0.6,0.9,0.0,1,1244,7.90,8.22
2026-07-04 06:14:27.208,0.4,0.6,0.9,0.0,13,1243,7.72,8.23
2026-07-04 06:14:27.708,0.4,0.6,0.9,0.0,13,1243,7.72,8.23
2026-07-04 06:14:28.256,0.4,0.6,0.9,0.4,13,1243,7.72,8.23
2026-07-04 06:14:29.230,0.6,0.6,0.9,0.4,80,1243,6.74,8.23
2026-07-04 06:14:29.288,0.6,0.6,1.0,0.4,89,1242,6.61,8.25
2026-07-04 06:14:30.239,0.6,0.6,1.0,0.4,101,1242,6.43,8.25
2026-07-04 06:14:30.239,0.6,0.6,1.0,0.0,122,1243,6.12,8.23
2026-07-04 06:14:30.741,0.7,0.6,1.0,0.4,146,1245,5.77,8.20
2026-07-04 06:14:31.238,0.7,0.6,0.9,0.4,173,1243,5.38,8.23
2026-07-04 06:14:31.705,0.7,0.6,0.9,0.4,194,1243,5.07,8.23
2026-07-04 06:14:32.234,0.8,0.6,0.9,0.4,205,1242,4.91,8.25
2026-07-04 06:14:32.751,0.8,0.6,0.9,0.0,205,1242,4.91,8.25
2026-07-04 06:14:33.257,0.8,0.6,0.9,0.0,238,1243,4.42,8.23
2026-07-04 06:14:33.760,0.9,0.6,0.8,0.0,256,1242,4.16,8.25
2026-07-04 06:14:34.231,0.9,0.6,0.8,0.0,276,1242,3.87,8.25
2026-07-04 06:14:34.707,0.9,0.6,0.8,0.0,282,1243,3.78,8.23
2026-07-04 06:14:35.257,0.9,0.6,0.8,0.0,286,1242,3.72,8.25
2026-07-04 06:14:35.757,0.9,0.6,0.8,0.0,276,1240,3.87,8.28
2026-07-04 06:14:36.228,0.8,0.6,0.7,0.0,260,1242,4.10,8.25
2026-07-04 06:14:36.727,0.8,0.6,0.7,0.0,244,1245,4.34,8.20
2026-07-04 06:14:37.233,0.8,0.6,0.7,0.0,231,1242,4.53,8.25
2026-07-04 06:14:37.729,0.7,0.6,0.7,0.4,203,1240,4.94,8.28
2026-07-04 06:14:38.223,0.7,0.6,0.7,0.4,203,1240,4.94,8.28
2026-07-04 06:14:38.749,0.6,0.6,0.8,0.4,142,1243,5.83,8.23
2026-07-04 06:14:39.219,0.6,0.6,0.8,0.4,134,1240,5.95,8.28
2026-07-04 06:14:39.729,0.6,0.6,0.8,0.0,134,1240,5.95,8.28
2026-07-04 06:14:40.260,0.6,0.6,0.9,0.0,140,1243,5.86,8.23
2026-07-04 06:14:40.770,0.7,0.6,0.9,0.0,144,1241,5.80,8.26
2026-07-04 06:14:41.250,0.6,0.6,0.9,0.0,146,1241,5.77,8.26
2026-07-04 06:14:41.759,0.7,0.6,0.9,0.0,146,1241,5.77,8.26
2026-07-04 06:14:42.261,0.7,0.6,0.9,0.0,146,1241,5.77,8.26
2026-07-04 06:14:42.754,0.7,0.6,0.9,0.0,174,1240,5.36,8.28
2026-07-04 06:14:43.235,0.7,0.6,0.9,0.0,174,1240,5.36,8.28
2026-07-04 06:14:43.759,0.7,0.6,1.0,0.0,174,1240,5.36,8.28
2026-07-04 06:14:44.229,0.7,0.6,1.1,0.0,198,1240,5.01,8.28
2026-07-04 06:14:44.724,0.7,0.6,1.1,0.0,198,1240,5.01,8.28
2026-07-04 06:14:45.220,0.7,0.6,1.0,0.0,198,1240,5.01,8.28
2026-07-04 06:14:45.724,0.7,0.6,1.0,0.0,198,1240,5.01,8.28
2026-07-04 06:14:46.273,0.7,0.6,1.0,0.0,0,0,7.91,26.44
2026-07-04 06:14:46.771,0.7,0.6,1.1,0.0,0,0,7.91,26.44
2026-07-04 06:14:47.258,0.7,0.6,1.0,0.0,0,0,7.91,26.44
2026-07-04 06:14:47.775,0.7,0.6,1.0,0.0,0,0,7.91,26.44
2026-07-04 06:14:48.241,0.7,0.6,1.0,0.0,0,0,7.91,26.44
2026-07-04 06:14:48.757,0.7,0.6,1.0,0.0,0,0,7.91,26.44
2026-07-04 06:14:49.256,0.7,0.6,1.0,0.0,198,1238,5.01,8.31
2026-07-04 06:14:49.757,0.7,0.6,1.0,0.0,198,1238,5.01,8.31
2026-07-04 06:14:50.254,0.7,0.6,1.0,0.0,198,1238,5.01,8.31
2026-07-04 06:14:50.751,0.7,0.6,1.1,0.0,186,1235,5.19,8.35
2026-07-04 06:14:51.258,0.7,0.6,1.1,0.0,162,1238,5.54,8.31
2026-07-04 06:14:51.758,0.6,0.6,1.1,0.0,143,1234,5.82,8.36
2026-07-04 06:14:52.259,0.6,0.6,1.3,0.0,123,1238,6.11,8.31
2026-07-04 06:14:52.730,0.6,0.6,1.3,0.0,115,1236,6.23,8.33
2026-07-04 06:14:53.239,0.6,0.6,1.2,0.4,124,1233,6.09,8.38
2026-07-04 06:14:53.738,0.7,0.6,1.1,0.4,142,1236,5.83,8.33
2026-07-04 06:14:54.239,0.7,0.6,1.0,0.4,193,1233,5.08,8.38
2026-07-04 06:14:55.260,0.7,0.6,1.0,0.4,186,1238,5.19,8.31
2026-07-04 06:14:55.261,0.7,0.6,1.0,0.4,163,1233,5.52,8.38
2026-07-04 06:14:56.223,0.7,0.6,1.0,0.4,163,1233,5.52,8.38
2026-07-04 06:14:56.290,0.7,0.6,1.0,0.4,157,1234,5.61,8.36
2026-07-04 06:14:56.727,0.7,0.6,1.0,0.0,183,1237,5.23,8.32
2026-07-04 06:14:57.224,0.8,0.6,1.0,0.4,197,1235,5.02,8.35
2026-07-04 06:14:57.725,0.9,0.6,1.1,0.4,290,1234,3.66,8.36
2026-07-04 06:14:58.227,0.9,0.6,1.1,0.4,290,1234,3.66,8.36
2026-07-04 06:14:58.749,0.9,0.6,1.0,0.4,290,1234,3.66,8.36
2026-07-04 06:14:59.267,0.9,0.6,1.1,0.0,283,1234,3.76,8.36
2026-07-04 06:14:59.739,0.9,0.6,1.1,0.0,283,1234,3.76,8.36
2026-07-04 06:15:00.237,0.9,0.6,0.9,0.0,283,1234,3.76,8.36
2026-07-04 06:15:00.758,1.1,0.6,0.9,0.4,415,1233,1.83,8.38
2026-07-04 06:15:01.253,1.1,0.6,0.9,0.4,412,1233,1.88,8.38
2026-07-04 06:15:01.724,1.1,0.6,0.9,0.4,404,1234,1.99,8.36
2026-07-04 06:15:02.228,1.0,0.6,1.0,0.4,397,1232,2.09,8.39
2026-07-04 06:15:02.773,1.0,0.6,1.0,0.4,337,1233,2.97,8.38
2026-07-04 06:15:03.248,1.0,0.6,1.1,0.4,346,1234,2.84,8.36
2026-07-04 06:15:03.772,1.1,0.6,1.1,0.4,374,1231,2.43,8.41
2026-07-04 06:15:04.274,1.1,0.6,1.2,0.4,412,1229,1.88,8.44
2026-07-04 06:15:04.772,1.2,0.6,1.2,0.0,424,1231,1.70,8.41
2026-07-04 06:15:05.268,1.2,0.6,1.2,0.0,507,1233,0.48,8.38
2026-07-04 06:15:05.767,1.1,0.6,1.2,0.0,458,1228,1.20,8.45
2026-07-04 06:15:06.228,1.1,0.6,1.2,0.0,458,1228,1.20,8.45
2026-07-04 06:15:06.772,1.1,0.6,1.2,0.0,411,1231,1.89,8.41
2026-07-04 06:15:07.268,1.1,0.6,1.2,0.0,404,1230,1.99,8.42
2026-07-04 06:15:07.734,1.1,0.6,1.1,0.0,404,1230,1.99,8.42
2026-07-04 06:15:08.230,1.0,0.6,1.1,0.0,408,1229,1.93,8.44
2026-07-04 06:15:08.723,1.0,0.6,1.1,0.0,408,1229,1.93,8.44
2026-07-04 06:15:09.284,1.0,0.6,1.1,0.0,382,1231,2.31,8.41
2026-07-04 06:15:09.741,1.0,0.6,1.1,0.0,382,1231,2.31,8.41
2026-07-04 06:15:10.258,1.0,0.6,1.1,0.0,341,1232,2.92,8.39
2026-07-04 06:15:10.762,1.0,0.6,1.2,0.0,341,1232,2.92,8.39
2026-07-04 06:15:11.262,1.1,0.6,1.3,0.0,407,1228,1.95,8.45
2026-07-04 06:15:11.761,1.1,0.6,1.3,0.0,412,1229,1.88,8.44
2026-07-04 06:15:12.237,1.1,0.6,1.2,0.0,412,1229,1.88,8.44
2026-07-04 06:15:12.760,1.1,0.6,1.0,0.0,415,1228,1.83,8.45
2026-07-04 06:15:13.239,1.1,0.6,1.0,0.0,415,1228,1.83,8.45
2026-07-04 06:15:13.742,1.2,0.6,1.1,0.0,477,1228,0.92,8.45
2026-07-04 06:15:14.238,1.2,0.6,1.0,0.0,471,1228,1.01,8.45
2026-07-04 06:15:14.782,1.1,0.6,0.9,0.0,464,1230,1.11,8.42
2026-07-04 06:15:15.243,1.1,0.6,0.9,0.0,437,1230,1.51,8.42
2026-07-04 06:15:15.765,1.1,0.6,0.9,0.0,420,1229,1.76,8.44
2026-07-04 06:15:16.263,1.1,0.6,0.9,0.0,420,1229,1.76,8.44
2026-07-04 06:15:16.757,1.1,0.6,0.9,0.0,420,1228,1.76,8.45
2026-07-04 06:15:17.259,1.0,0.6,0.9,0.0,413,1229,1.86,8.44
2026-07-04 06:15:17.738,1.0,0.6,0.9,0.0,375,1228,2.42,8.45
2026-07-04 06:15:18.285,1.0,0.6,0.8,0.0,375,1228,2.42,8.45
2026-07-04 06:15:18.784,1.0,0.6,0.9,0.0,375,1228,2.42,8.45
2026-07-04 06:15:19.238,1.0,0.6,0.9,0.0,346,1228,2.84,8.45
2026-07-04 06:15:19.794,1.0,0.6,1.0,0.0,346,1228,2.84,8.45
2026-07-04 06:15:20.287,1.0,0.6,1.0,0.0,355,1230,2.71,8.42
2026-07-04 06:15:20.778,1.1,0.6,0.9,0.0,383,1228,2.30,8.45
2026-07-04 06:15:21.281,1.0,0.6,0.9,0.0,412,1227,1.88,8.47
2026-07-04 06:15:21.785,1.0,0.6,1.1,0.0,355,1228,2.71,8.45
2026-07-04 06:15:22.262,1.0,0.6,1.1,0.0,355,1228,2.71,8.45
2026-07-04 06:15:22.774,1.0,0.6,1.4,0.0,355,1228,2.71,8.45
2026-07-04 06:15:23.272,0.7,0.6,1.5,0.0,190,1226,5.13,8.48
2026-07-04 06:15:23.757,0.7,0.6,1.5,0.0,176,1228,5.33,8.45
2026-07-04 06:15:24.237,0.7,0.6,1.4,0.0,177,1227,5.32,8.47
2026-07-04 06:15:24.788,0.6,0.6,1.4,0.0,140,1226,5.86,8.48
2026-07-04 06:15:25.289,0.5,0.6,1.4,0.0,101,1227,6.43,8.47
2026-07-04 06:15:25.790,0.5,0.6,1.5,0.0,101,1227,6.43,8.47
2026-07-04 06:15:26.288,0.5,0.6,1.5,0.0,101,1227,6.43,8.47
2026-07-04 06:15:26.779,0.5,0.6,1.6,0.0,101,1227,6.43,8.47
2026-07-04 06:15:27.288,0.4,0.6,1.6,0.0,14,1226,7.71,8.48
2026-07-04 06:15:27.772,0.4,0.6,1.6,0.0,14,1226,7.71,8.48
2026-07-04 06:15:28.237,0.7,0.6,1.6,0.0,58,1226,7.06,8.48
2026-07-04 06:15:28.788,0.9,0.6,1.6,0.0,207,1224,4.88,8.51
2026-07-04 06:15:29.759,1.0,0.6,1.6,0.0,322,1223,3.19,8.53
2026-07-04 06:15:29.760,1.0,0.6,1.7,0.0,322,1223,3.19,8.53
2026-07-04 06:15:30.276,1.3,0.6,1.7,0.0,501,1226,0.57,8.48
2026-07-04 06:15:30.771,1.3,0.6,1.7,0.0,501,1226,0.57,8.48
2026-07-04 06:15:31.251,1.3,0.6,1.7,0.0,501,1226,0.57,8.48
2026-07-04 06:15:32.275,0.9,0.6,1.7,0.0,277,1225,3.85,8.50
2026-07-04 06:15:32.278,0.9,0.6,1.6,0.5,277,1225,3.85,8.50
2026-07-04 06:15:32.738,0.9,0.6,1.5,0.5,277,1225,3.85,8.50
2026-07-04 06:15:33.259,0.9,0.6,1.5,0.5,277,1225,3.85,8.50
2026-07-04 06:15:33.757,1.1,0.6,1.5,0.5,435,1224,1.54,8.51
2026-07-04 06:15:34.251,1.0,0.6,1.6,0.0,394,1225,2.14,8.50
2026-07-04 06:15:34.758,1.0,0.6,1.7,0.0,375,1225,2.42,8.50
2026-07-04 06:15:35.262,1.0,0.6,1.7,0.4,373,1225,2.45,8.50
2026-07-04 06:15:35.773,1.1,0.6,1.7,0.4,375,1225,2.42,8.50
2026-07-04 06:15:36.238,1.1,0.6,1.7,0.4,440,1226,1.46,8.48
2026-07-04 06:15:37.266,1.2,0.6,1.6,0.4,434,1224,1.55,8.51
2026-07-04 06:15:37.267,1.2,0.6,1.6,0.4,480,1224,0.88,8.51
2026-07-04 06:15:38.259,1.3,0.6,1.4,0.4,488,1226,0.76,8.48
2026-07-04 06:15:38.260,1.3,0.6,1.4,0.4,488,1226,0.76,8.48
2026-07-04 06:15:38.801,1.1,0.6,1.2,0.4,482,1224,0.85,8.51
2026-07-04 06:15:39.258,1.0,0.6,1.2,0.4,421,1221,1.74,8.55
2026-07-04 06:15:39.758,1.0,0.6,1.2,0.4,421,1221,1.74,8.55
2026-07-04 06:15:40.290,1.0,0.6,1.2,0.4,421,1221,1.74,8.55
2026-07-04 06:15:40.791,1.0,0.6,1.3,0.0,340,1221,2.93,8.55
2026-07-04 06:15:41.276,1.0,0.6,1.3,0.0,333,1224,3.03,8.51
2026-07-04 06:15:41.793,1.0,0.6,1.1,0.0,333,1224,3.03,8.51
2026-07-04 06:15:42.268,0.6,0.6,1.0,0.0,112,1222,6.27,8.54
2026-07-04 06:15:42.792,0.4,0.6,0.9,0.0,106,1223,6.36,8.53
2026-07-04 06:15:43.248,0.4,0.6,0.9,0.4,8,1220,7.79,8.57
2026-07-04 06:15:43.772,0.4,0.6,1.0,0.4,8,1220,7.79,8.57
2026-07-04 06:15:44.271,0.4,0.6,1.0,0.4,43,1222,7.28,8.54
2026-07-04 06:15:44.767,0.4,0.6,1.1,0.4,43,1222,7.28,8.54
2026-07-04 06:15:45.264,0.4,0.6,1.2,0.0,79,1222,6.75,8.54
2026-07-04 06:15:45.757,0.5,0.6,1.2,0.4,6,1220,7.82,8.57
2026-07-04 06:15:46.804,0.5,0.6,1.3,0.4,6,1220,7.82,8.57
2026-07-04 06:15:46.805,0.5,0.6,1.3,0.4,6,1220,7.82,8.57
2026-07-04 06:15:47.276,0.5,0.6,1.3,0.4,17,1218,7.66,8.60
2026-07-04 06:15:47.804,0.4,0.6,1.3,0.4,35,1217,7.40,8.61
2026-07-04 06:15:48.273,0.4,0.6,1.3,0.0,1,1216,7.90,8.63
2026-07-04 06:15:48.771,0.4,0.6,1.3,0.0,1,1216,7.90,8.63
2026-07-04 06:15:49.267,0.4,0.6,1.4,0.0,22,1220,7.59,8.57
2026-07-04 06:15:49.792,0.5,0.6,1.4,0.0,2,1214,7.88,8.66
2026-07-04 06:15:50.272,0.4,0.6,1.4,0.0,23,1212,7.57,8.69
2026-07-04 06:15:50.769,0.4,0.6,1.4,0.4,1,1215,7.90,8.64
2026-07-04 06:15:51.276,0.4,0.6,1.4,0.4,13,1220,7.72,8.57
2026-07-04 06:15:51.805,0.4,0.6,1.4,0.4,2,1218,7.88,8.60
2026-07-04 06:15:52.284,0.4,0.6,1.5,0.4,2,1218,7.88,8.60
2026-07-04 06:15:52.751,0.4,0.6,1.5,0.0,79,1217,6.75,8.61
2026-07-04 06:15:53.262,0.4,0.6,1.6,0.0,79,1217,6.75,8.61
2026-07-04 06:15:54.257,0.4,0.6,1.6,0.0,79,1217,6.75,8.61
2026-07-04 06:15:54.258,0.4,0.6,1.6,0.0,79,1217,6.75,8.61
2026-07-04 06:15:54.754,0.6,0.6,1.6,0.0,50,1215,7.18,8.64
2026-07-04 06:15:55.754,0.6,0.6,1.6,0.4,50,1215,7.18,8.64
2026-07-04 06:15:55.816,0.4,0.6,1.6,0.4,2,1213,7.88,8.67
2026-07-04 06:15:56.277,0.5,0.6,1.6,0.4,28,1213,7.50,8.67
2026-07-04 06:15:56.787,0.5,0.6,1.6,0.4,28,1213,7.50,8.67
2026-07-04 06:15:57.259,0.5,0.6,1.6,0.4,28,1213,7.50,8.67
2026-07-04 06:15:58.288,0.5,0.6,1.5,0.4,28,1213,7.50,8.67
2026-07-04 06:15:58.288,0.5,0.6,1.5,0.4,0,0,7.91,26.44
2026-07-04 06:15:58.796,0.5,0.6,1.5,0.4,22,1214,7.59,8.66
2026-07-04 06:15:59.262,0.5,0.6,1.5,0.0,22,1214,7.59,8.66
2026-07-04 06:15:59.789,0.5,0.6,1.5,0.0,22,1214,7.59,8.66
2026-07-04 06:16:00.287,0.4,0.6,1.5,0.0,1,1213,7.90,8.67
2026-07-04 06:16:00.786,0.4,0.6,1.3,0.4,21,1212,7.60,8.69
2026-07-04 06:16:01.276,0.4,0.6,1.3,0.4,15,1212,7.69,8.69
2026-07-04 06:16:01.790,0.4,0.6,1.3,0.4,5,1212,7.84,8.69
2026-07-04 06:16:02.273,0.4,0.6,1.2,0.4,5,1212,7.84,8.69
2026-07-04 06:16:02.760,0.4,0.6,1.2,0.4,5,1212,7.84,8.69
2026-07-04 06:16:03.258,0.5,0.6,1.3,0.4,43,1212,7.28,8.69
2026-07-04 06:16:03.756,0.5,0.6,1.3,0.4,43,1212,7.28,8.69
2026-07-04 06:16:04.263,0.5,0.6,1.3,0.4,43,1212,7.28,8.69
2026-07-04 06:16:04.774,0.4,0.6,1.3,0.4,38,1211,7.35,8.70
2026-07-04 06:16:05.272,0.4,0.6,1.2,0.4,17,1213,7.66,8.67
2026-07-04 06:16:05.804,0.4,0.6,1.2,0.4,6,1212,7.82,8.69
2026-07-04 06:16:06.311,0.4,0.6,1.1,0.4,2,1211,7.88,8.70
2026-07-04 06:16:06.761,0.4,0.6,1.1,0.4,3,1212,7.87,8.69
2026-07-04 06:16:07.288,0.4,0.6,1.1,0.0,3,1212,7.87,8.69
2026-07-04 06:16:07.785,0.4,0.6,1.1,0.0,3,1209,7.87,8.73
2026-07-04 06:16:08.277,0.4,0.6,1.1,0.0,0,1212,7.91,8.69
2026-07-04 06:16:08.791,0.4,0.6,1.1,0.4,0,1212,7.91,8.69
2026-07-04 06:16:09.285,0.4,0.6,1.1,0.4,0,1212,7.91,8.69
2026-07-04 06:16:09.788,0.4,0.6,1.1,0.4,0,1212,7.91,8.69
2026-07-04 06:16:10.775,0.4,0.6,1.1,0.4,0,1211,7.91,8.70
2026-07-04 06:16:10.848,0.4,0.6,1.0,0.4,1,1210,7.90,8.72
2026-07-04 06:16:11.266,0.4,0.6,1.0,0.0,1,1210,7.90,8.72
2026-07-04 06:16:11.821,0.5,0.6,1.0,0.0,5,1212,7.84,8.69
2026-07-04 06:16:12.284,0.4,0.6,1.0,0.0,30,1210,7.47,8.72
2026-07-04 06:16:12.822,0.4,0.6,1.0,0.0,30,1210,7.47,8.72
2026-07-04 06:16:13.258,0.4,0.6,1.0,0.0,2,1212,7.88,8.69
2026-07-04 06:16:14.272,0.4,0.6,1.0,0.0,4,1210,7.85,8.72
2026-07-04 06:16:14.272,0.4,0.6,1.0,0.4,4,1210,7.85,8.72
2026-07-04 06:16:14.769,0.5,0.6,1.0,0.4,15,1212,7.69,8.69
2026-07-04 06:16:15.308,0.4,0.6,1.1,0.4,25,1210,7.54,8.72
2026-07-04 06:16:15.771,0.4,0.6,1.1,0.4,1,1211,7.90,8.70
2026-07-04 06:16:16.271,0.4,0.6,1.1,0.4,0,1210,7.91,8.72
2026-07-04 06:16:16.771,0.4,0.6,1.1,0.4,0,1211,7.91,8.70
2026-07-04 06:16:17.269,0.4,0.6,1.1,0.4,0,1207,7.91,8.76
2026-07-04 06:16:17.767,0.4,0.6,1.0,0.4,0,1207,7.91,8.76
2026-07-04 06:16:18.288,0.4,0.6,1.0,0.4,1,1207,7.90,8.76
2026-07-04 06:16:18.788,0.4,0.6,1.0,0.4,1,1207,7.90,8.76
2026-07-04 06:16:19.318,0.4,0.6,1.0,0.4,1,1207,7.90,8.76
2026-07-04 06:16:19.804,0.4,0.6,1.1,0.4,0,1209,7.91,8.73
2026-07-04 06:16:20.282,0.4,0.6,1.1,0.4,0,1209,7.91,8.73
2026-07-04 06:16:20.789,0.4,0.6,1.1,0.0,0,1209,7.91,8.73
2026-07-04 06:16:21.276,0.4,0.6,1.1,0.4,0,1209,7.91,8.73
2026-07-04 06:16:21.772,0.4,0.6,1.1,0.4,1,1210,7.90,8.72
2026-07-04 06:16:22.272,0.4,0.6,1.1,0.4,1,1210,7.90,8.72
2026-07-04 06:16:22.771,0.4,0.6,1.1,0.4,4,1210,7.85,8.72
2026-07-04 06:16:23.331,0.4,0.6,1.2,0.4,1,1210,7.90,8.72
2026-07-04 06:16:23.814,0.4,0.6,1.3,0.4,1,1210,7.90,8.72
2026-07-04 06:16:24.279,0.4,0.6,1.3,0.4,1,1210,7.90,8.72
2026-07-04 06:16:24.781,0.4,0.6,1.4,0.4,1,1210,7.90,8.72
2026-07-04 06:16:25.293,0.4,0.6,1.4,0.4,1,1209,7.90,8.73
2026-07-04 06:16:25.791,0.4,0.6,1.5,0.4,2,1209,7.88,8.73
2026-07-04 06:16:26.286,0.4,0.6,1.5,0.4,0,1208,7.91,8.75
2026-07-04 06:16:27.277,0.4,0.6,1.6,0.4,2,1209,7.88,8.73
2026-07-04 06:16:27.279,0.5,0.6,1.6,0.4,2,1207,7.88,8.76
2026-07-04 06:16:27.790,0.6,0.6,1.6,0.4,65,1207,6.96,8.76
2026-07-04 06:16:28.332,0.6,0.6,1.5,0.4,124,1209,6.09,8.73
2026-07-04 06:16:28.772,0.5,0.6,1.4,0.4,71,1207,6.87,8.76
2026-07-04 06:16:29.269,0.6,0.6,1.4,0.4,78,1208,6.77,8.75
2026-07-04 06:16:29.822,0.7,0.6,1.3,0.4,148,1209,5.74,8.73
2026-07-04 06:16:30.289,0.8,0.6,1.3,0.4,170,1208,5.42,8.75
2026-07-04 06:16:30.790,1.0,0.6,1.3,0.4,245,1204,4.32,8.80
2026-07-04 06:16:31.291,1.1,0.6,1.3,0.4,374,1206,2.43,8.77
2026-07-04 06:16:31.791,1.0,0.6,1.3,0.4,398,1208,2.08,8.75
2026-07-04 06:16:32.291,0.8,0.6,1.3,0.4,359,1203,2.65,8.82
2026-07-04 06:16:32.787,0.4,0.6,1.4,0.4,150,1203,5.71,8.82
2026-07-04 06:16:33.310,0.4,0.6,1.4,0.4,4,1204,7.85,8.80
2026-07-04 06:16:33.836,0.4,0.6,1.4,0.4,2,1206,7.88,8.77
2026-07-04 06:16:34.331,0.4,0.6,1.4,0.4,23,1204,7.57,8.80
2026-07-04 06:16:34.770,0.4,0.6,1.5,0.4,12,1205,7.73,8.79
2026-07-04 06:16:35.321,0.4,0.6,1.5,0.4,1,1203,7.90,8.82
2026-07-04 06:16:35.783,0.4,0.6,1.6,0.4,1,1207,7.90,8.76
2026-07-04 06:16:36.314,0.4,0.6,1.6,0.4,2,1197,7.88,8.91
2026-07-04 06:16:36.812,0.4,0.6,1.5,0.4,1,1203,7.90,8.82
2026-07-04 06:16:37.289,0.4,0.6,1.5,0.4,2,1204,7.88,8.80
2026-07-04 06:16:37.772,0.4,0.6,1.3,0.4,1,1201,7.90,8.85
2026-07-04 06:16:38.333,0.4,0.6,1.3,0.4,0,1197,7.91,8.91
2026-07-04 06:16:38.771,0.4,0.6,1.3,0.4,0,1201,7.91,8.85
2026-07-04 06:16:39.308,0.4,0.6,1.3,0.4,2,1201,7.88,8.85
2026-07-04 06:16:39.804,0.4,0.6,1.3,0.4,1,1203,7.90,8.82
2026-07-04 06:16:40.318,0.4,0.6,1.3,0.4,6,1203,7.82,8.82
2026-07-04 06:16:40.820,0.4,0.6,1.2,0.4,1,1201,7.90,8.85
2026-07-04 06:16:41.306,0.4,0.6,1.2,0.4,2,1201,7.88,8.85
2026-07-04 06:16:41.801,0.4,0.6,1.2,0.4,1,1201,7.90,8.85
2026-07-04 06:16:42.287,0.4,0.6,1.2,0.4,1,1201,7.90,8.85
2026-07-04 06:16:42.791,0.4,0.6,1.2,0.4,1,1202,7.90,8.83
2026-07-04 06:16:43.320,0.4,0.6,1.2,0.4,0,1200,7.91,8.86
2026-07-04 06:16:43.812,0.4,0.6,1.2,0.4,0,1202,7.91,8.83
2026-07-04 06:16:44.288,0.4,0.6,1.2,0.4,2,1198,7.88,8.89
2026-07-04 06:16:44.818,0.4,0.6,1.2,0.4,4,1194,7.85,8.95
2026-07-04 06:16:45.290,0.4,0.6,1.2,0.4,2,1664,7.88,2.07
2026-07-04 06:16:45.788,0.4,0.6,1.2,0.4,2,1202,7.88,8.83
2026-07-04 06:16:46.317,0.4,0.6,1.2,0.4,2,1202,7.88,8.83
2026-07-04 06:16:46.806,0.4,0.6,1.2,0.4,2,1202,7.88,8.83
2026-07-04 06:16:47.303,0.4,0.6,1.1,0.4,2,1199,7.88,8.88
2026-07-04 06:16:47.797,0.4,0.6,1.1,0.4,16,1198,7.68,8.89
2026-07-04 06:16:48.317,0.4,0.6,1.1,0.4,1,1199,7.90,8.88
2026-07-04 06:16:48.810,0.4,0.6,1.1,0.4,1,1199,7.90,8.88
2026-07-04 06:16:49.318,0.4,0.6,1.0,0.4,0,1197,7.91,8.91
2026-07-04 06:16:49.816,0.4,0.6,0.9,0.4,0,1196,7.91,8.92
2026-07-04 06:16:50.317,0.4,0.6,0.9,0.4,0,1196,7.91,8.92
2026-07-04 06:16:50.818,0.4,0.6,1.1,0.4,0,1196,7.91,8.92
2026-07-04 06:16:51.316,0.4,0.6,1.0,0.4,0,1196,7.91,8.92
2026-07-04 06:16:51.804,0.4,0.6,1.0,0.4,1,1197,7.90,8.91
2026-07-04 06:16:52.319,0.4,0.6,1.1,0.4,0,1199,7.91,8.88
2026-07-04 06:16:52.818,0.4,0.6,1.1,0.4,1,1196,7.90,8.92
2026-07-04 06:16:53.338,0.4,0.6,1.2,0.4,0,1196,7.91,8.92
2026-07-04 06:16:53.818,0.4,0.6,1.2,0.4,0,1196,7.91,8.92
2026-07-04 06:16:54.308,0.4,0.6,1.2,0.4,0,1196,7.91,8.92
2026-07-04 06:16:54.779,0.4,0.6,1.3,0.4,0,1196,7.91,8.92
2026-07-04 06:16:55.289,0.4,0.6,1.3,0.4,0,1195,7.91,8.94
2026-07-04 06:16:55.788,0.4,0.6,1.4,0.4,0,1195,7.91,8.94
2026-07-04 06:16:56.309,0.4,0.6,1.6,0.4,0,1195,7.91,8.94
2026-07-04 06:16:56.812,0.4,0.6,1.7,0.4,0,1195,7.91,8.94
2026-07-04 06:16:57.308,0.4,0.6,1.7,0.4,0,1196,7.91,8.92
2026-07-04 06:16:57.814,0.4,0.6,1.8,0.4,0,1196,7.91,8.92
2026-07-04 06:16:58.309,0.4,0.6,1.8,0.4,0,1196,7.91,8.92
2026-07-04 06:16:58.817,0.4,0.6,1.7,0.4,0,1195,7.91,8.94
2026-07-04 06:16:59.318,0.4,0.6,1.7,0.4,0,1195,7.91,8.94
2026-07-04 06:16:59.787,0.4,0.6,1.7,0.4,0,1197,7.91,8.91
2026-07-04 06:17:00.332,0.4,0.6,1.6,0.4,0,1196,7.91,8.92
2026-07-04 06:17:00.834,0.4,0.6,1.6,0.4,0,1196,7.91,8.92
2026-07-04 06:17:01.331,0.4,0.6,1.5,0.4,0,1196,7.91,8.92
2026-07-04 06:17:01.811,0.4,0.6,1.5,0.4,0,1192,7.91,8.98
2026-07-04 06:17:02.317,0.4,0.6,1.4,0.4,0,1196,7.91,8.92
2026-07-04 06:17:02.818,0.4,0.6,1.4,0.4,0,1192,7.91,8.98
2026-07-04 06:17:03.334,0.4,0.6,1.4,0.4,0,1195,7.91,8.94
2026-07-04 06:17:03.831,0.4,0.6,1.3,0.4,0,1193,7.91,8.96
2026-07-04 06:17:04.342,0.4,0.6,1.4,0.4,0,1194,7.91,8.95
2026-07-04 06:17:04.788,0.4,0.6,1.6,0.4,0,1194,7.91,8.95
2026-07-04 06:17:05.307,0.4,0.6,1.6,0.4,0,1195,7.91,8.94
2026-07-04 06:17:05.803,0.4,0.6,1.7,0.4,0,1195,7.91,8.94
2026-07-04 06:17:06.847,0.4,0.6,1.7,0.4,0,1195,7.91,8.94
2026-07-04 06:17:06.848,0.4,0.6,1.7,0.4,0,1193,7.91,8.96
2026-07-04 06:17:07.309,0.4,0.6,1.8,0.4,1,1193,7.90,8.96
2026-07-04 06:17:07.811,0.4,0.6,1.7,0.4,6,1192,7.82,8.98
2026-07-04 06:17:08.317,0.4,0.6,1.7,0.4,6,1192,7.82,8.98
2026-07-04 06:17:08.788,0.4,0.6,1.5,0.4,2,1193,7.88,8.96
2026-07-04 06:17:09.335,0.4,0.6,1.5,0.4,2,1193,7.88,8.96
2026-07-04 06:17:09.833,0.4,0.6,1.5,0.4,1,1193,7.90,8.96
2026-07-04 06:17:10.308,0.4,0.6,1.4,0.4,0,1190,7.91,9.01
2026-07-04 06:17:10.847,0.4,0.6,1.4,0.4,0,1192,7.91,8.98
2026-07-04 06:17:11.294,0.4,0.6,1.3,0.4,0,1190,7.91,9.01
2026-07-04 06:17:11.820,0.4,0.6,1.3,0.4,0,1192,7.91,8.98
2026-07-04 06:17:12.316,0.4,0.6,1.4,0.4,2,1191,7.88,8.99
2026-07-04 06:17:12.808,0.4,0.6,1.4,0.4,2,1191,7.88,8.99
2026-07-04 06:17:13.308,0.4,0.6,1.4,0.4,0,1189,7.91,9.02
2026-07-04 06:17:13.822,0.4,0.6,1.4,0.4,0,1189,7.91,9.02
2026-07-04 06:17:14.318,0.4,0.6,1.3,0.4,0,1187,7.91,9.05
2026-07-04 06:17:14.821,0.4,0.6,1.3,0.4,0,1187,7.91,9.05
2026-07-04 06:17:15.344,0.4,0.6,1.3,0.4,0,1187,7.91,9.05
2026-07-04 06:17:16.332,0.4,0.6,1.3,0.4,0,1187,7.91,9.05
2026-07-04 06:17:16.332,0.4,0.6,1.3,0.4,0,0,7.91,26.44
2026-07-04 06:17:16.803,0.4,0.6,1.3,0.4,0,0,7.91,26.44
2026-07-04 06:17:17.303,0.4,0.6,1.3,0.4,0,0,7.91,26.44
2026-07-04 06:17:17.814,0.4,0.6,1.3,0.4,0,1185,7.91,9.08
2026-07-04 06:17:18.317,0.4,0.6,1.4,0.4,8,1182,7.79,9.13
2026-07-04 06:17:18.818,0.4,0.6,1.3,0.0,8,1182,7.79,9.13
2026-07-04 06:17:19.318,0.4,0.6,1.3,0.4,8,1182,7.79,9.13
2026-07-04 06:17:19.804,1.3,0.6,1.3,0.4,677,1187,-2.01,9.05
2026-07-04 06:17:20.318,1.1,0.6,1.4,0.4,529,1187,0.16,9.05
2026-07-04 06:17:20.848,1.1,0.6,1.5,0.4,529,1187,0.16,9.05
2026-07-04 06:17:21.819,0.8,0.6,1.5,0.4,322,1185,3.19,9.08
2026-07-04 06:17:21.821,0.7,0.6,1.5,0.4,247,1179,4.29,9.17
2026-07-04 06:17:22.345,0.4,0.6,1.5,0.4,123,1186,6.11,9.07
2026-07-04 06:17:22.831,0.5,0.6,1.5,0.4,35,1187,7.40,9.05
2026-07-04 06:17:23.339,0.6,0.6,1.6,0.4,88,1187,6.62,9.05
2026-07-04 06:17:23.839,0.6,0.6,1.6,0.4,88,1187,6.62,9.05
2026-07-04 06:17:24.350,0.4,0.6,1.6,0.4,49,1184,7.19,9.10
2026-07-04 06:17:24.836,0.4,0.6,1.6,0.4,17,1182,7.66,9.13
2026-07-04 06:17:25.332,0.6,0.6,1.4,0.4,33,1181,7.43,9.14
2026-07-04 06:17:25.804,0.6,0.6,1.4,0.4,33,1181,7.43,9.14
2026-07-04 06:17:26.318,0.6,0.6,1.2,0.4,108,1184,6.33,9.10
2026-07-04 06:17:27.318,0.6,0.6,1.0,0.4,97,1183,6.49,9.11
2026-07-04 06:17:27.318,0.6,0.6,1.0,0.4,97,1183,6.49,9.11
2026-07-04 06:17:27.816,0.6,0.6,1.0,0.4,85,1180,6.67,9.16
2026-07-04 06:17:28.343,0.6,0.6,1.1,0.0,85,1180,6.67,9.16
2026-07-04 06:17:28.807,0.6,0.6,1.2,0.0,85,1180,6.67,9.16
2026-07-04 06:17:29.309,0.4,0.6,1.1,0.4,2,1183,7.88,9.11
2026-07-04 06:17:29.810,0.4,0.6,1.2,0.4,2,1183,7.88,9.11
2026-07-04 06:17:30.317,0.5,0.6,1.1,0.4,57,1179,7.08,9.17
2026-07-04 06:17:30.804,0.5,0.6,1.2,0.4,70,1181,6.88,9.14
2026-07-04 06:17:31.300,0.4,0.6,1.4,0.4,42,1180,7.29,9.16
2026-07-04 06:17:31.804,0.5,0.6,1.4,0.4,23,1178,7.57,9.18
2026-07-04 06:17:32.331,0.5,0.6,1.4,0.4,23,1178,7.57,9.18
2026-07-04 06:17:32.833,0.5,0.6,1.4,0.4,23,1178,7.57,9.18
2026-07-04 06:17:33.319,0.4,0.6,1.4,0.4,0,1180,7.91,9.16
2026-07-04 06:17:33.830,0.4,0.6,1.4,0.4,0,1180,7.91,9.16
2026-07-04 06:17:34.332,0.6,0.6,1.4,0.4,64,1181,6.97,9.14
2026-07-04 06:17:34.848,0.8,0.6,1.5,0.4,124,1179,6.09,9.17
2026-07-04 06:17:35.317,0.9,0.6,1.5,0.4,215,1181,4.76,9.14
2026-07-04 06:17:35.837,0.8,0.6,1.5,0.4,279,1179,3.82,9.17
2026-07-04 06:17:36.331,0.7,0.6,1.5,0.4,243,1179,4.35,9.17
2026-07-04 06:17:36.868,0.7,0.6,1.4,0.4,183,1179,5.23,9.17
2026-07-04 06:17:37.303,0.7,0.6,1.4,0.4,183,1179,5.23,9.17
2026-07-04 06:17:37.865,0.6,0.6,1.4,0.4,113,1177,6.25,9.20
2026-07-04 06:17:38.360,0.6,0.6,1.4,0.4,113,1177,6.25,9.20
2026-07-04 06:17:38.820,0.6,0.6,1.5,0.4,113,1177,6.25,9.20
2026-07-04 06:17:39.305,0.9,0.6,1.5,0.4,259,1177,4.12,9.20
2026-07-04 06:17:39.863,0.9,0.6,1.5,0.4,297,1177,3.56,9.20
2026-07-04 06:17:40.309,0.9,0.6,1.5,0.4,281,1177,3.79,9.20
2026-07-04 06:17:40.837,0.9,0.6,1.4,0.4,295,1176,3.59,9.21
2026-07-04 06:17:41.332,0.9,0.6,1.3,0.4,286,1178,3.72,9.18
2026-07-04 06:17:41.831,0.9,0.6,1.3,0.4,286,1179,3.72,9.17
2026-07-04 06:17:42.316,0.8,0.6,1.3,0.4,262,1177,4.07,9.20
2026-07-04 06:17:42.844,0.8,0.6,1.3,0.4,262,1177,4.07,9.20
2026-07-04 06:17:43.870,0.4,0.6,1.4,0.4,164,1176,5.51,9.21
2026-07-04 06:17:43.871,0.4,0.6,1.4,0.4,164,1176,5.51,9.21
2026-07-04 06:17:44.364,0.4,0.6,1.5,0.4,42,1177,7.29,9.20
2026-07-04 06:17:44.844,0.4,0.6,1.5,0.4,21,1178,7.60,9.18
2026-07-04 06:17:45.340,0.4,0.6,1.5,0.4,21,1178,7.60,9.18
2026-07-04 06:17:45.867,0.4,0.6,1.5,0.4,1,1176,7.90,9.21
2026-07-04 06:17:46.332,0.4,0.6,1.5,0.4,0,1176,7.91,9.21
2026-07-04 06:17:46.848,0.4,0.6,1.5,0.4,0,1178,7.91,9.18
2026-07-04 06:17:47.349,0.4,0.6,1.4,0.4,1,1177,7.90,9.20
2026-07-04 06:17:48.365,0.4,0.6,1.4,0.4,0,1176,7.91,9.21
2026-07-04 06:17:48.365,0.4,0.6,1.4,0.4,0,1175,7.91,9.23
2026-07-04 06:17:48.866,0.4,0.6,1.4,0.4,1,1175,7.90,9.23
2026-07-04 06:17:49.359,0.4,0.6,1.4,0.4,0,1175,7.91,9.23
2026-07-04 06:17:49.869,0.4,0.6,1.3,0.4,0,1175,7.91,9.23
2026-07-04 06:17:50.833,0.4,0.6,1.3,0.4,0,1175,7.91,9.23
2026-07-04 06:17:50.834,0.4,0.6,1.3,0.4,0,1177,7.91,9.20
2026-07-04 06:17:51.313,0.5,0.6,1.3,0.4,0,1175,7.91,9.23
2026-07-04 06:17:51.813,0.6,0.6,1.3,0.4,63,1175,6.99,9.23
2026-07-04 06:17:52.331,0.5,0.6,1.2,0.4,109,1176,6.31,9.21
2026-07-04 06:17:52.867,0.5,0.6,1.2,0.4,109,1176,6.31,9.21
2026-07-04 06:17:53.350,0.5,0.6,1.2,0.4,66,1173,6.94,9.26
2026-07-04 06:17:53.849,0.5,0.6,1.2,0.4,66,1173,6.94,9.26
2026-07-04 06:17:54.348,0.6,0.6,1.2,0.4,94,1169,6.53,9.32
2026-07-04 06:17:54.820,0.6,0.6,1.2,0.4,94,1169,6.53,9.32
2026-07-04 06:17:55.318,0.6,0.6,1.2,0.4,94,1169,6.53,9.32
2026-07-04 06:17:56.365,0.7,0.6,1.1,0.4,209,1690,4.85,1.68
2026-07-04 06:17:56.365,0.7,0.6,1.0,0.4,209,1170,4.85,9.30
2026-07-04 06:17:56.861,0.7,0.6,1.0,0.4,209,1170,4.85,9.30
2026-07-04 06:17:57.310,0.7,0.6,1.0,0.4,209,1170,4.85,9.30
2026-07-04 06:17:57.850,0.4,0.6,1.0,0.4,9,1168,7.78,9.33
2026-07-04 06:17:58.349,0.5,0.6,1.0,0.4,29,1170,7.49,9.30
2026-07-04 06:17:59.337,0.6,0.6,1.0,0.4,74,1168,6.83,9.33
2026-07-04 06:17:59.338,0.4,0.6,1.0,0.4,111,1169,6.28,9.32
2026-07-04 06:17:59.850,0.5,0.6,1.0,0.4,22,1167,7.59,9.35
2026-07-04 06:18:00.348,0.4,0.6,1.0,0.4,36,1167,7.38,9.35
2026-07-04 06:18:00.848,0.4,0.6,1.0,0.4,36,1167,7.38,9.35
2026-07-04 06:18:01.337,0.4,0.6,1.0,0.4,0,1167,7.91,9.35
2026-07-04 06:18:01.851,0.5,0.6,0.9,0.4,8,1169,7.79,9.32
2026-07-04 06:18:02.318,0.4,0.6,0.9,0.4,33,1167,7.43,9.35
2026-07-04 06:18:02.818,0.5,0.6,0.9,0.4,1,1166,7.90,9.36
2026-07-04 06:18:03.317,0.4,0.6,0.9,0.4,6,1166,7.82,9.36
2026-07-04 06:18:03.879,0.4,0.6,0.9,0.4,6,1166,7.82,9.36
2026-07-04 06:18:04.379,0.4,0.6,0.9,0.4,4,1166,7.85,9.36
2026-07-04 06:18:04.878,0.4,0.6,0.9,0.4,10,1167,7.76,9.35
2026-07-04 06:18:05.379,0.4,0.6,1.0,0.4,10,1167,7.76,9.35
2026-07-04 06:18:05.879,0.4,0.6,1.0,0.4,16,1167,7.68,9.35
2026-07-04 06:18:06.379,0.4,0.6,1.0,0.4,9,1164,7.78,9.39
2026-07-04 06:18:06.849,0.5,0.6,1.1,0.4,12,1165,7.73,9.38
2026-07-04 06:18:07.348,0.5,0.6,1.1,0.4,12,1165,7.73,9.38
2026-07-04 06:18:07.849,0.4,0.6,1.1,0.4,0,1164,7.91,9.39
2026-07-04 06:18:08.363,0.4,0.6,1.2,0.4,1,1163,7.90,9.40
2026-07-04 06:18:08.861,0.4,0.6,1.2,0.4,1,1163,7.90,9.40
2026-07-04 06:18:09.363,0.4,0.6,1.2,0.4,1,1163,7.90,9.40
2026-07-04 06:18:09.867,0.4,0.6,1.2,0.4,1,1163,7.90,9.40
2026-07-04 06:18:10.379,0.4,0.6,1.1,0.4,34,1163,7.41,9.40
2026-07-04 06:18:10.869,0.4,0.6,1.1,0.4,3,1162,7.87,9.42
2026-07-04 06:18:11.368,0.4,0.6,1.1,0.4,9,1164,7.78,9.39
2026-07-04 06:18:11.867,0.4,0.6,1.1,0.4,0,1163,7.91,9.40
2026-07-04 06:18:12.351,0.5,0.6,1.1,0.4,20,1163,7.62,9.40
2026-07-04 06:18:12.842,0.5,0.6,1.1,0.4,60,1162,7.03,9.42
2026-07-04 06:18:13.341,0.6,0.6,1.1,0.4,82,1163,6.71,9.40
2026-07-04 06:18:13.839,0.6,0.6,1.1,0.4,82,1163,6.71,9.40
2026-07-04 06:18:14.331,0.9,0.6,1.0,0.4,213,1162,4.79,9.42
2026-07-04 06:18:14.878,0.9,0.6,1.0,0.4,213,1162,4.79,9.42
2026-07-04 06:18:15.368,0.9,0.6,1.0,0.4,213,1162,4.79,9.42
2026-07-04 06:18:15.828,0.6,0.6,1.0,0.4,15,1162,7.69,9.42
2026-07-04 06:18:16.350,0.4,0.6,0.9,0.4,94,1162,6.53,9.42
2026-07-04 06:18:16.848,0.4,0.6,0.9,0.4,94,1162,6.53,9.42
2026-07-04 06:18:17.351,0.4,0.6,0.8,0.4,94,1162,6.53,9.42
2026-07-04 06:18:17.847,0.4,0.6,0.8,0.4,94,1162,6.53,9.42
2026-07-04 06:18:18.380,0.9,0.6,0.8,0.4,192,1161,5.10,9.43
2026-07-04 06:18:19.375,0.9,0.6,0.8,0.4,266,1161,4.01,9.43
2026-07-04 06:18:19.375,0.9,0.6,0.8,0.4,266,1161,4.01,9.43
2026-07-04 06:18:19.869,0.9,0.6,0.8,0.4,266,1161,4.01,9.43
2026-07-04 06:18:20.380,0.4,0.6,0.8,0.4,1,1799,7.90,0.09
2026-07-04 06:18:20.868,0.4,0.6,0.9,0.4,1,1161,7.90,9.43
2026-07-04 06:18:21.366,0.4,0.6,0.9,0.4,15,1161,7.69,9.43
2026-07-04 06:18:21.865,0.5,0.6,0.9,0.4,6,1160,7.82,9.45
2026-07-04 06:18:22.360,0.6,0.6,0.9,0.4,45,1161,7.25,9.43
2026-07-04 06:18:22.869,0.5,0.6,0.9,0.4,90,1161,6.59,9.43
2026-07-04 06:18:23.337,0.6,0.6,0.9,0.4,79,1160,6.75,9.45
2026-07-04 06:18:23.831,0.6,0.6,0.9,0.4,79,1160,6.75,9.45
2026-07-04 06:18:24.345,0.5,0.6,0.9,0.4,106,1162,6.36,9.42
2026-07-04 06:18:24.848,0.6,0.6,0.9,0.4,85,1159,6.67,9.46
2026-07-04 06:18:25.377,0.6,0.6,0.9,0.4,85,1159,6.67,9.46
2026-07-04 06:18:25.867,0.6,0.6,0.9,0.4,85,1159,6.67,9.46
2026-07-04 06:18:26.363,0.4,0.6,1.0,0.4,39,1159,7.34,9.46
2026-07-04 06:18:26.872,0.4,0.6,1.1,0.4,0,1157,7.91,9.49
2026-07-04 06:18:27.385,0.4,0.6,1.1,0.4,0,1155,7.91,9.52
2026-07-04 06:18:27.868,0.4,0.6,1.1,0.4,5,1154,7.84,9.54
2026-07-04 06:18:28.375,0.4,0.6,1.1,0.4,2,1158,7.88,9.48
2026-07-04 06:18:28.860,0.4,0.6,1.1,0.4,0,1156,7.91,9.51
2026-07-04 06:18:29.338,0.4,0.6,1.1,0.4,4,1153,7.85,9.55
2026-07-04 06:18:29.859,0.4,0.6,1.0,0.4,4,1153,7.85,9.55
2026-07-04 06:18:30.374,0.4,0.6,1.0,0.4,2,1150,7.88,9.59
2026-07-04 06:18:30.868,0.4,0.6,1.0,0.4,0,1155,7.91,9.52
2026-07-04 06:18:31.370,0.4,0.6,1.0,0.4,0,1151,7.91,9.58
2026-07-04 06:18:31.835,0.4,0.6,1.0,0.4,1,1154,7.90,9.54
2026-07-04 06:18:32.395,0.4,0.6,1.0,0.4,4,1152,7.85,9.57
2026-07-04 06:18:32.877,0.4,0.6,1.0,0.4,1,1153,7.90,9.55
2026-07-04 06:18:33.339,0.4,0.6,1.0,0.4,0,1155,7.91,9.52
2026-07-04 06:18:34.379,0.4,0.6,1.0,0.4,0,1152,7.91,9.57
2026-07-04 06:18:34.381,0.4,0.6,1.1,0.4,0,1155,7.91,9.52
2026-07-04 06:18:34.864,0.4,0.6,1.1,0.4,0,1155,7.91,9.52
2026-07-04 06:18:35.849,0.4,0.6,1.1,0.4,0,1155,7.91,9.52
2026-07-04 06:18:35.850,0.4,0.6,1.1,0.4,0,1150,7.91,9.59
2026-07-04 06:18:36.351,0.4,0.6,1.1,0.4,0,1150,7.91,9.59
2026-07-04 06:18:36.849,0.4,0.6,1.1,0.4,0,1150,7.91,9.59
2026-07-04 06:18:37.348,0.4,0.6,1.1,0.4,0,1150,7.91,9.59
2026-07-04 06:18:37.847,0.5,0.6,1.0,0.4,1,1151,7.90,9.58
2026-07-04 06:18:38.391,0.5,0.6,1.0,0.4,1,1151,7.90,9.58
2026-07-04 06:18:38.838,0.4,0.6,1.0,0.4,8,1147,7.79,9.64
2026-07-04 06:18:39.381,0.4,0.6,1.0,0.4,8,1147,7.79,9.64
2026-07-04 06:18:39.878,0.4,0.6,1.0,0.4,1,1147,7.90,9.64
2026-07-04 06:18:40.365,0.4,0.6,0.9,0.4,1,1148,7.90,9.62
2026-07-04 06:18:40.893,0.4,0.6,0.9,0.4,1,1148,7.90,9.62
2026-07-04 06:18:41.375,0.4,0.6,0.9,0.4,1,1148,7.90,9.62
2026-07-04 06:18:41.870,0.4,0.6,0.9,0.4,0,1147,7.91,9.64
2026-07-04 06:18:42.380,0.4,0.6,0.9,0.4,0,1688,7.91,1.71
2026-07-04 06:18:42.879,0.4,0.6,0.9,0.4,0,1147,7.91,9.64
2026-07-04 06:18:43.379,0.4,0.6,1.0,0.4,0,1149,7.91,9.61
2026-07-04 06:18:43.865,0.4,0.6,1.1,0.4,1,1144,7.90,9.68
2026-07-04 06:18:44.363,0.4,0.6,1.1,0.4,0,1149,7.91,9.61
2026-07-04 06:18:44.888,0.4,0.6,1.2,0.4,0,1149,7.91,9.61
2026-07-04 06:18:45.378,0.4,0.6,1.2,0.4,0,1146,7.91,9.65
2026-07-04 06:18:45.879,0.4,0.6,1.1,0.4,0,1146,7.91,9.65
2026-07-04 06:18:46.347,0.4,0.6,1.1,0.4,0,1146,7.91,9.65
2026-07-04 06:18:46.896,0.4,0.6,1.1,0.4,0,1146,7.91,9.65
2026-07-04 06:18:47.388,0.4,0.6,1.0,0.4,0,0,7.91,26.44
2026-07-04 06:18:47.843,0.4,0.6,1.0,0.4,0,1146,7.91,9.65
2026-07-04 06:18:48.387,0.4,0.6,1.1,0.4,0,1145,7.91,9.67
2026-07-04 06:18:48.841,0.4,0.6,1.0,0.4,0,1145,7.91,9.67
2026-07-04 06:18:49.385,0.4,0.6,1.0,0.4,0,1145,7.91,9.67
2026-07-04 06:18:49.869,0.5,0.6,1.0,0.4,8,1144,7.79,9.68
2026-07-04 06:18:50.399,0.5,0.6,1.0,0.4,32,1143,7.44,9.70
2026-07-04 06:18:51.052,0.6,0.7,0.7,0.4,32,1143,7.44,9.70
2026-07-04 06:18:51.340,0.6,0.7,1.0,0.4,79,1143,6.75,9.70
2026-07-04 06:18:51.398,0.6,0.7,1.0,0.4,118,1141,6.18,9.73
2026-07-04 06:18:51.868,0.6,0.7,1.0,0.4,118,1141,6.18,9.73
2026-07-04 06:18:52.364,0.6,0.7,1.0,0.4,118,1141,6.18,9.73
2026-07-04 06:18:52.863,0.4,0.7,1.1,0.4,34,1143,7.41,9.70
2026-07-04 06:18:53.391,0.4,0.7,1.1,0.4,34,1143,7.41,9.70
2026-07-04 06:18:53.899,0.4,0.7,1.1,0.4,0,1141,7.91,9.73
2026-07-04 06:18:54.349,0.4,0.7,1.1,0.4,0,1140,7.91,9.74
2026-07-04 06:18:54.848,0.4,0.7,1.1,0.4,0,1140,7.91,9.74
2026-07-04 06:18:55.348,0.4,0.7,1.0,0.4,0,1141,7.91,9.73
2026-07-04 06:18:55.897,0.4,0.7,0.9,0.4,0,1139,7.91,9.76
2026-07-04 06:18:56.392,0.4,0.7,0.8,0.4,0,1136,7.91,9.80
2026-07-04 06:18:56.891,0.4,0.7,0.8,0.4,1,1138,7.90,9.77
2026-07-04 06:18:57.398,0.4,0.7,0.9,0.4,0,1137,7.91,9.79
2026-07-04 06:18:57.849,0.4,0.7,1.0,0.4,2,1138,7.88,9.77
2026-07-04 06:18:58.383,0.4,0.7,0.9,0.4,0,1140,7.91,9.74
2026-07-04 06:18:58.868,0.4,0.7,0.9,0.4,0,1872,7.91,-0.98
2026-07-04 06:18:59.363,0.4,0.7,1.0,0.4,0,1137,7.91,9.79
2026-07-04 06:18:59.890,0.4,0.7,1.1,0.4,0,1137,7.91,9.79
2026-07-04 06:19:00.348,0.4,0.7,1.3,0.4,0,1872,7.91,-0.98
2026-07-04 06:19:00.878,0.4,0.7,1.4,0.4,0,1872,7.91,-0.98
2026-07-04 06:19:01.347,0.4,0.7,1.4,0.4,0,1132,7.91,9.86
2026-07-04 06:19:01.897,0.4,0.7,1.4,0.4,0,1872,7.91,-0.98
2026-07-04 06:19:02.377,0.4,0.7,1.4,0.4,0,1133,7.91,9.84
2026-07-04 06:19:02.897,0.4,0.7,1.4,0.4,0,1872,7.91,-0.98
2026-07-04 06:19:03.369,0.4,0.7,1.4,0.4,0,1872,7.91,-0.98
2026-07-04 06:19:03.897,0.4,0.7,1.4,0.4,0,1873,7.91,-1.00
2026-07-04 06:19:04.396,0.4,0.7,1.5,0.4,0,1873,7.91,-1.00
2026-07-04 06:19:04.895,0.4,0.7,1.5,0.4,0,1133,7.91,9.84
2026-07-04 06:19:05.391,0.4,0.7,1.6,0.4,0,1131,7.91,9.87
2026-07-04 06:19:05.870,0.4,0.7,1.4,0.4,0,1132,7.91,9.86
2026-07-04 06:19:06.383,0.4,0.7,1.4,0.4,0,1873,7.91,-1.00
2026-07-04 06:19:06.869,0.4,0.7,1.4,0.4,0,1131,7.91,9.87
2026-07-04 06:19:07.367,0.4,0.7,1.6,0.4,0,1872,7.91,-0.98
2026-07-04 06:19:07.865,0.4,0.7,1.6,0.4,0,1872,7.91,-0.98
2026-07-04 06:19:08.361,0.4,0.7,1.5,0.4,1,1132,7.90,9.86
2026-07-04 06:19:08.877,0.4,0.7,1.5,0.4,0,1133,7.91,9.84
2026-07-04 06:19:09.397,0.4,0.7,1.5,0.4,0,1131,7.91,9.87
2026-07-04 06:19:09.903,0.4,0.7,1.5,0.4,0,1129,7.91,9.90
2026-07-04 06:19:10.396,0.4,0.7,1.5,0.4,0,1873,7.91,-1.00
2026-07-04 06:19:10.894,0.4,0.7,1.5,0.4,0,1872,7.91,-0.98
2026-07-04 06:19:11.399,0.4,0.7,1.5,0.4,0,1872,7.91,-0.98
2026-07-04 06:19:11.901,0.4,0.7,1.4,0.4,1,1872,7.90,-0.98
2026-07-04 06:19:12.388,0.4,0.7,1.4,0.4,0,1872,7.91,-0.98
2026-07-04 06:19:12.916,0.4,0.7,1.4,0.4,0,1872,7.91,-0.98
2026-07-04 06:19:13.411,0.4,0.7,1.4,0.4,0,1872,7.91,-0.98
2026-07-04 06:19:13.873,0.4,0.7,1.5,0.4,1,1124,7.90,9.98
2026-07-04 06:19:14.368,0.4,0.7,1.5,0.4,1,1124,7.90,9.98
2026-07-04 06:19:14.863,0.4,0.7,1.5,0.4,0,1126,7.91,9.95
2026-07-04 06:19:15.396,0.4,0.7,1.5,0.4,0,1125,7.91,9.96
2026-07-04 06:19:15.899,0.4,0.7,1.4,0.4,0,1126,7.91,9.95
2026-07-04 06:19:16.392,0.4,0.7,1.4,0.4,0,1126,7.91,9.95
2026-07-04 06:19:16.899,0.4,0.7,1.4,0.4,0,1872,7.91,-0.98
2026-07-04 06:19:17.397,0.4,0.7,1.4,0.4,0,1124,7.91,9.98
2026-07-04 06:19:17.872,0.4,0.7,1.4,0.4,0,1122,7.91,10.00
2026-07-04 06:19:18.398,0.4,0.7,1.4,0.4,0,1124,7.91,9.98
2026-07-04 06:19:18.898,0.4,0.7,1.5,0.4,1,1872,7.90,-0.98
2026-07-04 06:19:19.393,0.4,0.7,1.5,0.4,1,1872,7.90,-0.98
2026-07-04 06:19:19.863,0.4,0.7,1.4,0.4,1,1872,7.90,-0.98
2026-07-04 06:19:20.363,0.4,0.7,1.4,0.4,1,1872,7.90,-0.98
2026-07-04 06:19:21.397,0.4,0.7,1.4,0.4,0,1872,7.91,-0.98
2026-07-04 06:19:21.398,0.4,0.7,1.4,0.4,0,1872,7.91,-0.98
2026-07-04 06:19:21.919,0.4,0.7,1.4,0.4,0,1872,7.91,-0.98
2026-07-04 06:19:22.397,0.4,0.7,1.4,0.4,0,1122,7.91,10.00
2026-07-04 06:19:22.896,0.4,0.7,1.5,0.0,0,1117,7.91,10.08
2026-07-04 06:19:23.368,0.4,0.7,1.5,0.4,0,1121,7.91,10.02
2026-07-04 06:19:23.892,0.4,0.7,1.5,0.4,0,1119,7.91,10.05
2026-07-04 06:19:24.396,0.4,0.7,1.5,0.4,0,1117,7.91,10.08
2026-07-04 06:19:24.870,0.4,0.7,1.5,0.4,1,1118,7.90,10.06
2026-07-04 06:19:25.891,0.4,0.7,1.5,0.4,0,1117,7.91,10.08
2026-07-04 06:19:25.892,0.4,0.7,1.5,0.4,0,1117,7.91,10.08
2026-07-04 06:19:26.397,0.4,0.7,1.4,0.4,0,1117,7.91,10.08
2026-07-04 06:19:26.898,0.4,0.7,1.4,0.4,0,1119,7.91,10.05
2026-07-04 06:19:27.397,0.4,0.7,1.5,0.4,0,1116,7.91,10.09
2026-07-04 06:19:27.898,0.4,0.7,1.5,0.4,2,1863,7.88,-0.85
2026-07-04 06:19:28.364,0.4,0.7,1.5,0.4,2,1113,7.88,10.14
2026-07-04 06:19:28.868,0.4,0.7,1.5,0.4,3,1863,7.87,-0.85
2026-07-04 06:19:29.413,0.4,0.7,1.5,0.4,3,1114,7.87,10.12
2026-07-04 06:19:29.912,0.4,0.7,1.5,0.4,3,1114,7.87,10.12
2026-07-04 06:19:30.376,0.5,0.7,1.5,0.4,41,1113,7.31,10.14
2026-07-04 06:19:30.898,0.5,0.7,1.5,0.4,66,1115,6.94,10.11
2026-07-04 06:19:31.397,0.5,0.7,1.5,0.4,46,1113,7.24,10.14
2026-07-04 06:19:31.866,0.5,0.7,1.4,0.4,68,1112,6.91,10.15
2026-07-04 06:19:32.364,0.5,0.7,1.2,0.4,68,1112,6.91,10.15
2026-07-04 06:19:32.864,0.4,0.7,1.1,0.4,19,1111,7.63,10.17
2026-07-04 06:19:33.417,0.4,0.7,1.1,0.4,0,1111,7.91,10.17
2026-07-04 06:19:33.879,0.4,0.7,1.0,0.4,0,1111,7.91,10.17
2026-07-04 06:19:34.395,0.6,0.7,1.1,0.4,24,1112,7.56,10.15
2026-07-04 06:19:34.902,0.6,0.7,1.1,0.4,24,1112,7.56,10.15
2026-07-04 06:19:35.413,0.5,0.7,1.3,0.4,74,1114,6.83,10.12
2026-07-04 06:19:35.884,0.4,0.7,1.3,0.4,41,1111,7.31,10.17
2026-07-04 06:19:36.381,0.4,0.7,1.3,0.4,41,1111,7.31,10.17
2026-07-04 06:19:36.865,0.5,0.7,1.3,0.4,1,1107,7.90,10.22
2026-07-04 06:19:37.421,0.6,0.7,1.3,0.4,63,1104,6.99,10.27
2026-07-04 06:19:37.869,0.6,0.7,1.3,0.4,126,1104,6.06,10.27
2026-07-04 06:19:38.383,0.7,0.7,1.4,0.4,118,1107,6.18,10.22
2026-07-04 06:19:38.879,0.7,0.7,1.4,0.4,160,1105,5.57,10.25
2026-07-04 06:19:39.368,0.4,0.7,1.4,0.4,161,1104,5.55,10.27
2026-07-04 06:19:39.869,0.4,0.7,1.3,0.4,161,1104,5.55,10.27
2026-07-04 06:19:40.412,0.4,0.7,1.3,0.4,161,1104,5.55,10.27
2026-07-04 06:19:40.911,0.4,0.7,1.3,0.4,55,1103,7.10,10.28
2026-07-04 06:19:41.869,0.4,0.7,1.3,0.4,4,1103,7.85,10.28
2026-07-04 06:19:41.927,0.4,0.7,1.3,0.4,4,1103,7.85,10.28
2026-07-04 06:19:42.415,0.4,0.7,1.1,0.4,13,1101,7.72,10.31
2026-07-04 06:19:42.910,0.5,0.7,1.1,0.4,7,1102,7.81,10.30
2026-07-04 06:19:43.389,0.4,0.7,1.1,0.4,40,1102,7.32,10.30
2026-07-04 06:19:43.889,0.4,0.7,1.0,0.4,23,1097,7.57,10.37
2026-07-04 06:19:44.370,0.4,0.7,1.0,0.4,23,1097,7.57,10.37
2026-07-04 06:19:44.928,0.4,0.7,1.0,0.4,23,1097,7.57,10.37
2026-07-04 06:19:45.420,0.4,0.7,0.9,0.4,5,1098,7.84,10.36
2026-07-04 06:19:45.928,0.5,0.7,0.9,0.4,8,1096,7.79,10.39
2026-07-04 06:19:46.372,0.5,0.7,0.9,0.4,39,1099,7.34,10.34
2026-07-04 06:19:46.878,0.5,0.7,0.9,0.4,53,1097,7.13,10.37
2026-07-04 06:19:47.425,0.5,0.7,0.9,0.4,53,1097,7.13,10.37
2026-07-04 06:19:47.879,0.5,0.7,0.9,0.4,53,1097,7.13,10.37
2026-07-04 06:19:48.380,0.5,0.7,0.9,0.4,46,1694,7.24,1.63
2026-07-04 06:19:48.881,0.4,0.7,0.9,0.4,37,1694,7.37,1.63
2026-07-04 06:19:49.418,0.5,0.7,0.9,0.4,37,1094,7.37,10.42
2026-07-04 06:19:49.899,0.5,0.7,1.0,0.4,37,1094,7.37,10.42
2026-07-04 06:19:50.392,0.6,0.7,1.0,0.4,141,1700,5.84,1.54
2026-07-04 06:19:50.900,0.4,0.7,1.1,0.4,141,1093,5.84,10.43
2026-07-04 06:19:51.389,0.4,0.7,1.2,0.4,141,1093,5.84,10.43
2026-07-04 06:19:51.918,0.6,0.7,1.2,0.4,38,1089,7.35,10.49
2026-07-04 06:19:52.418,0.4,0.7,1.2,0.4,82,1086,6.71,10.53
2026-07-04 06:19:52.878,0.4,0.7,1.2,0.4,82,1086,6.71,10.53
2026-07-04 06:19:53.921,0.5,0.7,1.0,0.4,21,1091,7.60,10.46
2026-07-04 06:19:53.921,0.4,0.7,0.9,0.4,5,1700,7.84,1.54
2026-07-04 06:19:54.380,0.4,0.7,0.8,0.4,5,1700,7.84,1.54
2026-07-04 06:19:54.910,0.5,0.7,1.0,0.4,21,1086,7.60,10.53
2026-07-04 06:19:55.390,0.5,0.7,1.1,0.4,21,1086,7.60,10.53
2026-07-04 06:19:55.916,0.5,0.7,1.1,0.4,21,1086,7.60,10.53
2026-07-04 06:19:56.396,0.5,0.7,1.3,0.4,21,1086,7.60,10.53
2026-07-04 06:19:56.892,0.6,0.7,1.3,0.4,76,1086,6.80,10.53
2026-07-04 06:19:57.387,0.5,0.7,1.4,0.4,109,1083,6.31,10.58
2026-07-04 06:19:57.900,0.5,0.7,1.4,0.4,109,1083,6.31,10.58
2026-07-04 06:19:58.444,0.5,0.7,1.4,0.4,60,1080,7.03,10.62
2026-07-04 06:19:58.879,0.5,0.7,1.4,0.4,55,1697,7.10,1.58
2026-07-04 06:19:59.405,0.5,0.7,1.4,0.4,55,1697,7.10,1.58
2026-07-04 06:19:59.913,0.5,0.7,1.4,0.4,55,1697,7.10,1.58
2026-07-04 06:20:00.393,0.5,0.7,1.4,0.4,55,1697,7.10,1.58
2026-07-04 06:20:00.920,0.4,0.7,1.4,0.4,0,1697,7.91,1.58
2026-07-04 06:20:01.428,0.4,0.7,1.4,0.4,0,1078,7.91,10.65
2026-07-04 06:20:01.932,0.0,0.7,1.4,0.4,0,0,7.91,26.44
2026-07-04 06:20:02.412,0.0,0.7,1.4,0.4,0,0,7.91,26.44
2026-07-04 06:20:02.908,0.0,0.7,1.4,0.4,0,0,7.91,26.44
2026-07-04 06:20:03.428,0.0,0.7,1.4,0.4,0,0,7.91,26.44
2026-07-04 06:20:03.935,0.0,0.7,1.4,0.4,2,0,7.88,26.44
2026-07-04 06:20:04.415,0.0,0.7,1.4,0.4,2,0,7.88,26.44
2026-07-04 06:20:04.897,0.0,0.7,1.3,0.4,11,0,7.75,26.44
2026-07-04 06:20:05.396,0.0,0.7,1.3,0.4,1,0,7.90,26.44
2026-07-04 06:20:05.941,0.0,0.7,1.3,0.4,1,0,7.90,26.44
2026-07-04 06:20:06.890,0.0,0.7,1.3,0.4,0,0,7.91,26.44
2026-07-04 06:20:06.890,0.0,0.7,1.3,0.4,0,0,7.91,26.44
2026-07-04 06:20:07.398,0.0,0.7,1.3,0.4,0,0,7.91,26.44
2026-07-04 06:20:07.916,0.0,0.7,1.3,0.4,0,0,7.91,26.44
2026-07-04 06:20:08.412,0.0,0.7,1.3,0.4,0,0,7.91,26.44
2026-07-04 06:20:08.899,0.4,0.7,1.3,0.4,2,1697,7.88,1.58
2026-07-04 06:20:09.445,0.0,0.7,1.3,0.4,0,0,7.91,26.44
2026-07-04 06:20:09.928,0.0,0.7,1.2,0.4,2,0,7.88,26.44
2026-07-04 06:20:10.422,0.0,0.7,1.2,0.4,2,0,7.88,26.44
2026-07-04 06:20:10.929,0.0,0.7,1.2,0.4,61,0,7.02,26.44
2026-07-04 06:20:11.398,0.0,0.7,1.2,0.4,10,0,7.76,26.44
2026-07-04 06:20:11.931,0.0,0.7,1.1,0.4,10,0,7.76,26.44
2026-07-04 06:20:12.427,0.0,0.7,1.1,0.4,41,0,7.31,26.44
2026-07-04 06:20:12.918,0.0,0.7,1.1,0.4,30,0,7.47,26.44
2026-07-04 06:20:13.420,0.0,0.7,1.1,0.4,30,0,7.47,26.44
2026-07-04 06:20:13.917,0.0,0.7,1.1,0.4,0,0,7.91,26.44
2026-07-04 06:20:14.417,0.0,0.7,1.1,0.4,1,0,7.90,26.44
2026-07-04 06:20:14.931,0.0,0.7,1.1,0.4,1,0,7.90,26.44
2026-07-04 06:20:15.428,0.0,0.7,1.1,0.4,0,0,7.91,26.44
2026-07-04 06:20:15.928,0.0,0.7,1.0,0.4,0,0,7.91,26.44
2026-07-04 06:20:16.426,0.0,0.7,1.0,0.4,0,0,7.91,26.44
2026-07-04 06:20:16.898,0.4,0.7,1.0,0.4,0,0,7.91,26.44
2026-07-04 06:20:17.405,0.0,0.7,1.0,0.4,0,0,7.91,26.44
2026-07-04 06:20:17.903,0.0,0.7,0.9,0.4,0,0,7.91,26.44
2026-07-04 06:20:18.406,0.0,0.7,0.9,0.4,0,0,7.91,26.44
2026-07-04 06:20:18.897,0.0,0.7,0.9,0.4,0,0,7.91,26.44
2026-07-04 06:20:19.391,0.0,0.7,0.9,0.4,0,0,7.91,26.44
2026-07-04 06:20:19.950,0.0,0.7,0.9,0.4,0,0,7.91,26.44
2026-07-04 06:20:20.424,0.0,0.7,0.9,0.4,0,0,7.91,26.44
2026-07-04 06:20:20.921,0.0,0.7,1.0,0.4,0,0,7.91,26.44
2026-07-04 06:20:21.427,0.0,0.7,1.0,0.4,0,0,7.91,26.44
2026-07-04 06:20:21.930,0.0,0.7,1.1,0.4,1,0,7.90,26.44
2026-07-04 06:20:22.444,0.4,0.7,1.1,0.4,0,1702,7.91,1.51
2026-07-04 06:20:22.942,0.0,0.7,1.1,0.4,1,0,7.90,26.44
2026-07-04 06:20:23.403,0.0,0.7,1.1,0.4,1,0,7.90,26.44
2026-07-04 06:20:24.412,0.4,0.7,1.1,0.4,25,1698,7.54,1.57
2026-07-04 06:20:24.413,0.0,0.7,1.0,0.4,1,0,7.90,26.44
2026-07-04 06:20:24.911,0.0,0.7,1.0,0.4,3,0,7.87,26.44
2026-07-04 06:20:25.449,0.0,0.7,1.0,0.4,3,0,7.87,26.44
2026-07-04 06:20:25.898,0.0,0.7,1.0,0.4,5,0,7.84,26.44
2026-07-04 06:20:26.395,0.0,0.7,1.0,0.4,16,0,7.68,26.44
2026-07-04 06:20:26.898,0.0,0.7,1.0,0.4,16,0,7.68,26.44
2026-07-04 06:20:27.401,0.0,0.7,1.0,0.4,0,0,7.91,26.44
2026-07-04 06:20:27.898,0.0,0.7,1.0,0.4,0,0,7.91,26.44
2026-07-04 06:20:28.445,0.0,0.7,1.0,0.4,0,0,7.91,26.44
2026-07-04 06:20:28.944,0.0,0.7,1.0,0.4,0,0,7.91,26.44
2026-07-04 06:20:29.429,0.0,0.7,1.1,0.4,0,0,7.91,26.44
2026-07-04 06:20:29.928,0.0,0.7,1.0,0.4,0,0,7.91,26.44
2026-07-04 06:20:30.413,0.0,0.7,1.0,0.4,0,0,7.91,26.44
2026-07-04 06:20:30.914,0.0,0.7,1.0,0.4,1,0,7.90,26.44
2026-07-04 06:20:31.446,0.0,0.7,1.0,0.4,1,0,7.90,26.44
2026-07-04 06:20:31.903,0.0,0.7,1.0,0.4,1,0,7.90,26.44
2026-07-04 06:20:32.457,0.0,0.7,1.1,0.4,0,0,7.91,26.44
2026-07-04 06:20:32.948,0.0,0.7,1.1,0.4,0,0,7.91,26.44
2026-07-04 06:20:33.450,0.4,0.7,1.2,0.4,0,0,7.91,26.44
2026-07-04 06:20:33.898,0.0,0.7,1.2,0.4,0,0,7.91,26.44
2026-07-04 06:20:34.419,0.0,0.7,1.2,0.4,0,0,7.91,26.44
2026-07-04 06:20:34.948,0.0,0.7,1.3,0.4,0,0,7.91,26.44
2026-07-04 06:20:35.417,0.0,0.7,1.3,0.4,0,0,7.91,26.44
2026-07-04 06:20:35.958,0.0,0.7,1.3,0.4,0,0,7.91,26.44
2026-07-04 06:20:36.457,0.0,0.7,1.3,0.4,0,0,7.91,26.44
2026-07-04 06:20:36.948,0.0,0.7,1.3,0.4,0,0,7.91,26.44
2026-07-04 06:20:37.405,0.0,0.7,1.3,0.4,0,0,7.91,26.44
2026-07-04 06:20:37.917,0.0,0.7,1.3,0.4,0,0,7.91,26.44
2026-07-04 06:20:38.430,0.0,0.7,1.4,0.4,0,0,7.91,26.44
2026-07-04 06:20:38.928,0.0,0.7,1.4,0.4,0,0,7.91,26.44
2026-07-04 06:20:39.398,0.0,0.7,1.4,0.4,0,0,7.91,26.44
2026-07-04 06:20:39.957,0.0,0.7,1.5,0.4,0,0,7.91,26.44
2026-07-04 06:20:40.420,0.0,0.7,1.5,0.4,0,0,7.91,26.44
2026-07-04 06:20:40.929,0.0,0.7,1.5,0.4,0,0,7.91,26.44
2026-07-04 06:20:41.449,0.0,0.7,1.6,0.4,0,0,7.91,26.44
2026-07-04 06:20:41.901,0.0,0.7,1.6,0.4,0,0,7.91,26.44
2026-07-04 06:20:42.413,0.0,0.7,1.6,0.4,0,0,7.91,26.44
2026-07-04 06:20:42.915,0.0,0.7,1.6,0.4,0,0,7.91,26.44
2026-07-04 06:20:43.459,0.0,0.7,1.6,0.4,0,0,7.91,26.44
2026-07-04 06:20:43.928,0.0,0.7,1.5,0.4,0,0,7.91,26.44
2026-07-04 06:20:44.445,0.0,0.7,1.5,0.4,0,0,7.91,26.44
2026-07-04 06:20:44.928,0.0,0.7,1.5,0.4,0,0,7.91,26.44
2026-07-04 06:20:45.414,0.0,0.7,1.5,0.4,0,0,7.91,26.44
2026-07-04 06:20:45.948,0.0,0.7,1.5,0.4,0,0,7.91,26.44
2026-07-04 06:20:46.445,0.0,0.7,1.5,0.4,0,0,7.91,26.44
2026-07-04 06:20:46.941,0.0,0.7,1.4,0.4,0,0,7.91,26.44
2026-07-04 06:20:47.442,0.0,0.7,1.4,0.4,0,0,7.91,26.44
2026-07-04 06:20:47.944,0.0,0.7,1.5,0.4,0,0,7.91,26.44
2026-07-04 06:20:48.438,0.0,0.7,1.3,0.4,0,0,7.91,26.44
2026-07-04 06:20:48.950,0.0,0.7,1.0,0.4,0,0,7.91,26.44
2026-07-04 06:20:49.449,0.0,0.7,0.9,0.4,0,0,7.91,26.44
2026-07-04 06:20:49.928,0.0,0.7,1.0,0.4,0,0,7.91,26.44
2026-07-04 06:20:50.430,0.0,0.7,1.0,0.4,0,0,7.91,26.44
2026-07-04 06:20:50.918,0.0,0.7,1.0,0.4,0,0,7.91,26.44
2026-07-04 06:20:51.428,0.0,0.7,0.9,0.4,0,0,7.91,26.44
2026-07-04 06:20:51.960,0.0,0.7,0.9,0.4,0,0,7.91,26.44
2026-07-04 06:20:52.429,0.0,0.7,0.9,0.4,0,0,7.91,26.44
2026-07-04 06:20:52.927,0.0,0.7,0.8,0.4,0,0,7.91,26.44
2026-07-04 06:20:53.448,0.0,0.7,0.8,0.4,0,0,7.91,26.44
2026-07-04 06:20:53.950,0.0,0.7,0.9,0.4,0,0,7.91,26.44
2026-07-04 06:20:54.458,0.0,0.7,0.8,0.4,0,0,7.91,26.44
2026-07-04 06:20:54.927,0.0,0.7,0.8,0.4,0,0,7.91,26.44
2026-07-04 06:20:55.428,0.0,0.7,0.8,0.4,0,0,7.91,26.44
2026-07-04 06:20:55.931,0.0,0.7,0.9,0.4,9,0,7.78,26.44
2026-07-04 06:20:56.443,0.0,0.7,0.9,0.4,5,0,7.84,26.44
2026-07-04 06:20:56.926,0.0,0.7,0.8,0.4,5,0,7.84,26.44
2026-07-04 06:20:57.420,0.0,0.7,0.8,0.4,81,0,6.72,26.44
2026-07-04 06:20:57.957,0.0,0.7,0.7,0.4,6,0,7.82,26.44
2026-07-04 06:20:58.412,0.0,0.7,0.8,0.4,6,0,7.82,26.44
2026-07-04 06:20:58.915,0.0,0.7,0.8,0.4,2,0,7.88,26.44
2026-07-04 06:20:59.458,0.0,0.7,0.9,0.4,23,0,7.57,26.44
2026-07-04 06:20:59.928,0.0,0.7,0.9,0.4,23,0,7.57,26.44
2026-07-04 06:21:00.412,0.0,0.7,0.9,0.4,58,0,7.06,26.44
2026-07-04 06:21:00.928,0.0,0.7,0.9,0.4,58,0,7.06,26.44
2026-07-04 06:21:01.449,0.0,0.7,1.1,0.4,58,0,7.06,26.44
2026-07-04 06:21:01.917,0.0,0.7,1.2,0.4,67,0,6.93,26.44
2026-07-04 06:21:02.430,0.0,0.7,1.3,0.4,74,0,6.83,26.44
2026-07-04 06:21:02.959,0.0,0.7,1.5,0.4,74,0,6.83,26.44
2026-07-04 06:21:03.427,0.0,0.7,1.6,0.4,21,0,7.60,26.44
2026-07-04 06:21:03.930,0.0,0.7,1.5,0.4,10,0,7.76,26.44
2026-07-04 06:21:04.460,0.0,0.7,1.5,0.4,10,0,7.76,26.44
2026-07-04 06:21:04.957,0.0,0.7,1.5,0.4,1,0,7.90,26.44
2026-07-04 06:21:05.457,0.0,0.7,1.6,0.4,3,0,7.87,26.44
2026-07-04 06:21:05.959,0.0,0.7,1.7,0.4,3,0,7.87,26.44
2026-07-04 06:21:06.445,0.0,0.7,1.6,0.4,5,0,7.84,26.44
2026-07-04 06:21:06.950,0.0,0.7,1.6,0.4,24,0,7.56,26.44
2026-07-04 06:21:07.458,0.0,0.7,1.6,0.4,24,0,7.56,26.44
2026-07-04 06:21:07.957,0.0,0.7,1.6,0.4,12,0,7.73,26.44
2026-07-04 06:21:08.438,0.0,0.7,1.6,0.4,0,0,7.91,26.44
2026-07-04 06:21:08.958,0.0,0.7,1.6,0.4,0,0,7.91,26.44
2026-07-04 06:21:09.443,0.0,0.7,1.5,0.4,9,0,7.78,26.44
2026-07-04 06:21:09.917,0.0,0.7,1.5,0.4,15,0,7.69,26.44
2026-07-04 06:21:10.431,0.0,0.7,1.4,0.4,15,0,7.69,26.44
2026-07-04 06:21:10.957,0.4,0.7,1.4,0.4,4,0,7.85,26.44
2026-07-04 06:21:11.449,0.0,0.7,1.4,0.4,5,0,7.84,26.44
2026-07-04 06:21:12.477,0.0,0.7,1.4,0.4,5,0,7.84,26.44
2026-07-04 06:21:12.478,0.0,0.7,1.4,0.4,2,0,7.88,26.44
2026-07-04 06:21:12.956,0.0,0.7,1.4,0.4,0,0,7.91,26.44
2026-07-04 06:21:13.442,0.0,0.7,1.4,0.4,0,0,7.91,26.44
2026-07-04 06:21:13.942,0.0,0.7,1.4,0.4,0,0,7.91,26.44
2026-07-04 06:21:14.442,0.0,0.7,1.4,0.4,0,0,7.91,26.44
2026-07-04 06:21:14.940,0.0,0.7,1.3,0.4,0,0,7.91,26.44
2026-07-04 06:21:15.449,0.0,0.7,1.2,0.4,0,0,7.91,26.44
2026-07-04 06:21:15.988,0.0,0.7,1.2,0.4,1,0,7.90,26.44
2026-07-04 06:21:16.431,0.0,0.7,1.2,0.4,1,0,7.90,26.44
2026-07-04 06:21:16.929,0.0,0.7,1.2,0.4,1,0,7.90,26.44
2026-07-04 06:21:17.488,0.0,0.7,1.3,0.4,4,0,7.85,26.44
2026-07-04 06:21:17.953,0.4,0.7,1.4,0.4,0,1713,7.91,1.35
2026-07-04 06:21:18.457,0.0,0.7,1.4,0.4,2,0,7.88,26.44
2026-07-04 06:21:19.645,0.0,0.7,1.0,0.4,2,0,7.88,26.44
2026-07-04 06:21:19.957,0.0,0.7,1.0,0.4,2,0,7.88,26.44
2026-07-04 06:21:19.958,0.4,0.7,1.4,0.4,0,1712,7.91,1.36
2026-07-04 06:21:19.958,0.0,0.7,1.3,0.4,0,0,7.91,26.44
2026-07-04 06:21:20.456,0.0,0.7,1.3,0.4,0,0,7.91,26.44
2026-07-04 06:21:20.949,0.0,0.7,1.3,0.4,0,0,7.91,26.44
2026-07-04 06:21:21.460,0.4,0.7,1.3,0.4,1,0,7.90,26.44
2026-07-04 06:21:21.959,0.0,0.7,1.3,0.4,0,0,7.91,26.44
2026-07-04 06:21:22.444,0.0,0.7,1.2,0.4,0,0,7.91,26.44
2026-07-04 06:21:22.950,0.0,0.7,1.2,0.4,0,0,7.91,26.44
2026-07-04 06:21:23.479,0.0,0.7,1.2,0.4,0,0,7.91,26.44
2026-07-04 06:21:23.975,0.0,0.7,1.2,0.4,0,0,7.91,26.44
2026-07-04 06:21:24.474,0.0,0.7,1.2,0.4,0,0,7.91,26.44
2026-07-04 06:21:24.971,0.0,0.7,1.2,0.4,0,0,7.91,26.44
2026-07-04 06:21:25.439,0.0,0.7,1.2,0.4,0,0,7.91,26.44
2026-07-04 06:21:25.924,0.0,0.7,1.2,0.4,0,0,7.91,26.44
2026-07-04 06:21:26.476,0.0,0.7,1.4,0.4,0,0,7.91,26.44
2026-07-04 06:21:26.946,0.0,0.7,1.4,0.4,0,0,7.91,26.44
2026-07-04 06:21:27.992,0.0,0.7,1.4,0.4,0,0,7.91,26.44
2026-07-04 06:21:27.993,0.0,0.7,1.4,0.4,0,0,7.91,26.44
2026-07-04 06:21:28.428,0.0,0.7,1.4,0.4,0,0,7.91,26.44
2026-07-04 06:21:28.928,0.0,0.7,1.3,0.4,0,0,7.91,26.44
2026-07-04 06:21:29.473,0.0,0.7,1.3,0.4,0,0,7.91,26.44
2026-07-04 06:21:29.950,0.0,0.7,1.3,0.4,0,0,7.91,26.44
2026-07-04 06:21:30.451,0.0,0.7,1.3,0.4,0,0,7.91,26.44
2026-07-04 06:21:30.958,0.0,0.7,1.3,0.4,0,0,7.91,26.44
2026-07-04 06:21:31.430,0.0,0.7,1.2,0.4,0,0,7.91,26.44
2026-07-04 06:21:31.930,0.0,0.7,1.1,0.4,5,0,7.84,26.44
2026-07-04 06:21:32.475,0.0,0.7,1.1,0.4,3,0,7.87,26.44
2026-07-04 06:21:32.959,0.0,0.7,1.1,0.4,3,0,7.87,26.44
2026-07-04 06:21:33.448,0.0,0.7,1.1,0.4,0,0,7.91,26.44
2026-07-04 06:21:34.488,0.0,0.7,1.1,0.4,0,0,7.91,26.44
2026-07-04 06:21:34.488,0.0,0.7,1.1,0.4,0,0,7.91,26.44
2026-07-04 06:21:34.988,0.0,0.7,1.1,0.4,0,0,7.91,26.44
2026-07-04 06:21:35.449,0.0,0.7,1.2,0.4,0,0,7.91,26.44
2026-07-04 06:21:35.978,0.0,0.7,1.2,0.4,0,0,7.91,26.44
2026-07-04 06:21:36.476,0.0,0.7,1.2,0.4,0,0,7.91,26.44
2026-07-04 06:21:36.956,0.0,0.7,1.2,0.4,0,0,7.91,26.44
2026-07-04 06:21:37.456,0.0,0.7,1.3,0.4,0,0,7.91,26.44
2026-07-04 06:21:37.957,0.4,0.7,1.3,0.4,0,0,7.91,26.44
2026-07-04 06:21:38.458,0.0,0.7,1.3,0.4,2,0,7.88,26.44
2026-07-04 06:21:38.983,0.0,0.7,1.3,0.4,2,0,7.88,26.44
2026-07-04 06:21:39.428,0.4,0.7,1.4,0.4,0,0,7.91,26.44
2026-07-04 06:21:39.991,0.0,0.7,1.4,0.4,0,0,7.91,26.44
2026-07-04 06:21:40.476,0.0,0.7,1.5,0.4,0,0,7.91,26.44
2026-07-04 06:21:40.972,0.0,0.7,1.5,0.4,4,0,7.85,26.44
2026-07-04 06:21:41.441,0.0,0.7,1.5,0.4,1,0,7.90,26.44
2026-07-04 06:21:41.953,0.0,0.7,1.4,0.4,1,0,7.90,26.44
2026-07-04 06:21:42.458,0.0,0.7,1.4,0.4,0,0,7.91,26.44
2026-07-04 06:21:42.977,0.0,0.7,1.4,0.4,0,0,7.91,26.44
2026-07-04 06:21:43.457,0.0,0.7,1.4,0.4,0,0,7.91,26.44
2026-07-04 06:21:43.979,0.0,0.7,1.4,0.4,0,0,7.91,26.44
2026-07-04 06:21:44.481,0.0,0.7,1.3,0.4,0,0,7.91,26.44
2026-07-04 06:21:44.981,0.0,0.7,1.3,0.4,0,0,7.91,26.44
2026-07-04 06:21:45.434,0.0,0.7,1.2,0.4,0,0,7.91,26.44
2026-07-04 06:21:45.974,0.0,0.7,1.2,0.4,0,0,7.91,26.44
2026-07-04 06:21:46.476,0.0,0.7,1.2,0.4,0,0,7.91,26.44
2026-07-04 06:21:46.982,0.0,0.7,1.2,0.4,0,0,7.91,26.44
2026-07-04 06:21:47.957,0.0,0.7,1.2,0.4,1,0,7.90,26.44
2026-07-04 06:21:47.958,0.0,0.7,1.2,0.4,1,0,7.90,26.44
2026-07-04 06:21:48.457,0.0,0.7,1.1,0.4,2,0,7.88,26.44
2026-07-04 06:21:49.464,0.0,0.7,1.1,0.4,0,0,7.91,26.44
2026-07-04 06:21:49.465,0.0,0.7,1.1,0.4,0,0,7.91,26.44
2026-07-04 06:21:49.958,0.0,0.7,1.2,0.4,4,0,7.85,26.44
2026-07-04 06:21:50.446,0.0,0.7,1.3,0.4,7,0,7.81,26.44
2026-07-04 06:21:50.949,0.0,0.7,1.3,0.4,7,0,7.81,26.44
2026-07-04 06:21:51.980,0.0,0.7,1.3,0.4,14,0,7.71,26.44
2026-07-04 06:21:51.982,0.0,0.7,1.3,0.4,4,0,7.85,26.44
2026-07-04 06:21:52.488,0.0,0.7,1.3,0.4,4,0,7.85,26.44
2026-07-04 06:21:52.972,0.0,0.7,1.3,0.4,0,0,7.91,26.44
2026-07-04 06:21:53.453,0.0,0.7,1.3,0.4,0,0,7.91,26.44
2026-07-04 06:21:54.149,0.0,0.7,1.3,0.4,0,0,7.91,26.44
2026-07-04 06:21:54.460,0.0,0.7,1.2,0.4,0,0,7.91,26.44
2026-07-04 06:21:54.460,0.0,0.7,1.2,0.4,0,0,7.91,26.44
2026-07-04 06:21:54.978,0.0,0.7,1.2,0.4,2,0,7.88,26.44
2026-07-04 06:21:55.449,0.0,0.7,1.2,0.4,2,0,7.88,26.44
2026-07-04 06:21:55.959,0.4,0.7,1.2,0.4,0,0,7.91,26.44
2026-07-04 06:21:56.445,0.0,0.7,1.2,0.4,0,0,7.91,26.44
2026-07-04 06:21:56.988,0.0,0.7,1.2,0.4,0,0,7.91,26.44
2026-07-04 06:21:57.488,0.0,0.7,1.2,0.4,1,0,7.90,26.44
2026-07-04 06:21:57.970,0.0,0.7,1.2,0.4,0,0,7.91,26.44
2026-07-04 06:21:58.489,0.0,0.7,1.2,0.4,0,0,7.91,26.44
2026-07-04 06:21:58.959,0.0,0.7,1.1,0.4,0,0,7.91,26.44
2026-07-04 06:21:59.453,0.0,0.7,1.1,0.4,0,0,7.91,26.44
2026-07-04 06:22:00.484,0.0,0.7,1.1,0.4,0,0,7.91,26.44
2026-07-04 06:22:00.484,0.0,0.7,1.2,0.4,0,0,7.91,26.44
2026-07-04 06:22:00.947,0.0,0.7,1.2,0.4,0,0,7.91,26.44
2026-07-04 06:22:01.442,0.0,0.7,1.2,0.4,0,0,7.91,26.44
2026-07-04 06:22:01.959,0.0,0.7,1.2,0.4,0,0,7.91,26.44
2026-07-04 06:22:02.474,0.0,0.7,1.2,0.4,0,0,7.91,26.44
2026-07-04 06:22:02.979,0.0,0.7,1.2,0.4,0,0,7.91,26.44
2026-07-04 06:22:03.479,0.0,0.7,1.2,0.4,9,0,7.78,26.44
2026-07-04 06:22:03.978,0.0,0.7,1.3,0.4,0,0,7.91,26.44
2026-07-04 06:22:04.481,0.0,0.7,1.3,0.4,0,0,7.91,26.44
2026-07-04 06:22:04.981,0.0,0.7,1.4,0.4,0,0,7.91,26.44
2026-07-04 06:22:05.458,0.0,0.7,1.5,0.4,0,0,7.91,26.44
2026-07-04 06:22:05.949,0.0,0.7,1.5,0.4,0,0,7.91,26.44
2026-07-04 06:22:06.458,0.0,0.7,1.5,0.4,0,0,7.91,26.44
2026-07-04 06:22:06.950,0.0,0.7,1.4,0.4,0,0,7.91,26.44
2026-07-04 06:22:07.459,0.0,0.7,1.4,0.4,0,0,7.91,26.44
2026-07-04 06:22:07.948,0.4,0.7,1.4,0.4,0,0,7.91,26.44
2026-07-04 06:22:08.510,0.0,0.7,1.4,0.4,0,0,7.91,26.44
2026-07-04 06:22:08.951,0.0,0.7,1.4,0.4,0,0,7.91,26.44
2026-07-04 06:22:09.450,0.0,0.7,1.4,0.4,0,0,7.91,26.44
2026-07-04 06:22:09.954,0.0,0.7,1.5,0.4,0,0,7.91,26.44
2026-07-04 06:22:10.491,0.0,0.7,1.5,0.4,0,0,7.91,26.44
2026-07-04 06:22:10.988,0.0,0.7,1.6,0.4,0,0,7.91,26.44
2026-07-04 06:22:11.450,0.0,0.7,1.5,0.4,0,0,7.91,26.44
2026-07-04 06:22:11.959,0.0,0.7,1.5,0.4,0,0,7.91,26.44
2026-07-04 06:22:12.476,0.4,0.7,1.4,0.4,0,0,7.91,26.44
2026-07-04 06:22:12.988,0.4,0.7,1.4,0.4,0,0,7.91,26.44
2026-07-04 06:22:13.458,0.4,0.7,1.4,0.4,0,0,7.91,26.44
2026-07-04 06:22:13.950,0.0,0.7,1.4,0.4,0,0,7.91,26.44
2026-07-04 06:22:14.466,0.0,0.7,1.4,0.4,0,0,7.91,26.44
2026-07-04 06:22:14.958,0.0,0.7,1.4,0.4,0,0,7.91,26.44
2026-07-04 06:22:15.709,0.0,0.7,1.4,0.4,0,0,7.91,26.44
2026-07-04 06:22:15.981,0.0,0.7,1.4,0.4,0,0,7.91,26.44
2026-07-04 06:22:15.982,0.0,0.7,1.3,0.4,0,0,7.91,26.44
2026-07-04 06:22:16.507,0.0,0.7,1.2,0.4,0,0,7.91,26.44
2026-07-04 06:22:17.001,0.0,0.7,1.1,0.4,1,0,7.90,26.44
2026-07-04 06:22:17.452,0.0,0.7,1.1,0.4,1,0,7.90,26.44
2026-07-04 06:22:17.958,0.0,0.7,1.1,0.4,1,0,7.90,26.44
2026-07-04 06:22:18.488,0.0,0.7,1.1,0.4,0,0,7.91,26.44
2026-07-04 06:22:18.989,0.0,0.7,1.1,0.4,0,0,7.91,26.44
2026-07-04 06:22:19.490,0.0,0.7,1.2,0.4,0,0,7.91,26.44
2026-07-04 06:22:19.991,0.0,0.7,1.2,0.4,0,0,7.91,26.44
2026-07-04 06:22:20.472,0.0,0.7,1.3,0.4,0,0,7.91,26.44
2026-07-04 06:22:20.971,0.0,0.7,1.3,0.4,0,0,7.91,26.44
2026-07-04 06:22:21.509,0.0,0.7,1.4,0.4,0,0,7.91,26.44
2026-07-04 06:22:22.008,0.0,0.7,1.5,0.4,0,0,7.91,26.44
2026-07-04 06:22:22.458,0.0,0.7,1.5,0.4,0,0,7.91,26.44
2026-07-04 06:22:22.987,0.0,0.7,1.5,0.4,0,0,7.91,26.44
2026-07-04 06:22:23.508,0.0,0.7,1.4,0.4,0,0,7.91,26.44
2026-07-04 06:22:24.009,0.0,0.7,1.4,0.4,0,0,7.91,26.44
2026-07-04 06:22:24.475,0.0,0.7,1.4,0.4,0,0,7.91,26.44
2026-07-04 06:22:24.989,0.0,0.7,1.3,0.4,0,0,7.91,26.44
2026-07-04 06:22:25.490,0.0,0.7,1.3,0.4,0,0,7.91,26.44
2026-07-04 06:22:26.009,0.0,0.7,1.2,0.4,0,0,7.91,26.44
2026-07-04 06:22:26.508,0.0,0.7,1.2,0.4,0,0,7.91,26.44
2026-07-04 06:22:27.013,0.0,0.7,1.2,0.4,0,0,7.91,26.44
2026-07-04 06:22:27.459,0.0,0.7,1.1,0.4,0,0,7.91,26.44
2026-07-04 06:22:27.958,0.0,0.7,1.0,0.4,0,0,7.91,26.44
2026-07-04 06:22:28.476,0.0,0.7,0.9,0.4,0,0,7.91,26.44
2026-07-04 06:22:28.972,0.0,0.7,0.9,0.4,0,0,7.91,26.44
2026-07-04 06:22:29.508,0.0,0.7,1.0,0.4,0,0,7.91,26.44
2026-07-04 06:22:29.958,0.0,0.7,0.9,0.4,0,0,7.91,26.44
2026-07-04 06:22:30.508,0.4,0.7,0.8,0.4,0,0,7.91,26.44
2026-07-04 06:22:31.004,0.4,0.7,0.8,0.4,0,0,7.91,26.44
2026-07-04 06:22:31.505,0.4,0.7,0.8,0.4,0,0,7.91,26.44
2026-07-04 06:22:31.978,0.0,0.7,0.8,0.4,0,0,7.91,26.44
2026-07-04 06:22:32.475,0.0,0.7,0.8,0.4,0,0,7.91,26.44
2026-07-04 06:22:32.981,0.0,0.7,0.8,0.4,0,0,7.91,26.44
2026-07-04 06:22:33.507,0.0,0.7,0.8,0.4,0,0,7.91,26.44
2026-07-04 06:22:33.987,0.0,0.7,0.8,0.4,0,0,7.91,26.44
2026-07-04 06:22:34.510,0.0,0.7,0.8,0.4,0,0,7.91,26.44
2026-07-04 06:22:35.003,0.0,0.7,0.8,0.4,0,0,7.91,26.44
2026-07-04 06:22:35.505,0.0,0.7,0.9,0.4,0,0,7.91,26.44
2026-07-04 06:22:36.005,0.0,0.7,0.9,0.4,0,0,7.91,26.44
2026-07-04 06:22:36.501,0.0,0.7,0.9,0.4,0,0,7.91,26.44
2026-07-04 06:22:37.004,0.0,0.7,0.9,0.4,0,0,7.91,26.44
2026-07-04 06:22:37.509,0.0,0.7,0.9,0.4,0,0,7.91,26.44
2026-07-04 06:22:38.010,0.0,0.7,0.9,0.4,1,0,7.90,26.44
2026-07-04 06:22:38.481,0.0,0.7,1.0,0.4,0,0,7.91,26.44
2026-07-04 06:22:39.004,0.0,0.7,1.1,0.4,0,0,7.91,26.44
2026-07-04 06:22:39.488,0.0,0.7,1.1,0.4,1,0,7.90,26.44
2026-07-04 06:22:39.988,0.0,0.7,1.2,0.4,2,0,7.88,26.44
2026-07-04 06:22:40.500,0.0,0.7,1.1,0.4,2,0,7.88,26.44
2026-07-04 06:22:41.528,0.0,0.7,1.1,0.4,0,0,7.91,26.44
2026-07-04 06:22:41.528,0.0,0.7,1.0,0.4,0,0,7.91,26.44
2026-07-04 06:22:42.008,0.0,0.7,1.0,0.4,0,0,7.91,26.44
2026-07-04 06:22:42.489,0.0,0.7,1.0,0.4,0,0,7.91,26.44
2026-07-04 06:22:42.989,0.0,0.7,1.1,0.4,0,0,7.91,26.44
2026-07-04 06:22:44.008,0.0,0.7,1.1,0.4,0,0,7.91,26.44
2026-07-04 06:22:44.008,0.4,0.7,1.1,0.4,0,0,7.91,26.44
2026-07-04 06:22:44.698,0.0,0.8,0.8,0.4,0,0,7.91,26.44
2026-07-04 06:22:45.005,0.0,0.8,1.1,0.4,0,0,7.91,26.44
2026-07-04 06:22:45.006,0.4,0.8,1.1,0.4,0,1723,7.91,1.20
2026-07-04 06:22:45.488,0.0,0.8,1.1,0.4,1,0,7.90,26.44
2026-07-04 06:22:45.988,0.0,0.8,1.1,0.4,1,0,7.90,26.44
2026-07-04 06:22:46.981,0.0,0.8,1.1,0.4,1,0,7.90,26.44
2026-07-04 06:22:47.036,0.4,0.8,1.1,0.4,0,1723,7.91,1.20
2026-07-04 06:22:47.525,0.0,0.8,1.1,0.4,1,0,7.90,26.44
2026-07-04 06:22:48.006,0.4,0.8,1.1,0.4,1,1723,7.90,1.20
2026-07-04 06:22:48.508,0.4,0.8,1.2,0.4,1,1723,7.90,1.20
2026-07-04 06:22:49.004,0.0,0.8,1.2,0.4,0,0,7.91,26.44
2026-07-04 06:22:49.484,0.4,0.8,1.2,0.4,0,1723,7.91,1.20
2026-07-04 06:22:50.008,0.0,0.8,1.0,0.4,0,0,7.91,26.44
2026-07-04 06:22:51.001,0.0,0.8,1.0,0.4,0,0,7.91,26.44
2026-07-04 06:22:51.001,0.0,0.8,0.9,0.4,0,0,7.91,26.44
2026-07-04 06:22:51.508,0.0,0.8,1.0,0.4,0,0,7.91,26.44
2026-07-04 06:22:51.988,0.0,0.8,1.0,0.4,0,0,7.91,26.44
2026-07-04 06:22:52.477,0.0,0.8,1.0,0.4,0,0,7.91,26.44
2026-07-04 06:22:52.990,0.0,0.8,0.9,0.4,0,0,7.91,26.44
2026-07-04 06:22:53.491,0.0,0.8,0.8,0.4,0,0,7.91,26.44
2026-07-04 06:22:53.988,0.0,0.8,0.9,0.4,0,0,7.91,26.44
2026-07-04 06:22:54.984,0.0,0.8,0.9,0.4,1,0,7.90,26.44
2026-07-04 06:22:54.985,0.0,0.8,0.6,0.4,1,0,7.90,26.44
2026-07-04 06:22:55.479,0.0,0.8,0.6,0.4,1,0,7.90,26.44
2026-07-04 06:22:56.008,0.0,0.8,0.7,0.4,2,0,7.88,26.44
2026-07-04 06:22:56.475,0.0,0.8,0.8,0.4,0,0,7.91,26.44
2026-07-04 06:22:57.019,0.0,0.8,0.9,0.4,0,0,7.91,26.44
2026-07-04 06:22:57.505,0.4,0.8,1.1,0.4,0,0,7.91,26.44
2026-07-04 06:22:58.001,0.0,0.8,1.2,0.4,0,0,7.91,26.44
2026-07-04 06:22:58.509,0.0,0.8,1.3,0.4,0,0,7.91,26.44
2026-07-04 06:22:59.015,0.0,0.8,1.3,0.4,0,0,7.91,26.44
2026-07-04 06:22:59.508,0.0,0.8,1.3,0.4,0,0,7.91,26.44
2026-07-04 06:23:00.008,0.0,0.8,1.3,0.4,0,0,7.91,26.44
2026-07-04 06:23:00.509,0.0,0.8,1.3,0.4,1,0,7.90,26.44
2026-07-04 06:23:01.510,0.0,0.8,1.3,0.4,2,0,7.88,26.44
2026-07-04 06:23:01.575,0.0,0.8,1.3,0.4,2,0,7.88,26.44
2026-07-04 06:23:01.978,0.0,0.8,1.4,0.4,0,0,7.91,26.44
2026-07-04 06:23:03.022,0.0,0.8,1.4,0.4,3,0,7.87,26.44
2026-07-04 06:23:03.023,0.0,0.8,1.4,0.4,3,0,7.87,26.44
2026-07-04 06:23:03.480,0.0,0.8,1.3,0.4,1,0,7.90,26.44
2026-07-04 06:23:03.988,0.0,0.8,1.3,0.4,1,0,7.90,26.44
2026-07-04 06:23:04.697,0.4,0.8,1.3,0.4,1,0,7.90,26.44
2026-07-04 06:23:05.004,0.4,0.8,1.3,0.4,0,1717,7.91,1.29
2026-07-04 06:23:05.005,0.0,0.8,1.3,0.4,1,0,7.90,26.44
2026-07-04 06:23:05.490,0.0,0.8,1.3,0.4,1,0,7.90,26.44
2026-07-04 06:23:05.977,0.0,0.8,1.3,0.4,1,0,7.90,26.44
2026-07-04 06:23:06.538,0.0,0.8,1.3,0.4,0,0,7.91,26.44
2026-07-04 06:23:07.034,0.0,0.8,1.3,0.4,0,0,7.91,26.44
2026-07-04 06:23:07.479,0.0,0.8,1.3,0.4,0,0,7.91,26.44
2026-07-04 06:23:07.980,0.0,0.8,1.0,0.4,0,0,7.91,26.44
2026-07-04 06:23:08.538,0.0,0.8,1.1,0.4,0,0,7.91,26.44
2026-07-04 06:23:08.981,0.0,0.8,1.1,0.4,0,0,7.91,26.44
2026-07-04 06:23:09.481,0.0,0.8,1.1,0.4,1,0,7.90,26.44
2026-07-04 06:23:10.008,0.0,0.8,1.1,0.4,0,0,7.91,26.44
2026-07-04 06:23:10.487,0.0,0.8,1.1,0.4,0,0,7.91,26.44
2026-07-04 06:23:11.036,0.0,0.8,1.1,0.4,1,0,7.90,26.44
2026-07-04 06:23:11.540,0.0,0.8,1.2,0.4,0,0,7.91,26.44
2026-07-04 06:23:12.037,0.0,0.8,1.2,0.4,0,0,7.91,26.44
2026-07-04 06:23:12.509,0.0,0.8,1.2,0.4,0,0,7.91,26.44
2026-07-04 06:23:13.016,0.0,0.8,1.0,0.4,0,0,7.91,26.44
2026-07-04 06:23:13.505,0.0,0.8,0.8,0.4,0,0,7.91,26.44
2026-07-04 06:23:14.003,0.0,0.8,0.7,0.4,0,0,7.91,26.44
2026-07-04 06:23:14.505,0.0,0.8,0.7,0.4,0,0,7.91,26.44
2026-07-04 06:23:15.024,0.0,0.8,0.7,0.4,0,0,7.91,26.44
2026-07-04 06:23:15.532,0.0,0.8,0.7,0.4,0,0,7.91,26.44
2026-07-04 06:23:16.037,0.0,0.8,0.7,0.4,0,0,7.91,26.44
2026-07-04 06:23:16.538,0.0,0.8,0.0,0.4,0,0,7.91,26.44
2026-07-04 06:23:16.987,0.0,0.8,0.0,0.4,0,0,7.91,26.44
2026-07-04 06:23:17.532,0.0,0.8,0.0,0.4,0,0,7.91,26.44
2026-07-04 06:23:18.022,0.0,0.8,0.5,0.4,0,0,7.91,26.44
2026-07-04 06:23:18.519,0.0,0.8,0.5,0.4,0,0,7.91,26.44
2026-07-04 06:23:19.019,0.0,0.8,0.4,0.4,1,0,7.90,26.44
2026-07-04 06:23:19.508,0.4,0.8,0.4,0.4,0,1707,7.91,1.44
2026-07-04 06:23:20.010,0.4,0.8,0.4,0.4,0,0,7.91,26.44
2026-07-04 06:23:20.526,0.0,0.8,0.4,0.4,0,0,7.91,26.44
2026-07-04 06:23:21.019,0.0,0.8,0.4,0.4,0,0,7.91,26.44
2026-07-04 06:23:21.518,0.0,0.8,0.4,0.4,1,0,7.90,26.44
2026-07-04 06:23:22.002,0.0,0.8,0.4,0.4,1,0,7.90,26.44
2026-07-04 06:23:23.011,0.0,0.8,0.4,0.4,1,0,7.90,26.44
2026-07-04 06:23:23.012,0.4,0.8,0.4,0.4,0,0,7.91,26.44
2026-07-04 06:23:23.488,0.0,0.8,0.4,0.4,0,0,7.91,26.44
2026-07-04 06:23:24.050,0.0,0.8,0.4,0.4,0,0,7.91,26.44
2026-07-04 06:23:24.523,0.4,0.8,0.4,0.4,0,0,7.91,26.44
2026-07-04 06:23:25.038,0.0,0.8,0.4,0.4,0,0,7.91,26.44
2026-07-04 06:23:25.509,0.0,0.8,0.4,0.4,0,0,7.91,26.44
2026-07-04 06:23:25.989,0.0,0.8,0.4,0.4,0,0,7.91,26.44
2026-07-04 06:23:26.539,0.0,0.8,0.4,0.4,0,0,7.91,26.44
2026-07-04 06:23:27.022,0.0,0.8,0.4,0.4,0,0,7.91,26.44
2026-07-04 06:23:27.519,0.0,0.8,0.4,0.4,0,0,7.91,26.44
2026-07-04 06:23:28.001,0.0,0.8,0.4,0.4,0,0,7.91,26.44
2026-07-04 06:23:28.535,0.0,0.8,0.4,0.4,0,0,7.91,26.44
2026-07-04 06:23:29.019,0.0,0.8,0.4,0.4,0,0,7.91,26.44
2026-07-04 06:23:29.538,0.0,0.8,0.4,0.4,0,0,7.91,26.44
2026-07-04 06:23:30.044,0.0,0.8,0.4,0.4,0,0,7.91,26.44
2026-07-04 06:23:30.488,0.0,0.8,0.4,0.4,0,0,7.91,26.44
2026-07-04 06:23:31.005,0.0,0.8,0.4,0.4,0,0,7.91,26.44
2026-07-04 06:23:31.555,0.0,0.8,0.4,0.4,0,0,7.91,26.44
2026-07-04 06:23:32.033,0.0,0.8,0.4,0.4,2,0,7.88,26.44
2026-07-04 06:23:32.534,0.0,0.8,0.4,0.4,2,0,7.88,26.44
2026-07-04 06:23:33.020,0.0,0.8,0.4,0.4,2,0,7.88,26.44
2026-07-04 06:23:33.529,0.4,0.8,0.4,0.4,2,0,7.88,26.44
2026-07-04 06:23:34.039,0.4,0.8,0.4,0.4,2,0,7.88,26.44
2026-07-04 06:23:34.501,0.4,0.8,0.4,0.4,2,0,7.88,26.44
2026-07-04 06:23:35.018,0.0,0.8,0.4,0.4,0,0,7.91,26.44
2026-07-04 06:23:35.531,0.0,0.8,0.4,0.4,0,0,7.91,26.44
2026-07-04 06:23:36.039,0.0,0.8,0.4,0.4,0,0,7.91,26.44
2026-07-04 06:23:36.757,0.0,0.4,0.4,0.4,0,0,7.91,26.44
2026-07-04 06:23:37.036,0.0,0.4,0.4,0.4,2,0,7.88,26.44
2026-07-04 06:23:37.037,0.0,0.4,0.5,0.4,2,0,7.88,26.44
2026-07-04 06:23:37.538,0.0,0.4,0.4,0.4,2,0,7.88,26.44
2026-07-04 06:23:38.054,0.0,0.4,0.4,0.4,0,0,7.91,26.44
2026-07-04 06:23:38.537,0.0,0.4,0.4,0.4,0,0,7.91,26.44
2026-07-04 06:23:39.238,0.0,0.4,0.4,0.4,0,0,7.91,26.44
2026-07-04 06:23:39.529,0.0,0.4,0.4,0.4,0,0,7.91,26.44
2026-07-04 06:23:39.530,0.4,0.4,0.4,0.4,0,1708,7.91,1.42
2026-07-04 06:23:40.048,0.0,0.4,0.4,0.4,0,0,7.91,26.44
2026-07-04 06:23:40.499,0.4,0.4,0.4,0.4,1,1708,7.90,1.42
2026-07-04 06:23:41.004,0.0,0.4,0.4,0.4,1,0,7.90,26.44
2026-07-04 06:23:41.510,0.4,0.4,0.4,0.4,0,1708,7.91,1.42
2026-07-04 06:23:42.009,0.4,0.4,0.4,0.4,0,1708,7.91,1.42
2026-07-04 06:23:42.524,0.4,0.4,0.4,0.4,0,1707,7.91,1.44
2026-07-04 06:23:43.005,0.0,0.4,0.4,0.4,0,0,7.91,26.44
2026-07-04 06:23:43.507,0.4,0.4,0.4,0.4,0,1708,7.91,1.42
2026-07-04 06:23:44.054,0.0,0.4,0.4,0.4,0,0,7.91,26.44
2026-07-04 06:23:44.538,0.4,0.4,0.4,0.4,1,1708,7.90,1.42
2026-07-04 06:23:45.038,0.4,0.4,0.4,0.4,1,1708,7.90,1.42
2026-07-04 06:23:45.527,0.4,0.4,0.4,0.4,0,1700,7.91,1.54
2026-07-04 06:23:46.039,0.0,0.4,0.4,0.4,0,0,7.91,26.44
2026-07-04 06:23:46.541,0.4,0.4,0.4,0.4,0,1700,7.91,1.54
2026-07-04 06:23:47.005,0.4,0.4,0.4,0.4,0,1701,7.91,1.52
2026-07-04 06:23:47.528,0.4,0.4,0.4,0.4,0,1701,7.91,1.52
2026-07-04 06:23:48.023,0.4,0.4,0.4,0.4,0,1701,7.91,1.52
2026-07-04 06:23:48.521,0.4,0.4,0.4,0.4,3,1701,7.87,1.52
2026-07-04 06:23:49.019,0.0,0.4,0.4,0.4,3,0,7.87,26.44
2026-07-04 06:23:49.519,0.0,0.4,0.4,0.4,3,0,7.87,26.44
2026-07-04 06:23:50.019,0.4,0.4,0.4,0.4,0,1701,7.91,1.52
2026-07-04 06:23:50.529,0.4,0.4,0.4,0.4,0,1701,7.91,1.52
2026-07-04 06:23:51.041,0.4,0.4,0.4,0.4,0,1704,7.91,1.48
2026-07-04 06:23:51.525,0.0,0.4,0.4,0.4,0,0,7.91,26.44
2026-07-04 06:23:52.021,0.4,0.4,0.4,0.4,0,1704,7.91,1.48
2026-07-04 06:23:52.502,0.4,0.4,0.4,0.4,0,1704,7.91,1.48
2026-07-04 06:23:53.003,0.0,0.4,0.4,0.4,0,0,7.91,26.44
2026-07-04 06:23:53.553,0.4,0.4,0.4,0.4,0,1703,7.91,1.49
2026-07-04 06:23:54.009,0.4,0.4,0.5,0.4,0,1703,7.91,1.49
2026-07-04 06:23:54.526,0.4,0.4,0.5,0.4,0,1703,7.91,1.49
2026-07-04 06:23:55.035,0.0,0.4,0.4,0.4,0,0,7.91,26.44
2026-07-04 06:23:55.558,0.4,0.4,0.4,0.4,0,1703,7.91,1.49
2026-07-04 06:23:56.012,0.0,0.4,0.4,0.4,0,0,7.91,26.44
2026-07-04 06:23:56.513,0.4,0.4,0.4,0.4,0,1705,7.91,1.46
2026-07-04 06:23:57.011,0.4,0.4,0.5,0.4,0,1705,7.91,1.46
2026-07-04 06:23:57.512,0.0,0.4,0.5,0.4,0,0,7.91,26.44
2026-07-04 06:23:58.009,0.4,0.4,0.5,0.4,0,1705,7.91,1.46
2026-07-04 06:23:58.539,0.4,0.4,0.4,0.4,0,1705,7.91,1.46
2026-07-04 06:23:59.036,0.4,0.4,0.4,0.4,0,0,7.91,26.44
2026-07-04 06:23:59.535,0.0,0.4,0.5,0.4,0,0,7.91,26.44
2026-07-04 06:24:00.008,0.0,0.4,0.5,0.4,0,0,7.91,26.44
2026-07-04 06:24:00.509,0.0,0.4,0.5,0.4,0,0,7.91,26.44
2026-07-04 06:24:01.004,0.0,0.4,0.4,0.4,0,0,7.91,26.44
2026-07-04 06:24:01.508,0.0,0.4,0.4,0.4,0,0,7.91,26.44
2026-07-04 06:24:02.010,0.0,0.4,0.4,0.4,1,0,7.90,26.44
2026-07-04 06:24:02.509,0.0,0.4,0.4,0.4,1,0,7.90,26.44
2026-07-04 06:24:03.063,0.0,0.4,0.4,0.4,1,0,7.90,26.44
2026-07-04 06:24:03.531,0.0,0.4,0.4,0.4,0,0,7.91,26.44
2026-07-04 06:24:04.039,0.0,0.4,0.6,0.4,0,0,7.91,26.44
2026-07-04 06:24:04.530,0.0,0.4,0.6,0.4,0,0,7.91,26.44
2026-07-04 06:24:05.027,0.0,0.4,0.7,0.4,0,0,7.91,26.44
2026-07-04 06:24:05.538,0.0,0.4,0.7,0.4,0,0,7.91,26.44
2026-07-04 06:24:06.058,0.0,0.4,0.8,0.4,0,0,7.91,26.44
2026-07-04 06:24:06.548,0.0,0.4,0.9,0.4,0,0,7.91,26.44
2026-07-04 06:24:07.509,0.0,0.4,0.9,0.4,0,0,7.91,26.44
2026-07-04 06:24:07.569,0.0,0.4,0.9,0.4,0,0,7.91,26.44
2026-07-04 06:24:08.063,0.0,0.4,0.9,0.4,0,0,7.91,26.44
2026-07-04 06:24:08.569,0.0,0.4,0.7,0.4,0,0,7.91,26.44
2026-07-04 06:24:09.057,0.0,0.4,0.6,0.4,0,0,7.91,26.44
2026-07-04 06:24:09.542,0.0,0.4,0.6,0.4,0,0,7.91,26.44
2026-07-04 06:24:10.038,0.0,0.4,0.6,0.4,0,0,7.91,26.44
2026-07-04 06:24:10.536,0.0,0.4,0.5,0.4,0,0,7.91,26.44
2026-07-04 06:24:11.062,0.0,0.4,0.5,0.4,0,0,7.91,26.44
2026-07-04 06:24:11.515,0.0,0.4,0.5,0.4,0,0,7.91,26.44
2026-07-04 06:24:12.011,0.0,0.4,0.5,0.4,0,0,7.91,26.44
2026-07-04 06:24:12.538,0.0,0.4,0.5,0.4,0,0,7.91,26.44
2026-07-04 06:24:13.036,0.0,0.4,0.5,0.4,0,0,7.91,26.44
2026-07-04 06:24:13.539,0.0,0.4,0.5,0.4,0,0,7.91,26.44
2026-07-04 06:24:14.036,0.4,0.4,0.5,0.4,0,0,7.91,26.44
2026-07-04 06:24:15.051,0.0,0.4,0.6,0.4,1,0,7.90,26.44
2026-07-04 06:24:15.052,0.0,0.4,0.6,0.4,1,0,7.90,26.44
2026-07-04 06:24:15.530,0.0,0.4,1.1,0.4,0,0,7.91,26.44
2026-07-04 06:24:16.037,0.0,0.4,1.4,0.4,0,0,7.91,26.44
2026-07-04 06:24:16.558,0.0,0.4,1.4,0.4,0,0,7.91,26.44
2026-07-04 06:24:17.058,0.0,0.4,0.8,0.4,0,0,7.91,26.44
2026-07-04 06:24:17.570,0.0,0.4,0.8,0.4,0,0,7.91,26.44
2026-07-04 06:24:18.038,0.0,0.4,1.6,0.4,0,0,7.91,26.44
2026-07-04 06:24:18.568,0.0,0.4,1.5,0.4,0,0,7.91,26.44
2026-07-04 06:24:19.069,0.0,0.4,1.5,0.4,0,0,7.91,26.44
2026-07-04 06:24:19.568,0.0,0.4,1.5,0.4,0,0,7.91,26.44
2026-07-04 06:24:20.066,0.0,0.4,1.5,0.4,0,0,7.91,26.44
2026-07-04 06:24:20.557,0.0,0.4,1.6,0.4,0,0,7.91,26.44
2026-07-04 06:24:21.058,0.0,0.4,1.6,0.4,0,0,7.91,26.44
2026-07-04 06:24:21.553,0.0,0.4,1.6,0.4,0,0,7.91,26.44
2026-07-04 06:24:22.050,0.0,0.4,1.6,0.4,0,0,7.91,26.44
2026-07-04 06:24:22.553,0.0,0.4,1.6,0.4,0,0,7.91,26.44
2026-07-04 06:24:23.030,0.4,0.4,1.6,0.4,0,0,7.91,26.44
2026-07-04 06:24:23.539,0.0,0.4,1.2,0.4,0,0,7.91,26.44
2026-07-04 06:24:24.567,0.0,0.4,1.1,0.4,0,0,7.91,26.44
2026-07-04 06:24:24.568,0.4,0.4,1.0,0.4,0,0,7.91,26.44
2026-07-04 06:24:25.068,0.4,0.4,0.9,0.4,0,0,7.91,26.44
2026-07-04 06:24:25.538,0.4,0.4,0.8,0.4,0,0,7.91,26.44
2026-07-04 06:24:26.040,0.0,0.4,0.7,0.4,0,0,7.91,26.44
2026-07-04 06:24:26.539,0.0,0.4,0.7,0.4,0,0,7.91,26.44
2026-07-04 06:24:27.043,0.0,0.4,0.6,0.4,0,0,7.91,26.44
2026-07-04 06:24:27.527,0.0,0.4,0.5,0.4,0,0,7.91,26.44
2026-07-04 06:24:28.068,0.0,0.4,0.5,0.4,0,0,7.91,26.44
2026-07-04 06:24:28.567,0.0,0.4,0.5,0.4,0,0,7.91,26.44
2026-07-04 06:24:29.036,0.4,0.4,0.7,0.4,0,0,7.91,26.44
2026-07-04 06:24:29.539,0.0,0.4,0.7,0.4,0,0,7.91,26.44
2026-07-04 06:24:30.024,0.0,0.4,0.7,0.4,0,0,7.91,26.44
2026-07-04 06:24:30.568,0.0,0.4,0.7,0.4,0,0,7.91,26.44
2026-07-04 06:24:31.056,0.0,0.4,0.6,0.4,0,0,7.91,26.44
2026-07-04 06:24:31.570,0.0,0.4,0.5,0.4,0,0,7.91,26.44
2026-07-04 06:24:32.053,0.4,0.4,0.5,0.4,0,0,7.91,26.44
2026-07-04 06:24:32.556,0.0,0.4,0.5,0.4,0,0,7.91,26.44
2026-07-04 06:24:33.052,0.0,0.4,0.5,0.4,0,0,7.91,26.44
2026-07-04 06:24:33.539,0.0,0.4,0.5,0.4,0,0,7.91,26.44
2026-07-04 06:24:34.038,0.0,0.4,0.5,0.4,2,0,7.88,26.44
2026-07-04 06:24:34.539,0.0,0.4,0.4,0.4,2,0,7.88,26.44
2026-07-04 06:24:35.036,0.0,0.4,0.4,0.4,4,0,7.85,26.44
2026-07-04 06:24:35.569,0.0,0.4,0.4,0.4,1,0,7.90,26.44
2026-07-04 06:24:36.057,0.0,0.4,0.5,0.4,1,0,7.90,26.44
2026-07-04 06:24:36.525,0.0,0.4,0.5,0.4,0,0,7.91,26.44
2026-07-04 06:24:37.049,0.0,0.4,0.5,0.4,0,0,7.91,26.44
2026-07-04 06:24:37.561,0.0,0.4,0.5,0.4,0,0,7.91,26.44
2026-07-04 06:24:38.067,0.0,0.4,0.5,0.4,0,0,7.91,26.44
2026-07-04 06:24:38.568,0.0,0.4,0.5,0.4,0,0,7.91,26.44
2026-07-04 06:24:39.048,0.0,0.4,0.5,0.4,0,0,7.91,26.44
2026-07-04 06:24:39.561,0.0,0.4,0.5,0.4,2,0,7.88,26.44
2026-07-04 06:24:40.060,0.0,0.4,0.4,0.4,2,0,7.88,26.44
2026-07-04 06:24:40.559,0.0,0.4,0.4,0.4,2,0,7.88,26.44
2026-07-04 06:24:41.074,0.0,0.4,0.4,0.4,2,0,7.88,26.44
2026-07-04 06:24:41.544,0.0,0.4,0.4,0.4,1,0,7.90,26.44
2026-07-04 06:24:42.041,0.0,0.4,0.4,0.4,1,0,7.90,26.44
2026-07-04 06:24:42.542,0.0,0.4,0.5,0.4,14,0,7.71,26.44
2026-07-04 06:24:43.043,0.0,0.4,0.5,0.4,14,0,7.71,26.44
2026-07-04 06:24:43.772,0.0,0.4,0.5,0.4,14,0,7.71,26.44
2026-07-04 06:24:44.083,0.0,0.4,0.5,0.4,14,0,7.71,26.44
2026-07-04 06:24:44.083,0.0,0.4,0.4,0.4,12,0,7.73,26.44
2026-07-04 06:24:44.584,0.0,0.4,0.4,0.4,12,0,7.73,26.44
2026-07-04 06:24:45.084,0.0,0.4,0.5,0.4,12,0,7.73,26.44
2026-07-04 06:24:45.568,0.0,0.4,0.5,0.4,0,0,7.91,26.44
2026-07-04 06:24:46.032,0.0,0.4,0.5,0.4,0,0,7.91,26.44
2026-07-04 06:24:46.542,0.0,0.4,0.5,0.4,0,0,7.91,26.44
2026-07-04 06:24:47.056,0.0,0.4,0.4,0.4,0,0,7.91,26.44
2026-07-04 06:24:47.556,0.0,0.4,0.5,0.4,0,0,7.91,26.44
2026-07-04 06:24:48.038,0.0,0.4,0.5,0.4,0,0,7.91,26.44
2026-07-04 06:24:48.538,0.0,0.4,0.5,0.4,0,0,7.91,26.44
2026-07-04 06:24:49.037,0.0,0.4,0.5,0.4,0,0,7.91,26.44
2026-07-04 06:24:50.062,0.0,0.4,0.5,0.4,0,0,7.91,26.44
2026-07-04 06:24:50.063,0.4,0.4,0.5,0.4,0,0,7.91,26.44
2026-07-04 06:24:50.559,0.0,0.4,0.6,0.4,0,0,7.91,26.44
2026-07-04 06:24:51.059,0.0,0.4,0.6,0.4,0,0,7.91,26.44
2026-07-04 06:24:51.539,0.0,0.4,0.6,0.4,0,0,7.91,26.44
2026-07-04 06:24:52.034,0.0,0.4,0.5,0.4,1,0,7.90,26.44
2026-07-04 06:24:53.062,0.0,0.4,0.5,0.4,1,0,7.90,26.44
2026-07-04 06:24:53.062,0.0,0.4,0.5,0.4,4,0,7.85,26.44
2026-07-04 06:24:53.560,0.0,0.4,0.5,0.4,0,0,7.91,26.44
2026-07-04 06:24:54.073,0.0,0.4,0.5,0.4,0,0,7.91,26.44
2026-07-04 06:24:54.555,0.0,0.4,0.5,0.4,0,0,7.91,26.44
2026-07-04 06:24:55.053,0.0,0.4,0.5,0.4,0,0,7.91,26.44
2026-07-04 06:24:55.587,0.0,0.4,0.6,0.4,0,0,7.91,26.44
2026-07-04 06:24:56.087,0.0,0.4,0.7,0.4,0,0,7.91,26.44
2026-07-04 06:24:57.036,0.0,0.4,0.6,0.4,0,0,7.91,26.44
2026-07-04 06:24:57.089,0.0,0.4,0.5,0.4,0,0,7.91,26.44
2026-07-04 06:24:57.539,0.0,0.4,0.5,0.4,0,0,7.91,26.44
2026-07-04 06:24:58.084,0.0,0.4,0.5,0.4,0,0,7.91,26.44
2026-07-04 06:24:58.583,0.0,0.4,0.5,0.4,0,0,7.91,26.44
2026-07-04 06:24:59.049,0.4,0.4,0.5,0.4,0,1706,7.91,1.45
2026-07-04 06:24:59.567,0.0,0.4,0.5,0.4,0,0,7.91,26.44
2026-07-04 06:25:00.098,0.0,0.4,0.5,0.4,0,0,7.91,26.44
2026-07-04 06:25:00.567,0.0,0.4,0.4,0.4,0,0,7.91,26.44
2026-07-04 06:25:01.068,0.0,0.4,0.4,0.4,0,0,7.91,26.44
2026-07-04 06:25:01.559,0.0,0.4,0.4,0.4,0,0,7.91,26.44
2026-07-04 06:25:02.086,0.4,0.4,0.4,0.4,0,1709,7.91,1.41
2026-07-04 06:25:02.588,0.0,0.4,0.4,0.4,0,0,7.91,26.44
2026-07-04 06:25:03.069,0.4,0.4,0.4,0.4,0,1709,7.91,1.41
2026-07-04 06:25:03.568,0.4,0.4,0.4,0.4,0,0,7.91,26.44
2026-07-04 06:25:04.066,0.4,0.4,0.4,0.4,0,0,7.91,26.44
2026-07-04 06:25:04.545,0.4,0.4,0.4,0.4,0,0,7.91,26.44
2026-07-04 06:25:05.540,0.0,0.4,0.4,0.4,4,0,7.85,26.44
2026-07-04 06:25:05.598,0.0,0.4,0.4,0.4,15,0,7.69,26.44
2026-07-04 06:25:06.087,0.0,0.4,0.4,0.4,15,0,7.69,26.44
2026-07-04 06:25:06.588,0.0,0.4,0.4,0.4,0,0,7.91,26.44
2026-07-04 06:25:07.088,0.0,0.4,0.4,0.4,0,0,7.91,26.44
2026-07-04 06:25:07.542,0.4,0.4,0.4,0.4,0,1708,7.91,1.42
2026-07-04 06:25:08.101,0.4,0.4,0.4,0.4,1,1708,7.90,1.42
2026-07-04 06:25:08.598,0.4,0.4,0.4,0.4,1,1708,7.90,1.42
2026-07-04 06:25:09.098,0.4,0.4,0.4,0.4,1,1708,7.90,1.42
2026-07-04 06:25:09.597,0.4,0.4,0.4,0.4,1,1708,7.90,1.42
2026-07-04 06:25:10.063,0.4,0.4,0.4,0.4,4,1708,7.85,1.42
2026-07-04 06:25:10.560,0.4,0.4,0.4,0.4,4,1708,7.85,1.42
2026-07-04 06:25:11.085,0.4,0.4,0.4,0.4,0,1708,7.91,1.42
2026-07-04 06:25:11.583,0.0,0.4,0.4,0.4,0,0,7.91,26.44
2026-07-04 06:25:12.083,0.0,0.4,0.4,0.4,0,0,7.91,26.44
2026-07-04 06:25:12.582,0.0,0.4,0.4,0.4,0,0,7.91,26.44
2026-07-04 06:25:13.048,0.0,0.4,0.4,0.4,0,0,7.91,26.44
2026-07-04 06:25:13.560,0.0,0.4,0.4,0.4,0,0,7.91,26.44
2026-07-04 06:25:14.102,0.0,0.4,0.4,0.4,3,0,7.87,26.44
2026-07-04 06:25:14.598,0.0,0.4,0.4,0.4,1,0,7.90,26.44
2026-07-04 06:25:15.083,0.0,0.4,0.4,0.4,1,0,7.90,26.44
2026-07-04 06:25:15.591,0.0,0.4,0.4,0.4,0,0,7.91,26.44
2026-07-04 06:25:16.098,0.0,0.4,0.4,0.4,0,0,7.91,26.44
2026-07-04 06:25:16.568,0.0,0.4,0.4,0.4,0,0,7.91,26.44
2026-07-04 06:25:17.067,0.0,0.4,0.4,0.4,1,0,7.90,26.44
2026-07-04 06:25:17.585,0.4,0.4,0.4,0.4,0,1708,7.91,1.42
2026-07-04 06:25:18.560,0.4,0.4,0.4,0.4,0,1708,7.91,1.42
2026-07-04 06:25:18.619,0.4,0.4,0.4,0.4,0,0,7.91,26.44
2026-07-04 06:25:19.077,0.0,0.4,0.4,0.4,1,0,7.90,26.44
2026-07-04 06:25:19.598,0.0,0.4,0.4,0.4,1,0,7.90,26.44
2026-07-04 06:25:20.098,0.4,0.4,0.4,0.4,0,0,7.91,26.44
2026-07-04 06:25:21.053,0.4,0.4,0.4,0.4,0,0,7.91,26.44
2026-07-04 06:25:21.116,0.4,0.4,0.4,0.4,0,0,7.91,26.44
2026-07-04 06:25:21.548,0.0,0.4,0.4,0.4,0,0,7.91,26.44
2026-07-04 06:25:22.070,0.0,0.4,0.4,0.4,1,0,7.90,26.44
2026-07-04 06:25:22.548,0.0,0.4,0.4,0.4,1,0,7.90,26.44
2026-07-04 06:25:23.062,0.0,0.4,0.4,0.4,1,0,7.90,26.44
2026-07-04 06:25:23.569,0.0,0.4,0.4,0.4,1,0,7.90,26.44
2026-07-04 06:25:24.070,0.0,0.4,0.4,0.4,0,0,7.91,26.44
2026-07-04 06:25:24.567,0.0,0.4,0.4,0.4,1,0,7.90,26.44
2026-07-04 06:25:25.064,0.0,0.4,0.4,0.4,0,0,7.91,26.44
2026-07-04 06:25:25.568,0.0,0.4,0.4,0.4,0,0,7.91,26.44
2026-07-04 06:25:26.097,0.0,0.4,0.4,0.4,0,0,7.91,26.44
2026-07-04 06:25:26.568,0.0,0.4,0.4,0.4,0,0,7.91,26.44
2026-07-04 06:25:27.052,0.0,0.4,0.4,0.4,0,0,7.91,26.44
2026-07-04 06:25:27.562,0.4,0.4,0.4,0.4,0,0,7.91,26.44
2026-07-04 06:25:28.315,0.0,0.4,0.4,0.4,0,0,7.91,26.44
2026-07-04 06:25:28.554,0.0,0.4,0.4,0.4,4,0,7.85,26.44
2026-07-04 06:25:28.555,0.0,0.4,0.4,0.4,4,0,7.85,26.44
2026-07-04 06:25:29.052,0.0,0.4,0.4,0.4,2,0,7.88,26.44
2026-07-04 06:25:29.559,0.0,0.4,0.4,0.4,2,0,7.88,26.44
2026-07-04 06:25:30.069,0.0,0.4,0.4,0.4,2,0,7.88,26.44
2026-07-04 06:25:30.588,0.0,0.4,0.4,0.4,2,0,7.88,26.44
2026-07-04 06:25:31.084,0.0,0.4,0.4,0.4,0,0,7.91,26.44
2026-07-04 06:25:31.580,0.0,0.4,0.4,0.4,0,0,7.91,26.44
2026-07-04 06:25:32.064,0.0,0.4,0.4,0.4,0,0,7.91,26.44
2026-07-04 06:25:32.587,0.0,0.4,0.4,0.4,0,0,7.91,26.44
2026-07-04 06:25:33.087,0.0,0.4,0.4,0.4,0,0,7.91,26.44
2026-07-04 06:25:33.586,0.0,0.4,0.4,0.4,0,0,7.91,26.44
2026-07-04 06:25:34.099,0.0,0.4,0.4,0.4,0,0,7.91,26.44
2026-07-04 06:25:34.583,0.0,0.4,0.4,0.4,0,0,7.91,26.44
2026-07-04 06:25:35.082,0.0,0.4,0.4,0.4,0,0,7.91,26.44
2026-07-04 06:25:35.582,0.0,0.4,0.4,0.4,0,0,7.91,26.44
2026-07-04 06:25:36.057,0.0,0.4,0.4,0.4,0,0,7.91,26.44
2026-07-04 06:25:36.556,0.0,0.4,0.4,0.4,1,0,7.90,26.44
2026-07-04 06:25:37.598,0.0,0.4,0.4,0.4,0,0,7.91,26.44
2026-07-04 06:25:37.598,0.0,0.4,0.4,0.4,0,0,7.91,26.44
2026-07-04 06:25:38.062,0.0,0.4,0.4,0.4,0,0,7.91,26.44
2026-07-04 06:25:38.589,0.0,0.4,0.4,0.4,1,0,7.90,26.44
2026-07-04 06:25:39.085,0.0,0.4,0.4,0.4,1,0,7.90,26.44
2026-07-04 06:25:39.568,0.4,0.4,0.4,0.4,0,0,7.91,26.44
2026-07-04 06:25:40.076,0.0,0.4,0.4,0.4,0,0,7.91,26.44
2026-07-04 06:25:40.599,0.0,0.4,0.4,0.4,0,0,7.91,26.44
2026-07-04 06:25:41.067,0.0,0.4,0.4,0.4,0,0,7.91,26.44
2026-07-04 06:25:41.568,0.0,0.4,0.4,0.4,0,0,7.91,26.44
2026-07-04 06:25:42.088,0.0,0.4,0.4,0.4,0,0,7.91,26.44
2026-07-04 06:25:42.588,0.0,0.4,0.4,0.4,0,0,7.91,26.44
2026-07-04 06:25:43.084,0.0,0.4,0.4,0.4,0,0,7.91,26.44
2026-07-04 06:25:44.127,0.0,0.4,0.4,0.4,0,0,7.91,26.44
2026-07-04 06:25:44.128,0.0,0.4,0.4,0.4,0,0,7.91,26.44
2026-07-04 06:25:44.587,0.0,0.4,0.4,0.4,0,0,7.91,26.44
2026-07-04 06:25:45.066,0.0,0.4,0.4,0.4,0,0,7.91,26.44
2026-07-04 06:25:46.120,0.0,0.4,0.4,0.4,0,0,7.91,26.44
2026-07-04 06:25:46.120,0.0,0.4,0.4,0.4,0,0,7.91,26.44
2026-07-04 06:25:46.612,0.0,0.4,0.4,0.4,0,0,7.91,26.44
2026-07-04 06:25:47.062,0.0,0.4,0.4,0.4,0,0,7.91,26.44
2026-07-04 06:25:47.624,0.0,0.4,0.4,0.4,0,0,7.91,26.44
2026-07-04 06:25:48.119,0.0,0.4,0.4,0.4,0,0,7.91,26.44
2026-07-04 06:25:48.599,0.4,0.4,0.4,0.4,0,0,7.91,26.44
2026-07-04 06:25:49.109,0.0,0.4,0.4,0.4,0,0,7.91,26.44
2026-07-04 06:25:49.567,0.0,0.4,0.4,0.4,0,0,7.91,26.44
2026-07-04 06:25:50.118,0.0,0.4,0.4,0.4,0,0,7.91,26.44
2026-07-04 06:25:50.568,0.0,0.4,0.4,0.4,0,0,7.91,26.44
2026-07-04 06:25:51.072,0.0,0.4,0.4,0.4,0,0,7.91,26.44
2026-07-04 06:25:51.589,0.0,0.4,0.4,0.4,0,0,7.91,26.44
2026-07-04 06:25:52.089,0.0,0.4,0.4,0.4,0,0,7.91,26.44
2026-07-04 06:25:52.594,0.0,0.4,0.4,0.4,0,0,7.91,26.44
2026-07-04 06:25:53.095,0.0,0.4,0.4,0.4,0,0,7.91,26.44
2026-07-04 06:25:53.566,0.0,0.4,0.4,0.4,0,0,7.91,26.44
2026-07-04 06:25:54.067,0.0,0.4,0.4,0.4,0,0,7.91,26.44
2026-07-04 06:25:54.610,0.0,0.4,0.4,0.4,0,0,7.91,26.44
2026-07-04 06:25:55.061,0.0,0.4,0.4,0.4,0,0,7.91,26.44
2026-07-04 06:25:55.622,0.0,0.4,0.4,0.4,0,0,7.91,26.44
2026-07-04 06:25:56.067,0.0,0.4,0.4,0.4,0,0,7.91,26.44
2026-07-04 06:25:56.568,0.0,0.4,0.4,0.4,0,0,7.91,26.44
2026-07-04 06:25:57.064,0.0,0.4,0.4,0.4,0,0,7.91,26.44
2026-07-04 06:25:57.612,0.0,0.4,0.4,0.4,0,0,7.91,26.44
2026-07-04 06:25:58.112,0.0,0.4,0.4,0.4,0,0,7.91,26.44
2026-07-04 06:25:58.596,0.0,0.4,0.4,0.4,0,0,7.91,26.44
2026-07-04 06:25:59.097,0.0,0.4,0.4,0.4,0,0,7.91,26.44
2026-07-04 06:25:59.598,0.0,0.4,0.4,0.4,0,0,7.91,26.44
2026-07-04 06:26:00.097,0.0,0.4,0.4,0.4,0,0,7.91,26.44
2026-07-04 06:26:00.582,0.0,0.4,0.4,0.4,0,0,7.91,26.44
2026-07-04 06:26:01.086,0.0,0.4,0.4,0.4,0,0,7.91,26.44
2026-07-04 06:26:02.115,0.0,0.4,0.4,0.4,0,0,7.91,26.44
2026-07-04 06:26:02.116,0.0,0.4,0.4,0.4,0,0,7.91,26.44
2026-07-04 06:26:02.598,0.0,0.4,0.4,0.4,0,0,7.91,26.44
2026-07-04 06:26:03.082,0.0,0.4,0.4,0.4,0,0,7.91,26.44
2026-07-04 06:26:03.583,0.0,0.4,0.4,0.4,0,0,7.91,26.44
2026-07-04 06:26:04.085,0.0,0.4,0.4,0.4,0,0,7.91,26.44
2026-07-04 06:26:04.584,0.0,0.4,0.4,0.4,0,0,7.91,26.44
2026-07-04 06:26:05.080,0.0,0.4,0.4,0.4,0,0,7.91,26.44
2026-07-04 06:26:05.593,0.0,0.4,0.4,0.4,0,0,7.91,26.44
2026-07-04 06:26:06.089,0.0,0.4,0.4,0.4,0,0,7.91,26.44
2026-07-04 06:26:07.091,0.0,0.4,0.4,0.4,0,0,7.91,26.44
2026-07-04 06:26:07.091,0.0,0.4,0.4,0.4,0,0,7.91,26.44
2026-07-04 06:26:07.589,0.0,0.4,0.4,0.4,0,0,7.91,26.44
2026-07-04 06:26:08.090,0.0,0.4,0.4,0.4,0,0,7.91,26.44
2026-07-04 06:26:08.589,0.0,0.4,0.4,0.4,0,0,7.91,26.44
2026-07-04 06:26:09.105,0.0,0.4,0.4,0.4,0,0,7.91,26.44
2026-07-04 06:26:09.620,0.0,0.4,0.4,0.4,0,0,7.91,26.44
2026-07-04 06:26:10.120,0.0,0.4,0.4,0.4,0,0,7.91,26.44
2026-07-04 06:26:10.629,0.0,0.4,0.4,0.4,0,0,7.91,26.44
2026-07-04 06:26:11.083,0.0,0.4,0.4,0.4,0,0,7.91,26.44
2026-07-04 06:26:11.629,0.0,0.4,0.4,0.4,0,0,7.91,26.44
2026-07-04 06:26:12.110,0.0,0.4,0.4,0.4,0,0,7.91,26.44
2026-07-04 06:26:12.579,0.0,0.4,0.4,0.4,0,0,7.91,26.44
2026-07-04 06:26:13.083,0.0,0.4,0.4,0.4,0,0,7.91,26.44
2026-07-04 06:26:14.088,0.0,0.4,0.4,0.4,0,0,7.91,26.44
2026-07-04 06:26:14.089,0.0,0.4,0.4,0.4,0,0,7.91,26.44
2026-07-04 06:26:15.089,0.0,0.4,0.4,0.4,0,0,7.91,26.44
2026-07-04 06:26:15.089,0.0,0.4,0.4,0.4,0,0,7.91,26.44
2026-07-04 06:26:15.598,0.0,0.4,0.4,0.4,0,0,7.91,26.44
2026-07-04 06:26:16.087,0.0,0.4,0.4,0.4,0,0,7.91,26.44
2026-07-04 06:26:16.599,0.0,0.4,0.4,0.4,0,0,7.91,26.44
2026-07-04 06:26:17.097,0.0,0.4,0.4,0.4,0,0,7.91,26.44
2026-07-04 06:26:17.585,0.0,0.4,0.4,0.4,0,0,7.91,26.44
2026-07-04 06:26:18.085,0.0,0.4,0.4,0.4,0,0,7.91,26.44
2026-07-04 06:26:18.618,0.0,0.4,0.4,0.4,0,0,7.91,26.44
2026-07-04 06:26:19.111,0.0,0.4,0.4,0.4,0,0,7.91,26.44
2026-07-04 06:26:19.618,0.0,0.4,0.4,0.4,0,0,7.91,26.44
2026-07-04 06:26:20.128,0.0,0.4,0.4,0.4,0,0,7.91,26.44
2026-07-04 06:26:20.632,0.0,0.4,0.4,0.4,0,0,7.91,26.44
2026-07-04 06:26:21.119,0.0,0.4,0.4,0.4,0,0,7.91,26.44
2026-07-04 06:26:21.613,0.0,0.4,0.4,0.4,0,0,7.91,26.44
2026-07-04 06:26:22.128,0.0,0.4,0.4,0.4,0,0,7.91,26.44
2026-07-04 06:26:22.618,0.0,0.4,0.4,0.4,0,0,7.91,26.44
2026-07-04 06:26:23.116,0.0,0.4,0.4,0.4,0,0,7.91,26.44
2026-07-04 06:26:23.619,0.0,0.4,0.4,0.4,0,0,7.91,26.44
2026-07-04 06:26:24.117,0.0,0.4,0.4,0.4,0,0,7.91,26.44
2026-07-04 06:26:24.792,0.0,0.4,0.4,0.4,0,0,7.91,26.44
2026-07-04 06:26:25.121,0.0,0.4,0.4,0.4,0,0,7.91,26.44
2026-07-04 06:26:25.619,0.0,0.4,0.4,0.4,0,0,7.91,26.44
2026-07-04 06:26:25.619,0.0,0.4,0.4,0.4,0,0,7.91,26.44
2026-07-04 06:26:26.099,0.0,0.4,0.4,0.4,0,0,7.91,26.44
2026-07-04 06:26:26.599,0.0,0.4,0.4,0.4,0,0,7.91,26.44
2026-07-04 06:26:27.119,0.0,0.4,0.4,0.4,0,0,7.91,26.44
2026-07-04 06:26:27.629,0.0,0.4,0.4,0.4,0,0,7.91,26.44
2026-07-04 06:26:28.131,0.0,0.4,0.4,0.4,0,0,7.91,26.44
2026-07-04 06:26:28.630,0.0,0.4,0.4,0.4,0,0,7.91,26.44
2026-07-04 06:26:29.128,0.0,0.4,0.4,0.4,0,0,7.91,26.44
2026-07-04 06:26:29.628,0.0,0.4,0.4,0.4,0,0,7.91,26.44
2026-07-04 06:26:30.117,0.0,0.4,0.4,0.4,0,0,7.91,26.44
2026-07-04 06:26:30.618,0.0,0.4,0.4,0.4,0,0,7.91,26.44
2026-07-04 06:26:31.120,0.0,0.4,0.4,0.4,0,0,7.91,26.44
2026-07-04 06:26:31.620,0.0,0.4,0.4,0.4,0,0,7.91,26.44
2026-07-04 06:26:32.112,0.0,0.4,0.4,0.4,0,0,7.91,26.44
2026-07-04 06:26:33.118,0.0,0.4,0.4,0.4,0,0,7.91,26.44
2026-07-04 06:26:33.121,0.0,0.4,0.4,0.4,0,0,7.91,26.44
2026-07-04 06:26:33.613,0.4,0.4,0.4,0.4,0,0,7.91,26.44
2026-07-04 06:26:34.114,0.4,0.4,0.4,0.4,0,0,7.91,26.44
2026-07-04 06:26:34.598,0.4,0.4,0.4,0.4,0,0,7.91,26.44
2026-07-04 06:26:35.084,0.0,0.4,0.4,0.4,0,0,7.91,26.44
2026-07-04 06:26:35.645,0.0,0.4,0.4,0.4,0,0,7.91,26.44
2026-07-04 06:26:36.138,0.0,0.4,0.4,0.4,0,0,7.91,26.44
2026-07-04 06:26:36.613,0.0,0.4,0.4,0.4,0,0,7.91,26.44
2026-07-04 06:26:37.127,0.0,0.4,0.4,0.4,0,0,7.91,26.44
2026-07-04 06:26:37.588,0.0,0.4,0.4,0.4,0,0,7.91,26.44
2026-07-04 06:26:38.092,0.0,0.4,0.4,0.4,0,0,7.91,26.44
2026-07-04 06:26:38.588,0.0,0.4,0.4,0.4,0,0,7.91,26.44
2026-07-04 06:26:39.141,0.0,0.4,0.4,0.4,0,0,7.91,26.44
2026-07-04 06:26:39.645,0.0,0.4,0.4,0.4,0,0,7.91,26.44
2026-07-04 06:26:40.147,0.0,0.4,0.4,0.4,0,0,7.91,26.44
2026-07-04 06:26:40.628,0.0,0.4,0.4,0.4,0,0,7.91,26.44
2026-07-04 06:26:41.116,0.0,0.4,0.4,0.4,1,0,7.90,26.44
2026-07-04 06:26:41.644,0.0,0.4,0.4,0.4,0,0,7.91,26.44
2026-07-04 06:26:42.147,0.0,0.4,0.4,0.4,0,0,7.91,26.44
2026-07-04 06:26:42.647,0.0,0.4,0.4,0.4,0,0,7.91,26.44
2026-07-04 06:26:43.145,0.0,0.4,0.4,0.4,0,0,7.91,26.44
2026-07-04 06:26:43.622,0.0,0.4,0.5,0.4,0,0,7.91,26.44
2026-07-04 06:26:44.089,0.0,0.4,0.5,0.4,0,0,7.91,26.44
2026-07-04 06:26:44.600,0.0,0.4,0.5,0.4,3,0,7.87,26.44
2026-07-04 06:26:45.099,0.0,0.4,0.4,0.4,3,0,7.87,26.44
2026-07-04 06:26:45.642,0.0,0.4,0.4,0.4,0,0,7.91,26.44
2026-07-04 06:26:46.141,0.0,0.4,0.4,0.4,0,0,7.91,26.44
2026-07-04 06:26:46.641,0.0,0.4,0.4,0.4,0,0,7.91,26.44
2026-07-04 06:26:47.096,0.0,0.4,0.4,0.4,0,0,7.91,26.44
2026-07-04 06:26:47.600,0.0,0.4,0.4,0.4,0,0,7.91,26.44
2026-07-04 06:26:48.097,0.0,0.4,0.4,0.4,0,0,7.91,26.44
2026-07-04 06:26:48.599,0.0,0.4,0.4,0.4,1,0,7.90,26.44
2026-07-04 06:26:49.118,0.0,0.4,0.4,0.4,0,0,7.91,26.44
2026-07-04 06:26:49.611,0.0,0.4,0.4,0.4,0,0,7.91,26.44
2026-07-04 06:26:50.142,0.0,0.4,0.4,0.4,7,0,7.81,26.44
2026-07-04 06:26:50.650,0.0,0.4,0.4,0.4,2,0,7.88,26.44
2026-07-04 06:26:51.137,0.0,0.4,0.4,0.4,2,0,7.88,26.44
2026-07-04 06:26:51.644,0.0,0.4,0.4,0.4,0,0,7.91,26.44
2026-07-04 06:26:52.119,0.0,0.4,0.4,0.4,0,0,7.91,26.44
2026-07-04 06:26:52.620,0.0,0.4,0.4,0.4,0,0,7.91,26.44
2026-07-04 06:26:53.099,0.0,0.4,0.4,0.4,4,0,7.85,26.44
2026-07-04 06:26:53.644,0.0,0.4,0.4,0.4,4,0,7.85,26.44
2026-07-04 06:26:54.122,0.0,0.4,0.4,0.4,4,0,7.85,26.44
2026-07-04 06:26:55.098,0.0,0.4,0.4,0.4,0,0,7.91,26.44
2026-07-04 06:26:55.164,0.0,0.4,0.4,0.4,0,0,7.91,26.44
2026-07-04 06:26:55.598,0.0,0.4,0.4,0.4,0,0,7.91,26.44
2026-07-04 06:26:56.147,0.0,0.4,0.4,0.4,1,0,7.90,26.44
2026-07-04 06:26:56.648,0.0,0.4,0.4,0.4,1,0,7.90,26.44
2026-07-04 06:26:57.143,0.0,0.4,0.4,0.4,1,0,7.90,26.44
2026-07-04 06:26:57.595,0.4,0.4,0.4,0.4,0,0,7.91,26.44
2026-07-04 06:26:58.144,0.4,0.4,0.4,0.4,0,0,7.91,26.44
2026-07-04 06:26:58.647,0.4,0.4,0.4,0.4,0,0,7.91,26.44
2026-07-04 06:26:59.138,0.4,0.4,0.4,0.4,1,0,7.90,26.44
2026-07-04 06:26:59.644,0.4,0.4,0.4,0.4,1,0,7.90,26.44
2026-07-04 06:27:00.097,0.4,0.4,0.4,0.4,1,0,7.90,26.44
2026-07-04 06:27:00.634,0.0,0.4,0.4,0.4,0,0,7.91,26.44
2026-07-04 06:27:01.116,0.0,0.4,0.4,0.4,11,0,7.75,26.44
2026-07-04 06:27:01.618,0.0,0.4,0.4,0.4,11,0,7.75,26.44
2026-07-04 06:27:02.114,0.0,0.4,0.4,0.4,1,0,7.90,26.44
2026-07-04 06:27:02.613,0.0,0.4,0.5,0.4,0,0,7.91,26.44
2026-07-04 06:27:03.110,0.0,0.4,0.5,0.4,0,0,7.91,26.44
2026-07-04 06:27:03.614,0.0,0.4,0.4,0.4,0,0,7.91,26.44
2026-07-04 06:27:04.122,0.0,0.4,0.4,0.4,0,0,7.91,26.44
2026-07-04 06:27:04.622,0.0,0.4,0.4,0.4,0,0,7.91,26.44
2026-07-04 06:27:05.164,0.0,0.4,0.4,0.4,0,0,7.91,26.44
2026-07-04 06:27:05.660,0.0,0.4,0.4,0.4,0,0,7.91,26.44
2026-07-04 06:27:06.164,0.0,0.4,0.4,0.4,0,0,7.91,26.44
2026-07-04 06:27:07.165,0.0,0.4,0.4,0.4,0,0,7.91,26.44
2026-07-04 06:27:07.165,0.0,0.4,0.4,0.4,0,0,7.91,26.44
2026-07-04 06:27:07.660,0.0,0.4,0.4,0.4,0,0,7.91,26.44
2026-07-04 06:27:08.162,0.0,0.4,0.4,0.4,0,0,7.91,26.44
2026-07-04 06:27:08.661,0.0,0.4,0.4,0.4,0,0,7.91,26.44
2026-07-04 06:27:09.161,0.0,0.4,0.4,0.4,0,0,7.91,26.44
2026-07-04 06:27:09.659,0.4,0.4,0.4,0.4,0,0,7.91,26.44
2026-07-04 06:27:10.162,0.0,0.4,0.4,0.4,0,0,7.91,26.44
2026-07-04 06:27:10.660,0.0,0.4,0.4,0.4,0,0,7.91,26.44
2026-07-04 06:27:11.161,0.0,0.4,0.4,0.4,0,0,7.91,26.44
2026-07-04 06:27:11.659,0.0,0.4,0.4,0.4,0,0,7.91,26.44
2026-07-04 06:27:12.162,0.0,0.4,0.4,0.4,0,0,7.91,26.44
2026-07-04 06:27:12.662,0.0,0.4,0.4,0.4,0,0,7.91,26.44
2026-07-04 06:27:13.161,0.0,0.4,0.4,0.4,0,0,7.91,26.44
2026-07-04 06:27:13.659,0.0,0.4,0.5,0.4,0,0,7.91,26.44
2026-07-04 06:27:14.148,0.0,0.4,0.5,0.4,0,0,7.91,26.44
2026-07-04 06:27:14.646,0.0,0.4,0.5,0.4,0,0,7.91,26.44
2026-07-04 06:27:15.146,0.0,0.4,0.4,0.4,0,0,7.91,26.44
2026-07-04 06:27:15.628,0.0,0.4,0.4,0.4,0,0,7.91,26.44
2026-07-04 06:27:16.142,0.0,0.4,0.4,0.4,0,0,7.91,26.44
2026-07-04 06:27:16.648,0.0,0.4,0.4,0.4,0,0,7.91,26.44
2026-07-04 06:27:17.151,0.0,0.4,0.4,0.4,18,0,7.65,26.44
2026-07-04 06:27:17.640,0.0,0.4,0.4,0.4,4,0,7.85,26.44
2026-07-04 06:27:18.148,0.4,0.4,0.4,0.4,0,1660,7.91,2.12
2026-07-04 06:27:18.647,0.0,0.4,0.4,0.4,0,0,7.91,26.44
2026-07-04 06:27:19.149,0.0,0.4,0.4,0.4,0,0,7.91,26.44
2026-07-04 06:27:19.648,0.0,0.4,0.4,0.4,0,0,7.91,26.44
2026-07-04 06:27:20.168,0.4,0.4,0.4,0.4,0,0,7.91,26.44
2026-07-04 06:27:20.632,0.0,0.4,0.4,0.4,0,0,7.91,26.44
2026-07-04 06:27:21.129,0.0,0.4,0.4,0.4,0,0,7.91,26.44
2026-07-04 06:27:21.630,0.4,0.4,0.4,0.4,0,0,7.91,26.44
2026-07-04 06:27:22.128,0.0,0.4,0.4,0.4,0,0,7.91,26.44
2026-07-04 06:27:22.629,0.0,0.4,0.4,0.4,0,0,7.91,26.44
2026-07-04 06:27:23.129,0.0,0.4,0.4,0.4,0,0,7.91,26.44
2026-07-04 06:27:23.644,0.0,0.4,0.4,0.4,0,0,7.91,26.44
2026-07-04 06:27:24.145,0.0,0.4,0.4,0.4,0,0,7.91,26.44
2026-07-04 06:27:24.667,0.0,0.4,0.4,0.4,0,0,7.91,26.44
2026-07-04 06:27:25.125,0.0,0.4,0.4,0.4,0,0,7.91,26.44
2026-07-04 06:27:25.623,0.0,0.4,0.4,0.4,0,0,7.91,26.44
2026-07-04 06:27:26.149,0.0,0.4,0.4,0.4,0,0,7.91,26.44
2026-07-04 06:27:26.649,0.0,0.4,0.4,0.4,0,0,7.91,26.44
2026-07-04 06:27:27.148,0.0,0.4,0.4,0.4,0,0,7.91,26.44
2026-07-04 06:27:27.644,0.4,0.4,0.4,0.4,0,0,7.91,26.44
2026-07-04 06:27:28.126,0.0,0.4,0.4,0.4,2,0,7.88,26.44
2026-07-04 06:27:28.627,0.0,0.4,0.4,0.4,2,0,7.88,26.44
2026-07-04 06:27:29.118,0.0,0.4,0.4,0.4,0,0,7.91,26.44
2026-07-04 06:27:29.616,0.0,0.4,0.4,0.4,0,0,7.91,26.44
2026-07-04 06:27:30.165,0.0,0.4,0.4,0.4,0,0,7.91,26.44
2026-07-04 06:27:30.649,0.0,0.4,0.4,0.4,0,0,7.91,26.44
2026-07-04 06:27:31.149,0.0,0.4,0.4,0.4,0,0,7.91,26.44
2026-07-04 06:27:31.620,0.0,0.4,0.4,0.4,0,0,7.91,26.44
2026-07-04 06:27:32.152,0.4,0.4,0.4,0.4,0,0,7.91,26.44
2026-07-04 06:27:33.141,0.0,0.4,0.4,0.4,1,0,7.90,26.44
2026-07-04 06:27:33.141,0.0,0.4,0.4,0.4,1,0,7.90,26.44
2026-07-04 06:27:33.642,0.0,0.4,0.4,0.4,0,0,7.91,26.44
2026-07-04 06:27:34.148,0.0,0.4,0.4,0.4,0,0,7.91,26.44
2026-07-04 06:27:34.618,0.0,0.4,0.4,0.4,0,0,7.91,26.44
2026-07-04 06:27:35.147,0.0,0.4,0.4,0.4,0,0,7.91,26.44
2026-07-04 06:27:35.644,0.0,0.4,0.4,0.4,0,0,7.91,26.44
2026-07-04 06:27:36.142,0.0,0.4,0.4,0.4,0,0,7.91,26.44
2026-07-04 06:27:36.627,0.0,0.4,0.4,0.4,0,0,7.91,26.44
2026-07-04 06:27:37.123,0.0,0.4,0.4,0.4,0,0,7.91,26.44
2026-07-04 06:27:37.639,0.0,0.4,0.4,0.4,0,0,7.91,26.44
2026-07-04 06:27:38.148,0.0,0.4,0.4,0.4,0,0,7.91,26.44
2026-07-04 06:27:38.648,0.0,0.4,0.4,0.4,0,0,7.91,26.44
2026-07-04 06:27:39.148,0.0,0.4,0.4,0.4,0,0,7.91,26.44
2026-07-04 06:27:39.644,0.0,0.4,0.4,0.4,0,0,7.91,26.44
2026-07-04 06:27:40.148,0.0,0.4,0.4,0.4,0,0,7.91,26.44
2026-07-04 06:27:40.649,0.0,0.4,0.4,0.4,0,0,7.91,26.44
2026-07-04 06:27:41.147,0.4,0.4,0.4,0.4,0,0,7.91,26.44
2026-07-04 06:27:41.649,0.0,0.4,0.4,0.4,0,0,7.91,26.44
2026-07-04 06:27:42.147,0.0,0.4,0.4,0.4,0,0,7.91,26.44
2026-07-04 06:27:42.650,0.0,0.4,0.4,0.4,0,0,7.91,26.44
2026-07-04 06:27:43.132,0.0,0.4,0.4,0.4,0,0,7.91,26.44
2026-07-04 06:27:44.128,0.0,0.4,0.4,0.4,0,0,7.91,26.44
2026-07-04 06:27:44.129,0.4,0.4,0.4,0.4,0,0,7.91,26.44
2026-07-04 06:27:44.631,0.0,0.4,0.4,0.4,0,0,7.91,26.44
2026-07-04 06:27:45.128,0.0,0.4,0.4,0.4,0,0,7.91,26.44
2026-07-04 06:27:45.676,0.0,0.4,0.4,0.4,0,0,7.91,26.44
2026-07-04 06:27:46.175,0.0,0.4,0.4,0.4,0,0,7.91,26.44
2026-07-04 06:27:46.641,0.0,0.4,0.4,0.4,0,0,7.91,26.44
2026-07-04 06:27:47.139,0.0,0.4,0.4,0.4,0,0,7.91,26.44
2026-07-04 06:27:47.644,0.0,0.4,0.4,0.4,0,0,7.91,26.44
2026-07-04 06:27:48.153,0.0,0.4,0.4,0.4,0,0,7.91,26.44
2026-07-04 06:27:48.664,0.0,0.4,0.4,0.4,0,0,7.91,26.44
2026-07-04 06:27:49.148,0.0,0.4,0.4,0.4,0,0,7.91,26.44
2026-07-04 06:27:49.644,0.0,0.4,0.4,0.4,0,0,7.91,26.44
2026-07-04 06:27:50.134,0.0,0.4,0.4,0.4,0,0,7.91,26.44
2026-07-04 06:27:50.663,0.0,0.4,0.4,0.4,0,0,7.91,26.44
2026-07-04 06:27:51.162,0.0,0.4,0.4,0.4,0,0,7.91,26.44
2026-07-04 06:27:51.662,0.4,0.4,0.4,0.4,0,0,7.91,26.44
2026-07-04 06:27:52.149,0.0,0.4,0.4,0.4,0,0,7.91,26.44
2026-07-04 06:27:52.649,0.0,0.4,0.4,0.4,0,0,7.91,26.44
2026-07-04 06:27:53.177,0.0,0.4,0.4,0.4,0,0,7.91,26.44
2026-07-04 06:27:53.637,0.0,0.4,0.4,0.4,0,0,7.91,26.44
2026-07-04 06:27:54.150,0.0,0.4,0.4,0.4,0,0,7.91,26.44
2026-07-04 06:27:54.646,0.0,0.4,0.4,0.4,0,0,7.91,26.44
2026-07-04 06:27:55.149,0.0,0.4,0.4,0.4,0,0,7.91,26.44
2026-07-04 06:27:55.648,0.0,0.4,0.4,0.4,0,0,7.91,26.44
2026-07-04 06:27:56.144,0.0,0.4,0.4,0.4,0,0,7.91,26.44
2026-07-04 06:27:56.674,0.0,0.4,0.4,0.4,0,0,7.91,26.44
2026-07-04 06:27:57.180,0.0,0.4,0.4,0.4,0,0,7.91,26.44
2026-07-04 06:27:57.640,0.0,0.4,0.4,0.4,0,0,7.91,26.44
2026-07-04 06:27:58.139,0.0,0.4,0.4,0.4,0,0,7.91,26.44
2026-07-04 06:27:58.640,0.0,0.4,0.4,0.4,0,0,7.91,26.44
2026-07-04 06:27:59.138,0.0,0.4,0.4,0.4,0,0,7.91,26.44
2026-07-04 06:27:59.650,0.0,0.4,0.4,0.4,0,0,7.91,26.44
2026-07-04 06:28:00.681,0.0,0.4,0.4,0.4,0,0,7.91,26.44
2026-07-04 06:28:00.683,0.0,0.4,0.4,0.4,0,0,7.91,26.44
2026-07-04 06:28:01.164,0.0,0.4,0.4,0.4,0,0,7.91,26.44
2026-07-04 06:28:01.643,0.0,0.4,0.4,0.4,0,0,7.91,26.44
2026-07-04 06:28:02.148,0.0,0.4,0.4,0.4,0,0,7.91,26.44
2026-07-04 06:28:02.664,0.0,0.4,0.4,0.4,0,0,7.91,26.44
2026-07-04 06:28:03.180,0.4,0.4,0.4,0.4,0,1649,7.91,2.29
2026-07-04 06:28:03.645,0.0,0.4,0.4,0.4,0,0,7.91,26.44
2026-07-04 06:28:04.196,0.0,0.4,0.4,0.4,0,0,7.91,26.44
2026-07-04 06:28:04.676,0.0,0.4,0.4,0.4,0,0,7.91,26.44
2026-07-04 06:28:05.148,0.0,0.4,0.4,0.4,0,0,7.91,26.44
2026-07-04 06:28:05.643,0.0,0.4,0.4,0.4,0,0,7.91,26.44
2026-07-04 06:28:06.146,0.0,0.4,0.4,0.4,0,0,7.91,26.44
2026-07-04 06:28:06.693,0.0,0.4,0.4,0.4,0,0,7.91,26.44
2026-07-04 06:28:07.179,0.0,0.4,0.4,0.4,0,0,7.91,26.44
2026-07-04 06:28:07.677,0.0,0.4,0.4,0.4,0,0,7.91,26.44
2026-07-04 06:28:08.151,0.4,0.4,0.4,0.4,0,0,7.91,26.44
2026-07-04 06:28:08.653,0.0,0.4,0.4,0.4,0,0,7.91,26.44
2026-07-04 06:28:09.149,0.0,0.4,0.4,0.4,0,0,7.91,26.44
2026-07-04 06:28:09.650,0.0,0.4,0.4,0.4,0,0,7.91,26.44
2026-07-04 06:28:10.149,0.0,0.4,0.4,0.4,0,0,7.91,26.44
2026-07-04 06:28:10.695,0.0,0.4,0.4,0.4,0,0,7.91,26.44
2026-07-04 06:28:11.198,0.0,0.4,0.4,0.4,0,0,7.91,26.44
2026-07-04 06:28:11.692,0.0,0.4,0.4,0.4,0,0,7.91,26.44
2026-07-04 06:28:12.194,0.0,0.4,0.4,0.4,0,0,7.91,26.44
2026-07-04 06:28:12.692,0.0,0.4,0.4,0.4,0,0,7.91,26.44
2026-07-04 06:28:13.192,0.0,0.4,0.4,0.4,0,0,7.91,26.44
2026-07-04 06:28:13.673,0.0,0.4,0.4,0.4,0,0,7.91,26.44
2026-07-04 06:28:14.175,0.4,0.4,0.4,0.4,0,0,7.91,26.44
2026-07-04 06:28:14.677,0.0,0.4,0.5,0.4,0,0,7.91,26.44
2026-07-04 06:28:15.673,0.0,0.4,0.5,0.4,0,0,7.91,26.44
2026-07-04 06:28:15.674,0.0,0.4,0.5,0.4,0,0,7.91,26.44
2026-07-04 06:28:16.140,0.0,0.4,0.5,0.4,0,0,7.91,26.44
2026-07-04 06:28:16.651,0.0,0.4,0.5,0.4,0,0,7.91,26.44
2026-07-04 06:28:17.147,0.0,0.4,0.5,0.4,0,0,7.91,26.44
2026-07-04 06:28:17.653,0.0,0.4,0.5,0.4,0,0,7.91,26.44
2026-07-04 06:28:18.181,0.4,0.4,0.5,0.4,0,1647,7.91,2.31
2026-07-04 06:28:18.665,0.0,0.4,0.5,0.4,0,0,7.91,26.44
2026-07-04 06:28:19.149,0.0,0.4,0.5,0.4,0,0,7.91,26.44
2026-07-04 06:28:19.650,0.0,0.4,0.4,0.4,0,0,7.91,26.44
2026-07-04 06:28:20.148,0.0,0.4,0.4,0.4,0,0,7.91,26.44
2026-07-04 06:28:20.696,0.0,0.4,0.4,0.4,0,0,7.91,26.44
2026-07-04 06:28:21.193,0.0,0.4,0.4,0.4,0,0,7.91,26.44
2026-07-04 06:28:21.677,0.0,0.4,0.4,0.4,0,0,7.91,26.44
2026-07-04 06:28:22.175,0.0,0.4,0.4,0.4,0,0,7.91,26.44
2026-07-04 06:28:22.669,0.0,0.4,0.4,0.4,0,0,7.91,26.44
2026-07-04 06:28:23.144,0.4,0.4,0.4,0.4,0,0,7.91,26.44
2026-07-04 06:28:23.672,0.0,0.4,0.4,0.4,0,0,7.91,26.44
2026-07-04 06:28:24.171,0.0,0.4,0.4,0.4,0,0,7.91,26.44
2026-07-04 06:28:24.668,0.0,0.4,0.4,0.4,0,0,7.91,26.44
2026-07-04 06:28:25.169,0.0,0.4,0.4,0.4,0,0,7.91,26.44
2026-07-04 06:28:25.673,0.0,0.4,0.4,0.4,0,0,7.91,26.44
2026-07-04 06:28:26.141,0.0,0.4,0.4,0.4,0,0,7.91,26.44
2026-07-04 06:28:26.678,0.0,0.4,0.4,0.4,0,0,7.91,26.44
2026-07-04 06:28:27.142,0.0,0.4,0.4,0.4,0,0,7.91,26.44
2026-07-04 06:28:27.673,0.0,0.4,0.4,0.4,0,0,7.91,26.44
2026-07-04 06:28:28.197,0.0,0.4,0.4,0.4,0,0,7.91,26.44
2026-07-04 06:28:28.688,0.0,0.4,0.4,0.4,0,0,7.91,26.44
2026-07-04 06:28:29.157,0.0,0.4,0.4,0.4,0,0,7.91,26.44
2026-07-04 06:28:29.707,0.0,0.4,0.4,0.4,0,0,7.91,26.44
2026-07-04 06:28:30.689,0.0,0.4,0.4,0.4,0,0,7.91,26.44
2026-07-04 06:28:30.690,0.0,0.4,0.4,0.4,0,0,7.91,26.44
2026-07-04 06:28:31.164,0.0,0.4,0.4,0.4,0,0,7.91,26.44
2026-07-04 06:28:32.198,0.0,0.4,0.4,0.4,0,0,7.91,26.44
2026-07-04 06:28:32.199,0.0,0.4,0.4,0.4,0,0,7.91,26.44
2026-07-04 06:28:32.677,0.0,0.4,0.4,0.4,0,0,7.91,26.44
2026-07-04 06:28:33.176,0.0,0.4,0.4,0.4,0,0,7.91,26.44
2026-07-04 06:28:33.676,0.0,0.4,0.4,0.4,0,0,7.91,26.44
2026-07-04 06:28:34.147,0.0,0.4,0.4,0.4,0,0,7.91,26.44
2026-07-04 06:28:34.648,0.0,0.4,0.4,0.4,0,0,7.91,26.44
2026-07-04 06:28:35.196,0.0,0.4,0.4,0.4,1,0,7.90,26.44
2026-07-04 06:28:35.700,0.0,0.4,0.4,0.4,0,0,7.91,26.44
2026-07-04 06:28:36.149,0.0,0.4,0.4,0.4,0,0,7.91,26.44
2026-07-04 06:28:36.651,0.0,0.4,0.4,0.4,0,0,7.91,26.44
2026-07-04 06:28:37.148,0.0,0.4,0.4,0.4,0,0,7.91,26.44
2026-07-04 06:28:37.708,0.0,0.4,0.4,0.4,0,0,7.91,26.44
2026-07-04 06:28:38.208,0.0,0.4,0.4,0.4,0,0,7.91,26.44
2026-07-04 06:28:38.708,0.0,0.4,0.4,0.4,0,0,7.91,26.44
2026-07-04 06:28:39.208,0.0,0.4,0.4,0.4,0,0,7.91,26.44
2026-07-04 06:28:39.709,0.0,0.4,0.4,0.4,0,0,7.91,26.44
2026-07-04 06:28:40.206,0.0,0.4,0.4,0.4,0,0,7.91,26.44
2026-07-04 06:28:40.699,0.0,0.4,0.4,0.4,0,0,7.91,26.44
2026-07-04 06:28:41.207,0.0,0.4,0.4,0.4,0,0,7.91,26.44
2026-07-04 06:28:41.674,0.0,0.4,0.4,0.4,0,0,7.91,26.44
2026-07-04 06:28:42.175,0.0,0.4,0.4,0.4,0,0,7.91,26.44
2026-07-04 06:28:42.678,0.0,0.4,0.4,0.4,0,0,7.91,26.44
2026-07-04 06:28:43.163,0.0,0.4,0.4,0.4,0,0,7.91,26.44
2026-07-04 06:28:43.676,0.0,0.4,0.4,0.4,0,0,7.91,26.44
2026-07-04 06:28:44.164,0.0,0.4,0.4,0.4,0,0,7.91,26.44
2026-07-04 06:28:44.660,0.0,0.4,0.4,0.4,0,0,7.91,26.44
2026-07-04 06:28:45.196,0.0,0.4,0.4,0.4,0,0,7.91,26.44
2026-07-04 06:28:45.693,0.0,0.4,0.4,0.4,0,0,7.91,26.44
2026-07-04 06:28:46.198,0.0,0.4,0.4,0.4,0,0,7.91,26.44
2026-07-04 06:28:46.701,0.0,0.4,0.4,0.4,0,0,7.91,26.44
2026-07-04 06:28:47.208,0.0,0.4,0.4,0.4,0,0,7.91,26.44
2026-07-04 06:28:47.703,0.0,0.4,0.4,0.4,0,0,7.91,26.44
2026-07-04 06:28:48.200,0.0,0.4,0.4,0.4,0,0,7.91,26.44
2026-07-04 06:28:48.701,0.0,0.4,0.4,0.4,0,0,7.91,26.44
2026-07-04 06:28:49.208,0.0,0.4,0.4,0.4,0,0,7.91,26.44
2026-07-04 06:28:49.677,0.0,0.4,0.4,0.4,0,0,7.91,26.44
2026-07-04 06:28:50.179,0.0,0.4,0.4,0.4,0,0,7.91,26.44
2026-07-04 06:28:50.698,0.0,0.4,0.4,0.4,1,0,7.90,26.44
2026-07-04 06:28:51.164,0.0,0.4,0.4,0.4,1,0,7.90,26.44
2026-07-04 06:28:52.178,0.4,0.4,0.4,0.4,0,0,7.91,26.44
2026-07-04 06:28:52.179,0.0,0.4,0.4,0.4,0,0,7.91,26.44
2026-07-04 06:28:52.684,0.0,0.4,0.4,0.4,0,0,7.91,26.44
2026-07-04 06:28:53.209,0.0,0.4,0.4,0.4,0,0,7.91,26.44
2026-07-04 06:28:53.676,0.0,0.4,0.4,0.4,0,0,7.91,26.44
2026-07-04 06:28:54.179,0.0,0.4,0.4,0.4,0,0,7.91,26.44
2026-07-04 06:28:54.678,0.0,0.4,0.4,0.4,1,0,7.90,26.44
2026-07-04 06:28:55.180,0.0,0.4,0.4,0.4,1,0,7.90,26.44
2026-07-04 06:28:55.677,0.0,0.4,0.4,0.4,1,0,7.90,26.44
2026-07-04 06:28:56.179,0.4,0.4,0.4,0.4,6,0,7.82,26.44
2026-07-04 06:28:56.676,0.0,0.4,0.4,0.4,0,0,7.91,26.44
2026-07-04 06:28:57.178,0.0,0.4,0.4,0.4,0,0,7.91,26.44
2026-07-04 06:28:57.673,0.0,0.4,0.4,0.4,0,0,7.91,26.44
2026-07-04 06:28:58.364,0.0,0.4,0.4,0.4,0,0,7.91,26.44
2026-07-04 06:28:58.706,0.0,0.4,0.4,0.4,0,0,7.91,26.44
2026-07-04 06:28:58.707,0.0,0.4,0.4,0.4,0,0,7.91,26.44
2026-07-04 06:28:59.172,0.0,0.4,0.4,0.4,0,0,7.91,26.44
2026-07-04 06:28:59.673,0.0,0.4,0.4,0.4,0,0,7.91,26.44
2026-07-04 06:29:00.212,0.0,0.4,0.4,0.4,0,0,7.91,26.44
2026-07-04 06:29:00.692,0.0,0.4,0.4,0.4,0,0,7.91,26.44
2026-07-04 06:29:01.180,0.0,0.4,0.4,0.4,0,0,7.91,26.44
2026-07-04 06:29:01.728,0.0,0.4,0.4,0.4,0,0,7.91,26.44
2026-07-04 06:29:02.226,0.0,0.4,0.4,0.4,0,0,7.91,26.44
2026-07-04 06:29:02.662,0.0,0.4,0.4,0.4,0,0,7.91,26.44
2026-07-04 06:29:03.224,0.0,0.4,0.4,0.4,0,0,7.91,26.44
2026-07-04 06:29:04.210,0.0,0.4,0.4,0.4,0,0,7.91,26.44
2026-07-04 06:29:04.212,0.0,0.4,0.4,0.4,0,0,7.91,26.44
2026-07-04 06:29:04.668,0.0,0.4,0.4,0.4,0,0,7.91,26.44
2026-07-04 06:29:05.208,0.0,0.4,0.4,0.4,0,0,7.91,26.44
2026-07-04 06:29:05.710,0.0,0.4,0.4,0.4,0,0,7.91,26.44
2026-07-04 06:29:06.208,0.0,0.4,0.4,0.4,0,0,7.91,26.44
2026-07-04 06:29:07.208,0.0,0.4,0.4,0.4,0,0,7.91,26.44
2026-07-04 06:29:07.209,0.0,0.4,0.4,0.4,0,0,7.91,26.44
2026-07-04 06:29:07.707,0.0,0.4,0.4,0.4,0,0,7.91,26.44
2026-07-04 06:29:08.208,0.0,0.4,0.4,0.4,0,0,7.91,26.44
2026-07-04 06:29:08.707,0.0,0.4,0.4,0.4,0,0,7.91,26.44
2026-07-04 06:29:09.206,0.0,0.4,0.4,0.4,0,0,7.91,26.44
2026-07-04 06:29:09.691,0.0,0.4,0.4,0.4,0,0,7.91,26.44
2026-07-04 06:29:10.189,0.0,0.4,0.4,0.4,0,0,7.91,26.44
2026-07-04 06:29:10.697,0.0,0.4,0.4,0.4,0,0,7.91,26.44
2026-07-04 06:29:11.205,0.0,0.4,0.4,0.4,0,0,7.91,26.44
2026-07-04 06:29:11.702,0.0,0.4,0.4,0.4,0,0,7.91,26.44
2026-07-04 06:29:12.199,0.0,0.4,0.4,0.4,0,0,7.91,26.44
2026-07-04 06:29:12.707,0.0,0.4,0.4,0.4,0,0,7.91,26.44
2026-07-04 06:29:13.209,0.0,0.4,0.4,0.4,0,0,7.91,26.44
2026-07-04 06:29:13.707,0.0,0.4,0.4,0.4,0,0,7.91,26.44
2026-07-04 06:29:14.207,0.0,0.4,0.4,0.4,4,0,7.85,26.44
2026-07-04 06:29:14.679,0.0,0.4,0.4,0.4,4,0,7.85,26.44
2026-07-04 06:29:15.224,0.0,0.4,0.4,0.4,4,0,7.85,26.44
2026-07-04 06:29:15.723,0.4,0.4,0.4,0.4,0,0,7.91,26.44
2026-07-04 06:29:16.221,0.0,0.4,0.4,0.4,0,0,7.91,26.44
2026-07-04 06:29:16.721,0.0,0.4,0.4,0.4,0,0,7.91,26.44
2026-07-04 06:29:17.225,0.0,0.4,0.4,0.4,1,0,7.90,26.44
2026-07-04 06:29:17.723,0.0,0.4,0.4,0.4,0,0,7.91,26.44
2026-07-04 06:29:18.198,0.0,0.4,0.4,0.4,0,0,7.91,26.44
2026-07-04 06:29:18.697,0.4,0.4,0.4,0.4,1,0,7.90,26.44
2026-07-04 06:29:19.210,0.0,0.4,0.4,0.4,0,0,7.91,26.44
2026-07-04 06:29:19.703,0.0,0.4,0.4,0.4,0,0,7.91,26.44
2026-07-04 06:29:20.201,0.0,0.4,0.4,0.4,0,0,7.91,26.44
2026-07-04 06:29:20.700,0.0,0.4,0.4,0.4,0,0,7.91,26.44
2026-07-04 06:29:21.208,0.0,0.4,0.4,0.4,0,0,7.91,26.44
2026-07-04 06:29:21.676,0.0,0.4,0.4,0.4,0,0,7.91,26.44
2026-07-04 06:29:22.197,0.4,0.4,0.4,0.4,0,1633,7.91,2.52
2026-07-04 06:29:22.707,0.4,0.4,0.4,0.4,0,1633,7.91,2.52
2026-07-04 06:29:23.208,0.0,0.4,0.4,0.4,0,0,7.91,26.44
2026-07-04 06:29:23.709,0.0,0.4,0.4,0.4,0,0,7.91,26.44
2026-07-04 06:29:24.236,0.0,0.4,0.4,0.4,0,0,7.91,26.44
2026-07-04 06:29:24.699,0.0,0.4,0.4,0.4,1,0,7.90,26.44
2026-07-04 06:29:25.208,0.0,0.4,0.4,0.4,0,0,7.91,26.44
2026-07-04 06:29:25.691,0.0,0.4,0.4,0.4,0,0,7.91,26.44
2026-07-04 06:29:26.178,0.0,0.4,0.4,0.4,0,0,7.91,26.44
2026-07-04 06:29:26.676,0.0,0.4,0.4,0.4,0,0,7.91,26.44
2026-07-04 06:29:27.178,0.0,0.4,0.4,0.4,0,0,7.91,26.44
2026-07-04 06:29:27.676,0.0,0.4,0.4,0.4,0,0,7.91,26.44
2026-07-04 06:29:28.176,0.0,0.4,0.4,0.4,0,0,7.91,26.44
2026-07-04 06:29:28.704,0.0,0.4,0.4,0.4,0,0,7.91,26.44
2026-07-04 06:29:29.203,0.4,0.4,0.4,0.4,0,0,7.91,26.44
2026-07-04 06:29:30.201,0.0,0.4,0.4,0.4,0,0,7.91,26.44
2026-07-04 06:29:30.202,0.0,0.4,0.4,0.4,0,0,7.91,26.44
2026-07-04 06:29:30.707,0.4,0.4,0.4,0.4,0,0,7.91,26.44
2026-07-04 06:29:31.179,0.0,0.4,0.4,0.4,0,0,7.91,26.44
2026-07-04 06:29:31.726,0.0,0.4,0.4,0.4,0,0,7.91,26.44
2026-07-04 06:29:32.224,0.0,0.4,0.4,0.4,0,0,7.91,26.44
2026-07-04 06:29:32.721,0.0,0.4,0.4,0.4,1,0,7.90,26.44
2026-07-04 06:29:33.223,0.0,0.4,0.4,0.4,1,0,7.90,26.44
2026-07-04 06:29:33.723,0.0,0.4,0.4,0.4,0,0,7.91,26.44
2026-07-04 06:29:34.200,0.0,0.4,0.4,0.4,0,0,7.91,26.44
2026-07-04 06:29:34.701,0.0,0.4,0.4,0.4,0,0,7.91,26.44
2026-07-04 06:29:35.699,0.4,0.4,0.4,0.4,0,0,7.91,26.44
2026-07-04 06:29:35.699,0.0,0.4,0.4,0.4,0,0,7.91,26.44
2026-07-04 06:29:36.198,0.0,0.4,0.4,0.4,0,0,7.91,26.44
2026-07-04 06:29:36.707,0.0,0.4,0.4,0.4,0,0,7.91,26.44
2026-07-04 06:29:37.210,0.0,0.4,0.4,0.4,1,0,7.90,26.44
2026-07-04 06:29:37.693,0.0,0.4,0.4,0.4,1,0,7.90,26.44
2026-07-04 06:29:38.208,0.0,0.4,0.4,0.4,0,0,7.91,26.44
2026-07-04 06:29:38.709,0.0,0.4,0.4,0.4,0,0,7.91,26.44
2026-07-04 06:29:39.209,0.0,0.4,0.4,0.4,0,0,7.91,26.44
2026-07-04 06:29:39.707,0.0,0.4,0.4,0.4,0,0,7.91,26.44
2026-07-04 06:29:40.208,0.0,0.4,0.4,0.4,1,0,7.90,26.44
2026-07-04 06:29:40.708,0.0,0.4,0.4,0.4,1,0,7.90,26.44
2026-07-04 06:29:41.238,0.0,0.4,0.4,0.4,0,0,7.91,26.44
2026-07-04 06:29:41.738,0.0,0.4,0.4,0.4,0,0,7.91,26.44
2026-07-04 06:29:42.220,0.0,0.4,0.4,0.4,0,0,7.91,26.44
2026-07-04 06:29:42.728,0.0,0.4,0.4,0.4,0,0,7.91,26.44
2026-07-04 06:29:43.223,0.0,0.4,0.4,0.4,0,0,7.91,26.44
2026-07-04 06:29:43.725,0.0,0.4,0.4,0.4,0,0,7.91,26.44
2026-07-04 06:29:44.207,0.0,0.4,0.4,0.4,0,0,7.91,26.44
2026-07-04 06:29:44.707,0.0,0.4,0.4,0.4,0,0,7.91,26.44
2026-07-04 06:29:45.207,0.0,0.4,0.4,0.4,0,0,7.91,26.44
2026-07-04 06:29:45.739,0.0,0.4,0.4,0.4,1,0,7.90,26.44
2026-07-04 06:29:46.238,0.0,0.4,0.4,0.4,0,0,7.91,26.44
2026-07-04 06:29:46.688,0.0,0.4,0.4,0.4,0,0,7.91,26.44
2026-07-04 06:29:47.197,0.0,0.4,0.4,0.4,0,0,7.91,26.44
2026-07-04 06:29:47.701,0.0,0.4,0.4,0.4,0,0,7.91,26.44
2026-07-04 06:29:48.208,0.0,0.4,0.4,0.4,0,0,7.91,26.44
2026-07-04 06:29:48.738,0.0,0.4,0.4,0.4,1,0,7.90,26.44
2026-07-04 06:29:49.239,0.0,0.4,0.4,0.4,0,0,7.91,26.44
2026-07-04 06:29:49.739,0.0,0.4,0.4,0.4,0,0,7.91,26.44
2026-07-04 06:29:50.240,0.0,0.4,0.4,0.4,0,0,7.91,26.44
2026-07-04 06:29:50.738,0.0,0.4,0.4,0.4,0,0,7.91,26.44
2026-07-04 06:29:51.238,0.0,0.4,0.4,0.4,0,0,7.91,26.44
2026-07-04 06:29:51.739,0.0,0.4,0.4,0.4,0,0,7.91,26.44
2026-07-04 06:29:52.199,0.0,0.4,0.4,0.4,0,0,7.91,26.44
2026-07-04 06:29:52.720,0.0,0.4,0.4,0.4,0,0,7.91,26.44
2026-07-04 06:29:53.228,0.0,0.4,0.4,0.4,1,0,7.90,26.44
2026-07-04 06:29:53.734,0.0,0.4,0.4,0.4,4,0,7.85,26.44
2026-07-04 06:29:54.224,0.0,0.4,0.4,0.4,4,0,7.85,26.44
2026-07-04 06:29:54.722,0.0,0.4,0.4,0.4,1,0,7.90,26.44
2026-07-04 06:29:55.237,0.0,0.4,0.4,0.4,0,0,7.91,26.44
2026-07-04 06:29:55.692,0.0,0.4,0.4,0.4,0,0,7.91,26.44
2026-07-04 06:29:56.202,0.0,0.4,0.4,0.4,0,0,7.91,26.44
2026-07-04 06:29:56.701,0.0,0.4,0.4,0.4,0,0,7.91,26.44
2026-07-04 06:29:57.731,0.0,0.4,0.4,0.4,0,0,7.91,26.44
2026-07-04 06:29:57.732,0.4,0.4,0.4,0.4,1,0,7.90,26.44
2026-07-04 06:29:58.230,0.0,0.4,0.4,0.4,0,0,7.91,26.44
2026-07-04 06:29:58.699,0.0,0.4,0.4,0.4,0,0,7.91,26.44
2026-07-04 06:29:59.229,0.0,0.4,0.4,0.4,0,0,7.91,26.44
2026-07-04 06:29:59.708,0.0,0.4,0.4,0.4,0,0,7.91,26.44
2026-07-04 06:30:00.209,0.0,0.4,0.4,0.4,0,0,7.91,26.44
2026-07-04 06:30:00.738,0.0,0.4,0.4,0.4,0,0,7.91,26.44
2026-07-04 06:30:01.237,0.0,0.4,0.4,0.4,3,0,7.87,26.44
2026-07-04 06:30:01.732,0.0,0.4,0.4,0.4,3,0,7.87,26.44
2026-07-04 06:30:02.228,0.4,0.4,0.4,0.4,1,0,7.90,26.44
2026-07-04 06:30:02.738,0.0,0.4,0.4,0.4,0,0,7.91,26.44
2026-07-04 06:30:03.207,0.0,0.4,0.4,0.4,0,0,7.91,26.44
2026-07-04 06:30:03.708,0.0,0.4,0.4,0.4,0,0,7.91,26.44
2026-07-04 06:30:04.208,0.0,0.4,0.4,0.4,0,0,7.91,26.44
2026-07-04 06:30:04.708,0.0,0.4,0.4,0.4,0,0,7.91,26.44
2026-07-04 06:30:05.207,0.0,0.4,0.4,0.4,0,0,7.91,26.44
2026-07-04 06:30:05.708,0.0,0.4,0.4,0.4,0,0,7.91,26.44
2026-07-04 06:30:06.207,0.0,0.4,0.4,0.4,0,0,7.91,26.44
2026-07-04 06:30:06.708,0.0,0.4,0.4,0.4,0,0,7.91,26.44
2026-07-04 06:30:07.207,0.0,0.4,0.4,0.4,0,0,7.91,26.44
2026-07-04 06:30:07.708,0.0,0.4,0.4,0.4,0,0,7.91,26.44
2026-07-04 06:30:08.727,0.0,0.4,0.4,0.4,0,0,7.91,26.44
2026-07-04 06:30:08.728,0.0,0.4,0.4,0.4,0,0,7.91,26.44
2026-07-04 06:30:09.233,0.0,0.4,0.4,0.4,0,0,7.91,26.44
2026-07-04 06:30:09.729,0.0,0.4,0.4,0.4,0,0,7.91,26.44
2026-07-04 06:30:10.197,0.0,0.4,0.4,0.4,0,0,7.91,26.44
2026-07-04 06:30:10.710,0.0,0.4,0.4,0.4,0,0,7.91,26.44
2026-07-04 06:30:11.207,0.0,0.4,0.4,0.4,0,0,7.91,26.44
2026-07-04 06:30:11.710,0.0,0.4,0.4,0.4,0,0,7.91,26.44
2026-07-04 06:30:12.237,0.0,0.4,0.4,0.4,0,0,7.91,26.44
2026-07-04 06:30:12.708,0.0,0.4,0.4,0.4,0,0,7.91,26.44
2026-07-04 06:30:13.208,0.0,0.4,0.4,0.4,0,0,7.91,26.44
2026-07-04 06:30:13.757,0.0,0.4,0.4,0.4,0,0,7.91,26.44
2026-07-04 06:30:14.257,0.0,0.4,0.4,0.4,0,0,7.91,26.44
2026-07-04 06:30:14.756,0.0,0.4,0.4,0.4,0,0,7.91,26.44
2026-07-04 06:30:15.737,0.0,0.4,0.4,0.4,0,0,7.91,26.44
2026-07-04 06:30:15.738,0.0,0.4,0.4,0.4,0,0,7.91,26.44
2026-07-04 06:30:16.207,0.0,0.4,0.4,0.4,0,0,7.91,26.44
2026-07-04 06:30:16.737,0.0,0.4,0.4,0.4,0,0,7.91,26.44
2026-07-04 06:30:17.223,0.0,0.4,0.4,0.4,0,0,7.91,26.44
2026-07-04 06:30:18.203,0.0,0.4,0.4,0.4,0,0,7.91,26.44
2026-07-04 06:30:18.257,0.0,0.4,0.4,0.4,0,0,7.91,26.44
2026-07-04 06:30:18.728,0.0,0.4,0.4,0.4,0,0,7.91,26.44
2026-07-04 06:30:19.228,0.0,0.4,0.4,0.4,0,0,7.91,26.44
2026-07-04 06:30:20.227,0.0,0.4,0.4,0.4,0,0,7.91,26.44
2026-07-04 06:30:20.227,0.0,0.4,0.4,0.4,0,0,7.91,26.44
2026-07-04 06:30:20.719,0.0,0.4,0.4,0.4,0,0,7.91,26.44
2026-07-04 06:30:21.251,0.0,0.4,0.4,0.4,0,0,7.91,26.44
2026-07-04 06:30:21.751,0.0,0.4,0.4,0.4,0,0,7.91,26.44
2026-07-04 06:30:22.258,0.0,0.4,0.4,0.4,0,0,7.91,26.44
2026-07-04 06:30:23.258,0.0,0.4,0.4,0.4,0,0,7.91,26.44
2026-07-04 06:30:23.259,0.0,0.4,0.4,0.4,1,0,7.90,26.44
2026-07-04 06:30:24.257,0.0,0.4,0.4,0.4,0,0,7.91,26.44
2026-07-04 06:30:24.258,0.0,0.4,0.4,0.4,0,0,7.91,26.44
2026-07-04 06:30:24.757,0.0,0.4,0.4,0.4,0,0,7.91,26.44
2026-07-04 06:30:25.251,0.0,0.4,0.4,0.4,0,0,7.91,26.44
2026-07-04 06:30:25.756,0.0,0.4,0.4,0.4,0,0,7.91,26.44
2026-07-04 06:30:26.257,0.0,0.4,0.4,0.4,0,0,7.91,26.44
2026-07-04 06:30:26.708,0.0,0.4,0.4,0.4,0,0,7.91,26.44
2026-07-04 06:30:27.257,0.0,0.4,0.4,0.4,0,0,7.91,26.44
2026-07-04 06:30:27.760,0.0,0.4,0.4,0.4,0,0,7.91,26.44
2026-07-04 06:30:28.276,0.0,0.4,0.4,0.4,0,0,7.91,26.44
2026-07-04 06:30:28.737,0.0,0.4,0.4,0.4,0,0,7.91,26.44
2026-07-04 06:30:29.256,0.0,0.4,0.4,0.4,0,0,7.91,26.44
2026-07-04 06:30:29.755,0.0,0.4,0.4,0.4,1,0,7.90,26.44
2026-07-04 06:30:30.255,0.0,0.4,0.4,0.4,1,0,7.90,26.44
2026-07-04 06:30:30.737,0.0,0.4,0.4,0.4,0,0,7.91,26.44
2026-07-04 06:30:31.257,0.0,0.4,0.4,0.4,0,0,7.91,26.44
2026-07-04 06:30:31.762,0.0,0.4,0.4,0.4,0,0,7.91,26.44
2026-07-04 06:30:32.259,0.0,0.4,0.4,0.4,0,0,7.91,26.44
2026-07-04 06:30:32.751,0.0,0.4,0.4,0.4,0,0,7.91,26.44
2026-07-04 06:30:33.218,0.0,0.4,0.4,0.4,0,0,7.91,26.44
2026-07-04 06:30:33.730,0.0,0.4,0.4,0.4,0,0,7.91,26.44
2026-07-04 06:30:34.233,0.0,0.4,0.4,0.4,1,0,7.90,26.44
2026-07-04 06:30:34.729,0.0,0.4,0.4,0.4,1,0,7.90,26.44
2026-07-04 06:30:35.230,0.0,0.4,0.4,0.4,1,0,7.90,26.44
2026-07-04 06:30:35.731,0.0,0.4,0.4,0.4,0,0,7.91,26.44
2026-07-04 06:30:36.229,0.0,0.4,0.4,0.4,0,0,7.91,26.44
2026-07-04 06:30:36.732,0.0,0.4,0.4,0.4,1,0,7.90,26.44
2026-07-04 06:30:37.238,0.0,0.4,0.4,0.4,0,0,7.91,26.44
2026-07-04 06:30:37.743,0.0,0.4,0.4,0.4,0,0,7.91,26.44
2026-07-04 06:30:38.238,0.0,0.4,0.4,0.4,1,0,7.90,26.44
2026-07-04 06:30:38.739,0.0,0.4,0.4,0.4,0,0,7.91,26.44
2026-07-04 06:30:39.239,0.0,0.4,0.4,0.4,0,0,7.91,26.44
2026-07-04 06:30:39.771,0.4,0.4,0.4,0.4,1,0,7.90,26.44
2026-07-04 06:30:40.273,0.0,0.4,0.4,0.4,0,0,7.91,26.44
2026-07-04 06:30:40.771,0.0,0.4,0.4,0.4,0,0,7.91,26.44
2026-07-04 06:30:41.271,0.0,0.4,0.4,0.4,0,0,7.91,26.44
2026-07-04 06:30:42.259,0.0,0.4,0.4,0.4,1,0,7.90,26.44
2026-07-04 06:30:42.260,0.0,0.4,0.4,0.4,1,0,7.90,26.44
2026-07-04 06:30:42.759,0.0,0.4,0.4,0.4,0,0,7.91,26.44
2026-07-04 06:30:43.262,0.0,0.4,0.4,0.4,2,0,7.88,26.44
2026-07-04 06:30:43.757,0.0,0.4,0.4,0.4,2,0,7.88,26.44
2026-07-04 06:30:44.258,0.4,0.4,0.4,0.4,0,0,7.91,26.44
2026-07-04 06:30:45.258,0.0,0.4,0.4,0.4,0,0,7.91,26.44
2026-07-04 06:30:45.258,0.0,0.4,0.4,0.4,0,0,7.91,26.44
2026-07-04 06:30:45.755,0.0,0.4,0.4,0.4,2,0,7.88,26.44
2026-07-04 06:30:46.728,0.0,0.4,0.4,0.4,0,0,7.91,26.44
2026-07-04 06:30:46.728,0.0,0.4,0.4,0.4,0,0,7.91,26.44
2026-07-04 06:30:47.237,0.4,0.4,0.4,0.4,0,0,7.91,26.44
2026-07-04 06:30:47.727,0.4,0.4,0.4,0.4,0,0,7.91,26.44
2026-07-04 06:30:48.230,0.4,0.4,0.4,0.4,0,0,7.91,26.44
2026-07-04 06:30:48.729,0.0,0.4,0.4,0.4,4,0,7.85,26.44
2026-07-04 06:30:49.237,0.0,0.4,0.4,0.4,1,0,7.90,26.44
2026-07-04 06:30:49.730,0.0,0.4,0.4,0.4,1,0,7.90,26.44
2026-07-04 06:30:50.227,0.4,0.4,0.4,0.4,1,0,7.90,26.44
2026-07-04 06:30:50.768,0.0,0.4,0.4,0.4,0,0,7.91,26.44
2026-07-04 06:30:51.256,0.0,0.4,0.4,0.4,0,0,7.91,26.44
2026-07-04 06:30:52.261,0.4,0.4,0.4,0.4,0,0,7.91,26.44
2026-07-04 06:30:52.263,0.0,0.4,0.4,0.4,0,0,7.91,26.44
2026-07-04 06:30:52.758,0.0,0.4,0.4,0.4,0,0,7.91,26.44
2026-07-04 06:30:53.488,0.0,0.4,0.4,0.4,0,0,7.91,26.44
2026-07-04 06:30:53.762,0.0,0.4,0.4,0.4,0,0,7.91,26.44
2026-07-04 06:30:53.763,0.0,0.4,0.4,0.4,0,0,7.91,26.44
2026-07-04 06:30:54.264,0.4,0.4,0.4,0.4,40,80,7.32,25.27
2026-07-04 06:30:54.761,0.4,0.4,0.4,0.4,40,0,7.32,26.44
2026-07-04 06:30:55.231,0.0,0.4,0.4,0.4,24,0,7.56,26.44
2026-07-04 06:30:55.760,0.0,0.4,0.4,0.4,24,0,7.56,26.44
2026-07-04 06:30:56.758,0.0,0.4,0.4,0.4,7,0,7.81,26.44
2026-07-04 06:30:56.759,0.0,0.4,0.4,0.4,4,0,7.85,26.44
2026-07-04 06:30:57.238,0.0,0.4,0.4,0.4,4,0,7.85,26.44
2026-07-04 06:30:57.772,0.0,0.4,0.4,0.4,0,0,7.91,26.44
2026-07-04 06:30:58.272,0.0,0.4,0.4,0.4,4,0,7.85,26.44
2026-07-04 06:30:58.774,0.0,0.4,0.4,0.4,4,0,7.85,26.44
2026-07-04 06:30:59.240,0.0,0.4,0.4,0.4,26,0,7.53,26.44
2026-07-04 06:30:59.730,0.0,0.4,0.4,0.4,54,0,7.12,26.44
2026-07-04 06:31:00.259,0.0,0.4,0.4,0.4,54,0,7.12,26.44
2026-07-04 06:31:00.759,0.0,0.4,0.4,0.4,3,0,7.87,26.44
2026-07-04 06:31:01.239,0.0,0.4,0.4,0.4,2,0,7.88,26.44
2026-07-04 06:31:01.737,0.0,0.4,0.4,0.4,2,0,7.88,26.44
2026-07-04 06:31:02.259,0.0,0.4,0.4,0.4,0,0,7.91,26.44
2026-07-04 06:31:02.759,0.0,0.4,0.4,0.4,0,0,7.91,26.44
2026-07-04 06:31:03.274,0.0,0.4,0.4,0.4,0,0,7.91,26.44
2026-07-04 06:31:03.771,0.0,0.4,0.4,0.4,1,0,7.90,26.44
2026-07-04 06:31:04.257,0.0,0.4,0.4,0.4,1,0,7.90,26.44
2026-07-04 06:31:04.755,0.0,0.4,0.4,0.4,1,0,7.90,26.44
2026-07-04 06:31:05.238,0.0,0.4,0.4,0.4,1,0,7.90,26.44
2026-07-04 06:31:05.730,0.0,0.4,0.4,0.4,1,0,7.90,26.44
2026-07-04 06:31:06.233,0.0,0.4,0.4,0.4,1,0,7.90,26.44
2026-07-04 06:31:06.728,0.0,0.4,0.4,0.4,0,0,7.91,26.44
2026-07-04 06:31:07.755,0.0,0.4,0.4,0.4,1,0,7.90,26.44
2026-07-04 06:31:07.755,0.0,0.4,0.4,0.4,1,0,7.90,26.44
2026-07-04 06:31:08.286,0.0,0.4,0.4,0.4,18,0,7.65,26.44
2026-07-04 06:31:09.250,0.0,0.4,0.4,0.4,18,0,7.65,26.44
2026-07-04 06:31:09.251,0.0,0.4,0.4,0.4,18,0,7.65,26.44
2026-07-04 06:31:09.749,0.0,0.4,0.4,0.4,10,0,7.76,26.44
2026-07-04 06:31:10.258,0.0,0.4,0.4,0.4,2,0,7.88,26.44
2026-07-04 06:31:10.758,0.0,0.4,0.4,0.4,2,0,7.88,26.44
2026-07-04 06:31:11.257,0.0,0.4,0.4,0.4,5,0,7.84,26.44
2026-07-04 06:31:11.756,0.0,0.4,0.4,0.4,1,0,7.90,26.44
2026-07-04 06:31:12.252,0.0,0.4,0.4,0.4,1,0,7.90,26.44
2026-07-04 06:31:12.784,0.0,0.4,0.4,0.4,1,0,7.90,26.44
2026-07-04 06:31:13.253,0.0,0.4,0.4,0.4,23,0,7.57,26.44
2026-07-04 06:31:13.755,0.0,0.4,0.4,0.4,23,0,7.57,26.44
2026-07-04 06:31:14.259,0.0,0.4,0.4,0.4,0,0,7.91,26.44
2026-07-04 06:31:15.262,0.0,0.4,0.4,0.4,0,0,7.91,26.44
2026-07-04 06:31:15.262,0.0,0.4,0.4,0.4,0,0,7.91,26.44
2026-07-04 06:31:15.756,0.4,0.4,0.4,0.4,0,0,7.91,26.44
2026-07-04 06:31:16.260,0.0,0.4,0.4,0.4,0,0,7.91,26.44
2026-07-04 06:31:16.787,0.0,0.4,0.4,0.4,0,0,7.91,26.44
2026-07-04 06:31:17.237,0.0,0.4,0.4,0.4,0,0,7.91,26.44
2026-07-04 06:31:17.772,0.0,0.4,0.4,0.4,0,0,7.91,26.44
2026-07-04 06:31:18.274,0.0,0.4,0.4,0.4,0,0,7.91,26.44
2026-07-04 06:31:18.772,0.0,0.4,0.4,0.4,0,0,7.91,26.44
2026-07-04 06:31:19.272,0.0,0.4,0.4,0.4,0,0,7.91,26.44
2026-07-04 06:31:19.758,0.0,0.4,0.4,0.4,0,0,7.91,26.44
2026-07-04 06:31:20.255,0.0,0.4,0.4,0.4,0,0,7.91,26.44
2026-07-04 06:31:20.754,0.0,0.4,0.4,0.4,0,0,7.91,26.44
2026-07-04 06:31:21.254,0.0,0.4,0.4,0.4,0,0,7.91,26.44
2026-07-04 06:31:21.753,0.4,0.4,0.4,0.4,0,0,7.91,26.44
2026-07-04 06:31:22.255,0.0,0.4,0.4,0.4,0,0,7.91,26.44
2026-07-04 06:31:22.752,0.0,0.4,0.4,0.4,0,0,7.91,26.44
2026-07-04 06:31:23.275,0.4,0.4,0.4,0.4,0,0,7.91,26.44
2026-07-04 06:31:24.288,0.0,0.4,0.4,0.4,0,0,7.91,26.44
2026-07-04 06:31:24.288,0.0,0.4,0.4,0.4,0,0,7.91,26.44
2026-07-04 06:31:24.760,0.4,0.4,0.4,0.4,0,0,7.91,26.44
2026-07-04 06:31:25.257,0.0,0.4,0.4,0.4,1,0,7.90,26.44
2026-07-04 06:31:25.755,0.0,0.4,0.4,0.4,1,0,7.90,26.44
2026-07-04 06:31:26.260,0.0,0.4,0.4,0.4,0,0,7.91,26.44
2026-07-04 06:31:26.788,0.0,0.4,0.4,0.4,0,0,7.91,26.44
2026-07-04 06:31:27.288,0.0,0.4,0.4,0.4,0,0,7.91,26.44
2026-07-04 06:31:28.286,0.0,0.4,0.4,0.4,0,0,7.91,26.44
2026-07-04 06:31:28.286,0.0,0.4,0.4,0.4,0,0,7.91,26.44
2026-07-04 06:31:28.783,0.0,0.4,0.4,0.4,0,0,7.91,26.44
2026-07-04 06:31:29.298,0.4,0.4,0.4,0.4,0,0,7.91,26.44
2026-07-04 06:31:29.802,0.0,0.4,0.4,0.4,0,0,7.91,26.44
2026-07-04 06:31:30.301,0.0,0.4,0.4,0.4,0,0,7.91,26.44
2026-07-04 06:31:30.785,0.0,0.4,0.4,0.4,0,0,7.91,26.44
2026-07-04 06:31:31.285,0.0,0.4,0.4,0.4,0,0,7.91,26.44
2026-07-04 06:31:31.788,0.0,0.4,0.4,0.4,0,0,7.91,26.44
2026-07-04 06:31:32.287,0.0,0.4,0.4,0.4,0,0,7.91,26.44
2026-07-04 06:31:32.771,0.0,0.4,0.4,0.4,0,0,7.91,26.44
2026-07-04 06:31:33.271,0.0,0.4,0.4,0.4,0,0,7.91,26.44
2026-07-04 06:31:33.770,0.0,0.4,0.4,0.4,0,0,7.91,26.44
2026-07-04 06:31:34.269,0.0,0.4,0.4,0.4,1,0,7.90,26.44
2026-07-04 06:31:34.782,0.0,0.4,0.4,0.4,1,0,7.90,26.44
2026-07-04 06:31:35.289,0.0,0.4,0.4,0.4,0,0,7.91,26.44
2026-07-04 06:31:35.788,0.0,0.4,0.4,0.4,0,0,7.91,26.44
2026-07-04 06:31:36.288,0.0,0.4,0.4,0.4,0,0,7.91,26.44
2026-07-04 06:31:36.773,0.0,0.4,0.4,0.4,0,0,7.91,26.44
2026-07-04 06:31:37.259,0.0,0.4,0.4,0.4,0,0,7.91,26.44
2026-07-04 06:31:37.788,0.0,0.4,0.4,0.4,0,0,7.91,26.44
2026-07-04 06:31:38.288,0.0,0.4,0.4,0.4,0,0,7.91,26.44
2026-07-04 06:31:38.785,0.0,0.4,0.4,0.4,0,0,7.91,26.44
2026-07-04 06:31:39.277,0.0,0.4,0.4,0.4,0,0,7.91,26.44
2026-07-04 06:31:39.772,0.0,0.4,0.4,0.4,0,0,7.91,26.44
2026-07-04 06:31:40.270,0.0,0.4,0.4,0.4,0,0,7.91,26.44
2026-07-04 06:31:40.769,0.0,0.4,0.4,0.4,0,0,7.91,26.44
2026-07-04 06:31:41.299,0.0,0.4,0.4,0.4,0,0,7.91,26.44
2026-07-04 06:31:41.769,0.0,0.4,0.4,0.4,0,0,7.91,26.44
2026-07-04 06:31:42.272,0.0,0.4,0.4,0.4,0,0,7.91,26.44
2026-07-04 06:31:43.270,0.0,0.4,0.4,0.4,1,0,7.90,26.44
2026-07-04 06:31:43.270,0.0,0.4,0.4,0.4,0,0,7.91,26.44
2026-07-04 06:31:43.771,0.0,0.4,0.4,0.4,0,0,7.91,26.44
2026-07-04 06:31:44.251,0.4,0.4,0.4,0.4,0,0,7.91,26.44
2026-07-04 06:31:44.761,0.0,0.4,0.4,0.4,0,0,7.91,26.44
2026-07-04 06:31:45.258,0.0,0.4,0.4,0.4,0,0,7.91,26.44
2026-07-04 06:31:45.761,0.0,0.4,0.4,0.4,0,0,7.91,26.44
2026-07-04 06:31:46.263,0.0,0.4,0.4,0.4,0,0,7.91,26.44
2026-07-04 06:31:46.760,0.0,0.4,0.4,0.4,0,0,7.91,26.44
2026-07-04 06:31:47.308,0.0,0.4,0.4,0.4,0,0,7.91,26.44
2026-07-04 06:31:47.791,0.0,0.4,0.4,0.4,0,0,7.91,26.44
2026-07-04 06:31:48.258,0.0,0.4,0.4,0.4,0,0,7.91,26.44
2026-07-04 06:31:49.288,0.0,0.4,0.4,0.4,1,0,7.90,26.44
2026-07-04 06:31:49.288,0.0,0.4,0.4,0.4,0,0,7.91,26.44
2026-07-04 06:31:49.787,0.0,0.4,0.4,0.4,0,0,7.91,26.44
2026-07-04 06:31:50.258,0.0,0.4,0.4,0.4,0,0,7.91,26.44
2026-07-04 06:31:50.774,0.0,0.4,0.4,0.4,0,0,7.91,26.44
2026-07-04 06:31:51.274,0.0,0.4,0.4,0.4,0,0,7.91,26.44
2026-07-04 06:31:51.772,0.0,0.4,0.4,0.4,0,0,7.91,26.44
2026-07-04 06:31:52.272,0.0,0.4,0.4,0.4,0,0,7.91,26.44
2026-07-04 06:31:52.772,0.0,0.4,0.4,0.4,0,0,7.91,26.44
2026-07-04 06:31:53.273,0.0,0.4,0.4,0.4,0,0,7.91,26.44
2026-07-04 06:31:53.770,0.0,0.4,0.4,0.4,0,0,7.91,26.44
2026-07-04 06:31:54.271,0.0,0.4,0.4,0.4,0,0,7.91,26.44
2026-07-04 06:31:54.788,0.0,0.4,0.4,0.4,0,0,7.91,26.44
2026-07-04 06:31:55.288,0.0,0.4,0.4,0.4,0,0,7.91,26.44
2026-07-04 06:31:55.780,0.0,0.4,0.4,0.4,0,0,7.91,26.44
2026-07-04 06:31:56.287,0.4,0.4,0.4,0.4,0,0,7.91,26.44
2026-07-04 06:31:57.289,0.0,0.4,0.4,0.4,0,0,7.91,26.44
2026-07-04 06:31:57.289,0.0,0.4,0.4,0.4,0,0,7.91,26.44
2026-07-04 06:31:57.789,0.0,0.4,0.4,0.4,0,0,7.91,26.44
2026-07-04 06:31:58.287,0.0,0.4,0.4,0.4,0,0,7.91,26.44
2026-07-04 06:31:58.786,0.0,0.4,0.4,0.4,0,0,7.91,26.44
2026-07-04 06:31:59.288,0.0,0.4,0.4,0.4,0,0,7.91,26.44
2026-07-04 06:31:59.773,0.0,0.4,0.4,0.4,0,0,7.91,26.44
2026-07-04 06:32:00.314,0.0,0.4,0.4,0.4,0,0,7.91,26.44
2026-07-04 06:32:00.817,0.0,0.4,0.4,0.4,0,0,7.91,26.44
2026-07-04 06:32:01.316,0.0,0.4,0.4,0.4,0,0,7.91,26.44
2026-07-04 06:32:01.817,0.0,0.4,0.4,0.4,0,0,7.91,26.44
2026-07-04 06:32:02.281,0.0,0.4,0.4,0.4,0,0,7.91,26.44
2026-07-04 06:32:02.781,0.0,0.4,0.4,0.4,0,0,7.91,26.44
2026-07-04 06:32:03.306,0.0,0.4,0.4,0.4,0,0,7.91,26.44
2026-07-04 06:32:03.812,0.0,0.4,0.4,0.4,0,0,7.91,26.44
2026-07-04 06:32:04.257,0.0,0.4,0.4,0.4,0,0,7.91,26.44
2026-07-04 06:32:04.972,0.0,0.4,0.4,0.4,0,0,7.91,26.44
2026-07-04 06:32:05.284,0.0,0.4,0.4,0.4,0,0,7.91,26.44
2026-07-04 06:32:05.285,0.0,0.4,0.4,0.4,0,0,7.91,26.44
2026-07-04 06:32:05.788,0.0,0.4,0.4,0.4,0,0,7.91,26.44
2026-07-04 06:32:06.274,0.0,0.4,0.4,0.4,0,0,7.91,26.44
2026-07-04 06:32:06.818,0.0,0.4,0.4,0.4,0,0,7.91,26.44
2026-07-04 06:32:07.317,0.0,0.4,0.4,0.4,0,0,7.91,26.44
2026-07-04 06:32:07.803,0.0,0.4,0.4,0.4,0,0,7.91,26.44
2026-07-04 06:32:08.300,0.0,0.4,0.4,0.4,0,0,7.91,26.44
2026-07-04 06:32:08.989,0.0,0.4,0.4,0.4,0,0,7.91,26.44
2026-07-04 06:32:09.283,0.0,0.4,0.4,0.4,0,0,7.91,26.44
2026-07-04 06:32:09.284,0.0,0.4,0.4,0.4,0,0,7.91,26.44
2026-07-04 06:32:09.800,0.0,0.4,0.4,0.4,0,0,7.91,26.44
2026-07-04 06:32:10.284,0.0,0.4,0.4,0.4,0,0,7.91,26.44
2026-07-04 06:32:10.809,0.0,0.4,0.4,0.4,0,0,7.91,26.44
2026-07-04 06:32:11.276,0.0,0.4,0.4,0.4,0,0,7.91,26.44
2026-07-04 06:32:11.768,0.0,0.4,0.4,0.4,0,0,7.91,26.44
2026-07-04 06:32:12.287,0.0,0.4,0.4,0.4,0,0,7.91,26.44
2026-07-04 06:32:13.279,0.0,0.4,0.4,0.4,0,0,7.91,26.44
2026-07-04 06:32:13.279,0.0,0.4,0.4,0.4,0,0,7.91,26.44
2026-07-04 06:32:14.289,0.0,0.4,0.4,0.4,0,0,7.91,26.44
2026-07-04 06:32:14.289,0.0,0.4,0.4,0.4,0,0,7.91,26.44
2026-07-04 06:32:14.789,0.0,0.4,0.4,0.4,0,0,7.91,26.44
2026-07-04 06:32:15.318,0.0,0.4,0.4,0.4,0,0,7.91,26.44
2026-07-04 06:32:15.815,0.0,0.4,0.4,0.4,0,0,7.91,26.44
2026-07-04 06:32:16.787,0.0,0.4,0.4,0.4,0,0,7.91,26.44
2026-07-04 06:32:16.789,0.0,0.4,0.4,0.4,0,0,7.91,26.44
2026-07-04 06:32:17.314,0.0,0.4,0.4,0.4,0,0,7.91,26.44
2026-07-04 06:32:17.804,0.0,0.4,0.4,0.4,0,0,7.91,26.44
2026-07-04 06:32:18.282,0.0,0.4,0.4,0.4,0,0,7.91,26.44
2026-07-04 06:32:18.769,0.0,0.4,0.4,0.4,0,0,7.91,26.44
2026-07-04 06:32:19.318,0.0,0.4,0.4,0.4,0,0,7.91,26.44
2026-07-04 06:32:19.814,0.0,0.4,0.4,0.4,0,0,7.91,26.44
2026-07-04 06:32:20.312,0.0,0.4,0.4,0.4,0,0,7.91,26.44
2026-07-04 06:32:21.316,0.0,0.4,0.4,0.4,0,0,7.91,26.44
2026-07-04 06:32:21.318,0.0,0.4,0.4,0.4,0,0,7.91,26.44
2026-07-04 06:32:21.808,0.0,0.4,0.4,0.4,0,0,7.91,26.44
2026-07-04 06:32:22.316,0.0,0.4,0.4,0.4,0,0,7.91,26.44
2026-07-04 06:32:22.819,0.0,0.4,0.4,0.4,0,0,7.91,26.44
2026-07-04 06:32:23.317,0.0,0.4,0.4,0.4,0,0,7.91,26.44
2026-07-04 06:32:23.817,0.0,0.4,0.4,0.4,0,0,7.91,26.44
2026-07-04 06:32:24.314,0.0,0.4,0.4,0.4,0,0,7.91,26.44
2026-07-04 06:32:24.820,0.0,0.4,0.4,0.4,0,0,7.91,26.44
2026-07-04 06:32:25.318,0.0,0.4,0.4,0.4,0,0,7.91,26.44
2026-07-04 06:32:25.820,0.0,0.4,0.4,0.4,0,0,7.91,26.44
2026-07-04 06:32:26.301,0.0,0.4,0.4,0.4,0,0,7.91,26.44
2026-07-04 06:32:26.803,0.0,0.4,0.4,0.4,0,0,7.91,26.44
2026-07-04 06:32:27.303,0.0,0.4,0.4,0.4,0,0,7.91,26.44
2026-07-04 06:32:27.789,0.4,0.4,0.4,0.4,0,0,7.91,26.44
2026-07-04 06:32:28.332,0.0,0.4,0.4,0.4,0,0,7.91,26.44
2026-07-04 06:32:28.800,0.0,0.4,0.4,0.4,0,0,7.91,26.44
2026-07-04 06:32:29.304,0.0,0.4,0.4,0.4,0,0,7.91,26.44
2026-07-04 06:32:29.787,0.0,0.4,0.4,0.4,0,0,7.91,26.44
2026-07-04 06:32:30.286,0.0,0.4,0.4,0.4,0,0,7.91,26.44
2026-07-04 06:32:30.786,0.0,0.4,0.4,0.4,0,0,7.91,26.44
2026-07-04 06:32:31.276,0.0,0.4,0.4,0.4,0,0,7.91,26.44
2026-07-04 06:32:32.318,0.0,0.4,0.4,0.4,0,0,7.91,26.44
2026-07-04 06:32:32.319,0.0,0.4,0.4,0.4,0,0,7.91,26.44
2026-07-04 06:32:32.820,0.0,0.4,0.4,0.4,0,0,7.91,26.44
2026-07-04 06:32:33.306,0.0,0.4,0.4,0.4,0,0,7.91,26.44
2026-07-04 06:32:33.803,0.0,0.4,0.4,0.4,0,0,7.91,26.44
2026-07-04 06:32:34.304,0.0,0.4,0.4,0.4,0,0,7.91,26.44
2026-07-04 06:32:34.788,0.0,0.4,0.4,0.4,0,0,7.91,26.44
2026-07-04 06:32:35.288,0.0,0.4,0.4,0.4,0,0,7.91,26.44
2026-07-04 06:32:35.786,0.0,0.4,0.4,0.4,0,0,7.91,26.44
2026-07-04 06:32:36.286,0.0,0.4,0.4,0.4,0,0,7.91,26.44
2026-07-04 06:32:36.814,0.0,0.4,0.4,0.4,0,0,7.91,26.44
2026-07-04 06:32:37.318,0.0,0.4,0.4,0.4,0,0,7.91,26.44
2026-07-04 06:32:38.312,0.0,0.4,0.4,0.4,0,0,7.91,26.44
2026-07-04 06:32:38.313,0.0,0.4,0.4,0.4,0,0,7.91,26.44
2026-07-04 06:32:38.831,0.0,0.4,0.4,0.4,0,0,7.91,26.44
2026-07-04 06:32:39.277,0.0,0.4,0.4,0.4,0,0,7.91,26.44
2026-07-04 06:32:39.779,0.0,0.4,0.4,0.4,0,0,7.91,26.44
2026-07-04 06:32:40.818,0.0,0.4,0.4,0.4,0,0,7.91,26.44
2026-07-04 06:32:40.819,0.0,0.4,0.4,0.4,0,0,7.91,26.44
2026-07-04 06:32:41.317,0.0,0.4,0.4,0.4,0,0,7.91,26.44
2026-07-04 06:32:42.288,0.0,0.4,0.4,0.4,0,0,7.91,26.44
2026-07-04 06:32:42.510,0.0,0.4,0.4,0.4,0,0,7.91,26.44
2026-07-04 06:32:42.788,0.0,0.4,0.4,0.4,0,0,7.91,26.44
2026-07-04 06:32:42.789,0.0,0.4,0.4,0.4,0,0,7.91,26.44
2026-07-04 06:32:43.288,0.0,0.4,0.4,0.4,0,0,7.91,26.44
2026-07-04 06:32:43.788,0.0,0.4,0.4,0.4,0,0,7.91,26.44
2026-07-04 06:32:44.289,0.0,0.4,0.4,0.4,0,0,7.91,26.44
2026-07-04 06:32:45.305,0.0,0.4,0.4,0.4,0,0,7.91,26.44
2026-07-04 06:32:45.306,0.0,0.4,0.4,0.4,0,0,7.91,26.44
2026-07-04 06:32:45.836,0.0,0.4,0.4,0.4,0,0,7.91,26.44
2026-07-04 06:32:46.333,0.0,0.4,0.4,0.4,0,0,7.91,26.44
2026-07-04 06:32:46.790,0.0,0.4,0.4,0.4,0,0,7.91,26.44
2026-07-04 06:32:47.337,0.0,0.4,0.4,0.4,0,0,7.91,26.44
2026-07-04 06:32:47.818,0.0,0.4,0.4,0.4,0,0,7.91,26.44
2026-07-04 06:32:48.318,0.0,0.4,0.4,0.4,0,0,7.91,26.44
2026-07-04 06:32:48.801,0.0,0.4,0.4,0.4,1,0,7.90,26.44
2026-07-04 06:32:49.305,0.0,0.4,0.4,0.4,0,0,7.91,26.44
2026-07-04 06:32:49.802,0.0,0.4,0.4,0.4,0,0,7.91,26.44
2026-07-04 06:32:50.304,0.0,0.4,0.4,0.4,0,0,7.91,26.44
2026-07-04 06:32:50.802,0.0,0.4,0.4,0.4,0,0,7.91,26.44
2026-07-04 06:32:51.301,0.0,0.4,0.4,0.4,0,0,7.91,26.44
2026-07-04 06:32:51.800,0.0,0.4,0.4,0.4,0,0,7.91,26.44
2026-07-04 06:32:52.301,0.0,0.4,0.4,0.4,0,0,7.91,26.44
2026-07-04 06:32:52.809,0.0,0.4,0.4,0.4,0,0,7.91,26.44
2026-07-04 06:32:53.312,0.0,0.4,0.4,0.4,0,0,7.91,26.44
2026-07-04 06:32:53.817,0.0,0.4,0.4,0.4,0,0,7.91,26.44
2026-07-04 06:32:54.316,0.0,0.4,0.4,0.4,0,0,7.91,26.44
2026-07-04 06:32:54.818,0.0,0.4,0.4,0.4,0,0,7.91,26.44
2026-07-04 06:32:55.289,0.0,0.4,0.4,0.4,0,0,7.91,26.44
2026-07-04 06:32:55.792,0.0,0.4,0.4,0.4,0,0,7.91,26.44
2026-07-04 06:32:56.285,0.0,0.4,0.4,0.4,0,0,7.91,26.44
2026-07-04 06:32:56.792,0.0,0.4,0.4,0.4,0,0,7.91,26.44
2026-07-04 06:32:57.292,0.0,0.4,0.4,0.4,0,0,7.91,26.44
2026-07-04 06:32:57.836,0.0,0.4,0.4,0.4,0,0,7.91,26.44
2026-07-04 06:32:58.331,0.0,0.4,0.4,0.4,0,0,7.91,26.44
2026-07-04 06:32:58.808,0.0,0.4,0.4,0.4,0,0,7.91,26.44
2026-07-04 06:32:59.317,0.4,0.4,0.4,0.4,0,0,7.91,26.44
2026-07-04 06:33:00.310,0.0,0.4,0.4,0.4,0,0,7.91,26.44
2026-07-04 06:33:00.311,0.0,0.4,0.4,0.4,0,0,7.91,26.44
2026-07-04 06:33:00.818,0.0,0.4,0.4,0.4,0,0,7.91,26.44
2026-07-04 06:33:01.341,0.0,0.4,0.4,0.4,0,0,7.91,26.44
2026-07-04 06:33:01.819,0.0,0.4,0.4,0.4,0,0,7.91,26.44
2026-07-04 06:33:02.292,0.0,0.4,0.4,0.4,0,0,7.91,26.44
2026-07-04 06:33:03.319,0.0,0.4,0.4,0.4,0,0,7.91,26.44
2026-07-04 06:33:03.320,0.0,0.4,0.4,0.4,0,0,7.91,26.44
2026-07-04 06:33:04.303,0.0,0.4,0.4,0.4,0,0,7.91,26.44
2026-07-04 06:33:04.304,0.0,0.4,0.4,0.4,0,0,7.91,26.44
2026-07-04 06:33:04.803,0.0,0.4,0.4,0.4,0,0,7.91,26.44
2026-07-04 06:33:05.338,0.0,0.4,0.4,0.4,0,0,7.91,26.44
2026-07-04 06:33:05.835,0.0,0.4,0.4,0.4,0,0,7.91,26.44
2026-07-04 06:33:06.332,0.0,0.4,0.4,0.4,0,0,7.91,26.44
2026-07-04 06:33:06.832,0.0,0.4,0.4,0.4,0,0,7.91,26.44
2026-07-04 06:33:07.308,0.0,0.4,0.4,0.4,0,0,7.91,26.44
2026-07-04 06:33:07.818,0.0,0.4,0.4,0.4,0,0,7.91,26.44
2026-07-04 06:33:08.316,0.0,0.4,0.4,0.4,0,0,7.91,26.44
2026-07-04 06:33:08.837,0.0,0.4,0.4,0.4,0,0,7.91,26.44
2026-07-04 06:33:09.349,0.0,0.4,0.4,0.4,0,0,7.91,26.44
2026-07-04 06:33:09.835,0.0,0.4,0.4,0.4,1,0,7.90,26.44
2026-07-04 06:33:10.332,0.0,0.4,0.4,0.4,1,0,7.90,26.44
2026-07-04 06:33:10.832,0.0,0.4,0.4,0.4,1,0,7.90,26.44
2026-07-04 06:33:11.331,0.0,0.4,0.4,0.4,0,0,7.91,26.44
2026-07-04 06:33:11.803,0.0,0.4,0.4,0.4,0,0,7.91,26.44
2026-07-04 06:33:12.300,0.0,0.4,0.4,0.4,0,0,7.91,26.44
2026-07-04 06:33:12.809,0.0,0.4,0.4,0.4,0,0,7.91,26.44
2026-07-04 06:33:13.319,0.0,0.4,0.4,0.4,0,0,7.91,26.44
2026-07-04 06:33:13.811,0.0,0.4,0.4,0.4,0,0,7.91,26.44
2026-07-04 06:33:14.316,0.0,0.4,0.4,0.4,0,0,7.91,26.44
2026-07-04 06:33:15.335,0.0,0.4,0.4,0.4,0,0,7.91,26.44
2026-07-04 06:33:15.336,0.0,0.4,0.4,0.4,0,0,7.91,26.44
2026-07-04 06:33:15.833,0.4,0.4,0.4,0.4,0,0,7.91,26.44
2026-07-04 06:33:16.314,0.4,0.4,0.4,0.4,0,0,7.91,26.44
2026-07-04 06:33:17.338,0.4,0.4,0.4,0.4,0,0,7.91,26.44
2026-07-04 06:33:17.338,0.0,0.4,0.4,0.4,0,0,7.91,26.44
2026-07-04 06:33:17.845,0.0,0.4,0.4,0.4,0,0,7.91,26.44
2026-07-04 06:33:18.350,0.0,0.4,0.4,0.4,0,0,7.91,26.44
2026-07-04 06:33:18.842,0.0,0.4,0.4,0.4,0,0,7.91,26.44
2026-07-04 06:33:19.339,0.0,0.4,0.4,0.4,0,0,7.91,26.44
2026-07-04 06:33:19.793,0.0,0.4,0.4,0.4,0,0,7.91,26.44
2026-07-04 06:33:20.340,0.0,0.4,0.4,0.4,0,0,7.91,26.44
2026-07-04 06:33:20.841,0.0,0.4,0.4,0.4,0,0,7.91,26.44
2026-07-04 06:33:21.340,0.0,0.4,0.4,0.4,0,0,7.91,26.44
2026-07-04 06:33:22.352,0.0,0.4,0.4,0.4,0,0,7.91,26.44
2026-07-04 06:33:22.353,0.0,0.4,0.4,0.4,0,0,7.91,26.44
2026-07-04 06:33:22.849,0.0,0.4,0.4,0.4,0,0,7.91,26.44
2026-07-04 06:33:23.347,0.0,0.4,0.4,0.4,0,0,7.91,26.44
2026-07-04 06:33:23.848,0.0,0.4,0.4,0.4,0,0,7.91,26.44
2026-07-04 06:33:24.312,0.4,0.4,0.4,0.4,0,0,7.91,26.44
2026-07-04 06:33:24.809,0.4,0.4,0.4,0.4,0,0,7.91,26.44
2026-07-04 06:33:25.318,0.4,0.4,0.4,0.4,0,0,7.91,26.44
2026-07-04 06:33:25.836,0.4,0.4,0.4,0.4,0,0,7.91,26.44
2026-07-04 06:33:26.338,0.4,0.4,0.4,0.4,0,0,7.91,26.44
2026-07-04 06:33:26.807,0.4,0.4,0.4,0.4,0,0,7.91,26.44
2026-07-04 06:33:27.348,0.4,0.4,0.4,0.4,0,0,7.91,26.44
2026-07-04 06:33:27.847,0.4,0.4,0.4,0.4,0,0,7.91,26.44
2026-07-04 06:33:28.348,0.4,0.4,0.4,0.4,0,0,7.91,26.44
2026-07-04 06:33:28.809,0.4,0.4,0.4,0.4,0,0,7.91,26.44
2026-07-04 06:33:29.340,0.4,0.4,0.4,0.4,0,0,7.91,26.44
2026-07-04 06:33:29.840,0.4,0.4,0.4,0.4,0,0,7.91,26.44
2026-07-04 06:33:30.340,0.4,0.4,0.4,0.4,0,0,7.91,26.44
2026-07-04 06:33:30.840,0.4,0.4,0.4,0.4,0,0,7.91,26.44
2026-07-04 06:33:31.338,0.4,0.4,0.4,0.4,0,0,7.91,26.44
2026-07-04 06:33:31.849,0.4,0.4,0.4,0.4,0,0,7.91,26.44
2026-07-04 06:33:32.315,0.4,0.4,0.4,0.4,0,0,7.91,26.44
2026-07-04 06:33:32.817,0.4,0.4,0.4,0.4,0,0,7.91,26.44
2026-07-04 06:33:33.331,0.4,0.4,0.4,0.4,0,0,7.91,26.44
2026-07-04 06:33:33.829,0.4,0.4,0.4,0.4,0,0,7.91,26.44
2026-07-04 06:33:34.341,0.4,0.4,0.4,0.4,0,0,7.91,26.44
2026-07-04 06:33:35.340,0.4,0.4,0.4,0.4,0,0,7.91,26.44
2026-07-04 06:33:35.341,0.4,0.4,0.4,0.4,0,0,7.91,26.44
2026-07-04 06:33:35.849,0.4,0.4,0.4,0.4,0,0,7.91,26.44
2026-07-04 06:33:36.318,0.4,0.4,0.4,0.4,0,0,7.91,26.44
2026-07-04 06:33:36.816,0.4,0.4,0.4,0.4,0,0,7.91,26.44
2026-07-04 06:33:37.361,0.4,0.4,0.4,0.4,0,0,7.91,26.44
2026-07-04 06:33:37.812,0.4,0.4,0.4,0.4,0,0,7.91,26.44
2026-07-04 06:33:38.311,0.4,0.4,0.4,0.4,0,0,7.91,26.44
2026-07-04 06:33:38.809,0.4,0.4,0.4,0.4,0,0,7.91,26.44
2026-07-04 06:33:39.308,0.4,0.4,0.4,0.4,0,0,7.91,26.44
2026-07-04 06:33:39.819,0.4,0.4,0.4,0.4,0,0,7.91,26.44
2026-07-04 06:33:40.314,0.4,0.4,0.4,0.4,0,0,7.91,26.44
2026-07-04 06:33:40.821,0.4,0.4,0.4,0.4,0,0,7.91,26.44
2026-07-04 06:33:41.308,0.4,0.4,0.4,0.4,0,0,7.91,26.44
2026-07-04 06:33:41.818,0.4,0.4,0.4,0.4,0,0,7.91,26.44
2026-07-04 06:33:42.315,0.4,0.4,0.4,0.4,0,0,7.91,26.44
2026-07-04 06:33:42.819,0.4,0.4,0.4,0.4,0,0,7.91,26.44
2026-07-04 06:33:43.331,0.4,0.4,0.4,0.4,0,0,7.91,26.44
2026-07-04 06:33:43.845,0.4,0.4,0.4,0.4,0,0,7.91,26.44
2026-07-04 06:33:44.344,0.4,0.4,0.4,0.4,0,0,7.91,26.44
2026-07-04 06:33:44.868,0.4,0.4,0.4,0.4,0,0,7.91,26.44
2026-07-04 06:33:45.315,0.4,0.4,0.4,0.4,0,0,7.91,26.44
2026-07-04 06:33:45.866,0.4,0.4,0.4,0.4,0,0,7.91,26.44
2026-07-04 06:33:46.363,0.4,0.4,0.4,0.4,0,0,7.91,26.44
2026-07-04 06:33:46.864,0.4,0.4,0.4,0.4,0,0,7.91,26.44
2026-07-04 06:33:47.362,0.4,0.4,0.4,0.4,0,0,7.91,26.44
2026-07-04 06:33:47.813,0.4,0.4,0.4,0.4,0,0,7.91,26.44
2026-07-04 06:33:48.363,0.4,0.4,0.4,0.4,0,0,7.91,26.44
2026-07-04 06:33:48.868,0.4,0.4,0.4,0.4,0,0,7.91,26.44
2026-07-04 06:33:49.367,0.4,0.4,0.4,0.4,0,0,7.91,26.44
2026-07-04 06:33:49.818,0.4,0.4,0.4,0.4,0,0,7.91,26.44
2026-07-04 06:33:50.348,0.4,0.4,0.4,0.4,0,0,7.91,26.44
2026-07-04 06:33:50.818,0.4,0.4,0.4,0.4,2,0,7.88,26.44
2026-07-04 06:33:51.318,0.4,0.4,0.4,0.4,0,0,7.91,26.44
2026-07-04 06:33:51.839,0.4,0.4,0.4,0.4,0,0,7.91,26.44
2026-07-04 06:33:52.819,0.4,0.4,0.4,0.4,1,0,7.90,26.44
2026-07-04 06:33:52.884,0.4,0.4,0.4,0.4,21,0,7.60,26.44
2026-07-04 06:33:53.317,0.4,0.4,0.4,0.4,6,0,7.82,26.44
2026-07-04 06:33:53.884,0.4,0.4,0.4,0.4,1,0,7.90,26.44
2026-07-04 06:33:54.317,0.4,0.4,0.4,0.4,9,0,7.78,26.44
2026-07-04 06:33:54.868,0.4,0.4,0.4,0.4,6,0,7.82,26.44
2026-07-04 06:33:55.367,0.4,0.4,0.4,0.4,0,0,7.91,26.44
2026-07-04 06:33:55.850,0.4,0.4,0.4,0.4,0,0,7.91,26.44
2026-07-04 06:33:56.348,0.4,0.4,0.4,0.4,0,0,7.91,26.44
2026-07-04 06:33:56.836,0.4,0.4,0.4,0.4,1,0,7.90,26.44
2026-07-04 06:33:57.334,0.4,0.4,0.4,0.4,0,0,7.91,26.44
2026-07-04 06:33:57.834,0.4,0.4,0.4,0.4,0,0,7.91,26.44
2026-07-04 06:33:58.331,0.4,0.4,0.4,0.4,0,0,7.91,26.44
2026-07-04 06:33:58.832,0.4,0.4,0.4,0.4,0,0,7.91,26.44
2026-07-04 06:33:59.332,0.4,0.4,0.4,0.4,0,0,7.91,26.44
2026-07-04 06:33:59.866,0.4,0.4,0.4,0.4,0,0,7.91,26.44
2026-07-04 06:34:00.364,0.4,0.4,0.4,0.4,0,0,7.91,26.44
2026-07-04 06:34:00.863,0.4,0.4,0.4,0.4,0,0,7.91,26.44
2026-07-04 06:34:01.346,0.4,0.4,0.4,0.4,0,0,7.91,26.44
2026-07-04 06:34:01.829,0.4,0.4,0.4,0.4,0,0,7.91,26.44
2026-07-04 06:34:02.331,0.4,0.4,0.4,0.4,0,0,7.91,26.44
2026-07-04 06:34:02.839,0.4,0.4,0.4,0.4,0,0,7.91,26.44
2026-07-04 06:34:03.837,0.4,0.4,0.4,0.4,0,0,7.91,26.44
2026-07-04 06:34:03.838,0.4,0.4,0.4,0.4,2,0,7.88,26.44
2026-07-04 06:34:04.342,0.4,0.4,0.4,0.4,0,0,7.91,26.44
2026-07-04 06:34:04.838,0.4,0.4,0.4,0.4,1,0,7.90,26.44
2026-07-04 06:34:05.341,0.4,0.4,0.4,0.4,13,0,7.72,26.44
2026-07-04 06:34:05.840,0.4,0.4,0.4,0.4,46,0,7.24,26.44
2026-07-04 06:34:06.348,0.4,0.4,0.4,0.4,28,0,7.50,26.44
2026-07-04 06:34:06.839,0.4,0.4,0.4,0.4,13,0,7.72,26.44
2026-07-04 06:34:07.378,0.4,0.4,0.4,0.4,22,0,7.59,26.44
2026-07-04 06:34:07.837,0.4,0.4,0.4,0.4,18,0,7.65,26.44
2026-07-04 06:34:08.332,0.4,0.4,0.4,0.4,7,0,7.81,26.44
2026-07-04 06:34:08.867,0.4,0.4,0.4,0.4,9,0,7.78,26.44
2026-07-04 06:34:09.348,0.4,0.4,0.4,0.4,21,0,7.60,26.44
2026-07-04 06:34:09.869,0.4,0.4,0.4,0.4,3,0,7.87,26.44
2026-07-04 06:34:10.365,0.4,0.4,0.4,0.4,15,0,7.69,26.44
2026-07-04 06:34:10.848,0.4,0.4,0.4,0.4,4,0,7.85,26.44
2026-07-04 06:34:11.381,0.4,0.4,0.4,0.4,3,0,7.87,26.44
2026-07-04 06:34:11.866,0.4,0.4,0.4,0.4,0,0,7.91,26.44
2026-07-04 06:34:12.364,0.4,0.4,0.4,0.4,0,0,7.91,26.44
2026-07-04 06:34:12.864,0.4,0.4,0.4,0.4,0,0,7.91,26.44
2026-07-04 06:34:13.339,0.4,0.4,0.4,0.4,0,0,7.91,26.44
2026-07-04 06:34:13.861,0.4,0.4,0.4,0.4,0,0,7.91,26.44
2026-07-04 06:34:14.376,0.4,0.4,0.4,0.4,0,0,7.91,26.44
2026-07-04 06:34:14.831,0.4,0.4,0.4,0.4,0,0,7.91,26.44
2026-07-04 06:34:15.343,0.4,0.4,0.4,0.4,0,0,7.91,26.44
2026-07-04 06:34:15.835,0.4,0.4,0.4,0.4,0,0,7.91,26.44
2026-07-04 06:34:16.331,0.4,0.4,0.4,0.4,0,0,7.91,26.44
2026-07-04 06:34:16.840,0.4,0.4,0.4,0.4,3,0,7.87,26.44
2026-07-04 06:34:17.348,0.4,0.4,0.4,0.4,0,0,7.91,26.44
2026-07-04 06:34:17.878,0.4,0.4,0.4,0.4,0,0,7.91,26.44
2026-07-04 06:34:18.332,0.4,0.4,0.4,0.4,2,0,7.88,26.44
2026-07-04 06:34:18.831,0.4,0.4,0.4,0.4,0,0,7.91,26.44
2026-07-04 06:34:19.342,0.4,0.4,0.4,0.4,0,0,7.91,26.44
2026-07-04 06:34:19.848,0.4,0.4,0.4,0.4,7,0,7.81,26.44
2026-07-04 06:34:20.380,0.4,0.4,0.4,0.4,2,0,7.88,26.44
2026-07-04 06:34:20.878,0.4,0.4,0.4,0.4,1,0,7.90,26.44
2026-07-04 06:34:21.381,0.4,0.4,0.4,0.4,0,0,7.91,26.44
2026-07-04 06:34:21.885,0.4,0.4,0.4,0.4,0,0,7.91,26.44
2026-07-04 06:34:22.368,0.4,0.4,0.4,0.4,1,0,7.90,26.44
2026-07-04 06:34:22.869,0.4,0.4,0.4,0.4,1,0,7.90,26.44
2026-07-04 06:34:23.370,0.4,0.4,0.4,0.4,0,0,7.91,26.44
2026-07-04 06:34:23.868,0.4,0.4,0.4,0.4,0,0,7.91,26.44
2026-07-04 06:34:24.364,0.4,0.4,0.4,0.4,0,0,7.91,26.44
2026-07-04 06:34:25.350,0.4,0.4,0.4,0.4,4,0,7.85,26.44
2026-07-04 06:34:25.352,0.4,0.4,0.4,0.4,5,0,7.84,26.44
2026-07-04 06:34:26.351,0.4,0.4,0.4,0.4,5,0,7.84,26.44
2026-07-04 06:34:26.354,0.4,0.4,0.4,0.4,0,0,7.91,26.44
2026-07-04 06:34:26.851,0.4,0.4,0.4,0.4,0,0,7.91,26.44
2026-07-04 06:34:27.350,0.4,0.4,0.4,0.4,0,0,7.91,26.44
2026-07-04 06:34:27.849,0.4,0.4,0.4,0.4,0,0,7.91,26.44
2026-07-04 06:34:28.352,0.4,0.4,0.4,0.4,6,0,7.82,26.44
2026-07-04 06:34:28.850,0.4,0.4,0.4,0.4,17,0,7.66,26.44
2026-07-04 06:34:29.393,0.4,0.4,0.4,0.4,19,0,7.63,26.44
2026-07-04 06:34:29.859,0.4,0.4,0.4,0.4,6,0,7.82,26.44
2026-07-04 06:34:30.365,0.4,0.4,0.4,0.4,3,0,7.87,26.44
2026-07-04 06:34:30.868,0.4,0.4,0.4,0.4,6,0,7.82,26.44
2026-07-04 06:34:31.349,0.4,0.4,0.4,0.4,3,0,7.87,26.44
2026-07-04 06:34:31.847,0.4,0.4,0.4,0.4,3,0,7.87,26.44
2026-07-04 06:34:32.350,0.4,0.4,0.4,0.4,2,0,7.88,26.44
2026-07-04 06:34:32.897,0.4,0.4,0.4,0.4,2,0,7.88,26.44
2026-07-04 06:34:33.395,0.4,0.4,0.4,0.4,6,0,7.82,26.44
2026-07-04 06:34:33.892,0.4,0.4,0.4,0.4,2,0,7.88,26.44
2026-07-04 06:34:34.390,0.4,0.4,0.4,0.4,0,0,7.91,26.44
2026-07-04 06:34:34.837,0.4,0.4,0.4,0.4,0,0,7.91,26.44
2026-07-04 06:34:35.348,0.4,0.4,0.4,0.4,0,0,7.91,26.44
2026-07-04 06:34:35.878,0.4,0.4,0.4,0.4,0,0,7.91,26.44
2026-07-04 06:34:36.398,0.4,0.4,0.4,0.4,0,0,7.91,26.44
2026-07-04 06:34:36.895,0.4,0.4,0.4,0.4,1,0,7.90,26.44
2026-07-04 06:34:37.384,0.4,0.4,0.4,0.4,2,0,7.88,26.44
2026-07-04 06:34:37.848,0.4,0.4,0.4,0.4,21,0,7.60,26.44
2026-07-04 06:34:38.381,0.4,0.4,0.4,0.4,26,0,7.53,26.44
2026-07-04 06:34:38.865,0.4,0.4,0.4,0.4,26,0,7.53,26.44
2026-07-04 06:34:39.369,0.4,0.4,0.4,0.4,26,0,7.53,26.44
2026-07-04 06:34:39.869,0.4,0.4,0.4,0.4,26,0,7.53,26.44
2026-07-04 06:34:40.348,0.4,0.4,0.4,0.4,10,0,7.76,26.44
2026-07-04 06:34:40.898,0.4,0.4,0.4,0.4,1,0,7.90,26.44
2026-07-04 06:34:41.379,0.4,0.4,0.4,0.4,1,0,7.90,26.44
2026-07-04 06:34:41.847,0.4,0.4,0.4,0.4,6,0,7.82,26.44
2026-07-04 06:34:42.396,0.4,0.4,0.4,0.4,0,0,7.91,26.44
2026-07-04 06:34:43.396,0.4,0.4,0.4,0.4,0,0,7.91,26.44
2026-07-04 06:34:43.396,0.4,0.4,0.4,0.4,0,0,7.91,26.44
2026-07-04 06:34:43.894,0.4,0.4,0.4,0.4,0,0,7.91,26.44
2026-07-04 06:34:44.379,0.4,0.4,0.4,0.4,1,0,7.90,26.44
2026-07-04 06:34:44.878,0.4,0.4,0.4,0.4,0,0,7.91,26.44
2026-07-04 06:34:45.379,0.4,0.4,0.4,0.4,0,0,7.91,26.44
2026-07-04 06:34:45.878,0.4,0.4,0.4,0.4,1,0,7.90,26.44
2026-07-04 06:34:46.365,0.4,0.4,0.4,0.4,2,0,7.88,26.44
2026-07-04 06:34:46.847,0.4,0.4,0.4,0.4,1,0,7.90,26.44
2026-07-04 06:34:47.400,0.4,0.4,0.4,0.4,0,0,7.91,26.44
2026-07-04 06:34:47.895,0.4,0.4,0.4,0.4,0,0,7.91,26.44
2026-07-04 06:34:48.864,0.4,0.4,0.4,0.4,0,0,7.91,26.44
2026-07-04 06:34:48.864,0.4,0.4,0.4,0.4,8,0,7.79,26.44
2026-07-04 06:34:49.349,0.4,0.4,0.4,0.4,2,0,7.88,26.44
2026-07-04 06:34:50.348,0.4,0.4,0.4,0.4,0,0,7.91,26.44
2026-07-04 06:34:50.411,0.4,0.4,0.4,0.4,2,0,7.88,26.44
2026-07-04 06:34:50.847,0.4,0.4,0.4,0.4,1,0,7.90,26.44
2026-07-04 06:34:51.368,0.4,0.4,0.4,0.4,11,0,7.75,26.44
2026-07-04 06:34:51.869,0.4,0.4,0.4,0.4,5,0,7.84,26.44
2026-07-04 06:34:52.370,0.4,0.4,0.4,0.4,5,0,7.84,26.44
2026-07-04 06:34:52.871,0.4,0.4,0.4,0.4,4,0,7.85,26.44
2026-07-04 06:34:53.371,0.4,0.4,0.4,0.4,0,0,7.91,26.44
2026-07-04 06:34:53.883,0.4,0.4,0.4,0.4,0,0,7.91,26.44
2026-07-04 06:34:54.395,0.4,0.4,0.4,0.4,7,0,7.81,26.44
2026-07-04 06:34:54.872,0.4,0.4,0.4,0.4,14,0,7.71,26.44
2026-07-04 06:34:55.397,0.4,0.4,0.4,0.4,15,0,7.69,26.44
2026-07-04 06:34:55.883,0.4,0.4,0.4,0.4,17,0,7.66,26.44
2026-07-04 06:34:56.380,0.4,0.4,0.4,0.4,8,0,7.79,26.44
2026-07-04 06:34:56.883,0.4,0.4,0.4,0.4,8,0,7.79,26.44
2026-07-04 06:34:57.416,0.4,0.4,0.4,0.4,8,0,7.79,26.44
2026-07-04 06:34:57.899,0.4,0.4,0.4,0.4,11,0,7.75,26.44
2026-07-04 06:34:58.378,0.4,0.4,0.4,0.4,11,0,7.75,26.44
2026-07-04 06:34:58.898,0.4,0.4,0.4,0.4,7,0,7.81,26.44
2026-07-04 06:34:59.418,0.4,0.4,0.4,0.4,6,0,7.82,26.44
2026-07-04 06:34:59.878,0.4,0.4,0.4,0.4,7,0,7.81,26.44
2026-07-04 06:35:00.390,0.4,0.4,0.4,0.4,10,0,7.76,26.44
2026-07-04 06:35:00.897,0.4,0.4,0.4,0.4,38,0,7.35,26.44
2026-07-04 06:35:01.418,0.4,0.4,0.4,0.4,34,0,7.41,26.44
2026-07-04 06:35:01.899,0.4,0.4,0.4,0.4,10,0,7.76,26.44
2026-07-04 06:35:02.396,0.4,0.4,0.4,0.4,2,0,7.88,26.44
2026-07-04 06:35:02.896,0.4,0.4,0.4,0.4,1,0,7.90,26.44
2026-07-04 06:35:03.391,0.4,0.4,0.4,0.4,2,0,7.88,26.44
2026-07-04 06:35:03.859,0.4,0.4,0.4,0.4,3,0,7.87,26.44
2026-07-04 06:35:04.379,0.4,0.4,0.4,0.4,0,0,7.91,26.44
2026-07-04 06:35:04.888,0.4,0.4,0.4,0.4,8,0,7.79,26.44
2026-07-04 06:35:05.390,0.4,0.4,0.4,0.4,4,0,7.85,26.44
2026-07-04 06:35:05.917,0.4,0.4,0.4,0.4,11,0,7.75,26.44
2026-07-04 06:35:06.379,0.4,0.4,0.4,0.4,4,0,7.85,26.44
2026-07-04 06:35:06.879,0.4,0.4,0.4,0.4,0,0,7.91,26.44
2026-07-04 06:35:07.361,0.4,0.4,0.4,0.4,3,0,7.87,26.44
2026-07-04 06:35:07.874,0.4,0.4,0.4,0.4,3,0,7.87,26.44
2026-07-04 06:35:08.366,0.4,0.4,0.4,0.4,3,0,7.87,26.44
2026-07-04 06:35:08.869,0.4,0.4,0.4,0.4,12,0,7.73,26.44
2026-07-04 06:35:09.370,0.4,0.4,0.4,0.4,11,0,7.75,26.44
2026-07-04 06:35:09.910,0.4,0.4,0.4,0.4,2,0,7.88,26.44
2026-07-04 06:35:10.412,0.4,0.4,0.4,0.4,2,0,7.88,26.44
2026-07-04 06:35:10.912,0.4,0.4,0.5,0.4,1,0,7.90,26.44
2026-07-04 06:35:11.383,0.4,0.4,0.5,0.4,11,0,7.75,26.44
2026-07-04 06:35:11.859,0.4,0.4,0.4,0.4,5,0,7.84,26.44
2026-07-04 06:35:12.378,0.4,0.4,0.4,0.4,0,0,7.91,26.44
2026-07-04 06:35:12.881,0.4,0.4,0.4,0.4,0,0,7.91,26.44
2026-07-04 06:35:13.380,0.4,0.4,0.4,0.4,0,0,7.91,26.44
2026-07-04 06:35:13.898,0.4,0.4,0.4,0.4,0,0,7.91,26.44
2026-07-04 06:35:14.389,0.4,0.4,0.4,0.4,0,0,7.91,26.44
2026-07-04 06:35:14.900,0.4,0.4,0.4,0.4,0,0,7.91,26.44
2026-07-04 06:35:15.397,0.0,0.4,0.4,0.4,0,0,7.91,26.44
2026-07-04 06:35:15.897,0.4,0.4,0.4,0.4,58,0,7.06,26.44
2026-07-04 06:35:16.396,0.4,0.4,0.4,0.4,58,0,7.06,26.44
2026-07-04 06:35:17.398,0.4,0.4,0.4,0.4,58,0,7.06,26.44
2026-07-04 06:35:17.399,0.4,0.4,0.4,0.4,58,0,7.06,26.44
2026-07-04 06:35:17.902,0.4,0.4,0.4,0.4,58,0,7.06,26.44
2026-07-04 06:35:18.400,0.4,0.4,0.4,0.4,27,0,7.51,26.44
2026-07-04 06:35:18.897,0.4,0.4,0.4,0.4,40,0,7.32,26.44
2026-07-04 06:35:19.399,0.4,0.4,0.4,0.4,5,0,7.84,26.44
2026-07-04 06:35:19.868,0.4,0.4,0.4,0.4,7,0,7.81,26.44
2026-07-04 06:35:20.363,0.4,0.4,0.4,0.4,11,0,7.75,26.44
2026-07-04 06:35:20.865,0.4,0.4,0.4,0.4,11,0,7.75,26.44
2026-07-04 06:35:21.391,0.4,0.4,0.4,0.4,38,0,7.35,26.44
2026-07-04 06:35:21.898,0.4,0.4,0.4,0.4,2,0,7.88,26.44
2026-07-04 06:35:22.397,0.4,0.4,0.4,0.4,2,0,7.88,26.44
2026-07-04 06:35:22.916,0.4,0.4,0.4,0.4,0,0,7.91,26.44
2026-07-04 06:35:23.401,0.4,0.4,0.4,0.4,0,0,7.91,26.44
2026-07-04 06:35:23.869,0.4,0.4,0.4,0.4,0,0,7.91,26.44
2026-07-04 06:35:24.412,0.4,0.4,0.4,0.4,0,0,7.91,26.44
2026-07-04 06:35:25.414,0.4,0.4,0.4,0.4,0,0,7.91,26.44
2026-07-04 06:35:25.415,0.4,0.4,0.4,0.4,0,0,7.91,26.44
2026-07-04 06:35:25.899,0.4,0.4,0.4,0.4,0,0,7.91,26.44
2026-07-04 06:35:26.397,0.4,0.4,0.4,0.4,0,0,7.91,26.44
2026-07-04 06:35:26.896,0.4,0.4,0.4,0.4,0,0,7.91,26.44
2026-07-04 06:35:27.392,0.4,0.4,0.4,0.4,0,0,7.91,26.44
2026-07-04 06:35:27.930,0.4,0.4,0.4,0.4,0,0,7.91,26.44
2026-07-04 06:35:28.427,0.4,0.4,0.4,0.4,0,0,7.91,26.44
2026-07-04 06:35:29.425,0.4,0.4,0.4,0.4,0,0,7.91,26.44
2026-07-04 06:35:29.425,0.4,0.4,0.4,0.4,0,0,7.91,26.44
2026-07-04 06:35:29.923,0.4,0.4,0.4,0.4,0,0,7.91,26.44
2026-07-04 06:35:30.425,0.4,0.4,0.4,0.4,0,0,7.91,26.44
2026-07-04 06:35:31.378,0.4,0.4,0.4,0.4,0,0,7.91,26.44
2026-07-04 06:35:31.378,0.4,0.4,0.4,0.4,0,0,7.91,26.44
2026-07-04 06:35:31.928,0.4,0.4,0.4,0.4,0,0,7.91,26.44
2026-07-04 06:35:32.890,0.4,0.4,0.4,0.4,0,0,7.91,26.44
2026-07-04 06:35:32.891,0.4,0.4,0.4,0.4,0,0,7.91,26.44
2026-07-04 06:35:33.391,0.4,0.4,0.4,0.4,0,0,7.91,26.44
2026-07-04 06:35:33.899,0.4,0.4,0.4,0.4,0,0,7.91,26.44
2026-07-04 06:35:34.390,0.4,0.4,0.4,0.4,0,0,7.91,26.44
2026-07-04 06:35:34.889,0.4,0.4,0.4,0.4,0,0,7.91,26.44
2026-07-04 06:35:35.900,0.4,0.4,0.4,0.4,0,0,7.91,26.44
2026-07-04 06:35:35.901,0.4,0.4,0.4,0.4,0,0,7.91,26.44
2026-07-04 06:35:36.386,0.4,0.4,0.4,0.4,0,0,7.91,26.44
2026-07-04 06:35:37.402,0.4,0.4,0.4,0.4,0,0,7.91,26.44
2026-07-04 06:35:37.402,0.4,0.4,0.4,0.4,0,0,7.91,26.44
2026-07-04 06:35:37.900,0.4,0.4,0.4,0.4,0,0,7.91,26.44
2026-07-04 06:35:38.395,0.4,0.4,0.4,0.4,0,0,7.91,26.44
2026-07-04 06:35:38.897,0.4,0.4,0.4,0.4,0,0,7.91,26.44
2026-07-04 06:35:39.378,0.4,0.4,0.4,0.4,0,0,7.91,26.44
2026-07-04 06:35:39.883,0.4,0.4,0.4,0.4,0,0,7.91,26.44
2026-07-04 06:35:40.412,0.4,0.4,0.4,0.4,0,0,7.91,26.44
2026-07-04 06:35:40.896,0.0,0.4,0.4,0.4,0,0,7.91,26.44
2026-07-04 06:35:41.894,0.0,0.4,0.4,0.4,0,0,7.91,26.44
2026-07-04 06:35:41.896,0.0,0.4,0.4,0.4,0,0,7.91,26.44
2026-07-04 06:35:42.396,0.0,0.4,0.4,0.4,0,0,7.91,26.44
2026-07-04 06:35:42.898,0.0,0.4,0.4,0.4,0,0,7.91,26.44
2026-07-04 06:35:43.398,0.0,0.4,0.4,0.4,0,0,7.91,26.44
2026-07-04 06:35:43.890,0.0,0.4,0.4,0.4,0,0,7.91,26.44
2026-07-04 06:35:44.396,0.0,0.4,0.4,0.4,0,0,7.91,26.44
2026-07-04 06:35:44.916,0.0,0.4,0.4,0.4,0,0,7.91,26.44
2026-07-04 06:35:45.415,0.0,0.4,0.4,0.4,0,0,7.91,26.44
2026-07-04 06:35:45.878,0.0,0.4,0.4,0.4,0,0,7.91,26.44
2026-07-04 06:35:46.412,0.0,0.4,0.4,0.4,0,0,7.91,26.44
2026-07-04 06:35:46.913,0.0,0.4,0.4,0.4,0,0,7.91,26.44
2026-07-04 06:35:47.408,0.0,0.4,0.4,0.4,0,0,7.91,26.44
2026-07-04 06:35:47.911,0.0,0.4,0.4,0.4,0,0,7.91,26.44
2026-07-04 06:35:48.912,0.0,0.4,0.4,0.4,0,0,7.91,26.44
2026-07-04 06:35:48.913,0.0,0.4,0.4,0.4,0,0,7.91,26.44
2026-07-04 06:35:49.415,0.0,0.4,0.4,0.4,0,0,7.91,26.44
2026-07-04 06:35:49.898,0.0,0.4,0.4,0.4,0,0,7.91,26.44
2026-07-04 06:35:50.927,0.0,0.4,0.4,0.4,0,0,7.91,26.44
2026-07-04 06:35:50.928,0.0,0.4,0.4,0.4,0,0,7.91,26.44
2026-07-04 06:35:51.427,0.0,0.4,0.4,0.4,0,0,7.91,26.44
2026-07-04 06:35:51.928,0.0,0.4,0.4,0.4,0,0,7.91,26.44
2026-07-04 06:35:52.409,0.0,0.4,0.4,0.4,0,0,7.91,26.44
2026-07-04 06:35:52.941,0.0,0.4,0.4,0.4,0,0,7.91,26.44
2026-07-04 06:35:53.391,0.0,0.4,0.4,0.4,0,0,7.91,26.44
2026-07-04 06:35:53.888,0.0,0.4,0.4,0.4,0,0,7.91,26.44
2026-07-04 06:35:54.397,0.0,0.4,0.4,0.4,0,0,7.91,26.44
2026-07-04 06:35:54.926,0.0,0.4,0.4,0.4,0,0,7.91,26.44
2026-07-04 06:35:55.399,0.0,0.4,0.4,0.4,0,0,7.91,26.44
2026-07-04 06:35:55.898,0.0,0.4,0.4,0.4,0,0,7.91,26.44
2026-07-04 06:35:56.397,0.0,0.4,0.4,0.4,0,0,7.91,26.44
2026-07-04 06:35:56.896,0.0,0.4,0.4,0.4,0,0,7.91,26.44
2026-07-04 06:35:57.394,0.0,0.4,0.4,0.4,0,0,7.91,26.44
2026-07-04 06:35:57.938,0.0,0.4,0.4,0.4,0,0,7.91,26.44
2026-07-04 06:35:58.391,0.0,0.4,0.4,0.4,0,0,7.91,26.44
2026-07-04 06:35:58.887,0.0,0.4,0.4,0.4,0,0,7.91,26.44
2026-07-04 06:35:59.421,0.0,0.4,0.4,0.4,0,0,7.91,26.44
2026-07-04 06:35:59.919,0.0,0.4,0.4,0.4,0,0,7.91,26.44
2026-07-04 06:36:00.429,0.0,0.4,0.4,0.4,0,0,7.91,26.44
2026-07-04 06:36:00.928,0.0,0.4,0.4,0.4,0,0,7.91,26.44
2026-07-04 06:36:01.448,0.0,0.4,0.4,0.4,0,0,7.91,26.44
2026-07-04 06:36:02.386,0.0,0.4,0.4,0.4,0,0,7.91,26.44
2026-07-04 06:36:02.444,0.0,0.4,0.4,0.4,0,0,7.91,26.44
2026-07-04 06:36:02.898,0.0,0.4,0.4,0.4,0,0,7.91,26.44
2026-07-04 06:36:03.430,0.0,0.4,0.4,0.4,0,0,7.91,26.44
2026-07-04 06:36:03.918,0.0,0.4,0.4,0.4,0,0,7.91,26.44
2026-07-04 06:36:04.399,0.0,0.4,0.4,0.4,0,0,7.91,26.44
2026-07-04 06:36:04.930,0.0,0.4,0.4,0.4,0,0,7.91,26.44
2026-07-04 06:36:05.412,0.0,0.4,0.4,0.4,0,0,7.91,26.44
2026-07-04 06:36:05.913,0.0,0.4,0.4,0.4,0,0,7.91,26.44
2026-07-04 06:36:06.409,0.0,0.4,0.4,0.4,0,0,7.91,26.44
2026-07-04 06:36:06.893,0.0,0.4,0.4,0.4,0,0,7.91,26.44
2026-07-04 06:36:07.396,0.0,0.4,0.4,0.4,0,0,7.91,26.44
2026-07-04 06:36:07.888,0.0,0.4,0.4,0.4,0,0,7.91,26.44
2026-07-04 06:36:08.396,0.0,0.4,0.4,0.4,0,0,7.91,26.44
2026-07-04 06:36:08.928,0.0,0.4,0.4,0.4,0,0,7.91,26.44
2026-07-04 06:36:11.101,0.0,0.4,0.4,0.4,0,0,7.91,26.44
2026-07-04 06:36:11.103,0.0,0.4,0.4,0.4,0,0,7.91,26.44
2026-07-04 06:36:11.104,0.0,0.4,0.4,0.4,0,0,7.91,26.44
2026-07-04 06:36:11.104,0.0,0.4,0.4,0.4,0,0,7.91,26.44
2026-07-04 06:36:11.413,0.0,0.4,0.4,0.4,0,0,7.91,26.44
2026-07-04 06:36:11.898,0.0,0.4,0.4,0.4,0,0,7.91,26.44
2026-07-04 06:36:12.397,0.0,0.4,0.4,0.4,0,0,7.91,26.44
2026-07-04 06:36:12.946,0.0,0.4,0.4,0.4,0,0,7.91,26.44
2026-07-04 06:36:13.444,0.0,0.4,0.4,0.4,0,0,7.91,26.44
2026-07-04 06:36:13.942,0.0,0.4,0.4,0.4,0,0,7.91,26.44
2026-07-04 06:36:14.444,0.0,0.4,0.4,0.4,0,0,7.91,26.44
2026-07-04 06:36:14.898,0.0,0.4,0.4,0.4,0,0,7.91,26.44
2026-07-04 06:36:15.406,0.0,0.4,0.4,0.4,0,0,7.91,26.44
2026-07-04 06:36:15.916,0.0,0.4,0.4,0.4,0,0,7.91,26.44
2026-07-04 06:36:16.422,0.0,0.4,0.4,0.4,0,0,7.91,26.44
2026-07-04 06:36:16.922,0.0,0.4,0.4,0.4,0,0,7.91,26.44
2026-07-04 06:36:17.418,0.0,0.4,0.4,0.4,0,0,7.91,26.44
2026-07-04 06:36:17.921,0.0,0.4,0.4,0.4,0,0,7.91,26.44
2026-07-04 06:36:18.418,0.0,0.4,0.4,0.4,0,0,7.91,26.44
2026-07-04 06:36:18.920,0.0,0.4,0.4,0.4,0,0,7.91,26.44
2026-07-04 06:36:19.427,0.0,0.4,0.4,0.4,0,0,7.91,26.44
2026-07-04 06:36:19.946,0.0,0.4,0.4,0.4,0,0,7.91,26.44
2026-07-04 06:36:20.412,0.0,0.4,0.4,0.4,0,0,7.91,26.44
2026-07-04 06:36:20.897,0.0,0.4,0.4,0.4,0,0,7.91,26.44
2026-07-04 06:36:21.446,0.0,0.4,0.4,0.4,0,0,7.91,26.44
2026-07-04 06:36:22.431,0.0,0.4,0.4,0.4,0,0,7.91,26.44
2026-07-04 06:36:22.433,0.0,0.4,0.4,0.4,0,0,7.91,26.44
2026-07-04 06:36:22.915,0.0,0.4,0.4,0.4,0,0,7.91,26.44
2026-07-04 06:36:23.397,0.0,0.4,0.4,0.4,0,0,7.91,26.44
2026-07-04 06:36:23.897,0.0,0.4,0.4,0.4,0,0,7.91,26.44
2026-07-04 06:36:24.412,0.0,0.4,0.4,0.4,0,0,7.91,26.44
2026-07-04 06:36:24.913,0.0,0.4,0.4,0.4,0,0,7.91,26.44
2026-07-04 06:36:25.909,0.0,0.4,0.4,0.4,0,0,7.91,26.44
2026-07-04 06:36:25.909,0.0,0.4,0.4,0.4,0,0,7.91,26.44
2026-07-04 06:36:26.411,0.0,0.4,0.4,0.4,0,0,7.91,26.44
2026-07-04 06:36:26.910,0.0,0.4,0.4,0.4,0,0,7.91,26.44
2026-07-04 06:36:27.423,0.0,0.4,0.4,0.4,0,0,7.91,26.44
2026-07-04 06:36:27.925,0.0,0.4,0.4,0.4,0,0,7.91,26.44
2026-07-04 06:36:28.425,0.0,0.4,0.4,0.4,0,0,7.91,26.44
2026-07-04 06:36:28.898,0.0,0.4,0.4,0.4,0,0,7.91,26.44
2026-07-04 06:36:29.417,0.0,0.4,0.4,0.4,0,0,7.91,26.44
2026-07-04 06:36:29.922,0.0,0.4,0.4,0.4,0,0,7.91,26.44
2026-07-04 06:36:30.918,0.0,0.4,0.4,0.4,0,0,7.91,26.44
2026-07-04 06:36:30.918,0.0,0.4,0.4,0.4,0,0,7.91,26.44
2026-07-04 06:36:31.421,0.0,0.4,0.4,0.4,0,0,7.91,26.44
2026-07-04 06:36:31.915,0.0,0.4,0.4,0.4,0,0,7.91,26.44
2026-07-04 06:36:32.412,0.0,0.4,0.4,0.4,0,0,7.91,26.44
2026-07-04 06:36:32.922,0.0,0.4,0.4,0.4,0,0,7.91,26.44
2026-07-04 06:36:33.439,0.0,0.4,0.4,0.4,0,0,7.91,26.44
2026-07-04 06:36:33.948,0.0,0.4,0.4,0.4,0,0,7.91,26.44
2026-07-04 06:36:34.443,0.0,0.4,0.4,0.4,0,0,7.91,26.44
2026-07-04 06:36:34.948,0.0,0.4,0.4,0.4,0,0,7.91,26.44
2026-07-04 06:36:35.442,0.0,0.4,0.4,0.4,0,0,7.91,26.44
2026-07-04 06:36:36.445,0.0,0.4,0.4,0.4,0,0,7.91,26.44
2026-07-04 06:36:36.447,0.0,0.4,0.4,0.4,0,0,7.91,26.44
2026-07-04 06:36:36.949,0.0,0.4,0.4,0.4,0,0,7.91,26.44
2026-07-04 06:36:37.457,0.0,0.4,0.4,0.4,0,0,7.91,26.44
2026-07-04 06:36:37.900,0.0,0.4,0.4,0.4,0,0,7.91,26.44
2026-07-04 06:36:38.458,0.0,0.4,0.5,0.4,0,0,7.91,26.44
2026-07-04 06:36:38.957,0.0,0.4,0.5,0.4,0,0,7.91,26.44
2026-07-04 06:36:39.458,0.0,0.4,0.4,0.4,0,0,7.91,26.44
2026-07-04 06:36:39.956,0.0,0.4,0.5,0.4,0,0,7.91,26.44
2026-07-04 06:36:40.457,0.0,0.4,0.4,0.4,0,0,7.91,26.44
2026-07-04 06:36:40.958,0.0,0.4,0.4,0.4,0,0,7.91,26.44
2026-07-04 06:36:41.456,0.0,0.4,0.4,0.4,0,0,7.91,26.44
2026-07-04 06:36:41.942,0.0,0.4,0.5,0.4,0,0,7.91,26.44
2026-07-04 06:36:42.440,0.0,0.4,0.5,0.4,0,0,7.91,26.44
2026-07-04 06:36:42.947,0.0,0.4,0.4,0.4,0,0,7.91,26.44
2026-07-04 06:36:43.453,0.0,0.4,0.4,0.4,0,0,7.91,26.44
2026-07-04 06:36:43.953,0.0,0.4,0.4,0.4,0,0,7.91,26.44
2026-07-04 06:36:44.411,0.0,0.4,0.4,0.4,0,0,7.91,26.44
2026-07-04 06:36:44.941,0.0,0.4,0.4,0.4,0,0,7.91,26.44
2026-07-04 06:36:45.448,0.0,0.4,0.4,0.4,0,0,7.91,26.44
2026-07-04 06:36:45.948,0.0,0.4,0.4,0.4,0,0,7.91,26.44
2026-07-04 06:36:46.444,0.0,0.4,0.4,0.4,0,0,7.91,26.44
2026-07-04 06:36:46.956,0.0,0.4,0.4,0.4,0,0,7.91,26.44
2026-07-04 06:36:47.458,0.0,0.4,0.4,0.4,0,0,7.91,26.44
2026-07-04 06:36:47.958,0.0,0.4,0.4,0.4,0,0,7.91,26.44
2026-07-04 06:36:48.451,0.0,0.4,0.4,0.4,0,0,7.91,26.44
2026-07-04 06:36:48.950,0.0,0.4,0.4,0.4,0,0,7.91,26.44
2026-07-04 06:36:49.414,0.0,0.4,0.4,0.4,0,0,7.91,26.44
2026-07-04 06:36:49.958,0.0,0.4,0.4,0.4,0,0,7.91,26.44
2026-07-04 06:36:50.428,0.0,0.4,0.4,0.4,0,0,7.91,26.44
2026-07-04 06:36:50.947,0.0,0.4,0.4,0.4,0,0,7.91,26.44
2026-07-04 06:36:51.649,0.0,0.4,0.4,0.4,0,0,7.91,26.44
2026-07-04 06:36:51.958,0.0,0.4,0.4,0.4,0,0,7.91,26.44
2026-07-04 06:36:51.959,0.0,0.4,0.4,0.4,0,0,7.91,26.44
2026-07-04 06:36:52.448,0.0,0.4,0.4,0.4,0,0,7.91,26.44
2026-07-04 06:36:52.909,0.0,0.4,0.4,0.4,0,0,7.91,26.44
2026-07-04 06:36:53.445,0.0,0.4,0.4,0.4,0,0,7.91,26.44
2026-07-04 06:36:53.942,0.0,0.4,0.4,0.4,0,0,7.91,26.44
2026-07-04 06:36:54.446,0.0,0.4,0.4,0.4,0,0,7.91,26.44
2026-07-04 06:36:54.946,0.0,0.4,0.4,0.4,0,0,7.91,26.44
2026-07-04 06:36:55.445,0.0,0.4,0.4,0.4,0,0,7.91,26.44
2026-07-04 06:36:55.944,0.0,0.4,0.4,0.4,0,0,7.91,26.44
2026-07-04 06:36:56.445,0.0,0.4,0.4,0.4,0,0,7.91,26.44
2026-07-04 06:36:56.942,0.0,0.4,0.4,0.4,0,0,7.91,26.44
2026-07-04 06:36:57.469,0.0,0.4,0.4,0.4,0,0,7.91,26.44
2026-07-04 06:36:57.915,0.0,0.4,0.4,0.4,0,0,7.91,26.44
2026-07-04 06:36:58.425,0.0,0.4,0.4,0.4,0,0,7.91,26.44
2026-07-04 06:36:58.947,0.0,0.4,0.4,0.4,0,0,7.91,26.44
2026-07-04 06:36:59.447,0.0,0.4,0.4,0.4,0,0,7.91,26.44
2026-07-04 06:36:59.924,0.0,0.4,0.4,0.4,0,0,7.91,26.44
2026-07-04 06:37:00.425,0.0,0.4,0.4,0.4,0,0,7.91,26.44
2026-07-04 06:37:00.927,0.0,0.4,0.4,0.4,0,0,7.91,26.44
2026-07-04 06:37:01.427,0.0,0.4,0.4,0.4,0,0,7.91,26.44
2026-07-04 06:37:01.945,0.0,0.4,0.4,0.4,0,0,7.91,26.44
2026-07-04 06:37:02.444,0.0,0.4,0.4,0.4,0,0,7.91,26.44
2026-07-04 06:37:02.943,0.0,0.4,0.4,0.4,0,0,7.91,26.44
2026-07-04 06:37:03.444,0.0,0.4,0.4,0.4,0,0,7.91,26.44
2026-07-04 06:37:03.927,0.0,0.4,0.4,0.4,0,0,7.91,26.44
2026-07-04 06:37:04.427,0.0,0.4,0.4,0.4,0,0,7.91,26.44
2026-07-04 06:37:04.918,0.0,0.4,0.4,0.4,0,0,7.91,26.44
2026-07-04 06:37:05.417,0.0,0.4,0.4,0.4,0,0,7.91,26.44
2026-07-04 06:37:05.957,0.0,0.4,0.4,0.4,0,0,7.91,26.44
2026-07-04 06:37:06.443,0.0,0.4,0.4,0.4,0,0,7.91,26.44
2026-07-04 06:37:07.443,0.0,0.4,0.4,0.4,0,0,7.91,26.44
2026-07-04 06:37:07.443,0.0,0.4,0.4,0.4,0,0,7.91,26.44
2026-07-04 06:37:07.927,0.0,0.4,0.4,0.4,0,0,7.91,26.44
2026-07-04 06:37:08.427,0.0,0.4,0.4,0.4,0,0,7.91,26.44
2026-07-04 06:37:08.940,0.0,0.4,0.4,0.4,0,0,7.91,26.44
2026-07-04 06:37:09.447,0.0,0.4,0.4,0.4,0,0,7.91,26.44
2026-07-04 06:37:09.936,0.0,0.4,0.4,0.4,0,0,7.91,26.44
2026-07-04 06:37:10.420,0.0,0.4,0.4,0.4,0,0,7.91,26.44
2026-07-04 06:37:10.923,0.0,0.4,0.4,0.4,0,0,7.91,26.44
2026-07-04 06:37:11.421,0.0,0.4,0.4,0.4,0,0,7.91,26.44
2026-07-04 06:37:11.921,0.0,0.4,0.4,0.4,0,0,7.91,26.44
2026-07-04 06:37:12.475,0.0,0.4,0.4,0.4,0,0,7.91,26.44
2026-07-04 06:37:12.972,0.0,0.4,0.4,0.4,0,0,7.91,26.44
2026-07-04 06:37:13.470,0.0,0.4,0.4,0.4,0,0,7.91,26.44
2026-07-04 06:37:13.921,0.0,0.4,0.4,0.4,0,0,7.91,26.44
2026-07-04 06:37:14.423,0.0,0.4,0.4,0.4,0,0,7.91,26.44
2026-07-04 06:37:14.922,0.0,0.4,0.4,0.4,0,0,7.91,26.44
2026-07-04 06:37:15.426,0.0,0.4,0.4,0.4,0,0,7.91,26.44
2026-07-04 06:37:16.427,0.0,0.4,0.4,0.4,0,0,7.91,26.44
2026-07-04 06:37:16.428,0.0,0.4,0.4,0.4,0,0,7.91,26.44
2026-07-04 06:37:16.957,0.0,0.4,0.4,0.4,0,0,7.91,26.44
2026-07-04 06:37:17.428,0.0,0.4,0.4,0.4,0,0,7.91,26.44
2026-07-04 06:37:17.969,0.0,0.4,0.4,0.4,0,0,7.91,26.44
2026-07-04 06:37:18.441,0.0,0.4,0.4,0.4,0,0,7.91,26.44
2026-07-04 06:37:18.984,0.0,0.4,0.4,0.4,0,0,7.91,26.44
2026-07-04 06:37:19.424,0.0,0.4,0.4,0.4,0,0,7.91,26.44
2026-07-04 06:37:19.968,0.0,0.4,0.4,0.4,0,0,7.91,26.44
2026-07-04 06:37:20.422,0.0,0.4,0.4,0.4,0,0,7.91,26.44
2026-07-04 06:37:21.478,0.0,0.4,0.4,0.4,0,0,7.91,26.44
2026-07-04 06:37:21.478,0.0,0.4,0.4,0.4,0,0,7.91,26.44
2026-07-04 06:37:21.968,0.0,0.4,0.4,0.4,0,0,7.91,26.44
2026-07-04 06:37:22.427,0.0,0.4,0.4,0.4,0,0,7.91,26.44
2026-07-04 06:37:22.979,0.0,0.4,0.4,0.4,0,0,7.91,26.44
2026-07-04 06:37:23.479,0.0,0.4,0.4,0.4,0,0,7.91,26.44
2026-07-04 06:37:23.928,0.0,0.4,0.4,0.4,0,0,7.91,26.44
2026-07-04 06:37:24.445,0.0,0.4,0.4,0.4,0,0,7.91,26.44
2026-07-04 06:37:24.942,0.0,0.4,0.4,0.4,0,0,7.91,26.44
2026-07-04 06:37:25.441,0.0,0.4,0.4,0.4,0,0,7.91,26.44
2026-07-04 06:37:25.978,0.0,0.4,0.4,0.4,0,0,7.91,26.44
2026-07-04 06:37:26.440,0.0,0.4,0.4,0.4,0,0,7.91,26.44
2026-07-04 06:37:26.955,0.0,0.4,0.4,0.4,0,0,7.91,26.44
2026-07-04 06:37:27.477,0.0,0.4,0.4,0.4,0,0,7.91,26.44
2026-07-04 06:37:27.978,0.0,0.4,0.4,0.4,0,0,7.91,26.44
2026-07-04 06:37:28.476,0.0,0.4,0.4,0.4,0,0,7.91,26.44
2026-07-04 06:37:28.972,0.0,0.4,0.4,0.4,0,0,7.91,26.44
2026-07-04 06:37:29.477,0.0,0.4,0.4,0.4,0,0,7.91,26.44
2026-07-04 06:37:29.957,0.0,0.4,0.4,0.4,0,0,7.91,26.44
2026-07-04 06:37:30.488,0.0,0.4,0.4,0.4,0,0,7.91,26.44
2026-07-04 06:37:30.959,0.0,0.4,0.4,0.4,0,0,7.91,26.44
2026-07-04 06:37:31.446,0.0,0.4,0.4,0.4,0,0,7.91,26.44
2026-07-04 06:37:31.944,0.0,0.4,0.4,0.4,0,0,7.91,26.44
2026-07-04 06:37:32.479,0.0,0.4,0.4,0.4,0,0,7.91,26.44
2026-07-04 06:37:32.980,0.0,0.4,0.4,0.4,0,0,7.91,26.44
2026-07-04 06:37:33.476,0.0,0.4,0.4,0.4,0,0,7.91,26.44
2026-07-04 06:37:33.958,0.0,0.4,0.4,0.4,0,0,7.91,26.44
2026-07-04 06:37:34.457,0.0,0.4,0.4,0.4,0,0,7.91,26.44
2026-07-04 06:37:34.958,0.0,0.4,0.4,0.4,0,0,7.91,26.44
2026-07-04 06:37:35.457,0.0,0.4,0.4,0.4,0,0,7.91,26.44
2026-07-04 06:37:35.955,0.0,0.4,0.4,0.4,0,0,7.91,26.44
2026-07-04 06:37:36.457,0.0,0.4,0.4,0.4,0,0,7.91,26.44
2026-07-04 06:37:36.960,0.0,0.4,0.4,0.4,0,0,7.91,26.44
2026-07-04 06:37:37.457,0.0,0.4,0.4,0.4,0,0,7.91,26.44
2026-07-04 06:37:37.956,0.0,0.4,0.4,0.4,0,0,7.91,26.44
2026-07-04 06:37:38.469,0.0,0.4,0.4,0.4,0,0,7.91,26.44
2026-07-04 06:37:38.988,0.0,0.4,0.4,0.4,0,0,7.91,26.44
2026-07-04 06:37:39.487,0.0,0.4,0.4,0.4,0,0,7.91,26.44
2026-07-04 06:37:39.987,0.0,0.4,0.4,0.4,0,0,7.91,26.44
2026-07-04 06:37:40.472,0.0,0.4,0.4,0.4,0,0,7.91,26.44
2026-07-04 06:37:40.968,0.0,0.4,0.4,0.4,0,0,7.91,26.44
2026-07-04 06:37:41.470,0.0,0.4,0.4,0.4,0,0,7.91,26.44
2026-07-04 06:37:41.987,0.0,0.4,0.4,0.4,0,0,7.91,26.44
2026-07-04 06:37:42.470,0.0,0.4,0.4,0.4,0,0,7.91,26.44
2026-07-04 06:37:42.970,0.0,0.4,0.4,0.4,0,0,7.91,26.44
2026-07-04 06:37:43.470,0.0,0.4,0.4,0.4,0,0,7.91,26.44
2026-07-04 06:37:43.977,0.0,0.4,0.4,0.4,0,0,7.91,26.44
2026-07-04 06:37:44.475,0.0,0.4,0.4,0.4,0,0,7.91,26.44
2026-07-04 06:37:44.968,0.0,0.4,0.4,0.4,0,0,7.91,26.44
2026-07-04 06:37:45.478,0.0,0.4,0.4,0.4,0,0,7.91,26.44
2026-07-04 06:37:45.977,0.0,0.4,0.4,0.4,0,0,7.91,26.44
2026-07-04 06:37:46.476,0.0,0.4,0.4,0.4,0,0,7.91,26.44
2026-07-04 06:37:46.977,0.0,0.4,0.4,0.4,0,0,7.91,26.44
2026-07-04 06:37:47.478,0.0,0.4,0.4,0.4,0,0,7.91,26.44
2026-07-04 06:37:47.978,0.0,0.4,0.4,0.4,0,0,7.91,26.44
2026-07-04 06:37:48.479,0.0,0.4,0.4,0.4,0,0,7.91,26.44
2026-07-04 06:37:48.978,0.0,0.4,0.4,0.4,0,0,7.91,26.44
2026-07-04 06:37:49.445,0.0,0.4,0.4,0.4,0,0,7.91,26.44
2026-07-04 06:37:49.988,0.0,0.4,0.4,0.4,0,0,7.91,26.44
2026-07-04 06:37:50.487,0.0,0.4,0.4,0.4,0,0,7.91,26.44
2026-07-04 06:37:50.987,0.0,0.4,0.4,0.4,0,0,7.91,26.44
2026-07-04 06:37:51.489,0.0,0.4,0.4,0.4,0,0,7.91,26.44
2026-07-04 06:37:51.987,0.0,0.4,0.4,0.4,0,0,7.91,26.44
2026-07-04 06:37:52.444,0.0,0.4,0.4,0.4,0,0,7.91,26.44
2026-07-04 06:37:52.987,0.0,0.4,0.4,0.4,0,0,7.91,26.44
2026-07-04 06:37:53.474,0.0,0.4,0.4,0.4,0,0,7.91,26.44
2026-07-04 06:37:53.957,0.0,0.4,0.4,0.4,0,0,7.91,26.44
2026-07-04 06:37:54.487,0.0,0.4,0.4,0.4,0,0,7.91,26.44
2026-07-04 06:37:54.957,0.0,0.4,0.4,0.4,0,0,7.91,26.44
2026-07-04 06:37:55.457,0.0,0.4,0.4,0.4,0,0,7.91,26.44
2026-07-04 06:37:55.957,0.0,0.4,0.4,0.4,0,0,7.91,26.44
2026-07-04 06:37:56.458,0.0,0.4,0.4,0.4,0,0,7.91,26.44
2026-07-04 06:37:56.982,0.0,0.4,0.4,0.4,0,0,7.91,26.44
2026-07-04 06:37:57.477,0.0,0.4,0.4,0.4,0,0,7.91,26.44
2026-07-04 06:37:58.477,0.0,0.4,0.4,0.4,0,0,7.91,26.44
2026-07-04 06:37:58.478,0.0,0.4,0.4,0.4,0,0,7.91,26.44
2026-07-04 06:37:58.980,0.0,0.4,0.4,0.4,0,0,7.91,26.44
2026-07-04 06:37:59.479,0.0,0.4,0.4,0.4,0,0,7.91,26.44
2026-07-04 06:37:59.978,0.0,0.4,0.4,0.4,0,0,7.91,26.44
2026-07-04 06:38:00.478,0.0,0.4,0.4,0.4,0,0,7.91,26.44
2026-07-04 06:38:00.977,0.0,0.4,0.4,0.4,0,0,7.91,26.44
2026-07-04 06:38:01.457,0.0,0.4,0.4,0.4,0,0,7.91,26.44
2026-07-04 06:38:02.194,0.0,0.4,0.4,0.4,0,0,7.91,26.44
2026-07-04 06:38:02.479,0.0,0.4,0.4,0.4,0,0,7.91,26.44
2026-07-04 06:38:02.480,0.0,0.4,0.4,0.4,0,0,7.91,26.44
2026-07-04 06:38:02.989,0.0,0.4,0.4,0.4,0,0,7.91,26.44
2026-07-04 06:38:03.475,0.0,0.4,0.4,0.4,0,0,7.91,26.44
2026-07-04 06:38:03.958,0.0,0.4,0.4,0.4,0,0,7.91,26.44
2026-07-04 06:38:04.507,0.0,0.4,0.4,0.4,0,0,7.91,26.44
2026-07-04 06:38:04.988,0.0,0.4,0.4,0.4,0,0,7.91,26.44
2026-07-04 06:38:05.488,0.0,0.4,0.4,0.4,0,0,7.91,26.44
2026-07-04 06:38:05.987,0.0,0.4,0.4,0.4,0,0,7.91,26.44
2026-07-04 06:38:06.457,0.0,0.4,0.4,0.4,0,0,7.91,26.44
2026-07-04 06:38:06.957,0.0,0.4,0.4,0.4,0,0,7.91,26.44
2026-07-04 06:38:07.458,0.0,0.4,0.4,0.4,0,0,7.91,26.44
2026-07-04 06:38:07.955,0.0,0.4,0.4,0.4,0,0,7.91,26.44
2026-07-04 06:38:08.508,0.0,0.4,0.4,0.4,0,0,7.91,26.44
2026-07-04 06:38:09.005,0.0,0.4,0.4,0.4,0,0,7.91,26.44
2026-07-04 06:38:09.458,0.0,0.4,0.4,0.4,0,0,7.91,26.44
2026-07-04 06:38:09.957,0.0,0.4,0.4,0.4,0,0,7.91,26.44
2026-07-04 06:38:10.488,0.0,0.4,0.4,0.4,0,0,7.91,26.44
2026-07-04 06:38:11.508,0.0,0.4,0.4,0.4,0,0,7.91,26.44
2026-07-04 06:38:11.508,0.0,0.4,0.4,0.4,0,0,7.91,26.44
2026-07-04 06:38:12.006,0.0,0.4,0.4,0.4,0,0,7.91,26.44
2026-07-04 06:38:12.506,0.0,0.4,0.4,0.4,0,0,7.91,26.44
2026-07-04 06:38:13.003,0.0,0.4,0.4,0.4,0,0,7.91,26.44
2026-07-04 06:38:13.505,0.0,0.4,0.4,0.4,0,0,7.91,26.44
2026-07-04 06:38:14.003,0.0,0.4,0.4,0.4,0,0,7.91,26.44
2026-07-04 06:38:14.475,0.0,0.4,0.4,0.4,0,0,7.91,26.44
2026-07-04 06:38:15.003,0.0,0.4,0.4,0.4,0,0,7.91,26.44
2026-07-04 06:38:15.487,0.0,0.4,0.4,0.4,0,0,7.91,26.44
2026-07-04 06:38:15.957,0.0,0.4,0.4,0.4,0,0,7.91,26.44
2026-07-04 06:38:16.458,0.0,0.4,0.4,0.4,0,0,7.91,26.44
2026-07-04 06:38:16.956,0.0,0.4,0.4,0.4,0,0,7.91,26.44
2026-07-04 06:38:17.455,0.0,0.4,0.4,0.4,0,0,7.91,26.44
2026-07-04 06:38:18.001,0.0,0.4,0.4,0.4,0,0,7.91,26.44
2026-07-04 06:38:18.504,0.0,0.4,0.4,0.4,0,0,7.91,26.44
2026-07-04 06:38:19.004,0.0,0.4,0.4,0.4,0,0,7.91,26.44
2026-07-04 06:38:19.488,0.0,0.4,0.4,0.4,0,0,7.91,26.44
2026-07-04 06:38:19.958,0.0,0.4,0.4,0.4,0,0,7.91,26.44
2026-07-04 06:38:20.507,0.0,0.4,0.4,0.4,0,0,7.91,26.44
2026-07-04 06:38:20.977,0.0,0.4,0.4,0.4,0,0,7.91,26.44
2026-07-04 06:38:21.457,0.0,0.4,0.4,0.4,0,0,7.91,26.44
2026-07-04 06:38:21.968,0.0,0.4,0.4,0.4,0,0,7.91,26.44
2026-07-04 06:38:22.475,0.0,0.4,0.4,0.4,0,0,7.91,26.44
2026-07-04 06:38:22.971,0.0,0.4,0.4,0.4,0,0,7.91,26.44
2026-07-04 06:38:23.478,0.0,0.4,0.4,0.4,0,0,7.91,26.44
2026-07-04 06:38:23.977,0.0,0.4,0.4,0.4,0,0,7.91,26.44
2026-07-04 06:38:24.481,0.0,0.4,0.4,0.4,0,0,7.91,26.44
2026-07-04 06:38:24.972,0.0,0.4,0.4,0.4,0,0,7.91,26.44
2026-07-04 06:38:25.479,0.0,0.4,0.4,0.4,0,0,7.91,26.44
2026-07-04 06:38:26.207,0.0,0.4,0.4,0.4,0,0,7.91,26.44
2026-07-04 06:38:26.488,0.0,0.4,0.4,0.4,0,0,7.91,26.44
2026-07-04 06:38:26.488,0.0,0.4,0.4,0.4,0,0,7.91,26.44
2026-07-04 06:38:27.004,0.0,0.4,0.4,0.4,0,0,7.91,26.44
2026-07-04 06:38:27.458,0.0,0.4,0.4,0.4,0,0,7.91,26.44
2026-07-04 06:38:28.008,0.0,0.4,0.4,0.4,0,0,7.91,26.44
2026-07-04 06:38:28.488,0.0,0.4,0.4,0.4,0,0,7.91,26.44
2026-07-04 06:38:28.987,0.0,0.4,0.4,0.4,0,0,7.91,26.44
2026-07-04 06:38:29.486,0.0,0.4,0.4,0.4,0,0,7.91,26.44
2026-07-04 06:38:29.987,0.0,0.4,0.4,0.4,0,0,7.91,26.44
2026-07-04 06:38:30.507,0.0,0.4,0.4,0.4,0,0,7.91,26.44
2026-07-04 06:38:31.000,0.0,0.4,0.4,0.4,0,0,7.91,26.44
2026-07-04 06:38:31.487,0.0,0.4,0.4,0.4,0,0,7.91,26.44
2026-07-04 06:38:32.008,0.0,0.4,0.4,0.4,0,0,7.91,26.44
2026-07-04 06:38:32.462,0.0,0.4,0.4,0.4,0,0,7.91,26.44
2026-07-04 06:38:33.003,0.0,0.4,0.4,0.4,0,0,7.91,26.44
2026-07-04 06:38:33.477,0.0,0.4,0.4,0.4,0,0,7.91,26.44
2026-07-04 06:38:34.010,0.0,0.4,0.4,0.4,0,0,7.91,26.44
2026-07-04 06:38:34.509,0.0,0.4,0.4,0.4,0,0,7.91,26.44
2026-07-04 06:38:35.020,0.0,0.4,0.4,0.4,0,0,7.91,26.44
2026-07-04 06:38:35.506,0.0,0.4,0.4,0.4,0,0,7.91,26.44
2026-07-04 06:38:36.008,0.0,0.4,0.4,0.4,0,0,7.91,26.44
2026-07-04 06:38:36.488,0.0,0.4,0.4,0.4,0,0,7.91,26.44
2026-07-04 06:38:36.988,0.0,0.4,0.4,0.4,0,0,7.91,26.44
2026-07-04 06:38:37.509,0.0,0.4,0.4,0.4,0,0,7.91,26.44
2026-07-04 06:38:37.987,0.0,0.4,0.4,0.4,0,0,7.91,26.44
2026-07-04 06:38:38.524,0.0,0.4,0.4,0.4,0,0,7.91,26.44
2026-07-04 06:38:39.010,0.0,0.4,0.4,0.4,0,0,7.91,26.44
2026-07-04 06:38:39.509,0.0,0.4,0.4,0.4,0,0,7.91,26.44
2026-07-04 06:38:40.008,0.0,0.4,0.4,0.4,0,0,7.91,26.44
2026-07-04 06:38:40.477,0.0,0.4,0.4,0.4,0,0,7.91,26.44
2026-07-04 06:38:40.982,0.0,0.4,0.4,0.4,0,0,7.91,26.44
2026-07-04 06:38:41.488,0.0,0.4,0.4,0.4,0,0,7.91,26.44
2026-07-04 06:38:42.008,0.0,0.4,0.4,0.4,0,0,7.91,26.44
2026-07-04 06:38:42.475,0.0,0.4,0.4,0.4,0,0,7.91,26.44
2026-07-04 06:38:43.009,0.0,0.4,0.4,0.4,0,0,7.91,26.44
2026-07-04 06:38:43.487,0.0,0.4,0.4,0.4,0,0,7.91,26.44
2026-07-04 06:38:44.523,0.0,0.4,0.4,0.4,0,0,7.91,26.44
2026-07-04 06:38:44.524,0.0,0.4,0.4,0.4,0,0,7.91,26.44
2026-07-04 06:38:45.000,0.0,0.4,0.4,0.4,0,0,7.91,26.44
2026-07-04 06:38:45.500,0.0,0.4,0.4,0.4,0,0,7.91,26.44
2026-07-04 06:38:45.987,0.0,0.4,0.4,0.4,0,0,7.91,26.44
2026-07-04 06:38:46.535,0.0,0.4,0.4,0.4,0,0,7.91,26.44
2026-07-04 06:38:47.002,0.0,0.4,0.4,0.4,0,0,7.91,26.44
2026-07-04 06:38:47.740,0.0,0.4,0.4,0.4,0,0,7.91,26.44
2026-07-04 06:38:47.970,0.0,0.4,0.4,0.4,0,0,7.91,26.44
2026-07-04 06:38:48.032,0.0,0.4,0.4,0.4,0,0,7.91,26.44
2026-07-04 06:38:48.476,0.0,0.4,0.4,0.4,0,0,7.91,26.44
2026-07-04 06:38:48.982,0.0,0.4,0.4,0.4,0,0,7.91,26.44
2026-07-04 06:38:49.480,0.0,0.4,0.4,0.4,0,0,7.91,26.44
2026-07-04 06:38:49.978,0.0,0.4,0.4,0.4,0,0,7.91,26.44
2026-07-04 06:38:50.476,0.0,0.4,0.4,0.4,0,0,7.91,26.44
2026-07-04 06:38:51.007,0.0,0.4,0.4,0.4,0,0,7.91,26.44
2026-07-04 06:38:51.524,0.0,0.4,0.4,0.4,0,0,7.91,26.44
2026-07-04 06:38:52.020,0.0,0.4,0.4,0.4,0,0,7.91,26.44
2026-07-04 06:38:52.502,0.0,0.4,0.4,0.4,0,0,7.91,26.44
2026-07-04 06:38:53.001,0.0,0.4,0.4,0.4,0,0,7.91,26.44
2026-07-04 06:38:53.501,0.0,0.4,0.4,0.4,0,0,7.91,26.44
2026-07-04 06:38:53.999,0.0,0.4,0.4,0.4,0,0,7.91,26.44
2026-07-04 06:38:54.499,0.0,0.4,0.4,0.4,0,0,7.91,26.44
2026-07-04 06:38:54.999,0.0,0.4,0.4,0.4,0,0,7.91,26.44
2026-07-04 06:38:55.499,0.0,0.4,0.4,0.4,0,0,7.91,26.44
2026-07-04 06:38:55.987,0.0,0.4,0.4,0.4,0,0,7.91,26.44
2026-07-04 06:38:56.475,0.0,0.4,0.4,0.4,0,0,7.91,26.44
2026-07-04 06:38:56.982,0.0,0.4,0.4,0.4,0,0,7.91,26.44
2026-07-04 06:38:57.478,0.0,0.4,0.4,0.4,0,0,7.91,26.44
2026-07-04 06:38:57.979,0.0,0.4,0.4,0.4,0,0,7.91,26.44
2026-07-04 06:38:58.479,0.0,0.4,0.4,0.4,0,0,7.91,26.44
2026-07-04 06:38:58.978,0.0,0.4,0.4,0.4,0,0,7.91,26.44
2026-07-04 06:38:59.478,0.0,0.4,0.4,0.4,0,0,7.91,26.44
2026-07-04 06:38:59.979,0.0,0.4,0.4,0.4,0,0,7.91,26.44
2026-07-04 06:39:00.488,0.0,0.4,0.4,0.4,0,0,7.91,26.44
2026-07-04 06:39:00.988,0.0,0.4,0.4,0.4,0,0,7.91,26.44
2026-07-04 06:39:01.475,0.0,0.4,0.4,0.4,0,0,7.91,26.44
2026-07-04 06:39:02.019,0.0,0.4,0.4,0.4,0,0,7.91,26.44
2026-07-04 06:39:02.503,0.0,0.4,0.4,0.4,0,0,7.91,26.44
2026-07-04 06:39:03.033,0.0,0.4,0.4,0.4,0,0,7.91,26.44
2026-07-04 06:39:03.487,0.0,0.4,0.4,0.4,0,0,7.91,26.44
2026-07-04 06:39:03.988,0.0,0.4,0.4,0.4,0,0,7.91,26.44
2026-07-04 06:39:04.515,0.0,0.4,0.4,0.4,0,0,7.91,26.44
2026-07-04 06:39:05.000,0.0,0.4,0.4,0.4,0,0,7.91,26.44
2026-07-04 06:39:05.499,0.0,0.4,0.4,0.4,0,0,7.91,26.44
2026-07-04 06:39:06.009,0.0,0.4,0.4,0.4,0,0,7.91,26.44
2026-07-04 06:39:06.507,0.0,0.4,0.4,0.4,0,0,7.91,26.44
2026-07-04 06:39:07.004,0.0,0.4,0.4,0.4,0,0,7.91,26.44
2026-07-04 06:39:07.507,0.0,0.4,0.4,0.4,0,0,7.91,26.44
2026-07-04 06:39:08.007,0.0,0.4,0.4,0.4,0,0,7.91,26.44
2026-07-04 06:39:08.512,0.0,0.4,0.4,0.4,0,0,7.91,26.44
2026-07-04 06:39:09.000,0.0,0.4,0.4,0.4,0,0,7.91,26.44
2026-07-04 06:39:09.499,0.0,0.4,0.4,0.4,0,0,7.91,26.44
2026-07-04 06:39:10.008,0.0,0.4,0.4,0.4,0,0,7.91,26.44
2026-07-04 06:39:10.507,0.0,0.4,0.4,0.4,0,0,7.91,26.44
2026-07-04 06:39:11.004,0.0,0.4,0.4,0.4,0,0,7.91,26.44
2026-07-04 06:39:11.500,0.0,0.4,0.4,0.4,0,0,7.91,26.44
2026-07-04 06:39:12.518,0.0,0.4,0.4,0.4,0,0,7.91,26.44
2026-07-04 06:39:12.518,0.0,0.4,0.4,0.4,0,0,7.91,26.44
2026-07-04 06:39:13.021,0.0,0.4,0.4,0.4,0,0,7.91,26.44
2026-07-04 06:39:13.514,0.0,0.4,0.4,0.4,0,0,7.91,26.44
2026-07-04 06:39:14.000,0.0,0.4,0.4,0.4,0,0,7.91,26.44
2026-07-04 06:39:14.496,0.0,0.4,0.4,0.4,0,0,7.91,26.44
2026-07-04 06:39:15.011,0.0,0.4,0.4,0.4,0,0,7.91,26.44
2026-07-04 06:39:15.509,0.0,0.4,0.4,0.4,0,0,7.91,26.44
2026-07-04 06:39:16.008,0.0,0.4,0.4,0.4,0,0,7.91,26.44
2026-07-04 06:39:16.508,0.0,0.4,0.4,0.4,0,0,7.91,26.44
2026-07-04 06:39:17.010,0.0,0.4,0.4,0.4,0,0,7.91,26.44
2026-07-04 06:39:17.524,0.0,0.4,0.4,0.4,0,0,7.91,26.44
2026-07-04 06:39:17.987,0.0,0.4,0.4,0.4,0,0,7.91,26.44
2026-07-04 06:39:18.509,0.0,0.4,0.4,0.4,0,0,7.91,26.44
2026-07-04 06:39:19.005,0.0,0.4,0.4,0.4,0,0,7.91,26.44
2026-07-04 06:39:19.506,0.0,0.4,0.4,0.4,0,0,7.91,26.44
2026-07-04 06:39:20.005,0.0,0.4,0.4,0.4,0,0,7.91,26.44
2026-07-04 06:39:20.503,0.0,0.4,0.4,0.4,0,0,7.91,26.44
2026-07-04 06:39:21.005,0.0,0.4,0.4,0.4,0,0,7.91,26.44
2026-07-04 06:39:21.499,0.0,0.4,0.4,0.4,0,0,7.91,26.44
2026-07-04 06:39:22.008,0.0,0.4,0.4,0.4,0,0,7.91,26.44
2026-07-04 06:39:22.509,0.0,0.4,0.4,0.4,0,0,7.91,26.44
2026-07-04 06:39:23.005,0.0,0.4,0.4,0.4,0,0,7.91,26.44
2026-07-04 06:39:23.508,0.0,0.4,0.4,0.4,0,0,7.91,26.44
2026-07-04 06:39:24.038,0.0,0.4,0.4,0.4,0,0,7.91,26.44
2026-07-04 06:39:24.524,0.0,0.4,0.4,0.4,0,0,7.91,26.44
2026-07-04 06:39:25.051,0.0,0.4,0.4,0.4,0,0,7.91,26.44
2026-07-04 06:39:25.552,0.0,0.4,0.4,0.4,0,0,7.91,26.44
2026-07-04 06:39:26.050,0.0,0.4,0.4,0.4,0,0,7.91,26.44
2026-07-04 06:39:26.533,0.0,0.4,0.4,0.4,0,0,7.91,26.44
2026-07-04 06:39:27.036,0.0,0.4,0.4,0.4,0,0,7.91,26.44
2026-07-04 06:39:27.538,0.0,0.4,0.4,0.4,0,0,7.91,26.44
2026-07-04 06:39:28.030,0.0,0.4,0.4,0.4,0,0,7.91,26.44
2026-07-04 06:39:28.547,0.0,0.4,0.4,0.4,0,0,7.91,26.44
2026-07-04 06:39:29.001,0.0,0.4,0.4,0.4,0,0,7.91,26.44
2026-07-04 06:39:29.499,0.0,0.4,0.4,0.4,0,0,7.91,26.44
2026-07-04 06:39:30.008,0.0,0.4,0.4,0.4,0,0,7.91,26.44
2026-07-04 06:39:30.497,0.0,0.4,0.4,0.4,0,0,7.91,26.44
2026-07-04 06:39:31.003,0.0,0.4,0.4,0.4,0,0,7.91,26.44
2026-07-04 06:39:31.507,0.0,0.4,0.4,0.4,0,0,7.91,26.44
2026-07-04 06:39:32.007,0.0,0.4,0.4,0.4,0,0,7.91,26.44
2026-07-04 06:39:32.524,0.0,0.4,0.4,0.4,0,0,7.91,26.44
2026-07-04 06:39:33.036,0.0,0.4,0.4,0.4,0,0,7.91,26.44
2026-07-04 06:39:33.541,0.0,0.4,0.4,0.4,0,0,7.91,26.44
2026-07-04 06:39:34.037,0.0,0.4,0.4,0.4,0,0,7.91,26.44
2026-07-04 06:39:34.554,0.0,0.4,0.4,0.4,0,0,7.91,26.44
2026-07-04 06:39:35.019,0.0,0.4,0.4,0.4,0,0,7.91,26.44
2026-07-04 06:39:35.521,0.0,0.4,0.4,0.4,0,0,7.91,26.44
2026-07-04 06:39:36.008,0.0,0.4,0.4,0.4,0,0,7.91,26.44
2026-07-04 06:39:36.508,0.0,0.4,0.4,0.4,0,0,7.91,26.44
2026-07-04 06:39:37.003,0.0,0.4,0.4,0.4,0,0,7.91,26.44
2026-07-04 06:39:37.507,0.0,0.4,0.4,0.4,0,0,7.91,26.44
2026-07-04 06:39:38.000,0.0,0.4,0.4,0.4,0,0,7.91,26.44
2026-07-04 06:39:38.532,0.0,0.4,0.4,0.4,0,0,7.91,26.44
2026-07-04 06:39:39.033,0.0,0.4,0.4,0.4,0,0,7.91,26.44
2026-07-04 06:39:39.531,0.0,0.4,0.4,0.4,0,0,7.91,26.44
2026-07-04 06:39:40.034,0.0,0.4,0.4,0.4,0,0,7.91,26.44
2026-07-04 06:39:40.536,0.0,0.4,0.4,0.4,0,0,7.91,26.44
2026-07-04 06:39:41.036,0.0,0.4,0.4,0.4,0,0,7.91,26.44
2026-07-04 06:39:41.537,0.0,0.4,0.4,0.4,0,0,7.91,26.44
2026-07-04 06:39:42.009,0.0,0.4,0.4,0.4,0,0,7.91,26.44
2026-07-04 06:39:42.554,0.0,0.4,0.4,0.4,0,0,7.91,26.44
2026-07-04 06:39:43.007,0.0,0.4,0.4,0.4,0,0,7.91,26.44
2026-07-04 06:39:43.523,0.0,0.4,0.4,0.4,0,0,7.91,26.44
2026-07-04 06:39:44.009,0.0,0.4,0.4,0.4,0,0,7.91,26.44
2026-07-04 06:39:44.539,0.0,0.4,0.4,0.4,0,0,7.91,26.44
2026-07-04 06:39:45.036,0.0,0.4,0.4,0.4,0,0,7.91,26.44
2026-07-04 06:39:45.539,0.0,0.4,0.4,0.4,0,0,7.91,26.44
2026-07-04 06:39:46.539,0.0,0.4,0.4,0.4,0,0,7.91,26.44
2026-07-04 06:39:46.544,0.0,0.4,0.4,0.4,0,0,7.91,26.44
2026-07-04 06:39:47.062,0.0,0.4,0.4,0.4,0,0,7.91,26.44
2026-07-04 06:39:47.515,0.0,0.4,0.4,0.4,0,0,7.91,26.44
2026-07-04 06:39:48.032,0.0,0.4,0.4,0.4,0,0,7.91,26.44
2026-07-04 06:39:48.565,0.0,0.4,0.4,0.4,0,0,7.91,26.44
2026-07-04 06:39:49.068,0.0,0.4,0.4,0.4,0,0,7.91,26.44
2026-07-04 06:39:49.558,0.0,0.4,0.4,0.4,0,0,7.91,26.44
2026-07-04 06:39:50.051,0.0,0.4,0.4,0.4,0,0,7.91,26.44
2026-07-04 06:39:50.513,0.0,0.4,0.4,0.4,0,0,7.91,26.44
2026-07-04 06:39:51.061,0.0,0.4,0.4,0.4,0,0,7.91,26.44
2026-07-04 06:39:51.509,0.0,0.4,0.4,0.4,0,0,7.91,26.44
2026-07-04 06:39:52.038,0.0,0.4,0.4,0.4,0,0,7.91,26.44
2026-07-04 06:39:52.544,0.0,0.4,0.4,0.4,0,0,7.91,26.44
2026-07-04 06:39:53.040,0.0,0.4,0.4,0.4,0,0,7.91,26.44
2026-07-04 06:39:53.538,0.0,0.4,0.4,0.4,0,0,7.91,26.44
2026-07-04 06:39:54.024,0.0,0.4,0.4,0.4,0,0,7.91,26.44
2026-07-04 06:39:54.511,0.0,0.4,0.4,0.4,0,0,7.91,26.44
2026-07-04 06:39:55.052,0.0,0.4,0.4,0.4,0,0,7.91,26.44
2026-07-04 06:39:55.554,0.0,0.4,0.4,0.4,0,0,7.91,26.44
2026-07-04 06:39:56.055,0.0,0.4,0.4,0.4,0,0,7.91,26.44
2026-07-04 06:39:56.548,0.0,0.4,0.4,0.4,0,0,7.91,26.44
2026-07-04 06:39:57.032,0.0,0.4,0.4,0.4,0,0,7.91,26.44
2026-07-04 06:39:57.539,0.0,0.4,0.4,0.4,0,0,7.91,26.44
2026-07-04 06:39:58.039,0.0,0.4,0.4,0.4,0,0,7.91,26.44
2026-07-04 06:39:58.519,0.0,0.4,0.4,0.4,0,0,7.91,26.44
2026-07-04 06:39:59.034,0.0,0.4,0.4,0.4,0,0,7.91,26.44
2026-07-04 06:39:59.519,0.0,0.4,0.4,0.4,0,0,7.91,26.44
2026-07-04 06:40:00.038,0.0,0.4,0.4,0.4,0,0,7.91,26.44
2026-07-04 06:40:00.558,0.0,0.4,0.4,0.4,0,0,7.91,26.44
2026-07-04 06:40:01.062,0.0,0.4,0.4,0.4,0,0,7.91,26.44
2026-07-04 06:40:01.514,0.0,0.4,0.4,0.4,0,0,7.91,26.44
2026-07-04 06:40:02.068,0.0,0.4,0.4,0.4,0,0,7.91,26.44
2026-07-04 06:40:02.528,0.0,0.4,0.4,0.4,0,0,7.91,26.44
2026-07-04 06:40:03.053,0.0,0.4,0.4,0.4,0,0,7.91,26.44
2026-07-04 06:40:03.570,0.0,0.4,0.4,0.4,0,0,7.91,26.44
2026-07-04 06:40:04.029,0.0,0.4,0.4,0.4,0,0,7.91,26.44
2026-07-04 06:40:04.543,0.0,0.4,0.4,0.4,0,0,7.91,26.44
2026-07-04 06:40:05.039,0.0,0.4,0.4,0.4,0,0,7.91,26.44
2026-07-04 06:40:05.559,0.0,0.4,0.4,0.4,0,0,7.91,26.44
2026-07-04 06:40:06.061,0.0,0.4,0.4,0.4,0,0,7.91,26.44
2026-07-04 06:40:06.524,0.0,0.4,0.4,0.4,0,0,7.91,26.44
2026-07-04 06:40:07.041,0.0,0.4,0.4,0.4,0,0,7.91,26.44
2026-07-04 06:40:07.528,0.0,0.4,0.4,0.4,0,0,7.91,26.44
2026-07-04 06:40:08.069,0.0,0.4,0.4,0.4,0,0,7.91,26.44
2026-07-04 06:40:08.569,0.0,0.4,0.4,0.4,0,0,7.91,26.44
2026-07-04 06:40:09.068,0.0,0.4,0.4,0.4,0,0,7.91,26.44
2026-07-04 06:40:09.569,0.0,0.4,0.4,0.4,0,0,7.91,26.44
2026-07-04 06:40:10.070,0.0,0.4,0.4,0.4,0,0,7.91,26.44
2026-07-04 06:40:10.556,0.0,0.4,0.4,0.4,0,0,7.91,26.44
2026-07-04 06:40:11.061,0.0,0.4,0.4,0.4,0,0,7.91,26.44
2026-07-04 06:40:11.528,0.0,0.4,0.4,0.4,0,0,7.91,26.44
2026-07-04 06:40:12.029,0.0,0.4,0.4,0.4,0,0,7.91,26.44
2026-07-04 06:40:12.541,0.0,0.4,0.4,0.4,0,0,7.91,26.44
2026-07-04 06:40:13.071,0.0,0.4,0.4,0.4,0,0,7.91,26.44
2026-07-04 06:40:13.523,0.0,0.4,0.4,0.4,0,0,7.91,26.44
2026-07-04 06:40:14.064,0.0,0.4,0.4,0.4,0,0,7.91,26.44
2026-07-04 06:40:14.548,0.0,0.4,0.4,0.4,0,0,7.91,26.44
2026-07-04 06:40:15.052,0.0,0.4,0.4,0.4,0,0,7.91,26.44
2026-07-04 06:40:15.557,0.0,0.4,0.4,0.4,0,0,7.91,26.44
2026-07-04 06:40:16.025,0.0,0.4,0.4,0.4,0,0,7.91,26.44
2026-07-04 06:40:16.541,0.0,0.4,0.4,0.4,0,0,7.91,26.44
2026-07-04 06:40:17.069,0.0,0.4,0.4,0.4,0,0,7.91,26.44
2026-07-04 06:40:17.567,0.0,0.4,0.4,0.4,0,0,7.91,26.44
2026-07-04 06:40:18.069,0.0,0.4,0.4,0.4,0,0,7.91,26.44
2026-07-04 06:40:18.539,0.0,0.4,0.4,0.4,0,0,7.91,26.44
2026-07-04 06:40:19.042,0.0,0.4,0.4,0.4,0,0,7.91,26.44
2026-07-04 06:40:19.572,0.0,0.4,0.4,0.4,0,0,7.91,26.44
2026-07-04 06:40:20.069,0.0,0.4,0.4,0.4,0,0,7.91,26.44
2026-07-04 06:40:20.538,0.0,0.4,0.4,0.4,0,0,7.91,26.44
2026-07-04 06:40:21.068,0.0,0.4,0.4,0.4,0,0,7.91,26.44
2026-07-04 06:40:21.528,0.0,0.4,0.4,0.4,0,0,7.91,26.44
2026-07-04 06:40:22.023,0.0,0.4,0.4,0.4,0,0,7.91,26.44
2026-07-04 06:40:22.587,0.0,0.4,0.4,0.4,0,0,7.91,26.44
2026-07-04 06:40:23.086,0.0,0.4,0.4,0.4,0,0,7.91,26.44
2026-07-04 06:40:23.585,0.0,0.4,0.4,0.4,0,0,7.91,26.44
2026-07-04 06:40:24.083,0.0,0.4,0.4,0.4,0,0,7.91,26.44
2026-07-04 06:40:24.582,0.0,0.4,0.4,0.4,0,0,7.91,26.44
2026-07-04 06:40:25.063,0.0,0.4,0.4,0.4,0,0,7.91,26.44
2026-07-04 06:40:25.557,0.0,0.4,0.4,0.4,0,0,7.91,26.44
2026-07-04 06:40:26.053,0.0,0.4,0.4,0.4,0,0,7.91,26.44
2026-07-04 06:40:26.553,0.0,0.4,0.4,0.4,0,0,7.91,26.44
2026-07-04 06:40:27.068,0.0,0.4,0.4,0.4,0,0,7.91,26.44
2026-07-04 06:40:27.569,0.0,0.4,0.4,0.4,0,0,7.91,26.44
2026-07-04 06:40:28.067,0.0,0.4,0.4,0.4,0,0,7.91,26.44
2026-07-04 06:40:28.569,0.0,0.4,0.4,0.4,0,0,7.91,26.44
2026-07-04 06:40:29.553,0.0,0.4,0.4,0.4,0,0,7.91,26.44
2026-07-04 06:40:29.555,0.0,0.4,0.4,0.4,0,0,7.91,26.44
2026-07-04 06:40:30.054,0.0,0.4,0.4,0.4,0,0,7.91,26.44
2026-07-04 06:40:30.553,0.0,0.4,0.4,0.4,0,0,7.91,26.44
2026-07-04 06:40:31.053,0.0,0.4,0.4,0.4,0,0,7.91,26.44
2026-07-04 06:40:31.552,0.0,0.4,0.4,0.4,0,0,7.91,26.44
2026-07-04 06:40:32.051,0.0,0.4,0.4,0.4,0,0,7.91,26.44
2026-07-04 06:40:32.552,0.0,0.4,0.4,0.4,0,0,7.91,26.44
2026-07-04 06:40:33.051,0.0,0.4,0.4,0.4,0,0,7.91,26.44
2026-07-04 06:40:33.540,0.0,0.4,0.4,0.4,0,0,7.91,26.44
2026-07-04 06:40:34.089,0.0,0.4,0.4,0.4,0,0,7.91,26.44
2026-07-04 06:40:34.588,0.0,0.4,0.4,0.4,0,0,7.91,26.44
2026-07-04 06:40:35.085,0.0,0.4,0.4,0.4,0,0,7.91,26.44
2026-07-04 06:40:35.582,0.0,0.4,0.4,0.4,0,0,7.91,26.44
2026-07-04 06:40:36.064,0.0,0.4,0.4,0.4,0,0,7.91,26.44
2026-07-04 06:40:36.568,0.0,0.4,0.4,0.4,0,0,7.91,26.44
2026-07-04 06:40:37.065,0.0,0.4,0.4,0.4,0,0,7.91,26.44
2026-07-04 06:40:37.537,0.0,0.4,0.4,0.4,0,0,7.91,26.44
2026-07-04 06:40:38.061,0.0,0.4,0.4,0.4,0,0,7.91,26.44
2026-07-04 06:40:38.585,0.0,0.4,0.4,0.4,0,0,7.91,26.44
2026-07-04 06:40:39.036,0.0,0.4,0.4,0.4,0,0,7.91,26.44
2026-07-04 06:40:39.541,0.0,0.4,0.4,0.4,0,0,7.91,26.44
2026-07-04 06:40:40.089,0.0,0.4,0.4,0.4,0,0,7.91,26.44
2026-07-04 06:40:40.587,0.0,0.4,0.4,0.4,0,0,7.91,26.44
2026-07-04 06:40:41.041,0.0,0.4,0.4,0.4,0,0,7.91,26.44
2026-07-04 06:40:41.588,0.0,0.4,0.4,0.4,0,0,7.91,26.44
2026-07-04 06:40:42.088,0.0,0.4,0.4,0.4,0,0,7.91,26.44
2026-07-04 06:40:42.591,0.0,0.4,0.4,0.4,0,0,7.91,26.44
2026-07-04 06:40:43.087,0.0,0.4,0.4,0.4,0,0,7.91,26.44
2026-07-04 06:40:43.583,0.0,0.4,0.4,0.4,0,0,7.91,26.44
2026-07-04 06:40:44.057,0.0,0.4,0.4,0.4,0,0,7.91,26.44
2026-07-04 06:40:44.590,0.0,0.4,0.4,0.4,0,0,7.91,26.44
2026-07-04 06:40:45.049,0.0,0.4,0.4,0.4,0,0,7.91,26.44
2026-07-04 06:40:45.563,0.0,0.4,0.4,0.4,0,0,7.91,26.44
2026-07-04 06:40:46.062,0.0,0.4,0.4,0.4,0,0,7.91,26.44
2026-07-04 06:40:46.588,0.0,0.4,0.4,0.4,0,0,7.91,26.44
2026-07-04 06:40:47.048,0.0,0.4,0.4,0.4,0,0,7.91,26.44
2026-07-04 06:40:47.558,0.0,0.4,0.4,0.4,0,0,7.91,26.44
2026-07-04 06:40:48.060,0.0,0.4,0.4,0.4,0,0,7.91,26.44
2026-07-04 06:40:48.555,0.0,0.4,0.4,0.4,0,0,7.91,26.44
2026-07-04 06:40:49.052,0.0,0.4,0.4,0.4,0,0,7.91,26.44
2026-07-04 06:40:49.583,0.0,0.4,0.4,0.4,0,0,7.91,26.44
2026-07-04 06:40:50.087,0.0,0.4,0.4,0.4,0,0,7.91,26.44
2026-07-04 06:40:50.588,0.0,0.4,0.4,0.4,0,0,7.91,26.44
2026-07-04 06:40:51.086,0.0,0.4,0.4,0.4,0,0,7.91,26.44
2026-07-04 06:40:51.587,0.0,0.4,0.4,0.4,0,0,7.91,26.44
2026-07-04 06:40:52.088,0.0,0.4,0.4,0.4,0,0,7.91,26.44
2026-07-04 06:40:52.568,0.0,0.4,0.4,0.4,0,0,7.91,26.44
2026-07-04 06:40:53.042,0.0,0.4,0.4,0.4,0,0,7.91,26.44
2026-07-04 06:40:53.567,0.0,0.4,0.4,0.4,0,0,7.91,26.44
2026-07-04 06:40:54.054,0.0,0.4,0.4,0.4,0,0,7.91,26.44
2026-07-04 06:40:54.538,0.0,0.4,0.4,0.4,0,0,7.91,26.44
2026-07-04 06:40:55.085,0.0,0.4,0.4,0.4,0,0,7.91,26.44
2026-07-04 06:40:55.585,0.0,0.4,0.4,0.4,0,0,7.91,26.44
2026-07-04 06:40:56.068,0.0,0.4,0.4,0.4,0,0,7.91,26.44
2026-07-04 06:40:56.569,0.0,0.4,0.4,0.4,0,0,7.91,26.44
2026-07-04 06:40:57.069,0.0,0.4,0.4,0.4,0,0,7.91,26.44
2026-07-04 06:40:57.569,0.0,0.4,0.4,0.4,0,0,7.91,26.44
2026-07-04 06:40:58.067,0.0,0.4,0.4,0.4,0,0,7.91,26.44
2026-07-04 06:40:58.569,0.0,0.4,0.4,0.4,0,0,7.91,26.44
2026-07-04 06:40:59.067,0.0,0.4,0.4,0.4,0,0,7.91,26.44
2026-07-04 06:40:59.567,0.0,0.4,0.4,0.4,0,0,7.91,26.44
2026-07-04 06:41:00.093,0.0,0.4,0.4,0.4,0,0,7.91,26.44
2026-07-04 06:41:00.590,0.0,0.4,0.4,0.4,0,0,7.91,26.44
2026-07-04 06:41:01.052,0.0,0.4,0.4,0.4,0,0,7.91,26.44
2026-07-04 06:41:01.568,0.0,0.4,0.4,0.4,0,0,7.91,26.44
2026-07-04 06:41:02.069,0.0,0.4,0.4,0.4,0,0,7.91,26.44
2026-07-04 06:41:02.586,0.0,0.4,0.4,0.4,0,0,7.91,26.44
2026-07-04 06:41:03.091,0.0,0.4,0.4,0.4,0,0,7.91,26.44
2026-07-04 06:41:03.589,0.0,0.4,0.4,0.4,0,0,7.91,26.44
2026-07-04 06:41:04.092,0.0,0.4,0.4,0.4,0,0,7.91,26.44
2026-07-04 06:41:04.597,0.0,0.4,0.4,0.4,0,0,7.91,26.44
2026-07-04 06:41:05.097,0.0,0.4,0.4,0.4,0,0,7.91,26.44
2026-07-04 06:41:05.597,0.0,0.4,0.4,0.4,0,0,7.91,26.44
2026-07-04 06:41:06.090,0.0,0.4,0.4,0.4,0,0,7.91,26.44
2026-07-04 06:41:06.590,0.0,0.4,0.4,0.4,0,0,7.91,26.44
2026-07-04 06:41:07.569,0.0,0.4,0.4,0.4,0,0,7.91,26.44
2026-07-04 06:41:07.570,0.0,0.4,0.4,0.4,0,0,7.91,26.44
2026-07-04 06:41:08.069,0.0,0.4,0.4,0.4,0,0,7.91,26.44
2026-07-04 06:41:08.557,0.0,0.4,0.4,0.4,0,0,7.91,26.44
2026-07-04 06:41:09.257,0.0,0.4,0.4,0.4,0,0,7.91,26.44
2026-07-04 06:41:09.571,0.0,0.4,0.4,0.4,0,0,7.91,26.44
2026-07-04 06:41:09.572,0.0,0.4,0.4,0.4,0,0,7.91,26.44
2026-07-04 06:41:10.055,0.0,0.4,0.4,0.4,0,0,7.91,26.44
2026-07-04 06:41:10.596,0.0,0.4,0.4,0.4,0,0,7.91,26.44
2026-07-04 06:41:11.583,0.0,0.4,0.4,0.4,0,0,7.91,26.44
2026-07-04 06:41:11.584,0.0,0.4,0.4,0.4,0,0,7.91,26.44
2026-07-04 06:41:12.080,0.0,0.4,0.4,0.4,0,0,7.91,26.44
2026-07-04 06:41:12.582,0.0,0.4,0.4,0.4,0,0,7.91,26.44
2026-07-04 06:41:13.084,0.0,0.4,0.4,0.4,0,0,7.91,26.44
2026-07-04 06:41:13.584,0.0,0.4,0.4,0.4,0,0,7.91,26.44
2026-07-04 06:41:14.084,0.0,0.4,0.4,0.4,0,0,7.91,26.44
2026-07-04 06:41:14.583,0.0,0.4,0.4,0.4,0,0,7.91,26.44
2026-07-04 06:41:15.094,0.0,0.4,0.4,0.4,0,0,7.91,26.44
2026-07-04 06:41:15.597,0.0,0.4,0.4,0.4,0,0,7.91,26.44
2026-07-04 06:41:16.098,0.0,0.4,0.4,0.4,0,0,7.91,26.44
2026-07-04 06:41:16.597,0.0,0.4,0.4,0.4,0,0,7.91,26.44
2026-07-04 06:41:17.071,0.0,0.4,0.4,0.4,0,0,7.91,26.44
2026-07-04 06:41:17.570,0.0,0.4,0.4,0.4,0,0,7.91,26.44
2026-07-04 06:41:18.068,0.0,0.4,0.4,0.4,0,0,7.91,26.44
2026-07-04 06:41:18.568,0.0,0.4,0.4,0.4,0,0,7.91,26.44
2026-07-04 06:41:19.071,0.0,0.4,0.4,0.4,0,0,7.91,26.44
2026-07-04 06:41:19.599,0.0,0.4,0.4,0.4,0,0,7.91,26.44
2026-07-04 06:41:20.097,0.0,0.4,0.4,0.4,0,0,7.91,26.44
2026-07-04 06:41:20.599,0.0,0.4,0.4,0.4,0,0,7.91,26.44
2026-07-04 06:41:21.098,0.0,0.4,0.4,0.4,0,0,7.91,26.44
2026-07-04 06:41:21.558,0.0,0.4,0.4,0.4,0,0,7.91,26.44
2026-07-04 06:41:22.109,0.0,0.4,0.4,0.4,0,0,7.91,26.44
2026-07-04 06:41:22.568,0.0,0.4,0.4,0.4,0,0,7.91,26.44
2026-07-04 06:41:23.078,0.0,0.4,0.4,0.4,0,0,7.91,26.44
2026-07-04 06:41:23.773,0.0,0.4,0.4,0.4,0,0,7.91,26.44
2026-07-04 06:41:24.061,0.0,0.4,0.4,0.4,0,0,7.91,26.44
2026-07-04 06:41:24.062,0.0,0.4,0.4,0.4,0,0,7.91,26.44
2026-07-04 06:41:24.562,0.0,0.4,0.4,0.4,0,0,7.91,26.44
2026-07-04 06:41:25.060,0.0,0.4,0.4,0.4,0,0,7.91,26.44
2026-07-04 06:41:25.563,0.0,0.4,0.4,0.4,0,0,7.91,26.44
2026-07-04 06:41:26.065,0.0,0.4,0.4,0.4,0,0,7.91,26.44
2026-07-04 06:41:26.579,0.0,0.4,0.4,0.4,0,0,7.91,26.44
2026-07-04 06:41:27.589,0.0,0.4,0.4,0.4,0,0,7.91,26.44
2026-07-04 06:41:27.590,0.0,0.4,0.4,0.4,0,0,7.91,26.44
2026-07-04 06:41:28.057,0.0,0.4,0.4,0.4,0,0,7.91,26.44
2026-07-04 06:41:28.580,0.0,0.4,0.4,0.4,0,0,7.91,26.44
2026-07-04 06:41:29.082,0.0,0.4,0.4,0.4,0,0,7.91,26.44
2026-07-04 06:41:29.594,0.0,0.4,0.4,0.4,0,0,7.91,26.44
2026-07-04 06:41:30.117,0.0,0.4,0.4,0.4,0,0,7.91,26.44
2026-07-04 06:41:30.562,0.0,0.4,0.4,0.4,0,0,7.91,26.44
2026-07-04 06:41:31.059,0.0,0.4,0.4,0.4,0,0,7.91,26.44
2026-07-04 06:41:31.562,0.0,0.4,0.4,0.4,0,0,7.91,26.44
2026-07-04 06:41:32.060,0.0,0.4,0.4,0.4,0,0,7.91,26.44
2026-07-04 06:41:32.568,0.0,0.4,0.4,0.4,0,0,7.91,26.44
2026-07-04 06:41:33.061,0.0,0.4,0.4,0.4,0,0,7.91,26.44
2026-07-04 06:41:33.563,0.0,0.4,0.4,0.4,0,0,7.91,26.44
2026-07-04 06:41:34.088,0.0,0.4,0.4,0.4,0,0,7.91,26.44
2026-07-04 06:41:34.610,0.0,0.4,0.4,0.4,0,0,7.91,26.44
2026-07-04 06:41:35.062,0.0,0.4,0.4,0.4,0,0,7.91,26.44
2026-07-04 06:41:35.562,0.0,0.4,0.4,0.4,0,0,7.91,26.44
2026-07-04 06:41:36.064,0.0,0.4,0.4,0.4,0,0,7.91,26.44
2026-07-04 06:41:36.594,0.0,0.4,0.4,0.4,0,0,7.91,26.44
2026-07-04 06:41:37.085,0.0,0.4,0.4,0.4,0,0,7.91,26.44
2026-07-04 06:41:37.589,0.0,0.4,0.4,0.4,0,0,7.91,26.44
2026-07-04 06:41:38.093,0.0,0.4,0.4,0.4,0,0,7.91,26.44
2026-07-04 06:41:38.592,0.0,0.4,0.4,0.4,0,0,7.91,26.44
2026-07-04 06:41:39.092,0.0,0.4,0.4,0.4,0,0,7.91,26.44
2026-07-04 06:41:39.590,0.0,0.4,0.4,0.4,0,0,7.91,26.44
2026-07-04 06:41:40.098,0.0,0.4,0.4,0.4,0,0,7.91,26.44
2026-07-04 06:41:40.588,0.0,0.4,0.4,0.4,0,0,7.91,26.44
2026-07-04 06:41:41.086,0.0,0.4,0.4,0.4,0,0,7.91,26.44
2026-07-04 06:41:41.590,0.0,0.4,0.4,0.4,0,0,7.91,26.44
2026-07-04 06:41:42.092,0.0,0.4,0.4,0.4,0,0,7.91,26.44
2026-07-04 06:41:42.618,0.0,0.4,0.4,0.4,0,0,7.91,26.44
2026-07-04 06:41:43.086,0.0,0.4,0.4,0.4,0,0,7.91,26.44
2026-07-04 06:41:43.568,0.0,0.4,0.4,0.4,0,0,7.91,26.44
2026-07-04 06:41:44.067,0.0,0.4,0.4,0.4,0,0,7.91,26.44
2026-07-04 06:41:44.618,0.0,0.4,0.4,0.4,0,0,7.91,26.44
2026-07-04 06:41:45.117,0.0,0.4,0.4,0.4,0,0,7.91,26.44
2026-07-04 06:41:45.614,0.0,0.4,0.4,0.4,0,0,7.91,26.44
2026-07-04 06:41:46.113,0.0,0.4,0.4,0.4,0,0,7.91,26.44
2026-07-04 06:41:46.598,0.0,0.4,0.4,0.4,0,0,7.91,26.44
2026-07-04 06:41:47.096,0.0,0.4,0.4,0.4,0,0,7.91,26.44
2026-07-04 06:41:47.626,0.0,0.4,0.4,0.4,0,0,7.91,26.44
2026-07-04 06:41:48.091,0.0,0.4,0.4,0.4,0,0,7.91,26.44
2026-07-04 06:41:48.630,0.0,0.4,0.4,0.4,0,0,7.91,26.44
2026-07-04 06:41:49.116,0.0,0.4,0.4,0.4,0,0,7.91,26.44
2026-07-04 06:41:49.618,0.0,0.4,0.4,0.4,0,0,7.91,26.44
2026-07-04 06:41:50.119,0.0,0.4,0.4,0.4,0,0,7.91,26.44
2026-07-04 06:41:50.590,0.0,0.4,0.4,0.4,0,0,7.91,26.44
2026-07-04 06:41:51.085,0.0,0.4,0.4,0.4,0,0,7.91,26.44
2026-07-04 06:41:51.621,0.0,0.4,0.4,0.4,0,0,7.91,26.44
2026-07-04 06:41:52.097,0.0,0.4,0.4,0.4,0,0,7.91,26.44
2026-07-04 06:41:52.636,0.0,0.4,0.4,0.4,0,0,7.91,26.44
2026-07-04 06:41:53.628,0.0,0.4,0.4,0.4,0,0,7.91,26.44
2026-07-04 06:41:53.629,0.0,0.4,0.4,0.4,0,0,7.91,26.44
2026-07-04 06:41:54.098,0.0,0.4,0.4,0.4,0,0,7.91,26.44
2026-07-04 06:41:54.592,0.0,0.4,0.4,0.4,0,0,7.91,26.44
2026-07-04 06:41:55.099,0.0,0.4,0.4,0.4,0,0,7.91,26.44
2026-07-04 06:41:55.624,0.0,0.4,0.4,0.4,0,0,7.91,26.44
2026-07-04 06:41:56.124,0.0,0.4,0.4,0.4,0,0,7.91,26.44
2026-07-04 06:41:56.621,0.0,0.4,0.4,0.4,0,0,7.91,26.44
2026-07-04 06:41:57.117,0.0,0.4,0.4,0.4,0,0,7.91,26.44
2026-07-04 06:41:57.622,0.0,0.4,0.4,0.4,0,0,7.91,26.44
2026-07-04 06:41:58.122,0.0,0.4,0.4,0.4,0,0,7.91,26.44
2026-07-04 06:41:58.590,0.0,0.4,0.4,0.4,0,0,7.91,26.44
2026-07-04 06:41:59.130,0.0,0.4,0.4,0.4,0,0,7.91,26.44
2026-07-04 06:41:59.599,0.0,0.4,0.4,0.4,0,0,7.91,26.44
2026-07-04 06:42:00.091,0.0,0.4,0.4,0.4,0,0,7.91,26.44
2026-07-04 06:42:00.620,0.0,0.4,0.4,0.4,0,0,7.91,26.44
2026-07-04 06:42:01.129,0.0,0.4,0.4,0.4,0,0,7.91,26.44
2026-07-04 06:42:01.633,0.0,0.4,0.4,0.4,0,0,7.91,26.44
2026-07-04 06:42:02.120,0.0,0.4,0.4,0.4,0,0,7.91,26.44
2026-07-04 06:42:02.617,0.0,0.4,0.4,0.4,0,0,7.91,26.44
2026-07-04 06:42:03.097,0.0,0.4,0.4,0.4,0,0,7.91,26.44
2026-07-04 06:42:03.583,0.0,0.4,0.4,0.4,0,0,7.91,26.44
2026-07-04 06:42:04.114,0.0,0.4,0.4,0.4,0,0,7.91,26.44
2026-07-04 06:42:04.615,0.0,0.4,0.4,0.4,0,0,7.91,26.44
2026-07-04 06:42:05.117,0.0,0.4,0.4,0.4,0,0,7.91,26.44
2026-07-04 06:42:05.614,0.0,0.4,0.4,0.4,0,0,7.91,26.44
2026-07-04 06:42:06.116,0.0,0.4,0.4,0.4,0,0,7.91,26.44
2026-07-04 06:42:06.613,0.0,0.4,0.4,0.4,0,0,7.91,26.44
2026-07-04 06:42:07.127,0.0,0.4,0.4,0.4,0,0,7.91,26.44
2026-07-04 06:42:07.619,0.0,0.4,0.4,0.4,0,0,7.91,26.44
2026-07-04 06:42:08.125,0.0,0.4,0.4,0.4,0,0,7.91,26.44
2026-07-04 06:42:08.629,0.0,0.4,0.4,0.4,0,0,7.91,26.44
2026-07-04 06:42:09.088,0.0,0.4,0.4,0.4,0,0,7.91,26.44
2026-07-04 06:42:09.597,0.0,0.4,0.4,0.4,0,0,7.91,26.44
2026-07-04 06:42:10.087,0.0,0.4,0.4,0.4,0,0,7.91,26.44
2026-07-04 06:42:10.635,0.0,0.4,0.4,0.4,0,0,7.91,26.44
2026-07-04 06:42:11.131,0.0,0.4,0.4,0.4,0,0,7.91,26.44
2026-07-04 06:42:11.628,0.0,0.4,0.4,0.4,0,0,7.91,26.44
2026-07-04 06:42:12.111,0.0,0.4,0.4,0.4,0,0,7.91,26.44
2026-07-04 06:42:12.623,0.0,0.4,0.4,0.4,0,0,7.91,26.44
2026-07-04 06:42:13.117,0.0,0.4,0.4,0.4,0,0,7.91,26.44
2026-07-04 06:42:13.620,0.0,0.4,0.4,0.4,0,0,7.91,26.44
2026-07-04 06:42:14.620,0.0,0.4,0.4,0.4,0,0,7.91,26.44
2026-07-04 06:42:14.622,0.0,0.4,0.4,0.4,0,0,7.91,26.44
2026-07-04 06:42:15.092,0.0,0.4,0.4,0.4,0,0,7.91,26.44
2026-07-04 06:42:15.621,0.0,0.4,0.4,0.4,0,0,7.91,26.44
2026-07-04 06:42:16.119,0.0,0.4,0.4,0.4,0,0,7.91,26.44
2026-07-04 06:42:16.598,0.0,0.4,0.4,0.4,0,0,7.91,26.44
2026-07-04 06:42:17.097,0.0,0.4,0.4,0.4,0,0,7.91,26.44
2026-07-04 06:42:17.589,0.0,0.4,0.4,0.4,0,0,7.91,26.44
2026-07-04 06:42:18.087,0.0,0.4,0.4,0.4,0,0,7.91,26.44
2026-07-04 06:42:18.586,0.0,0.4,0.4,0.4,0,0,7.91,26.44
2026-07-04 06:42:19.133,0.0,0.4,0.4,0.4,0,0,7.91,26.44
2026-07-04 06:42:19.628,0.0,0.4,0.4,0.4,0,0,7.91,26.44
2026-07-04 06:42:20.119,0.0,0.4,0.4,0.4,0,0,7.91,26.44
2026-07-04 06:42:20.616,0.0,0.4,0.4,0.4,0,0,7.91,26.44
2026-07-04 06:42:21.132,0.0,0.4,0.4,0.4,0,0,7.91,26.44
2026-07-04 06:42:21.599,0.0,0.4,0.4,0.4,0,0,7.91,26.44
2026-07-04 06:42:22.100,0.0,0.4,0.4,0.4,0,0,7.91,26.44
2026-07-04 06:42:22.598,0.0,0.4,0.4,0.4,0,0,7.91,26.44
2026-07-04 06:42:23.098,0.0,0.4,0.4,0.4,0,0,7.91,26.44
2026-07-04 06:42:23.598,0.0,0.4,0.4,0.4,0,0,7.91,26.44
2026-07-04 06:42:24.098,0.0,0.4,0.4,0.4,0,0,7.91,26.44
2026-07-04 06:42:24.598,0.0,0.4,0.4,0.4,0,0,7.91,26.44
2026-07-04 06:42:25.098,0.0,0.4,0.4,0.4,0,0,7.91,26.44
2026-07-04 06:42:25.645,0.0,0.4,0.4,0.4,0,0,7.91,26.44
2026-07-04 06:42:26.146,0.0,0.4,0.4,0.4,0,0,7.91,26.44
2026-07-04 06:42:26.647,0.0,0.4,0.4,0.4,0,0,7.91,26.44
2026-07-04 06:42:27.146,0.0,0.4,0.4,0.4,0,0,7.91,26.44
2026-07-04 06:42:27.645,0.0,0.4,0.4,0.4,0,0,7.91,26.44
2026-07-04 06:42:28.619,0.0,0.4,0.4,0.4,0,0,7.91,26.44
2026-07-04 06:42:28.620,0.0,0.4,0.4,0.4,0,0,7.91,26.44
2026-07-04 06:42:29.117,0.0,0.4,0.4,0.4,0,0,7.91,26.44
2026-07-04 06:42:29.623,0.0,0.4,0.4,0.4,0,0,7.91,26.44
2026-07-04 06:42:30.120,0.0,0.4,0.4,0.4,0,0,7.91,26.44
2026-07-04 06:42:30.619,0.0,0.4,0.4,0.4,0,0,7.91,26.44
2026-07-04 06:42:31.121,0.0,0.4,0.4,0.4,0,0,7.91,26.44
2026-07-04 06:42:31.620,0.0,0.4,0.4,0.4,0,0,7.91,26.44
2026-07-04 06:42:32.120,0.0,0.4,0.4,0.4,0,0,7.91,26.44
2026-07-04 06:42:32.650,0.0,0.4,0.4,0.4,0,0,7.91,26.44
2026-07-04 06:42:33.149,0.0,0.4,0.4,0.4,0,0,7.91,26.44
2026-07-04 06:42:33.621,0.0,0.4,0.4,0.4,0,0,7.91,26.44
2026-07-04 06:42:34.149,0.0,0.4,0.4,0.4,0,0,7.91,26.44
2026-07-04 06:42:34.649,0.0,0.4,0.4,0.4,0,0,7.91,26.44
2026-07-04 06:42:35.129,0.0,0.4,0.4,0.4,0,0,7.91,26.44
2026-07-04 06:42:35.630,0.0,0.4,0.4,0.4,0,0,7.91,26.44
2026-07-04 06:42:36.121,0.0,0.4,0.4,0.4,0,0,7.91,26.44
2026-07-04 06:42:36.649,0.0,0.4,0.4,0.4,0,0,7.91,26.44
2026-07-04 06:42:37.150,0.0,0.4,0.4,0.4,0,0,7.91,26.44
2026-07-04 06:42:37.633,0.0,0.4,0.4,0.4,0,0,7.91,26.44
2026-07-04 06:42:38.128,0.0,0.4,0.4,0.4,0,0,7.91,26.44
2026-07-04 06:42:38.620,0.0,0.4,0.4,0.4,0,0,7.91,26.44
2026-07-04 06:42:39.128,0.0,0.4,0.4,0.4,0,0,7.91,26.44
2026-07-04 06:42:39.597,0.0,0.4,0.4,0.4,0,0,7.91,26.44
2026-07-04 06:42:40.147,0.0,0.4,0.4,0.4,0,0,7.91,26.44
2026-07-04 06:42:40.649,0.0,0.4,0.4,0.4,0,0,7.91,26.44
2026-07-04 06:42:41.149,0.0,0.4,0.4,0.4,0,0,7.91,26.44
2026-07-04 06:42:41.648,0.0,0.4,0.4,0.4,0,0,7.91,26.44
2026-07-04 06:42:42.147,0.0,0.4,0.4,0.4,0,0,7.91,26.44
2026-07-04 06:42:42.628,0.0,0.4,0.4,0.4,0,0,7.91,26.44
2026-07-04 06:42:43.129,0.0,0.4,0.4,0.4,0,0,7.91,26.44
2026-07-04 06:42:43.611,0.0,0.4,0.4,0.4,0,0,7.91,26.44
2026-07-04 06:42:44.114,0.0,0.4,0.4,0.4,0,0,7.91,26.44
2026-07-04 06:42:44.614,0.0,0.4,0.4,0.4,0,0,7.91,26.44
2026-07-04 06:42:45.111,0.0,0.4,0.4,0.4,0,0,7.91,26.44
2026-07-04 06:42:45.611,0.0,0.4,0.4,0.4,0,0,7.91,26.44
2026-07-04 06:42:46.119,0.0,0.4,0.4,0.4,0,0,7.91,26.44
2026-07-04 06:42:46.637,0.0,0.4,0.4,0.4,0,0,7.91,26.44
2026-07-04 06:42:47.149,0.0,0.4,0.4,0.4,0,0,7.91,26.44
2026-07-04 06:42:47.629,0.0,0.4,0.4,0.4,0,0,7.91,26.44
2026-07-04 06:42:48.119,0.0,0.4,0.4,0.4,0,0,7.91,26.44
2026-07-04 06:42:48.657,0.0,0.4,0.4,0.4,0,0,7.91,26.44
2026-07-04 06:42:49.133,0.0,0.4,0.4,0.4,0,0,7.91,26.44
2026-07-04 06:42:49.653,0.0,0.4,0.4,0.4,0,0,7.91,26.44
2026-07-04 06:42:50.153,0.0,0.4,0.4,0.4,0,0,7.91,26.44
2026-07-04 06:42:50.654,0.0,0.4,0.4,0.4,0,0,7.91,26.44
2026-07-04 06:42:51.151,0.0,0.4,0.4,0.4,0,0,7.91,26.44
2026-07-04 06:42:51.636,0.0,0.4,0.4,0.4,0,0,7.91,26.44
2026-07-04 06:42:52.649,0.0,0.4,0.4,0.4,0,0,7.91,26.44
2026-07-04 06:42:52.650,0.0,0.4,0.4,0.4,0,0,7.91,26.44
2026-07-04 06:42:53.128,0.0,0.4,0.4,0.4,0,0,7.91,26.44
2026-07-04 06:42:53.629,0.0,0.4,0.4,0.4,0,0,7.91,26.44
2026-07-04 06:42:54.128,0.0,0.4,0.4,0.4,0,0,7.91,26.44
2026-07-04 06:42:54.633,0.0,0.4,0.4,0.4,0,0,7.91,26.44
2026-07-04 06:42:55.129,0.0,0.4,0.4,0.4,0,0,7.91,26.44
2026-07-04 06:42:55.613,0.0,0.4,0.4,0.4,0,0,7.91,26.44
2026-07-04 06:42:56.649,0.0,0.4,0.4,0.4,0,0,7.91,26.44
2026-07-04 06:42:56.651,0.0,0.4,0.4,0.4,0,0,7.91,26.44
2026-07-04 06:42:57.140,0.0,0.4,0.4,0.4,0,0,7.91,26.44
2026-07-04 06:42:57.644,0.0,0.4,0.4,0.4,0,0,7.91,26.44
2026-07-04 06:42:58.150,0.0,0.4,0.4,0.4,0,0,7.91,26.44
2026-07-04 06:42:58.619,0.0,0.4,0.4,0.4,0,0,7.91,26.44
2026-07-04 06:42:59.117,0.0,0.4,0.4,0.4,0,0,7.91,26.44
2026-07-04 06:42:59.629,0.0,0.4,0.4,0.4,0,0,7.91,26.44
2026-07-04 06:43:00.122,0.0,0.4,0.4,0.4,0,0,7.91,26.44
2026-07-04 06:43:00.622,0.0,0.4,0.4,0.4,0,0,7.91,26.44
2026-07-04 06:43:01.139,0.0,0.4,0.4,0.4,0,0,7.91,26.44
2026-07-04 06:43:01.642,0.0,0.4,0.4,0.4,0,0,7.91,26.44
2026-07-04 06:43:02.148,0.0,0.4,0.4,0.4,0,0,7.91,26.44
2026-07-04 06:43:02.649,0.0,0.4,0.4,0.4,0,0,7.91,26.44
2026-07-04 06:43:03.149,0.0,0.4,0.4,0.4,0,0,7.91,26.44
2026-07-04 06:43:03.644,0.0,0.4,0.4,0.4,0,0,7.91,26.44
2026-07-04 06:43:04.149,0.0,0.4,0.4,0.4,0,0,7.91,26.44
2026-07-04 06:43:04.647,0.0,0.4,0.4,0.4,0,0,7.91,26.44
2026-07-04 06:43:05.149,0.0,0.4,0.4,0.4,0,0,7.91,26.44
2026-07-04 06:43:05.645,0.0,0.4,0.4,0.4,0,0,7.91,26.44
2026-07-04 06:43:06.129,0.0,0.4,0.4,0.4,0,0,7.91,26.44
2026-07-04 06:43:06.648,0.0,0.4,0.4,0.4,0,0,7.91,26.44
2026-07-04 06:43:07.133,0.0,0.4,0.4,0.4,0,0,7.91,26.44
2026-07-04 06:43:07.632,0.0,0.4,0.4,0.4,0,0,7.91,26.44
2026-07-04 06:43:08.130,0.0,0.4,0.4,0.4,0,0,7.91,26.44
2026-07-04 06:43:08.629,0.0,0.4,0.4,0.4,0,0,7.91,26.44
2026-07-04 06:43:09.148,0.0,0.4,0.4,0.4,0,0,7.91,26.44
2026-07-04 06:43:09.644,0.0,0.4,0.4,0.4,0,0,7.91,26.44
2026-07-04 06:43:10.143,0.0,0.4,0.4,0.4,0,0,7.91,26.44
2026-07-04 06:43:10.628,0.0,0.4,0.4,0.4,0,0,7.91,26.44
2026-07-04 06:43:11.127,0.0,0.4,0.4,0.4,0,0,7.91,26.44
2026-07-04 06:43:11.646,0.0,0.4,0.4,0.4,0,0,7.91,26.44
2026-07-04 06:43:12.148,0.0,0.4,0.4,0.4,0,0,7.91,26.44
2026-07-04 06:43:12.649,0.0,0.4,0.4,0.4,0,0,7.91,26.44
2026-07-04 06:43:13.149,0.0,0.4,0.4,0.4,0,0,7.91,26.44
2026-07-04 06:43:13.644,0.0,0.4,0.4,0.4,0,0,7.91,26.44
2026-07-04 06:43:14.148,0.0,0.4,0.4,0.4,0,0,7.91,26.44
2026-07-04 06:43:14.648,0.0,0.4,0.4,0.4,0,0,7.91,26.44
2026-07-04 06:43:15.146,0.0,0.4,0.4,0.4,0,0,7.91,26.44
2026-07-04 06:43:15.643,0.0,0.4,0.4,0.4,0,0,7.91,26.44
2026-07-04 06:43:16.119,0.0,0.4,0.4,0.4,0,0,7.91,26.44
2026-07-04 06:43:16.668,0.0,0.4,0.4,0.4,0,0,7.91,26.44
2026-07-04 06:43:17.129,0.0,0.4,0.4,0.4,0,0,7.91,26.44
2026-07-04 06:43:17.641,0.0,0.4,0.4,0.4,0,0,7.91,26.44
2026-07-04 06:43:18.148,0.0,0.4,0.4,0.4,0,0,7.91,26.44
2026-07-04 06:43:18.675,0.0,0.4,0.4,0.4,0,0,7.91,26.44
2026-07-04 06:43:19.165,0.0,0.4,0.4,0.4,0,0,7.91,26.44
2026-07-04 06:43:19.643,0.0,0.4,0.4,0.4,0,0,7.91,26.44
2026-07-04 06:43:20.146,0.0,0.4,0.4,0.4,0,0,7.91,26.44
2026-07-04 06:43:20.646,0.0,0.4,0.4,0.4,0,0,7.91,26.44
2026-07-04 06:43:21.146,0.0,0.4,0.4,0.4,0,0,7.91,26.44
2026-07-04 06:43:21.644,0.0,0.4,0.4,0.4,0,0,7.91,26.44
2026-07-04 06:43:22.628,0.0,0.4,0.4,0.4,0,0,7.91,26.44
2026-07-04 06:43:22.628,0.0,0.4,0.4,0.4,0,0,7.91,26.44
2026-07-04 06:43:23.133,0.0,0.4,0.4,0.4,0,0,7.91,26.44
2026-07-04 06:43:23.621,0.0,0.4,0.4,0.4,0,0,7.91,26.44
2026-07-04 06:43:24.128,0.0,0.4,0.4,0.4,0,0,7.91,26.44
2026-07-04 06:43:24.622,0.0,0.4,0.4,0.4,0,0,7.91,26.44
2026-07-04 06:43:25.125,0.0,0.4,0.4,0.4,0,0,7.91,26.44
2026-07-04 06:43:25.618,0.0,0.4,0.4,0.4,0,0,7.91,26.44
2026-07-04 06:43:26.144,0.0,0.4,0.4,0.4,0,0,7.91,26.44
2026-07-04 06:43:26.626,0.0,0.4,0.4,0.4,0,0,7.91,26.44
2026-07-04 06:43:27.148,0.0,0.4,0.4,0.4,0,0,7.91,26.44
2026-07-04 06:43:27.652,0.0,0.4,0.4,0.4,0,0,7.91,26.44
2026-07-04 06:43:28.177,0.0,0.4,0.4,0.4,0,0,7.91,26.44
2026-07-04 06:43:28.648,0.0,0.4,0.4,0.4,0,0,7.91,26.44
2026-07-04 06:43:29.149,0.0,0.4,0.4,0.4,0,0,7.91,26.44
2026-07-04 06:43:29.644,0.0,0.4,0.4,0.4,0,0,7.91,26.44
2026-07-04 06:43:30.148,0.0,0.4,0.4,0.4,0,0,7.91,26.44
2026-07-04 06:43:30.642,0.0,0.4,0.4,0.4,0,0,7.91,26.44
2026-07-04 06:43:31.138,0.0,0.4,0.4,0.4,0,0,7.91,26.44
2026-07-04 06:43:31.653,0.0,0.4,0.4,0.4,0,0,7.91,26.44
2026-07-04 06:43:32.119,0.0,0.4,0.4,0.4,0,0,7.91,26.44
2026-07-04 06:43:32.651,0.0,0.4,0.4,0.4,0,0,7.91,26.44
2026-07-04 06:43:33.165,0.0,0.4,0.4,0.4,0,0,7.91,26.44
2026-07-04 06:43:33.645,0.0,0.4,0.4,0.4,0,0,7.91,26.44
2026-07-04 06:43:34.149,0.0,0.4,0.4,0.4,0,0,7.91,26.44
2026-07-04 06:43:34.651,0.0,0.4,0.4,0.4,0,0,7.91,26.44
2026-07-04 06:43:35.148,0.0,0.4,0.4,0.4,0,0,7.91,26.44
2026-07-04 06:43:35.644,0.0,0.4,0.4,0.4,0,0,7.91,26.44
2026-07-04 06:43:36.148,0.0,0.4,0.4,0.4,0,0,7.91,26.44
2026-07-04 06:43:36.628,0.0,0.4,0.4,0.4,0,0,7.91,26.44
2026-07-04 06:43:37.132,0.0,0.4,0.4,0.4,0,0,7.91,26.44
2026-07-04 06:43:37.628,0.0,0.4,0.4,0.4,0,0,7.91,26.44
2026-07-04 06:43:38.179,0.0,0.4,0.4,0.4,0,0,7.91,26.44
2026-07-04 06:43:38.677,0.0,0.4,0.4,0.4,0,0,7.91,26.44
2026-07-04 06:43:39.179,0.0,0.4,0.4,0.4,0,0,7.91,26.44
2026-07-04 06:43:39.638,0.0,0.4,0.4,0.4,0,0,7.91,26.44
2026-07-04 06:43:40.190,0.0,0.4,0.4,0.4,0,0,7.91,26.44
2026-07-04 06:43:40.669,0.0,0.4,0.4,0.4,0,0,7.91,26.44
2026-07-04 06:43:41.142,0.0,0.4,0.4,0.4,0,0,7.91,26.44
2026-07-04 06:43:41.656,0.0,0.4,0.4,0.4,0,0,7.91,26.44
2026-07-04 06:43:42.175,0.0,0.4,0.4,0.4,0,0,7.91,26.44
2026-07-04 06:43:42.677,0.0,0.4,0.4,0.4,0,0,7.91,26.44
2026-07-04 06:43:43.164,0.0,0.4,0.4,0.4,0,0,7.91,26.44
2026-07-04 06:43:43.644,0.0,0.4,0.4,0.4,0,0,7.91,26.44
2026-07-04 06:43:44.150,0.0,0.4,0.4,0.4,0,0,7.91,26.44
2026-07-04 06:43:44.647,0.0,0.4,0.4,0.4,0,0,7.91,26.44
2026-07-04 06:43:45.148,0.0,0.4,0.4,0.4,0,0,7.91,26.44
2026-07-04 06:43:45.641,0.0,0.4,0.4,0.4,0,0,7.91,26.44
2026-07-04 06:43:46.149,0.0,0.4,0.4,0.4,0,0,7.91,26.44
2026-07-04 06:43:46.666,0.0,0.4,0.4,0.4,0,0,7.91,26.44
2026-07-04 06:43:47.187,0.0,0.4,0.4,0.4,0,0,7.91,26.44
2026-07-04 06:43:47.645,0.0,0.4,0.4,0.4,0,0,7.91,26.44
2026-07-04 06:43:48.148,0.0,0.4,0.4,0.4,0,0,7.91,26.44
2026-07-04 06:43:48.697,0.0,0.4,0.4,0.4,0,0,7.91,26.44
2026-07-04 06:43:49.178,0.0,0.4,0.4,0.4,0,0,7.91,26.44
2026-07-04 06:43:49.650,0.0,0.4,0.4,0.4,0,0,7.91,26.44
2026-07-04 06:43:50.147,0.0,0.4,0.4,0.4,0,0,7.91,26.44
2026-07-04 06:43:50.649,0.0,0.4,0.4,0.4,0,0,7.91,26.44
2026-07-04 06:43:51.149,0.0,0.4,0.4,0.4,0,0,7.91,26.44
2026-07-04 06:43:51.643,0.0,0.4,0.4,0.4,0,0,7.91,26.44
2026-07-04 06:43:52.147,0.0,0.4,0.4,0.4,0,0,7.91,26.44
2026-07-04 06:43:52.644,0.0,0.4,0.4,0.4,0,0,7.91,26.44
2026-07-04 06:43:53.146,0.0,0.4,0.4,0.4,0,0,7.91,26.44
2026-07-04 06:43:53.646,0.0,0.4,0.4,0.4,0,0,7.91,26.44
2026-07-04 06:43:54.148,0.0,0.4,0.4,0.4,0,0,7.91,26.44
2026-07-04 06:43:54.647,0.0,0.4,0.4,0.4,0,0,7.91,26.44
2026-07-04 06:43:55.147,0.0,0.4,0.4,0.4,0,0,7.91,26.44
2026-07-04 06:43:55.645,0.0,0.4,0.4,0.4,0,0,7.91,26.44
2026-07-04 06:43:56.146,0.0,0.4,0.4,0.4,0,0,7.91,26.44
2026-07-04 06:43:56.645,0.0,0.4,0.4,0.4,0,0,7.91,26.44
2026-07-04 06:43:57.146,0.0,0.4,0.4,0.4,0,0,7.91,26.44
2026-07-04 06:43:57.644,0.0,0.4,0.4,0.4,0,0,7.91,26.44
2026-07-04 06:43:58.145,0.0,0.4,0.4,0.4,0,0,7.91,26.44
2026-07-04 06:43:58.677,0.0,0.4,0.4,0.4,0,0,7.91,26.44
2026-07-04 06:43:59.140,0.0,0.4,0.4,0.4,0,0,7.91,26.44
2026-07-04 06:43:59.692,0.0,0.4,0.4,0.4,0,0,7.91,26.44
2026-07-04 06:44:00.147,0.0,0.4,0.4,0.4,0,0,7.91,26.44
2026-07-04 06:44:00.648,0.0,0.4,0.4,0.4,0,0,7.91,26.44
2026-07-04 06:44:01.150,0.0,0.4,0.4,0.4,0,0,7.91,26.44
2026-07-04 06:44:01.654,0.0,0.4,0.4,0.4,0,0,7.91,26.44
2026-07-04 06:44:02.150,0.0,0.4,0.4,0.4,0,0,7.91,26.44
2026-07-04 06:44:02.697,0.0,0.4,0.4,0.4,0,0,7.91,26.44
2026-07-04 06:44:03.195,0.0,0.4,0.4,0.4,0,0,7.91,26.44
2026-07-04 06:44:03.677,0.0,0.4,0.4,0.4,0,0,7.91,26.44
2026-07-04 06:44:04.177,0.0,0.4,0.4,0.4,0,0,7.91,26.44
2026-07-04 06:44:04.679,0.0,0.4,0.4,0.4,0,0,7.91,26.44
2026-07-04 06:44:05.165,0.0,0.4,0.4,0.4,0,0,7.91,26.44
2026-07-04 06:44:05.659,0.0,0.4,0.4,0.4,0,0,7.91,26.44
2026-07-04 06:44:06.149,0.0,0.4,0.4,0.4,0,0,7.91,26.44
2026-07-04 06:44:06.680,0.0,0.4,0.4,0.4,0,0,7.91,26.44
2026-07-04 06:44:07.177,0.0,0.4,0.4,0.4,0,0,7.91,26.44
2026-07-04 06:44:07.675,0.0,0.4,0.4,0.4,0,0,7.91,26.44
2026-07-04 06:44:08.178,0.0,0.4,0.4,0.4,0,0,7.91,26.44
2026-07-04 06:44:08.676,0.0,0.4,0.4,0.4,0,0,7.91,26.44
2026-07-04 06:44:09.176,0.0,0.4,0.4,0.4,0,0,7.91,26.44
2026-07-04 06:44:09.673,0.0,0.4,0.4,0.4,0,0,7.91,26.44
2026-07-04 06:44:10.160,0.0,0.4,0.4,0.4,0,0,7.91,26.44
2026-07-04 06:44:10.661,0.0,0.4,0.4,0.4,0,0,7.91,26.44
2026-07-04 06:44:11.158,0.0,0.4,0.4,0.4,0,0,7.91,26.44
2026-07-04 06:44:11.671,0.0,0.4,0.4,0.4,0,0,7.91,26.44
2026-07-04 06:44:12.186,0.0,0.4,0.4,0.4,0,0,7.91,26.44
2026-07-04 06:44:12.649,0.0,0.4,0.4,0.4,0,0,7.91,26.44
2026-07-04 06:44:13.150,0.0,0.4,0.4,0.4,0,0,7.91,26.44
2026-07-04 06:44:13.654,0.0,0.4,0.4,0.4,0,0,7.91,26.44
2026-07-04 06:44:14.167,0.0,0.4,0.4,0.4,0,0,7.91,26.44
2026-07-04 06:44:14.705,0.0,0.4,0.4,0.4,0,0,7.91,26.44
2026-07-04 06:44:15.188,0.0,0.4,0.4,0.4,0,0,7.91,26.44
2026-07-04 06:44:15.643,0.0,0.4,0.4,0.4,0,0,7.91,26.44
2026-07-04 06:44:16.149,0.0,0.4,0.4,0.4,0,0,7.91,26.44
2026-07-04 06:44:16.697,0.0,0.4,0.4,0.4,0,0,7.91,26.44
2026-07-04 06:44:17.149,0.0,0.4,0.4,0.4,0,0,7.91,26.44
2026-07-04 06:44:17.701,0.0,0.4,0.4,0.4,0,0,7.91,26.44
2026-07-04 06:44:18.167,0.0,0.4,0.4,0.4,0,0,7.91,26.44
2026-07-04 06:44:18.668,0.0,0.4,0.4,0.4,0,0,7.91,26.44
2026-07-04 06:44:19.185,0.0,0.4,0.4,0.4,0,0,7.91,26.44
2026-07-04 06:44:19.647,0.0,0.4,0.4,0.4,0,0,7.91,26.44
2026-07-04 06:44:20.148,0.0,0.4,0.4,0.4,0,0,7.91,26.44
2026-07-04 06:44:20.649,0.0,0.4,0.4,0.4,0,0,7.91,26.44
2026-07-04 06:44:21.148,0.0,0.4,0.4,0.4,0,0,7.91,26.44
2026-07-04 06:44:21.679,0.0,0.4,0.4,0.4,0,0,7.91,26.44
2026-07-04 06:44:22.177,0.0,0.4,0.4,0.4,0,0,7.91,26.44
2026-07-04 06:44:22.709,0.0,0.4,0.4,0.4,0,0,7.91,26.44
2026-07-04 06:44:23.702,0.0,0.4,0.4,0.4,0,0,7.91,26.44
2026-07-04 06:44:23.703,0.0,0.4,0.4,0.4,0,0,7.91,26.44
2026-07-04 06:44:24.155,0.0,0.4,0.4,0.4,0,0,7.91,26.44
2026-07-04 06:44:24.678,0.0,0.4,0.4,0.4,0,0,7.91,26.44
2026-07-04 06:44:25.179,0.0,0.4,0.4,0.4,0,0,7.91,26.44
2026-07-04 06:44:25.697,0.0,0.4,0.4,0.4,0,0,7.91,26.44
2026-07-04 06:44:26.196,0.0,0.4,0.4,0.4,0,0,7.91,26.44
2026-07-04 06:44:26.884,0.0,0.4,0.4,0.4,0,0,7.91,26.44
2026-07-04 06:44:27.196,0.0,0.4,0.4,0.4,0,0,7.91,26.44
2026-07-04 06:44:27.197,0.0,0.4,0.4,0.4,0,0,7.91,26.44
2026-07-04 06:44:27.693,0.0,0.4,0.4,0.4,0,0,7.91,26.44
2026-07-04 06:44:28.194,0.0,0.4,0.4,0.4,0,0,7.91,26.44
2026-07-04 06:44:28.669,0.0,0.4,0.4,0.4,0,0,7.91,26.44
2026-07-04 06:44:29.177,0.0,0.4,0.4,0.4,0,0,7.91,26.44
2026-07-04 06:44:29.676,0.0,0.4,0.4,0.4,0,0,7.91,26.44
2026-07-04 06:44:30.176,0.0,0.4,0.4,0.4,0,0,7.91,26.44
2026-07-04 06:44:30.678,0.0,0.4,0.4,0.4,0,0,7.91,26.44
2026-07-04 06:44:31.197,0.0,0.4,0.4,0.4,0,0,7.91,26.44
2026-07-04 06:44:31.703,0.0,0.4,0.4,0.4,0,0,7.91,26.44
2026-07-04 06:44:32.716,0.0,0.4,0.4,0.4,0,0,7.91,26.44
2026-07-04 06:44:32.717,0.0,0.4,0.4,0.4,0,0,7.91,26.44
2026-07-04 06:44:33.186,0.0,0.4,0.4,0.4,0,0,7.91,26.44
2026-07-04 06:44:33.708,0.0,0.4,0.4,0.4,0,0,7.91,26.44
2026-07-04 06:44:34.208,0.0,0.4,0.4,0.4,0,0,7.91,26.44
2026-07-04 06:44:34.695,0.0,0.4,0.4,0.4,0,0,7.91,26.44
2026-07-04 06:44:35.193,0.0,0.4,0.4,0.4,0,0,7.91,26.44
2026-07-04 06:44:35.680,0.0,0.4,0.4,0.4,0,0,7.91,26.44
2026-07-04 06:44:36.177,0.0,0.4,0.4,0.4,0,0,7.91,26.44
2026-07-04 06:44:36.680,0.0,0.4,0.4,0.4,0,0,7.91,26.44
2026-07-04 06:44:37.176,0.0,0.4,0.4,0.4,0,0,7.91,26.44
2026-07-04 06:44:37.674,0.0,0.4,0.4,0.4,0,0,7.91,26.44
2026-07-04 06:44:38.198,0.0,0.4,0.4,0.4,0,0,7.91,26.44
2026-07-04 06:44:38.669,0.0,0.4,0.4,0.4,0,0,7.91,26.44
2026-07-04 06:44:39.169,0.0,0.4,0.4,0.4,0,0,7.91,26.44
2026-07-04 06:44:39.675,0.0,0.4,0.4,0.4,0,0,7.91,26.44
2026-07-04 06:44:40.208,0.0,0.4,0.4,0.4,0,0,7.91,26.44
2026-07-04 06:44:40.677,0.0,0.4,0.4,0.4,0,0,7.91,26.44
2026-07-04 06:44:41.164,0.0,0.4,0.4,0.4,0,0,7.91,26.44
2026-07-04 06:44:41.675,0.0,0.4,0.4,0.4,0,0,7.91,26.44
2026-07-04 06:44:42.177,0.0,0.4,0.4,0.4,0,0,7.91,26.44
2026-07-04 06:44:42.681,0.0,0.4,0.4,0.4,0,0,7.91,26.44
2026-07-04 06:44:43.180,0.0,0.4,0.4,0.4,0,0,7.91,26.44
2026-07-04 06:44:43.703,0.0,0.4,0.4,0.4,0,0,7.91,26.44
2026-07-04 06:44:44.709,0.0,0.4,0.4,0.4,0,0,7.91,26.44
2026-07-04 06:44:44.711,0.0,0.4,0.4,0.4,0,0,7.91,26.44
2026-07-04 06:44:45.205,0.0,0.4,0.4,0.4,0,0,7.91,26.44
2026-07-04 06:44:45.708,0.0,0.4,0.4,0.4,0,0,7.91,26.44
2026-07-04 06:44:46.208,0.0,0.4,0.4,0.4,0,0,7.91,26.44
2026-07-04 06:44:46.691,0.0,0.4,0.4,0.4,0,0,7.91,26.44
2026-07-04 06:44:47.207,0.0,0.4,0.4,0.4,0,0,7.91,26.44
2026-07-04 06:44:47.708,0.0,0.4,0.4,0.4,0,0,7.91,26.44
2026-07-04 06:44:48.197,0.0,0.4,0.4,0.4,0,0,7.91,26.44
2026-07-04 06:44:48.692,0.0,0.4,0.4,0.4,0,0,7.91,26.44
2026-07-04 06:44:49.192,0.0,0.4,0.4,0.4,0,0,7.91,26.44
2026-07-04 06:44:49.689,0.0,0.4,0.4,0.4,0,0,7.91,26.44
2026-07-04 06:44:50.204,0.0,0.4,0.4,0.4,0,0,7.91,26.44
2026-07-04 06:44:50.703,0.0,0.4,0.4,0.4,0,0,7.91,26.44
2026-07-04 06:44:51.202,0.0,0.4,0.4,0.4,0,0,7.91,26.44
2026-07-04 06:44:51.700,0.0,0.4,0.4,0.4,0,0,7.91,26.44
2026-07-04 06:44:52.208,0.0,0.4,0.4,0.4,0,0,7.91,26.44
2026-07-04 06:44:52.701,0.0,0.4,0.4,0.4,0,0,7.91,26.44
2026-07-04 06:44:53.196,0.0,0.4,0.4,0.4,0,0,7.91,26.44
2026-07-04 06:44:53.719,0.0,0.4,0.4,0.4,0,0,7.91,26.44
2026-07-04 06:44:54.668,0.0,0.4,0.4,0.4,0,0,7.91,26.44
2026-07-04 06:44:54.729,0.0,0.4,0.4,0.4,0,0,7.91,26.44
2026-07-04 06:44:55.178,0.0,0.4,0.4,0.4,0,0,7.91,26.44
2026-07-04 06:44:55.669,0.0,0.4,0.4,0.4,0,0,7.91,26.44
2026-07-04 06:44:56.168,0.0,0.4,0.4,0.4,0,0,7.91,26.44
2026-07-04 06:44:56.678,0.0,0.4,0.4,0.4,0,0,7.91,26.44
2026-07-04 06:44:57.197,0.0,0.4,0.4,0.4,0,0,7.91,26.44
2026-07-04 06:44:57.677,0.0,0.4,0.4,0.4,0,0,7.91,26.44
2026-07-04 06:44:58.198,0.0,0.4,0.4,0.4,0,0,7.91,26.44
2026-07-04 06:44:58.898,0.0,0.4,0.4,0.4,0,0,7.91,26.44
2026-07-04 06:44:59.208,0.0,0.4,0.4,0.4,0,0,7.91,26.44
2026-07-04 06:44:59.209,0.0,0.4,0.4,0.4,0,0,7.91,26.44
2026-07-04 06:44:59.709,0.0,0.4,0.4,0.4,0,0,7.91,26.44
2026-07-04 06:45:00.210,0.0,0.4,0.4,0.4,0,0,7.91,26.44
2026-07-04 06:45:00.681,0.0,0.4,0.4,0.4,0,0,7.91,26.44
2026-07-04 06:45:01.178,0.0,0.4,0.4,0.4,0,0,7.91,26.44
2026-07-04 06:45:01.709,0.0,0.4,0.4,0.4,0,0,7.91,26.44
2026-07-04 06:45:02.209,0.0,0.4,0.4,0.4,0,0,7.91,26.44
2026-07-04 06:45:02.699,0.0,0.4,0.4,0.4,0,0,7.91,26.44
2026-07-04 06:45:03.182,0.0,0.4,0.4,0.4,0,0,7.91,26.44
2026-07-04 06:45:03.691,0.0,0.4,0.4,0.4,0,0,7.91,26.44
2026-07-04 06:45:04.180,0.0,0.4,0.4,0.4,0,0,7.91,26.44
2026-07-04 06:45:04.709,0.0,0.4,0.4,0.4,0,0,7.91,26.44
2026-07-04 06:45:05.210,0.0,0.4,0.4,0.4,0,0,7.91,26.44
2026-07-04 06:45:05.709,0.0,0.4,0.4,0.4,0,0,7.91,26.44
2026-07-04 06:45:06.194,0.0,0.4,0.4,0.4,0,0,7.91,26.44
2026-07-04 06:45:06.693,0.0,0.4,0.4,0.4,0,0,7.91,26.44
2026-07-04 06:45:07.188,0.0,0.4,0.4,0.4,0,0,7.91,26.44
2026-07-04 06:45:07.676,0.0,0.4,0.4,0.4,0,0,7.91,26.44
2026-07-04 06:45:08.177,0.0,0.4,0.4,0.4,0,0,7.91,26.44
2026-07-04 06:45:08.678,0.0,0.4,0.4,0.4,0,0,7.91,26.44
2026-07-04 06:45:09.228,0.0,0.4,0.4,0.4,0,0,7.91,26.44
2026-07-04 06:45:09.689,0.0,0.4,0.4,0.4,0,0,7.91,26.44
2026-07-04 06:45:10.203,0.0,0.4,0.4,0.4,0,0,7.91,26.44
2026-07-04 06:45:10.701,0.0,0.4,0.4,0.4,0,0,7.91,26.44
2026-07-04 06:45:11.215,0.0,0.4,0.4,0.4,0,0,7.91,26.44
2026-07-04 06:45:11.693,0.0,0.4,0.4,0.4,0,0,7.91,26.44
2026-07-04 06:45:12.177,0.0,0.4,0.4,0.4,0,0,7.91,26.44
2026-07-04 06:45:12.709,0.0,0.4,0.4,0.4,0,0,7.91,26.44
2026-07-04 06:45:13.208,0.0,0.4,0.4,0.4,0,0,7.91,26.44
2026-07-04 06:45:13.707,0.0,0.4,0.4,0.4,0,0,7.91,26.44
2026-07-04 06:45:14.208,0.0,0.4,0.4,0.4,0,0,7.91,26.44
2026-07-04 06:45:14.708,0.0,0.4,0.4,0.4,0,0,7.91,26.44
2026-07-04 06:45:15.208,0.0,0.4,0.4,0.4,0,0,7.91,26.44
2026-07-04 06:45:15.704,0.0,0.4,0.4,0.4,0,0,7.91,26.44
2026-07-04 06:45:16.198,0.0,0.4,0.4,0.4,0,0,7.91,26.44
2026-07-04 06:45:16.738,0.0,0.4,0.4,0.4,0,0,7.91,26.44
2026-07-04 06:45:17.228,0.0,0.4,0.4,0.4,0,0,7.91,26.44
2026-07-04 06:45:17.688,0.0,0.4,0.4,0.4,0,0,7.91,26.44
2026-07-04 06:45:18.225,0.0,0.4,0.4,0.4,0,0,7.91,26.44
2026-07-04 06:45:18.708,0.0,0.4,0.4,0.4,0,0,7.91,26.44
2026-07-04 06:45:19.208,0.0,0.4,0.4,0.4,0,0,7.91,26.44
2026-07-04 06:45:19.709,0.0,0.4,0.4,0.4,0,0,7.91,26.44
2026-07-04 06:45:20.208,0.0,0.4,0.4,0.4,0,0,7.91,26.44
2026-07-04 06:45:20.708,0.0,0.4,0.4,0.4,0,0,7.91,26.44
2026-07-04 06:45:21.182,0.0,0.4,0.4,0.4,0,0,7.91,26.44
2026-07-04 06:45:21.709,0.0,0.4,0.4,0.4,0,0,7.91,26.44
2026-07-04 06:45:22.239,0.0,0.4,0.4,0.4,0,0,7.91,26.44
2026-07-04 06:45:22.708,0.0,0.4,0.4,0.4,0,0,7.91,26.44
2026-07-04 06:45:23.196,0.0,0.4,0.4,0.4,0,0,7.91,26.44
2026-07-04 06:45:23.692,0.0,0.4,0.4,0.4,0,0,7.91,26.44
2026-07-04 06:45:24.709,0.0,0.4,0.4,0.4,0,0,7.91,26.44
2026-07-04 06:45:24.709,0.0,0.4,0.4,0.4,0,0,7.91,26.44
2026-07-04 06:45:25.238,0.0,0.4,0.4,0.4,0,0,7.91,26.44
2026-07-04 06:45:25.737,0.0,0.4,0.4,0.4,0,0,7.91,26.44
2026-07-04 06:45:26.210,0.0,0.4,0.4,0.4,0,0,7.91,26.44
2026-07-04 06:45:26.708,0.0,0.4,0.4,0.4,0,0,7.91,26.44
2026-07-04 06:45:27.209,0.0,0.4,0.4,0.4,0,0,7.91,26.44
2026-07-04 06:45:27.707,0.0,0.4,0.4,0.4,0,0,7.91,26.44
2026-07-04 06:45:28.206,0.0,0.4,0.4,0.4,0,0,7.91,26.44
2026-07-04 06:45:28.688,0.0,0.4,0.4,0.4,0,0,7.91,26.44
2026-07-04 06:45:29.203,0.0,0.4,0.4,0.4,0,0,7.91,26.44
2026-07-04 06:45:29.701,0.0,0.4,0.4,0.4,0,0,7.91,26.44
2026-07-04 06:45:30.202,0.0,0.4,0.4,0.4,0,0,7.91,26.44
2026-07-04 06:45:30.702,0.0,0.4,0.4,0.4,0,0,7.91,26.44
2026-07-04 06:45:31.708,0.0,0.4,0.4,0.4,0,0,7.91,26.44
2026-07-04 06:45:31.709,0.0,0.4,0.4,0.4,0,0,7.91,26.44
2026-07-04 06:45:32.208,0.0,0.4,0.4,0.4,0,0,7.91,26.44
2026-07-04 06:45:32.738,0.0,0.4,0.4,0.4,0,0,7.91,26.44
2026-07-04 06:45:33.238,0.0,0.4,0.4,0.4,0,0,7.91,26.44
2026-07-04 06:45:33.738,0.0,0.4,0.4,0.4,0,0,7.91,26.44
2026-07-04 06:45:34.226,0.0,0.4,0.4,0.4,0,0,7.91,26.44
2026-07-04 06:45:34.721,0.0,0.4,0.4,0.4,0,0,7.91,26.44
2026-07-04 06:45:35.208,0.0,0.4,0.4,0.4,0,0,7.91,26.44
2026-07-04 06:45:35.709,0.0,0.4,0.4,0.4,0,0,7.91,26.44
2026-07-04 06:45:36.198,0.0,0.4,0.4,0.4,0,0,7.91,26.44
2026-07-04 06:45:36.729,0.0,0.4,0.4,0.4,0,0,7.91,26.44
2026-07-04 06:45:37.224,0.0,0.4,0.4,0.4,0,0,7.91,26.44
2026-07-04 06:45:37.703,0.0,0.4,0.4,0.4,0,0,7.91,26.44
2026-07-04 06:45:38.201,0.0,0.4,0.4,0.4,0,0,7.91,26.44
2026-07-04 06:45:38.700,0.0,0.4,0.4,0.4,0,0,7.91,26.44
2026-07-04 06:45:39.209,0.0,0.4,0.4,0.4,0,0,7.91,26.44
2026-07-04 06:45:39.729,0.0,0.4,0.4,0.4,0,0,7.91,26.44
2026-07-04 06:45:40.210,0.0,0.4,0.4,0.4,0,0,7.91,26.44
2026-07-04 06:45:40.709,0.0,0.4,0.4,0.4,0,0,7.91,26.44
2026-07-04 06:45:41.209,0.0,0.4,0.4,0.4,0,0,7.91,26.44
2026-07-04 06:45:41.709,0.0,0.4,0.4,0.4,0,0,7.91,26.44
2026-07-04 06:45:42.207,0.0,0.4,0.4,0.4,0,0,7.91,26.44
2026-07-04 06:45:42.706,0.0,0.4,0.4,0.4,0,0,7.91,26.44
2026-07-04 06:45:43.207,0.0,0.4,0.4,0.4,0,0,7.91,26.44
2026-07-04 06:45:43.709,0.0,0.4,0.4,0.4,0,0,7.91,26.44
2026-07-04 06:45:44.209,0.0,0.4,0.4,0.4,0,0,7.91,26.44
2026-07-04 06:45:44.708,0.0,0.4,0.4,0.4,0,0,7.91,26.44
2026-07-04 06:45:45.208,0.0,0.4,0.4,0.4,0,0,7.91,26.44
2026-07-04 06:45:45.708,0.0,0.4,0.4,0.4,0,0,7.91,26.44
2026-07-04 06:45:46.208,0.0,0.4,0.4,0.4,0,0,7.91,26.44
2026-07-04 06:45:46.698,0.0,0.4,0.4,0.4,0,0,7.91,26.44
2026-07-04 06:45:47.210,0.0,0.4,0.4,0.4,0,0,7.91,26.44
2026-07-04 06:45:47.725,0.0,0.4,0.4,0.4,0,0,7.91,26.44
2026-07-04 06:45:48.238,0.0,0.4,0.4,0.4,0,0,7.91,26.44
2026-07-04 06:45:48.738,0.0,0.4,0.4,0.4,0,0,7.91,26.44
2026-07-04 06:45:49.208,0.0,0.4,0.4,0.4,0,0,7.91,26.44
2026-07-04 06:45:49.710,0.0,0.4,0.4,0.4,0,0,7.91,26.44
2026-07-04 06:45:50.208,0.0,0.4,0.4,0.4,0,0,7.91,26.44
2026-07-04 06:45:50.694,0.0,0.4,0.4,0.4,0,0,7.91,26.44
2026-07-04 06:45:51.196,0.0,0.4,0.4,0.4,0,0,7.91,26.44
2026-07-04 06:45:51.756,0.0,0.4,0.4,0.4,0,0,7.91,26.44
2026-07-04 06:45:52.239,0.0,0.4,0.4,0.4,0,0,7.91,26.44
2026-07-04 06:45:52.740,0.0,0.4,0.4,0.4,0,0,7.91,26.44
2026-07-04 06:45:53.238,0.0,0.4,0.4,0.4,0,0,7.91,26.44
2026-07-04 06:45:53.703,0.0,0.4,0.4,0.4,0,0,7.91,26.44
2026-07-04 06:45:54.228,0.0,0.4,0.4,0.4,0,0,7.91,26.44
2026-07-04 06:45:54.728,0.0,0.4,0.4,0.4,0,0,7.91,26.44
2026-07-04 06:45:55.216,0.0,0.4,0.4,0.4,0,0,7.91,26.44
2026-07-04 06:45:55.737,0.0,0.4,0.4,0.4,0,0,7.91,26.44
2026-07-04 06:45:56.258,0.0,0.4,0.4,0.4,0,0,7.91,26.44
2026-07-04 06:45:56.739,0.0,0.4,0.4,0.4,0,0,7.91,26.44
2026-07-04 06:45:57.230,0.0,0.4,0.4,0.4,0,0,7.91,26.44
2026-07-04 06:45:57.733,0.0,0.4,0.4,0.4,0,0,7.91,26.44
2026-07-04 06:45:58.227,0.0,0.4,0.4,0.4,0,0,7.91,26.44
2026-07-04 06:45:58.738,0.0,0.4,0.4,0.4,0,0,7.91,26.44
2026-07-04 06:45:59.237,0.0,0.4,0.4,0.4,0,0,7.91,26.44
2026-07-04 06:45:59.740,0.0,0.4,0.4,0.4,0,0,7.91,26.44
2026-07-04 06:46:00.207,0.0,0.4,0.4,0.4,0,0,7.91,26.44
2026-07-04 06:46:00.758,0.0,0.4,0.4,0.4,0,0,7.91,26.44
2026-07-04 06:46:01.258,0.0,0.4,0.4,0.4,0,0,7.91,26.44
2026-07-04 06:46:01.756,0.0,0.4,0.4,0.4,0,0,7.91,26.44
2026-07-04 06:46:02.253,0.0,0.4,0.4,0.4,0,0,7.91,26.44
2026-07-04 06:46:02.759,0.0,0.4,0.4,0.4,0,0,7.91,26.44
2026-07-04 06:46:03.209,0.0,0.4,0.4,0.4,0,0,7.91,26.44
2026-07-04 06:46:03.717,0.0,0.4,0.4,0.4,0,0,7.91,26.44
2026-07-04 06:46:04.228,0.0,0.4,0.4,0.4,0,0,7.91,26.44
2026-07-04 06:46:04.738,0.0,0.4,0.4,0.4,0,0,7.91,26.44
2026-07-04 06:46:05.238,0.0,0.4,0.4,0.4,0,0,7.91,26.44
2026-07-04 06:46:05.747,0.0,0.4,0.4,0.4,0,0,7.91,26.44
2026-07-04 06:46:06.207,0.0,0.4,0.4,0.4,0,0,7.91,26.44
2026-07-04 06:46:06.709,0.0,0.4,0.4,0.4,0,0,7.91,26.44
2026-07-04 06:46:07.209,0.0,0.4,0.4,0.4,0,0,7.91,26.44
2026-07-04 06:46:07.710,0.0,0.4,0.4,0.4,0,0,7.91,26.44
2026-07-04 06:46:08.732,0.0,0.4,0.4,0.4,0,0,7.91,26.44
2026-07-04 06:46:08.733,0.0,0.4,0.4,0.4,0,0,7.91,26.44
2026-07-04 06:46:09.238,0.0,0.4,0.4,0.4,0,0,7.91,26.44
2026-07-04 06:46:09.707,0.0,0.4,0.4,0.4,0,0,7.91,26.44
2026-07-04 06:46:10.228,0.0,0.4,0.4,0.4,0,0,7.91,26.44
2026-07-04 06:46:10.711,0.0,0.4,0.4,0.4,0,0,7.91,26.44
2026-07-04 06:46:11.257,0.0,0.4,0.4,0.4,0,0,7.91,26.44
2026-07-04 06:46:11.757,0.0,0.4,0.4,0.4,0,0,7.91,26.44
2026-07-04 06:46:12.228,0.0,0.4,0.4,0.4,0,0,7.91,26.44
2026-07-04 06:46:12.709,0.0,0.4,0.4,0.4,0,0,7.91,26.44
2026-07-04 06:46:13.238,0.0,0.4,0.4,0.4,0,0,7.91,26.44
2026-07-04 06:46:13.709,0.0,0.4,0.4,0.4,0,0,7.91,26.44
2026-07-04 06:46:14.208,0.0,0.4,0.4,0.4,0,0,7.91,26.44
2026-07-04 06:46:14.771,0.0,0.4,0.4,0.4,0,0,7.91,26.44
2026-07-04 06:46:15.208,0.0,0.4,0.4,0.4,0,0,7.91,26.44
2026-07-04 06:46:15.708,0.0,0.4,0.4,0.4,0,0,7.91,26.44
2026-07-04 06:46:16.273,0.0,0.4,0.4,0.4,0,0,7.91,26.44
2026-07-04 06:46:16.776,0.0,0.4,0.4,0.4,0,0,7.91,26.44
2026-07-04 06:46:17.274,0.0,0.4,0.4,0.4,0,0,7.91,26.44
2026-07-04 06:46:17.771,0.0,0.4,0.4,0.4,0,0,7.91,26.44
2026-07-04 06:46:18.270,0.0,0.4,0.4,0.4,0,0,7.91,26.44
2026-07-04 06:46:18.771,0.0,0.4,0.4,0.4,0,0,7.91,26.44
2026-07-04 06:46:19.271,0.0,0.4,0.4,0.4,0,0,7.91,26.44
2026-07-04 06:46:19.771,0.0,0.4,0.4,0.4,0,0,7.91,26.44
2026-07-04 06:46:20.271,0.0,0.4,0.4,0.4,0,0,7.91,26.44
2026-07-04 06:46:20.770,0.0,0.4,0.4,0.4,0,0,7.91,26.44
2026-07-04 06:46:21.269,0.0,0.4,0.4,0.4,0,0,7.91,26.44
2026-07-04 06:46:21.732,0.0,0.4,0.4,0.4,0,0,7.91,26.44
2026-07-04 06:46:22.232,0.0,0.4,0.4,0.4,0,0,7.91,26.44
2026-07-04 06:46:22.732,0.0,0.4,0.4,0.4,0,0,7.91,26.44
2026-07-04 06:46:23.227,0.0,0.4,0.4,0.4,0,0,7.91,26.44
2026-07-04 06:46:23.725,0.0,0.4,0.4,0.4,0,0,7.91,26.44
2026-07-04 06:46:24.268,0.0,0.4,0.4,0.4,0,0,7.91,26.44
2026-07-04 06:46:24.739,0.0,0.4,0.4,0.4,0,0,7.91,26.44
2026-07-04 06:46:25.758,0.0,0.4,0.4,0.4,0,0,7.91,26.44
2026-07-04 06:46:25.759,0.0,0.4,0.4,0.4,0,0,7.91,26.44
2026-07-04 06:46:26.229,0.0,0.4,0.4,0.4,0,0,7.91,26.44
2026-07-04 06:46:26.779,0.0,0.4,0.4,0.4,0,0,7.91,26.44
2026-07-04 06:46:27.230,0.0,0.4,0.4,0.4,0,0,7.91,26.44
2026-07-04 06:46:27.739,0.0,0.4,0.4,0.4,0,0,7.91,26.44
2026-07-04 06:46:28.258,0.0,0.4,0.4,0.4,0,0,7.91,26.44
2026-07-04 06:46:28.758,0.0,0.4,0.4,0.4,0,0,7.91,26.44
2026-07-04 06:46:29.259,0.0,0.4,0.4,0.4,0,0,7.91,26.44
2026-07-04 06:46:29.755,0.0,0.4,0.4,0.4,0,0,7.91,26.44
2026-07-04 06:46:30.256,0.0,0.4,0.4,0.4,0,0,7.91,26.44
2026-07-04 06:46:30.758,0.0,0.4,0.4,0.4,0,0,7.91,26.44
2026-07-04 06:46:31.238,0.0,0.4,0.4,0.4,0,0,7.91,26.44
2026-07-04 06:46:31.762,0.0,0.4,0.4,0.4,0,0,7.91,26.44
2026-07-04 06:46:32.237,0.0,0.4,0.4,0.4,0,0,7.91,26.44
2026-07-04 06:46:32.778,0.0,0.4,0.4,0.4,0,0,7.91,26.44
2026-07-04 06:46:33.228,0.0,0.4,0.4,0.4,0,0,7.91,26.44
2026-07-04 06:46:33.739,0.0,0.4,0.4,0.4,0,0,7.91,26.44
2026-07-04 06:46:34.238,0.0,0.4,0.4,0.4,0,0,7.91,26.44
2026-07-04 06:46:34.775,0.0,0.4,0.4,0.4,0,0,7.91,26.44
2026-07-04 06:46:35.761,0.0,0.4,0.4,0.4,0,0,7.91,26.44
2026-07-04 06:46:35.761,0.0,0.4,0.4,0.4,0,0,7.91,26.44
2026-07-04 06:46:36.258,0.0,0.4,0.4,0.4,0,0,7.91,26.44
2026-07-04 06:46:36.764,0.0,0.4,0.4,0.4,0,0,7.91,26.44
2026-07-04 06:46:37.237,0.0,0.4,0.4,0.4,0,0,7.91,26.44
2026-07-04 06:46:37.774,0.0,0.4,0.4,0.4,0,0,7.91,26.44
2026-07-04 06:46:38.271,0.0,0.4,0.4,0.4,0,0,7.91,26.44
2026-07-04 06:46:38.774,0.0,0.4,0.5,0.4,0,0,7.91,26.44
2026-07-04 06:46:39.273,0.0,0.4,0.4,0.4,0,0,7.91,26.44
2026-07-04 06:46:39.772,0.0,0.4,0.4,0.4,0,0,7.91,26.44
2026-07-04 06:46:40.272,0.0,0.4,0.4,0.4,0,0,7.91,26.44
2026-07-04 06:46:40.772,0.0,0.4,0.4,0.4,0,0,7.91,26.44
2026-07-04 06:46:41.272,0.0,0.4,0.4,0.4,0,0,7.91,26.44
2026-07-04 06:46:41.772,0.0,0.4,0.4,0.4,0,0,7.91,26.44
2026-07-04 06:46:42.270,0.0,0.4,0.4,0.4,0,0,7.91,26.44
2026-07-04 06:46:42.770,0.0,0.4,0.4,0.4,0,0,7.91,26.44
2026-07-04 06:46:43.257,0.0,0.4,0.4,0.4,0,0,7.91,26.44
2026-07-04 06:46:43.782,0.0,0.4,0.4,0.4,0,0,7.91,26.44
2026-07-04 06:46:44.257,0.0,0.4,0.4,0.4,0,0,7.91,26.44
2026-07-04 06:46:44.765,0.0,0.4,0.4,0.4,0,0,7.91,26.44
2026-07-04 06:46:45.276,0.0,0.4,0.4,0.4,0,0,7.91,26.44
2026-07-04 06:46:45.781,0.0,0.4,0.4,0.4,0,0,7.91,26.44
2026-07-04 06:46:46.251,0.0,0.4,0.4,0.4,0,0,7.91,26.44
2026-07-04 06:46:46.728,0.0,0.4,0.4,0.4,0,0,7.91,26.44
2026-07-04 06:46:47.269,0.0,0.4,0.4,0.4,0,0,7.91,26.44
2026-07-04 06:46:47.750,0.0,0.4,0.4,0.4,0,0,7.91,26.44
2026-07-04 06:46:48.258,0.0,0.4,0.4,0.4,0,0,7.91,26.44
2026-07-04 06:46:48.765,0.0,0.4,0.4,0.4,0,0,7.91,26.44
2026-07-04 06:46:49.230,0.0,0.4,0.4,0.4,0,0,7.91,26.44
2026-07-04 06:46:49.747,0.0,0.4,0.4,0.4,0,0,7.91,26.44
2026-07-04 06:46:50.263,0.0,0.4,0.4,0.4,0,0,7.91,26.44
2026-07-04 06:46:50.759,0.0,0.4,0.4,0.4,0,0,7.91,26.44
2026-07-04 06:46:51.230,0.0,0.4,0.4,0.4,0,0,7.91,26.44
2026-07-04 06:46:51.740,0.0,0.4,0.4,0.4,0,0,7.91,26.44
2026-07-04 06:46:52.738,0.0,0.4,0.4,0.4,0,0,7.91,26.44
2026-07-04 06:46:52.739,0.0,0.4,0.4,0.4,0,0,7.91,26.44
2026-07-04 06:46:53.237,0.0,0.4,0.4,0.4,0,0,7.91,26.44
2026-07-04 06:46:53.789,0.0,0.4,0.4,0.4,0,0,7.91,26.44
2026-07-04 06:46:54.286,0.0,0.4,0.4,0.4,0,0,7.91,26.44
2026-07-04 06:46:54.788,0.0,0.4,0.4,0.4,0,0,7.91,26.44
2026-07-04 06:46:55.275,0.0,0.4,0.4,0.4,0,0,7.91,26.44
2026-07-04 06:46:55.772,0.0,0.4,0.4,0.4,0,0,7.91,26.44
2026-07-04 06:46:56.275,0.0,0.4,0.4,0.4,0,0,7.91,26.44
2026-07-04 06:46:56.775,0.0,0.4,0.4,0.4,0,0,7.91,26.44
2026-07-04 06:46:57.278,0.0,0.4,0.4,0.4,0,0,7.91,26.44
2026-07-04 06:46:57.757,0.0,0.4,0.4,0.4,0,0,7.91,26.44
2026-07-04 06:46:58.256,0.0,0.4,0.4,0.4,0,0,7.91,26.44
2026-07-04 06:46:58.757,0.0,0.4,0.4,0.4,0,0,7.91,26.44
2026-07-04 06:46:59.259,0.0,0.4,0.4,0.4,0,0,7.91,26.44
2026-07-04 06:46:59.757,0.0,0.4,0.4,0.4,0,0,7.91,26.44
2026-07-04 06:47:00.275,0.0,0.4,0.4,0.4,0,0,7.91,26.44
2026-07-04 06:47:00.755,0.0,0.4,0.4,0.4,0,0,7.91,26.44
2026-07-04 06:47:01.233,0.0,0.4,0.4,0.4,0,0,7.91,26.44
2026-07-04 06:47:01.777,0.0,0.4,0.4,0.4,0,0,7.91,26.44
2026-07-04 06:47:02.240,0.0,0.4,0.4,0.4,0,0,7.91,26.44
2026-07-04 06:47:02.776,0.0,0.4,0.4,0.4,0,0,7.91,26.44
2026-07-04 06:47:03.276,0.0,0.4,0.4,0.4,0,0,7.91,26.44
2026-07-04 06:47:03.773,0.0,0.4,0.4,0.4,0,0,7.91,26.44
2026-07-04 06:47:04.271,0.0,0.4,0.4,0.4,0,0,7.91,26.44
2026-07-04 06:47:04.751,0.0,0.4,0.4,0.4,0,0,7.91,26.44
2026-07-04 06:47:05.238,0.0,0.4,0.4,0.4,0,0,7.91,26.44
2026-07-04 06:47:05.734,0.0,0.4,0.4,0.4,0,0,7.91,26.44
2026-07-04 06:47:06.280,0.0,0.4,0.4,0.4,0,0,7.91,26.44
2026-07-04 06:47:06.758,0.0,0.4,0.4,0.4,0,0,7.91,26.44
2026-07-04 06:47:07.259,0.0,0.4,0.4,0.4,0,0,7.91,26.44
2026-07-04 06:47:07.757,0.0,0.4,0.4,0.4,0,0,7.91,26.44
2026-07-04 06:47:08.255,0.0,0.4,0.4,0.4,0,0,7.91,26.44
2026-07-04 06:47:08.755,0.0,0.4,0.4,0.4,0,0,7.91,26.44
2026-07-04 06:47:09.254,0.0,0.4,0.4,0.4,0,0,7.91,26.44
2026-07-04 06:47:09.755,0.0,0.4,0.4,0.4,0,0,7.91,26.44
2026-07-04 06:47:10.289,0.0,0.4,0.4,0.4,0,0,7.91,26.44
2026-07-04 06:47:10.789,0.0,0.4,0.4,0.4,0,0,7.91,26.44
2026-07-04 06:47:11.247,0.0,0.4,0.4,0.4,0,0,7.91,26.44
2026-07-04 06:47:11.756,0.0,0.4,0.4,0.4,0,0,7.91,26.44
2026-07-04 06:47:12.277,0.0,0.4,0.4,0.4,0,0,7.91,26.44
2026-07-04 06:47:12.788,0.0,0.4,0.4,0.4,0,0,7.91,26.44
2026-07-04 06:47:13.297,0.0,0.4,0.4,0.4,0,0,7.91,26.44
2026-07-04 06:47:13.769,0.0,0.4,0.4,0.4,0,0,7.91,26.44
2026-07-04 06:47:14.295,0.0,0.4,0.4,0.4,0,0,7.91,26.44
2026-07-04 06:47:14.760,0.0,0.4,0.4,0.4,0,0,7.91,26.44
2026-07-04 06:47:15.258,0.0,0.4,0.4,0.4,0,0,7.91,26.44
2026-07-04 06:47:15.791,0.0,0.4,0.4,0.4,0,0,7.91,26.44
2026-07-04 06:47:16.275,0.0,0.4,0.4,0.4,0,0,7.91,26.44
2026-07-04 06:47:16.774,0.0,0.4,0.4,0.4,0,0,7.91,26.44
2026-07-04 06:47:17.288,0.0,0.4,0.4,0.4,0,0,7.91,26.44
2026-07-04 06:47:17.788,0.0,0.4,0.4,0.4,0,0,7.91,26.44
2026-07-04 06:47:18.285,0.0,0.4,0.4,0.4,0,0,7.91,26.44
2026-07-04 06:47:18.788,0.0,0.4,0.4,0.4,0,0,7.91,26.44
2026-07-04 06:47:19.294,0.0,0.4,0.4,0.4,0,0,7.91,26.44
2026-07-04 06:47:19.756,0.0,0.4,0.4,0.4,0,0,7.91,26.44
2026-07-04 06:47:20.262,0.0,0.4,0.4,0.4,0,0,7.91,26.44
2026-07-04 06:47:20.792,0.0,0.4,0.4,0.4,0,0,7.91,26.44
2026-07-04 06:47:21.276,0.0,0.4,0.4,0.4,0,0,7.91,26.44
2026-07-04 06:47:21.756,0.0,0.4,0.4,0.4,0,0,7.91,26.44
2026-07-04 06:47:22.257,0.0,0.4,0.4,0.4,0,0,7.91,26.44
2026-07-04 06:47:22.759,0.0,0.4,0.4,0.4,0,0,7.91,26.44
2026-07-04 06:47:23.304,0.0,0.4,0.4,0.4,0,0,7.91,26.44
2026-07-04 06:47:23.788,0.0,0.4,0.4,0.4,0,0,7.91,26.44
2026-07-04 06:47:24.289,0.0,0.4,0.4,0.4,0,0,7.91,26.44
2026-07-04 06:47:24.760,0.0,0.4,0.4,0.4,0,0,7.91,26.44
2026-07-04 06:47:25.292,0.0,0.4,0.4,0.4,0,0,7.91,26.44
2026-07-04 06:47:25.757,0.0,0.4,0.4,0.4,0,0,7.91,26.44
2026-07-04 06:47:26.256,0.0,0.4,0.4,0.4,0,0,7.91,26.44
2026-07-04 06:47:26.757,0.0,0.4,0.4,0.4,0,0,7.91,26.44
2026-07-04 06:47:27.756,0.0,0.4,0.4,0.4,0,0,7.91,26.44
2026-07-04 06:47:27.757,0.0,0.4,0.4,0.4,0,0,7.91,26.44
2026-07-04 06:47:28.255,0.0,0.4,0.4,0.4,0,0,7.91,26.44
2026-07-04 06:47:28.754,0.0,0.4,0.4,0.4,0,0,7.91,26.44
2026-07-04 06:47:29.253,0.0,0.4,0.4,0.4,0,0,7.91,26.44
2026-07-04 06:47:29.753,0.0,0.4,0.4,0.4,0,0,7.91,26.44
2026-07-04 06:47:30.757,0.0,0.4,0.4,0.4,0,0,7.91,26.44
2026-07-04 06:47:30.758,0.0,0.4,0.4,0.4,0,0,7.91,26.44
2026-07-04 06:47:31.310,0.0,0.4,0.4,0.4,0,0,7.91,26.44
2026-07-04 06:47:31.773,0.0,0.4,0.4,0.4,0,0,7.91,26.44
2026-07-04 06:47:32.289,0.0,0.4,0.4,0.4,0,0,7.91,26.44
2026-07-04 06:47:32.757,0.0,0.4,0.4,0.4,0,0,7.91,26.44
2026-07-04 06:47:33.306,0.0,0.4,0.4,0.4,0,0,7.91,26.44
2026-07-04 06:47:34.305,0.0,0.4,0.5,0.4,0,0,7.91,26.44
2026-07-04 06:47:34.305,0.0,0.4,0.5,0.4,0,0,7.91,26.44
2026-07-04 06:47:34.803,0.0,0.4,0.4,0.4,0,0,7.91,26.44
2026-07-04 06:47:35.305,0.0,0.4,0.4,0.4,0,0,7.91,26.44
2026-07-04 06:47:35.801,0.0,0.4,0.5,0.4,0,0,7.91,26.44
2026-07-04 06:47:36.304,0.0,0.4,0.4,0.4,0,0,7.91,26.44
2026-07-04 06:47:36.804,0.0,0.4,0.4,0.4,0,0,7.91,26.44
2026-07-04 06:47:37.288,0.0,0.4,0.4,0.4,0,0,7.91,26.44
2026-07-04 06:47:37.789,0.0,0.4,0.4,0.4,0,0,7.91,26.44
2026-07-04 06:47:38.286,0.0,0.4,0.4,0.4,0,0,7.91,26.44
2026-07-04 06:47:38.758,0.0,0.4,0.4,0.4,0,0,7.91,26.44
2026-07-04 06:47:39.292,0.0,0.4,0.4,0.4,0,0,7.91,26.44
2026-07-04 06:47:39.788,0.0,0.4,0.4,0.4,0,0,7.91,26.44
2026-07-04 06:47:40.286,0.0,0.4,0.4,0.4,0,0,7.91,26.44
2026-07-04 06:47:40.787,0.0,0.4,0.4,0.4,0,0,7.91,26.44
2026-07-04 06:47:41.289,0.0,0.4,0.4,0.4,0,0,7.91,26.44
2026-07-04 06:47:41.759,0.0,0.4,0.4,0.4,0,0,7.91,26.44
2026-07-04 06:47:42.261,0.0,0.4,0.4,0.4,0,0,7.91,26.44
2026-07-04 06:47:42.758,0.0,0.4,0.4,0.4,0,0,7.91,26.44
2026-07-04 06:47:43.307,0.0,0.4,0.4,0.4,0,0,7.91,26.44
2026-07-04 06:47:43.804,0.0,0.4,0.4,0.4,0,0,7.91,26.44
2026-07-04 06:47:44.302,0.0,0.4,0.4,0.4,0,0,7.91,26.44
2026-07-04 06:47:44.805,0.0,0.4,0.4,0.4,0,0,7.91,26.44
2026-07-04 06:47:45.290,0.0,0.4,0.4,0.4,0,0,7.91,26.44
2026-07-04 06:47:45.772,0.0,0.4,0.4,0.4,0,0,7.91,26.44
2026-07-04 06:47:46.275,0.0,0.4,0.4,0.4,0,0,7.91,26.44
2026-07-04 06:47:46.773,0.0,0.4,0.4,0.4,0,0,7.91,26.44
2026-07-04 06:47:47.274,0.0,0.4,0.4,0.4,0,0,7.91,26.44
2026-07-04 06:47:47.770,0.0,0.4,0.4,0.4,0,0,7.91,26.44
2026-07-04 06:47:48.273,0.0,0.4,0.4,0.4,0,0,7.91,26.44
2026-07-04 06:47:48.774,0.0,0.4,0.4,0.4,0,0,7.91,26.44
2026-07-04 06:47:49.277,0.0,0.4,0.4,0.4,0,0,7.91,26.44
2026-07-04 06:47:49.793,0.0,0.4,0.4,0.4,0,0,7.91,26.44
2026-07-04 06:47:50.291,0.0,0.4,0.4,0.4,0,0,7.91,26.44
2026-07-04 06:47:50.818,0.0,0.4,0.4,0.4,0,0,7.91,26.44
2026-07-04 06:47:51.276,0.0,0.4,0.4,0.4,0,0,7.91,26.44
2026-07-04 06:47:51.805,0.0,0.4,0.4,0.4,0,0,7.91,26.44
2026-07-04 06:47:52.286,0.0,0.4,0.4,0.4,0,0,7.91,26.44
2026-07-04 06:47:52.791,0.0,0.4,0.4,0.4,0,0,7.91,26.44
2026-07-04 06:47:53.289,0.0,0.4,0.4,0.4,0,0,7.91,26.44
2026-07-04 06:47:53.787,0.0,0.4,0.4,0.4,0,0,7.91,26.44
2026-07-04 06:47:54.286,0.0,0.4,0.4,0.4,0,0,7.91,26.44
2026-07-04 06:47:54.786,0.0,0.4,0.4,0.4,0,0,7.91,26.44
2026-07-04 06:47:55.288,0.0,0.4,0.4,0.4,0,0,7.91,26.44
2026-07-04 06:47:55.786,0.0,0.4,0.4,0.4,0,0,7.91,26.44
2026-07-04 06:47:56.287,0.0,0.4,0.4,0.4,0,0,7.91,26.44
2026-07-04 06:47:56.789,0.0,0.4,0.4,0.4,0,0,7.91,26.44
2026-07-04 06:47:57.289,0.0,0.4,0.4,0.4,0,0,7.91,26.44
2026-07-04 06:47:57.789,0.0,0.4,0.4,0.4,0,0,7.91,26.44
2026-07-04 06:47:58.289,0.0,0.4,0.4,0.4,0,0,7.91,26.44
2026-07-04 06:47:58.787,0.0,0.4,0.4,0.4,0,0,7.91,26.44
2026-07-04 06:47:59.295,0.0,0.4,0.4,0.4,0,0,7.91,26.44
2026-07-04 06:47:59.772,0.0,0.4,0.4,0.4,0,0,7.91,26.44
2026-07-04 06:48:00.317,0.0,0.4,0.4,0.4,0,0,7.91,26.44
2026-07-04 06:48:00.819,0.0,0.4,0.4,0.4,0,0,7.91,26.44
2026-07-04 06:48:01.308,0.0,0.4,0.4,0.4,0,0,7.91,26.44
2026-07-04 06:48:01.771,0.0,0.4,0.4,0.4,0,0,7.91,26.44
2026-07-04 06:48:02.274,0.0,0.4,0.4,0.4,0,0,7.91,26.44
2026-07-04 06:48:02.819,0.0,0.4,0.4,0.4,0,0,7.91,26.44
2026-07-04 06:48:03.290,0.0,0.4,0.4,0.4,0,0,7.91,26.44
2026-07-04 06:48:03.772,0.0,0.4,0.4,0.4,0,0,7.91,26.44
2026-07-04 06:48:04.332,0.0,0.4,0.4,0.4,0,0,7.91,26.44
2026-07-04 06:48:04.772,0.0,0.4,0.4,0.4,0,0,7.91,26.44
2026-07-04 06:48:05.332,0.0,0.4,0.4,0.4,0,0,7.91,26.44
2026-07-04 06:48:05.817,0.0,0.4,0.4,0.4,0,0,7.91,26.44
2026-07-04 06:48:06.280,0.0,0.4,0.4,0.4,0,0,7.91,26.44
2026-07-04 06:48:06.794,0.0,0.4,0.4,0.4,0,0,7.91,26.44
2026-07-04 06:48:07.306,0.0,0.4,0.4,0.4,0,0,7.91,26.44
2026-07-04 06:48:07.803,0.0,0.4,0.4,0.4,0,0,7.91,26.44
2026-07-04 06:48:08.302,0.0,0.4,0.4,0.4,0,0,7.91,26.44
2026-07-04 06:48:08.802,0.0,0.4,0.4,0.4,0,0,7.91,26.44
2026-07-04 06:48:09.300,0.0,0.4,0.4,0.4,0,0,7.91,26.44
2026-07-04 06:48:09.790,0.0,0.4,0.4,0.4,0,0,7.91,26.44
2026-07-04 06:48:10.786,0.0,0.4,0.4,0.4,0,0,7.91,26.44
2026-07-04 06:48:10.788,0.0,0.4,0.4,0.4,0,0,7.91,26.44
2026-07-04 06:48:11.285,0.0,0.4,0.4,0.4,0,0,7.91,26.44
2026-07-04 06:48:11.831,0.0,0.4,0.4,0.4,0,0,7.91,26.44
2026-07-04 06:48:12.301,0.0,0.4,0.4,0.4,0,0,7.91,26.44
2026-07-04 06:48:12.783,0.0,0.4,0.4,0.4,0,0,7.91,26.44
2026-07-04 06:48:13.283,0.0,0.4,0.4,0.4,0,0,7.91,26.44
2026-07-04 06:48:13.796,0.0,0.4,0.4,0.4,0,0,7.91,26.44
2026-07-04 06:48:14.316,0.0,0.4,0.4,0.4,0,0,7.91,26.44
2026-07-04 06:48:14.825,0.0,0.4,0.4,0.4,0,0,7.91,26.44
2026-07-04 06:48:15.292,0.0,0.4,0.4,0.4,0,0,7.91,26.44
2026-07-04 06:48:15.790,0.0,0.4,0.4,0.4,0,0,7.91,26.44
2026-07-04 06:48:16.274,0.0,0.4,0.4,0.4,0,0,7.91,26.44
2026-07-04 06:48:17.295,0.0,0.4,0.4,0.4,0,0,7.91,26.44
2026-07-04 06:48:17.296,0.0,0.4,0.4,0.4,0,0,7.91,26.44
2026-07-04 06:48:17.795,0.0,0.4,0.4,0.4,0,0,7.91,26.44
2026-07-04 06:48:18.288,0.0,0.4,0.4,0.4,0,0,7.91,26.44
2026-07-04 06:48:18.818,0.0,0.4,0.4,0.4,0,0,7.91,26.44
2026-07-04 06:48:19.319,0.0,0.4,0.4,0.4,0,0,7.91,26.44
2026-07-04 06:48:19.837,0.0,0.4,0.4,0.4,0,0,7.91,26.44
2026-07-04 06:48:20.333,0.0,0.4,0.4,0.4,0,0,7.91,26.44
2026-07-04 06:48:21.335,0.0,0.4,0.4,0.4,0,0,7.91,26.44
2026-07-04 06:48:21.336,0.0,0.4,0.4,0.4,0,0,7.91,26.44
2026-07-04 06:48:21.833,0.0,0.4,0.4,0.4,0,0,7.91,26.44
2026-07-04 06:48:22.331,0.0,0.4,0.4,0.4,0,0,7.91,26.44
2026-07-04 06:48:22.812,0.0,0.4,0.4,0.4,0,0,7.91,26.44
2026-07-04 06:48:23.276,0.0,0.4,0.4,0.4,0,0,7.91,26.44
2026-07-04 06:48:23.805,0.0,0.4,0.4,0.4,0,0,7.91,26.44
2026-07-04 06:48:24.317,0.0,0.4,0.4,0.4,0,0,7.91,26.44
2026-07-04 06:48:24.795,0.0,0.4,0.4,0.4,0,0,7.91,26.44
2026-07-04 06:48:25.290,0.0,0.4,0.4,0.4,0,0,7.91,26.44
2026-07-04 06:48:25.835,0.0,0.4,0.4,0.4,0,0,7.91,26.44
2026-07-04 06:48:26.290,0.0,0.4,0.4,0.4,0,0,7.91,26.44
2026-07-04 06:48:26.838,0.0,0.4,0.4,0.4,0,0,7.91,26.44
2026-07-04 06:48:27.337,0.0,0.4,0.4,0.4,0,0,7.91,26.44
2026-07-04 06:48:27.837,0.0,0.4,0.4,0.4,0,0,7.91,26.44
2026-07-04 06:48:28.331,0.0,0.4,0.4,0.4,0,0,7.91,26.44
2026-07-04 06:48:28.834,0.0,0.4,0.4,0.4,0,0,7.91,26.44
2026-07-04 06:48:29.333,0.0,0.4,0.4,0.4,0,0,7.91,26.44
2026-07-04 06:48:29.835,0.0,0.4,0.4,0.4,0,0,7.91,26.44
2026-07-04 06:48:30.331,0.0,0.4,0.4,0.4,0,0,7.91,26.44
2026-07-04 06:48:31.309,0.0,0.4,0.4,0.4,0,0,7.91,26.44
2026-07-04 06:48:31.310,0.0,0.4,0.4,0.4,0,0,7.91,26.44
2026-07-04 06:48:31.813,0.0,0.4,0.4,0.4,0,0,7.91,26.44
2026-07-04 06:48:32.312,0.0,0.4,0.4,0.4,0,0,7.91,26.44
2026-07-04 06:48:32.840,0.0,0.4,0.4,0.4,0,0,7.91,26.44
2026-07-04 06:48:33.311,0.0,0.4,0.4,0.4,0,0,7.91,26.44
2026-07-04 06:48:34.318,0.0,0.4,0.4,0.4,0,0,7.91,26.44
2026-07-04 06:48:34.320,0.0,0.4,0.4,0.4,0,0,7.91,26.44
2026-07-04 06:48:34.842,0.0,0.4,0.4,0.4,0,0,7.91,26.44
2026-07-04 06:48:35.336,0.0,0.4,0.4,0.4,0,0,7.91,26.44
2026-07-04 06:48:35.820,0.0,0.4,0.4,0.4,0,0,7.91,26.44
2026-07-04 06:48:36.317,0.0,0.4,0.4,0.4,0,0,7.91,26.44
2026-07-04 06:48:36.816,0.0,0.4,0.4,0.4,0,0,7.91,26.44
2026-07-04 06:48:37.310,0.0,0.4,0.4,0.4,0,0,7.91,26.44
2026-07-04 06:48:37.828,0.0,0.4,0.4,0.4,0,0,7.91,26.44
2026-07-04 06:48:38.288,0.0,0.4,0.4,0.4,0,0,7.91,26.44
2026-07-04 06:48:38.789,0.0,0.4,0.4,0.4,0,0,7.91,26.44
2026-07-04 06:48:39.313,0.0,0.4,0.4,0.4,0,0,7.91,26.44
2026-07-04 06:48:39.809,0.0,0.4,0.4,0.4,0,0,7.91,26.44
2026-07-04 06:48:40.333,0.0,0.4,0.4,0.4,0,0,7.91,26.44
2026-07-04 06:48:40.788,0.0,0.4,0.4,0.4,0,0,7.91,26.44
2026-07-04 06:48:41.319,0.0,0.4,0.4,0.4,0,0,7.91,26.44
2026-07-04 06:48:41.819,0.0,0.4,0.4,0.4,0,0,7.91,26.44
2026-07-04 06:48:42.294,0.0,0.4,0.4,0.4,0,0,7.91,26.44
2026-07-04 06:48:42.793,0.0,0.4,0.4,0.4,0,0,7.91,26.44
2026-07-04 06:48:43.318,0.0,0.4,0.4,0.4,0,0,7.91,26.44
2026-07-04 06:48:43.806,0.0,0.4,0.4,0.4,0,0,7.91,26.44
2026-07-04 06:48:44.305,0.0,0.4,0.4,0.4,0,0,7.91,26.44
2026-07-04 06:48:44.807,0.0,0.4,0.4,0.4,0,0,7.91,26.44
2026-07-04 06:48:45.304,0.0,0.4,0.4,0.4,0,0,7.91,26.44
2026-07-04 06:48:45.807,0.0,0.4,0.4,0.4,0,0,7.91,26.44
2026-07-04 06:48:46.301,0.0,0.4,0.4,0.4,0,0,7.91,26.44
2026-07-04 06:48:46.804,0.0,0.4,0.4,0.4,0,0,7.91,26.44
2026-07-04 06:48:47.339,0.0,0.4,0.4,0.4,0,0,7.91,26.44
2026-07-04 06:48:47.813,0.0,0.4,0.4,0.4,0,0,7.91,26.44
2026-07-04 06:48:48.318,0.0,0.4,0.4,0.4,0,0,7.91,26.44
2026-07-04 06:48:48.818,0.0,0.4,0.4,0.4,0,0,7.91,26.44
2026-07-04 06:48:49.319,0.0,0.4,0.4,0.4,0,0,7.91,26.44
2026-07-04 06:48:49.790,0.0,0.4,0.4,0.4,0,0,7.91,26.44
2026-07-04 06:48:50.350,0.0,0.4,0.4,0.4,0,0,7.91,26.44
2026-07-04 06:48:50.820,0.0,0.4,0.4,0.4,0,0,7.91,26.44
2026-07-04 06:48:51.350,0.0,0.4,0.4,0.4,0,0,7.91,26.44
2026-07-04 06:48:51.848,0.0,0.4,0.4,0.4,0,0,7.91,26.44
2026-07-04 06:48:52.350,0.0,0.4,0.4,0.4,0,0,7.91,26.44
2026-07-04 06:48:52.850,0.0,0.4,0.4,0.4,0,0,7.91,26.44
2026-07-04 06:48:53.349,0.0,0.4,0.4,0.4,0,0,7.91,26.44
2026-07-04 06:48:53.848,0.0,0.4,0.4,0.4,0,0,7.91,26.44
2026-07-04 06:48:54.349,0.0,0.4,0.4,0.4,0,0,7.91,26.44
2026-07-04 06:48:54.849,0.0,0.4,0.4,0.4,0,0,7.91,26.44
2026-07-04 06:48:55.348,0.0,0.4,0.4,0.4,0,0,7.91,26.44
2026-07-04 06:48:55.830,0.0,0.4,0.4,0.4,0,0,7.91,26.44
2026-07-04 06:48:56.347,0.0,0.4,0.4,0.4,0,0,7.91,26.44
2026-07-04 06:48:56.808,0.0,0.4,0.4,0.4,0,0,7.91,26.44
2026-07-04 06:48:57.310,0.0,0.4,0.4,0.4,0,0,7.91,26.44
2026-07-04 06:48:57.820,0.0,0.4,0.4,0.4,0,0,7.91,26.44
2026-07-04 06:48:58.316,0.0,0.4,0.4,0.4,0,0,7.91,26.44
2026-07-04 06:48:58.813,0.0,0.4,0.4,0.4,0,0,7.91,26.44
2026-07-04 06:48:59.319,0.0,0.4,0.4,0.4,0,0,7.91,26.44
2026-07-04 06:48:59.805,0.0,0.4,0.4,0.4,0,0,7.91,26.44
2026-07-04 06:49:00.350,0.0,0.4,0.4,0.4,0,0,7.91,26.44
2026-07-04 06:49:00.848,0.0,0.4,0.4,0.4,0,0,7.91,26.44
2026-07-04 06:49:01.347,0.0,0.4,0.4,0.4,0,0,7.91,26.44
2026-07-04 06:49:01.836,0.0,0.4,0.4,0.4,0,0,7.91,26.44
2026-07-04 06:49:02.333,0.0,0.4,0.4,0.4,0,0,7.91,26.44
2026-07-04 06:49:02.834,0.0,0.4,0.4,0.4,0,0,7.91,26.44
2026-07-04 06:49:03.333,0.0,0.4,0.4,0.4,0,0,7.91,26.44
2026-07-04 06:49:03.833,0.0,0.4,0.4,0.4,0,0,7.91,26.44
2026-07-04 06:49:04.334,0.0,0.4,0.4,0.4,0,0,7.91,26.44
2026-07-04 06:49:04.816,0.0,0.4,0.4,0.4,0,0,7.91,26.44
2026-07-04 06:49:05.300,0.0,0.4,0.4,0.4,0,0,7.91,26.44
2026-07-04 06:49:05.799,0.0,0.4,0.4,0.4,0,0,7.91,26.44
2026-07-04 06:49:06.334,0.0,0.4,0.4,0.4,0,0,7.91,26.44
2026-07-04 06:49:06.844,0.0,0.4,0.4,0.4,0,0,7.91,26.44
2026-07-04 06:49:07.309,0.0,0.4,0.4,0.4,0,0,7.91,26.44
2026-07-04 06:49:07.818,0.0,0.4,0.4,0.4,0,0,7.91,26.44
2026-07-04 06:49:08.318,0.0,0.4,0.4,0.4,0,0,7.91,26.44
2026-07-04 06:49:08.818,0.0,0.4,0.4,0.4,0,0,7.91,26.44
2026-07-04 06:49:09.318,0.0,0.4,0.4,0.4,0,0,7.91,26.44
2026-07-04 06:49:09.819,0.0,0.4,0.4,0.4,0,0,7.91,26.44
2026-07-04 06:49:10.317,0.0,0.4,0.4,0.4,0,0,7.91,26.44
2026-07-04 06:49:10.839,0.0,0.4,0.4,0.4,0,0,7.91,26.44
2026-07-04 06:49:11.349,0.0,0.4,0.4,0.4,0,0,7.91,26.44
2026-07-04 06:49:11.847,0.0,0.4,0.4,0.4,0,0,7.91,26.44
2026-07-04 06:49:12.321,0.0,0.4,0.4,0.4,0,0,7.91,26.44
2026-07-04 06:49:12.864,0.0,0.4,0.4,0.4,0,0,7.91,26.44
2026-07-04 06:49:13.365,0.0,0.4,0.4,0.4,0,0,7.91,26.44
2026-07-04 06:49:14.363,0.0,0.4,0.4,0.4,0,0,7.91,26.44
2026-07-04 06:49:14.365,0.0,0.4,0.4,0.4,0,0,7.91,26.44
2026-07-04 06:49:14.839,0.0,0.4,0.4,0.4,0,0,7.91,26.44
2026-07-04 06:49:15.339,0.0,0.4,0.4,0.4,0,0,7.91,26.44
2026-07-04 06:49:15.845,0.0,0.4,0.4,0.4,0,0,7.91,26.44
2026-07-04 06:49:16.331,0.0,0.4,0.4,0.4,0,0,7.91,26.44
2026-07-04 06:49:16.807,0.0,0.4,0.4,0.4,0,0,7.91,26.44
2026-07-04 06:49:17.320,0.0,0.4,0.4,0.4,0,0,7.91,26.44
2026-07-04 06:49:17.836,0.0,0.4,0.4,0.4,0,0,7.91,26.44
2026-07-04 06:49:18.334,0.0,0.4,0.4,0.4,0,0,7.91,26.44
2026-07-04 06:49:18.860,0.0,0.4,0.4,0.4,0,0,7.91,26.44
2026-07-04 06:49:19.319,0.0,0.4,0.4,0.4,0,0,7.91,26.44
2026-07-04 06:49:19.836,0.0,0.4,0.4,0.4,0,0,7.91,26.44
2026-07-04 06:49:20.317,0.0,0.4,0.4,0.4,0,0,7.91,26.44
2026-07-04 06:49:20.849,0.0,0.4,0.4,0.4,0,0,7.91,26.44
2026-07-04 06:49:21.349,0.0,0.4,0.4,0.4,0,0,7.91,26.44
2026-07-04 06:49:21.849,0.0,0.4,0.4,0.4,0,0,7.91,26.44
2026-07-04 06:49:22.350,0.0,0.4,0.4,0.4,0,0,7.91,26.44
2026-07-04 06:49:22.848,0.0,0.4,0.4,0.4,0,0,7.91,26.44
2026-07-04 06:49:23.347,0.0,0.4,0.4,0.4,0,0,7.91,26.44
2026-07-04 06:49:23.812,0.0,0.4,0.4,0.4,0,0,7.91,26.44
2026-07-04 06:49:24.351,0.0,0.4,0.4,0.4,0,0,7.91,26.44
2026-07-04 06:49:24.839,0.0,0.4,0.4,0.4,0,0,7.91,26.44
2026-07-04 06:49:25.318,0.0,0.4,0.4,0.4,0,0,7.91,26.44
2026-07-04 06:49:25.816,0.0,0.4,0.4,0.4,0,0,7.91,26.44
2026-07-04 06:49:26.349,0.0,0.4,0.4,0.4,0,0,7.91,26.44
2026-07-04 06:49:26.812,0.0,0.4,0.4,0.4,0,0,7.91,26.44
2026-07-04 06:49:27.309,0.0,0.4,0.4,0.4,0,0,7.91,26.44
2026-07-04 06:49:27.836,0.0,0.4,0.4,0.4,0,0,7.91,26.44
2026-07-04 06:49:28.351,0.0,0.4,0.4,0.4,0,0,7.91,26.44
2026-07-04 06:49:28.839,0.0,0.4,0.4,0.4,0,0,7.91,26.44
2026-07-04 06:49:29.348,0.0,0.4,0.4,0.4,0,0,7.91,26.44
2026-07-04 06:49:29.838,0.0,0.4,0.4,0.4,0,0,7.91,26.44
2026-07-04 06:49:30.332,0.0,0.4,0.4,0.4,0,0,7.91,26.44
2026-07-04 06:49:30.836,0.0,0.4,0.4,0.4,0,0,7.91,26.44
2026-07-04 06:49:31.336,0.0,0.4,0.4,0.4,0,0,7.91,26.44
2026-07-04 06:49:31.837,0.0,0.4,0.4,0.4,0,0,7.91,26.44
2026-07-04 06:49:32.349,0.0,0.4,0.4,0.4,0,0,7.91,26.44
2026-07-04 06:49:32.819,0.0,0.4,0.4,0.4,0,0,7.91,26.44
2026-07-04 06:49:33.350,0.0,0.4,0.4,0.4,0,0,7.91,26.44
2026-07-04 06:49:33.836,0.0,0.4,0.4,0.4,0,0,7.91,26.44
2026-07-04 06:49:34.363,0.0,0.4,0.4,0.4,0,0,7.91,26.44
2026-07-04 06:49:34.836,0.0,0.4,0.4,0.4,0,0,7.91,26.44
2026-07-04 06:49:35.338,0.0,0.4,0.4,0.4,0,0,7.91,26.44
2026-07-04 06:49:35.837,0.0,0.4,0.4,0.4,0,0,7.91,26.44
2026-07-04 06:49:36.334,0.0,0.4,0.4,0.4,0,0,7.91,26.44
2026-07-04 06:49:36.834,0.0,0.4,0.4,0.4,0,0,7.91,26.44
2026-07-04 06:49:37.333,0.0,0.4,0.4,0.4,0,0,7.91,26.44
2026-07-04 06:49:37.835,0.0,0.4,0.4,0.4,0,0,7.91,26.44
2026-07-04 06:49:38.333,0.0,0.4,0.4,0.4,0,0,7.91,26.44
2026-07-04 06:49:38.832,0.0,0.4,0.4,0.4,0,0,7.91,26.44
2026-07-04 06:49:39.381,0.0,0.4,0.4,0.4,0,0,7.91,26.44
2026-07-04 06:49:39.819,0.0,0.4,0.4,0.4,0,0,7.91,26.44
2026-07-04 06:49:40.363,0.0,0.4,0.4,0.4,0,0,7.91,26.44
2026-07-04 06:49:40.847,0.0,0.4,0.4,0.4,0,0,7.91,26.44
2026-07-04 06:49:41.338,0.0,0.4,0.4,0.4,0,0,7.91,26.44
2026-07-04 06:49:41.848,0.0,0.4,0.4,0.4,0,0,7.91,26.44
2026-07-04 06:49:42.348,0.0,0.4,0.4,0.4,0,0,7.91,26.44
2026-07-04 06:49:42.835,0.0,0.4,0.4,0.4,0,0,7.91,26.44
2026-07-04 06:49:43.337,0.0,0.4,0.4,0.4,0,0,7.91,26.44
2026-07-04 06:49:43.832,0.0,0.4,0.4,0.4,0,0,7.91,26.44
2026-07-04 06:49:44.377,0.0,0.4,0.4,0.4,0,0,7.91,26.44
2026-07-04 06:49:44.878,0.0,0.4,0.4,0.4,0,0,7.91,26.44
2026-07-04 06:49:45.378,0.0,0.4,0.4,0.4,0,0,7.91,26.44
2026-07-04 06:49:45.847,0.0,0.4,0.4,0.4,0,0,7.91,26.44
2026-07-04 06:49:46.331,0.0,0.4,0.4,0.4,0,0,7.91,26.44
2026-07-04 06:49:46.839,0.0,0.4,0.4,0.4,0,0,7.91,26.44
2026-07-04 06:49:47.340,0.0,0.4,0.4,0.4,0,0,7.91,26.44
2026-07-04 06:49:47.869,0.0,0.4,0.4,0.4,0,0,7.91,26.44
2026-07-04 06:49:48.381,0.0,0.4,0.4,0.4,0,0,7.91,26.44
2026-07-04 06:49:48.888,0.0,0.4,0.4,0.4,0,0,7.91,26.44
2026-07-04 06:49:49.347,0.0,0.4,0.4,0.4,0,0,7.91,26.44
2026-07-04 06:49:49.885,0.0,0.4,0.4,0.4,0,0,7.91,26.44
2026-07-04 06:49:50.342,0.0,0.4,0.4,0.4,0,0,7.91,26.44
2026-07-04 06:49:50.885,0.0,0.4,0.4,0.4,0,0,7.91,26.44
2026-07-04 06:49:51.348,0.0,0.4,0.4,0.4,0,0,7.91,26.44
2026-07-04 06:49:51.847,0.0,0.4,0.4,0.4,0,0,7.91,26.44
2026-07-04 06:49:52.333,0.0,0.4,0.4,0.4,0,0,7.91,26.44
2026-07-04 06:49:52.869,0.0,0.4,0.4,0.4,0,0,7.91,26.44
2026-07-04 06:49:53.368,0.0,0.4,0.4,0.4,0,0,7.91,26.44
2026-07-04 06:49:53.869,0.0,0.4,0.4,0.4,0,0,7.91,26.44
2026-07-04 06:49:54.374,0.0,0.4,0.4,0.4,0,0,7.91,26.44
2026-07-04 06:49:54.869,0.0,0.4,0.4,0.4,0,0,7.91,26.44
2026-07-04 06:49:55.341,0.0,0.4,0.4,0.4,0,0,7.91,26.44
2026-07-04 06:49:55.869,0.0,0.4,0.4,0.4,0,0,7.91,26.44
2026-07-04 06:49:56.371,0.0,0.4,0.4,0.4,0,0,7.91,26.44
2026-07-04 06:49:56.872,0.0,0.4,0.4,0.4,0,0,7.91,26.44
2026-07-04 06:49:57.367,0.0,0.4,0.4,0.4,0,0,7.91,26.44
2026-07-04 06:49:57.849,0.0,0.4,0.4,0.4,0,0,7.91,26.44
2026-07-04 06:49:58.351,0.0,0.4,0.4,0.4,0,0,7.91,26.44
2026-07-04 06:49:58.850,0.0,0.4,0.4,0.4,0,0,7.91,26.44
2026-07-04 06:49:59.347,0.0,0.4,0.4,0.4,0,0,7.91,26.44
2026-07-04 06:49:59.850,0.0,0.4,0.4,0.4,0,0,7.91,26.44
2026-07-04 06:50:00.332,0.0,0.4,0.4,0.4,0,0,7.91,26.44
2026-07-04 06:50:00.836,0.0,0.4,0.4,0.4,0,0,7.91,26.44
2026-07-04 06:50:01.337,0.0,0.4,0.4,0.4,0,0,7.91,26.44
2026-07-04 06:50:01.838,0.0,0.4,0.4,0.4,0,0,7.91,26.44
2026-07-04 06:50:02.380,0.0,0.4,0.4,0.4,0,0,7.91,26.44
2026-07-04 06:50:02.882,0.0,0.4,0.4,0.4,0,0,7.91,26.44
2026-07-04 06:50:03.366,0.0,0.4,0.4,0.4,0,0,7.91,26.44
2026-07-04 06:50:03.867,0.0,0.4,0.4,0.4,0,0,7.91,26.44
2026-07-04 06:50:04.365,0.0,0.4,0.4,0.4,0,0,7.91,26.44
2026-07-04 06:50:04.867,0.0,0.4,0.4,0.4,0,0,7.91,26.44
2026-07-04 06:50:05.363,0.0,0.4,0.4,0.4,0,0,7.91,26.44
2026-07-04 06:50:05.861,0.0,0.4,0.4,0.4,0,0,7.91,26.44
2026-07-04 06:50:06.329,0.0,0.4,0.4,0.4,0,0,7.91,26.44
2026-07-04 06:50:06.847,0.0,0.4,0.4,0.4,0,0,7.91,26.44
2026-07-04 06:50:07.369,0.0,0.4,0.4,0.4,0,0,7.91,26.44
2026-07-04 06:50:07.868,0.0,0.4,0.4,0.4,0,0,7.91,26.44
2026-07-04 06:50:08.371,0.0,0.4,0.4,0.4,0,0,7.91,26.44
2026-07-04 06:50:08.881,0.0,0.4,0.4,0.4,0,0,7.91,26.44
2026-07-04 06:50:09.348,0.0,0.4,0.4,0.4,0,0,7.91,26.44
2026-07-04 06:50:09.869,0.0,0.4,0.4,0.4,0,0,7.91,26.44
2026-07-04 06:50:10.352,0.0,0.4,0.4,0.4,0,0,7.91,26.44
2026-07-04 06:50:10.848,0.0,0.4,0.4,0.4,0,0,7.91,26.44
2026-07-04 06:50:11.341,0.0,0.4,0.4,0.4,0,0,7.91,26.44
2026-07-04 06:50:11.868,0.0,0.4,0.4,0.4,0,0,7.91,26.44
2026-07-04 06:50:12.364,0.0,0.4,0.4,0.4,0,0,7.91,26.44
2026-07-04 06:50:12.861,0.0,0.4,0.4,0.4,0,0,7.91,26.44
2026-07-04 06:50:13.348,0.0,0.4,0.4,0.4,0,0,7.91,26.44
2026-07-04 06:50:13.850,0.0,0.4,0.4,0.4,0,0,7.91,26.44
2026-07-04 06:50:14.348,0.0,0.4,0.4,0.4,0,0,7.91,26.44
2026-07-04 06:50:14.870,0.0,0.4,0.4,0.4,0,0,7.91,26.44
2026-07-04 06:50:15.372,0.0,0.4,0.4,0.4,0,0,7.91,26.44
2026-07-04 06:50:15.899,0.0,0.4,0.4,0.4,0,0,7.91,26.44
2026-07-04 06:50:16.341,0.0,0.4,0.4,0.4,0,0,7.91,26.44
2026-07-04 06:50:16.849,0.0,0.4,0.4,0.4,0,0,7.91,26.44
2026-07-04 06:50:17.348,0.0,0.4,0.4,0.4,0,0,7.91,26.44
2026-07-04 06:50:17.855,0.0,0.4,0.4,0.4,0,0,7.91,26.44
2026-07-04 06:50:18.396,0.0,0.4,0.4,0.4,0,0,7.91,26.44
2026-07-04 06:50:18.897,0.0,0.4,0.4,0.4,0,0,7.91,26.44
2026-07-04 06:50:19.337,0.0,0.4,0.4,0.4,0,0,7.91,26.44
2026-07-04 06:50:19.898,0.0,0.4,0.4,0.4,0,0,7.91,26.44
2026-07-04 06:50:20.397,0.0,0.4,0.4,0.4,0,0,7.91,26.44
2026-07-04 06:50:20.898,0.0,0.4,0.4,0.4,0,0,7.91,26.44
2026-07-04 06:50:21.398,0.0,0.4,0.4,0.4,0,0,7.91,26.44
2026-07-04 06:50:21.879,0.0,0.4,0.4,0.4,0,0,7.91,26.44
2026-07-04 06:50:22.367,0.0,0.4,0.4,0.4,0,0,7.91,26.44
2026-07-04 06:50:22.867,0.0,0.4,0.4,0.4,0,0,7.91,26.44
2026-07-04 06:50:23.365,0.0,0.4,0.4,0.4,0,0,7.91,26.44
2026-07-04 06:50:23.864,0.0,0.4,0.4,0.4,0,0,7.91,26.44
2026-07-04 06:50:24.363,0.0,0.4,0.4,0.4,0,0,7.91,26.44
2026-07-04 06:50:24.861,0.0,0.4,0.4,0.4,0,0,7.91,26.44
2026-07-04 06:50:25.362,0.0,0.4,0.4,0.4,0,0,7.91,26.44
2026-07-04 06:50:25.868,0.0,0.4,0.4,0.4,0,0,7.91,26.44
2026-07-04 06:50:26.374,0.0,0.4,0.4,0.4,0,0,7.91,26.44
2026-07-04 06:50:26.864,0.0,0.4,0.4,0.4,0,0,7.91,26.44
2026-07-04 06:50:27.380,0.0,0.4,0.4,0.4,0,0,7.91,26.44
2026-07-04 06:50:27.846,0.0,0.4,0.4,0.4,0,0,7.91,26.44
2026-07-04 06:50:28.348,0.0,0.4,0.4,0.4,0,0,7.91,26.44
2026-07-04 06:50:28.872,0.0,0.4,0.4,0.4,0,0,7.91,26.44
2026-07-04 06:50:29.349,0.0,0.4,0.4,0.4,0,0,7.91,26.44
2026-07-04 06:50:29.899,0.0,0.4,0.4,0.4,0,0,7.91,26.44
2026-07-04 06:50:30.396,0.0,0.4,0.4,0.4,0,0,7.91,26.44
2026-07-04 06:50:30.899,0.0,0.4,0.4,0.4,0,0,7.91,26.44
2026-07-04 06:50:31.399,0.0,0.4,0.4,0.4,0,0,7.91,26.44
2026-07-04 06:50:31.899,0.0,0.4,0.4,0.4,0,0,7.91,26.44
2026-07-04 06:50:32.397,0.0,0.4,0.4,0.4,0,0,7.91,26.44
2026-07-04 06:50:32.898,0.0,0.4,0.4,0.4,0,0,7.91,26.44
2026-07-04 06:50:33.379,0.0,0.4,0.4,0.4,0,0,7.91,26.44
2026-07-04 06:50:33.879,0.0,0.4,0.4,0.4,0,0,7.91,26.44
2026-07-04 06:50:34.345,0.0,0.4,0.4,0.4,0,0,7.91,26.44
2026-07-04 06:50:34.869,0.0,0.4,0.4,0.4,0,0,7.91,26.44
2026-07-04 06:50:35.365,0.0,0.4,0.4,0.4,0,0,7.91,26.44
2026-07-04 06:50:35.860,0.0,0.4,0.4,0.4,0,0,7.91,26.44
2026-07-04 06:50:36.396,0.0,0.4,0.4,0.4,0,0,7.91,26.44
2026-07-04 06:50:36.895,0.0,0.4,0.4,0.4,0,0,7.91,26.44
2026-07-04 06:50:37.394,0.0,0.4,0.4,0.4,0,0,7.91,26.44
2026-07-04 06:50:38.361,0.0,0.4,0.4,0.4,0,0,7.91,26.44
2026-07-04 06:50:38.363,0.0,0.4,0.4,0.4,0,0,7.91,26.44
2026-07-04 06:50:38.892,0.0,0.4,0.4,0.4,0,0,7.91,26.44
2026-07-04 06:50:39.400,0.0,0.4,0.4,0.4,0,0,7.91,26.44
2026-07-04 06:50:39.879,0.0,0.4,0.4,0.4,0,0,7.91,26.44
2026-07-04 06:50:40.376,0.0,0.4,0.4,0.4,0,0,7.91,26.44
2026-07-04 06:50:41.383,0.0,0.4,0.4,0.4,0,0,7.91,26.44
2026-07-04 06:50:41.383,0.0,0.4,0.4,0.4,0,0,7.91,26.44
2026-07-04 06:50:41.879,0.0,0.4,0.4,0.4,0,0,7.91,26.44
2026-07-04 06:50:42.371,0.0,0.4,0.4,0.4,0,0,7.91,26.44
2026-07-04 06:50:42.885,0.0,0.4,0.4,0.4,0,0,7.91,26.44
2026-07-04 06:50:43.402,0.0,0.4,0.4,0.4,0,0,7.91,26.44
2026-07-04 06:50:43.877,0.0,0.4,0.4,0.4,0,0,7.91,26.44
2026-07-04 06:50:44.415,0.0,0.4,0.4,0.4,0,0,7.91,26.44
2026-07-04 06:50:44.915,0.0,0.4,0.4,0.4,0,0,7.91,26.44
2026-07-04 06:50:45.412,0.0,0.4,0.4,0.4,0,0,7.91,26.44
2026-07-04 06:50:45.912,0.0,0.4,0.4,0.4,0,0,7.91,26.44
2026-07-04 06:50:46.407,0.0,0.4,0.4,0.4,0,0,7.91,26.44
2026-07-04 06:50:46.862,0.0,0.4,0.4,0.4,0,0,7.91,26.44
2026-07-04 06:50:47.399,0.0,0.4,0.4,0.4,0,0,7.91,26.44
2026-07-04 06:50:47.896,0.0,0.4,0.4,0.4,0,0,7.91,26.44
2026-07-04 06:50:48.397,0.0,0.4,0.4,0.4,0,0,7.91,26.44
2026-07-04 06:50:48.898,0.0,0.4,0.4,0.4,0,0,7.91,26.44
2026-07-04 06:50:49.398,0.0,0.4,0.4,0.4,0,0,7.91,26.44
2026-07-04 06:50:49.898,0.0,0.4,0.4,0.4,0,0,7.91,26.44
2026-07-04 06:50:50.398,0.0,0.4,0.4,0.4,0,0,7.91,26.44
2026-07-04 06:50:51.414,0.0,0.4,0.4,0.4,0,0,7.91,26.44
2026-07-04 06:50:51.415,0.0,0.4,0.4,0.4,0,0,7.91,26.44
2026-07-04 06:50:51.913,0.0,0.4,0.4,0.4,0,0,7.91,26.44
2026-07-04 06:50:52.412,0.0,0.4,0.4,0.4,0,0,7.91,26.44
2026-07-04 06:50:52.914,0.0,0.4,0.5,0.4,0,0,7.91,26.44
2026-07-04 06:50:53.414,0.0,0.4,0.4,0.4,0,0,7.91,26.44
2026-07-04 06:50:53.908,0.0,0.4,0.4,0.4,0,0,7.91,26.44
2026-07-04 06:50:54.376,0.0,0.4,0.4,0.4,0,0,7.91,26.44
2026-07-04 06:50:54.898,0.0,0.4,0.4,0.4,0,0,7.91,26.44
2026-07-04 06:50:55.357,0.0,0.4,0.4,0.4,0,0,7.91,26.44
2026-07-04 06:50:55.869,0.0,0.4,0.4,0.4,0,0,7.91,26.44
2026-07-04 06:50:56.372,0.0,0.4,0.4,0.4,0,0,7.91,26.44
2026-07-04 06:50:56.867,0.0,0.4,0.4,0.4,0,0,7.91,26.44
2026-07-04 06:50:57.368,0.0,0.4,0.4,0.4,0,0,7.91,26.44
2026-07-04 06:50:57.870,0.0,0.4,0.4,0.4,0,0,7.91,26.44
2026-07-04 06:50:58.411,0.0,0.4,0.4,0.4,0,0,7.91,26.44
2026-07-04 06:50:58.916,0.0,0.4,0.4,0.4,0,0,7.91,26.44
2026-07-04 06:50:59.399,0.0,0.4,0.4,0.4,0,0,7.91,26.44
2026-07-04 06:50:59.883,0.0,0.4,0.4,0.4,0,0,7.91,26.44
2026-07-04 06:51:00.381,0.0,0.4,0.4,0.4,0,0,7.91,26.44
2026-07-04 06:51:00.877,0.0,0.4,0.4,0.4,0,0,7.91,26.44
2026-07-04 06:51:01.380,0.0,0.4,0.5,0.4,0,0,7.91,26.44
2026-07-04 06:51:01.883,0.0,0.4,0.5,0.4,0,0,7.91,26.44
2026-07-04 06:51:02.381,0.0,0.4,0.4,0.4,0,0,7.91,26.44
2026-07-04 06:51:02.901,0.0,0.4,0.5,0.4,0,0,7.91,26.44
2026-07-04 06:51:03.377,0.0,0.4,0.4,0.4,0,0,7.91,26.44
2026-07-04 06:51:03.868,0.0,0.4,0.4,0.4,0,0,7.91,26.44
2026-07-04 06:51:04.364,0.0,0.4,0.4,0.4,0,0,7.91,26.44
2026-07-04 06:51:04.865,0.0,0.4,0.4,0.4,0,0,7.91,26.44
2026-07-04 06:51:05.363,0.0,0.4,0.4,0.4,0,0,7.91,26.44
2026-07-04 06:51:05.862,0.0,0.4,0.4,0.4,0,0,7.91,26.44
2026-07-04 06:51:06.412,0.0,0.4,0.4,0.4,0,0,7.91,26.44
2026-07-04 06:51:06.894,0.0,0.4,0.4,0.4,0,0,7.91,26.44
2026-07-04 06:51:07.377,0.0,0.4,0.4,0.4,0,0,7.91,26.44
2026-07-04 06:51:07.908,0.0,0.4,0.5,0.4,0,0,7.91,26.44
2026-07-04 06:51:08.381,0.0,0.4,0.4,0.4,0,0,7.91,26.44
2026-07-04 06:51:08.898,0.0,0.4,0.4,0.4,0,0,7.91,26.44
2026-07-04 06:51:09.399,0.0,0.4,0.5,0.4,0,0,7.91,26.44
2026-07-04 06:51:09.902,0.0,0.4,0.5,0.4,0,0,7.91,26.44
2026-07-04 06:51:10.402,0.0,0.4,0.4,0.4,0,0,7.91,26.44
2026-07-04 06:51:10.899,0.0,0.4,0.4,0.4,0,0,7.91,26.44
2026-07-04 06:51:11.379,0.0,0.4,0.4,0.4,0,0,7.91,26.44
2026-07-04 06:51:11.899,0.0,0.4,0.4,0.4,0,0,7.91,26.44
2026-07-04 06:51:12.397,0.0,0.4,0.4,0.4,0,0,7.91,26.44
2026-07-04 06:51:12.891,0.0,0.4,0.4,0.4,0,0,7.91,26.44
2026-07-04 06:51:13.394,0.0,0.4,0.4,0.4,0,0,7.91,26.44
2026-07-04 06:51:13.869,0.0,0.4,0.4,0.4,0,0,7.91,26.44
2026-07-04 06:51:14.374,0.0,0.4,0.4,0.4,0,0,7.91,26.44
2026-07-04 06:51:14.872,0.0,0.4,0.4,0.4,0,0,7.91,26.44
2026-07-04 06:51:15.373,0.0,0.4,0.5,0.4,0,0,7.91,26.44
2026-07-04 06:51:16.373,0.0,0.4,0.4,0.4,0,0,7.91,26.44
2026-07-04 06:51:16.429,0.0,0.4,0.4,0.4,0,0,7.91,26.44
2026-07-04 06:51:17.399,0.0,0.4,0.4,0.4,0,0,7.91,26.44
2026-07-04 06:51:17.400,0.0,0.4,0.4,0.4,0,0,7.91,26.44
2026-07-04 06:51:17.904,0.0,0.4,0.5,0.4,0,0,7.91,26.44
2026-07-04 06:51:18.405,0.0,0.4,0.4,0.4,0,0,7.91,26.44
2026-07-04 06:51:18.928,0.0,0.4,0.4,0.4,0,0,7.91,26.44
2026-07-04 06:51:19.429,0.0,0.4,0.4,0.4,0,0,7.91,26.44
2026-07-04 06:51:19.916,0.0,0.4,0.4,0.4,0,0,7.91,26.44
2026-07-04 06:51:20.372,0.0,0.4,0.4,0.4,0,0,7.91,26.44
2026-07-04 06:51:20.872,0.0,0.4,0.4,0.4,0,0,7.91,26.44
2026-07-04 06:51:21.399,0.0,0.4,0.4,0.4,0,0,7.91,26.44
2026-07-04 06:51:21.916,0.0,0.4,0.4,0.4,0,0,7.91,26.44
2026-07-04 06:51:22.430,0.0,0.4,0.4,0.4,0,0,7.91,26.44
2026-07-04 06:51:22.899,0.0,0.4,0.4,0.4,0,0,7.91,26.44
2026-07-04 06:51:23.404,0.0,0.4,0.4,0.4,0,0,7.91,26.44
2026-07-04 06:51:23.902,0.0,0.4,0.4,0.4,0,0,7.91,26.44
2026-07-04 06:51:24.397,0.0,0.4,0.4,0.4,0,0,7.91,26.44
2026-07-04 06:51:24.898,0.0,0.4,0.4,0.4,0,0,7.91,26.44
2026-07-04 06:51:25.430,0.0,0.4,0.4,0.4,0,0,7.91,26.44
2026-07-04 06:51:25.901,0.0,0.4,0.4,0.4,0,0,7.91,26.44
2026-07-04 06:51:26.370,0.0,0.4,0.4,0.4,0,0,7.91,26.44
2026-07-04 06:51:26.910,0.0,0.4,0.4,0.4,0,0,7.91,26.44
2026-07-04 06:51:27.416,0.0,0.4,0.4,0.4,0,0,7.91,26.44
2026-07-04 06:51:27.898,0.0,0.4,0.4,0.4,0,0,7.91,26.44
2026-07-04 06:51:28.398,0.0,0.4,0.4,0.4,0,0,7.91,26.44
2026-07-04 06:51:28.883,0.0,0.4,0.4,0.4,0,0,7.91,26.44
2026-07-04 06:51:29.379,0.0,0.4,0.4,0.4,0,0,7.91,26.44
2026-07-04 06:51:29.883,0.0,0.4,0.4,0.4,0,0,7.91,26.44
2026-07-04 06:51:30.380,0.0,0.4,0.4,0.4,0,0,7.91,26.44
2026-07-04 06:51:30.879,0.0,0.4,0.4,0.4,0,0,7.91,26.44
2026-07-04 06:51:31.380,0.0,0.4,0.4,0.4,0,0,7.91,26.44
2026-07-04 06:51:31.879,0.0,0.4,0.4,0.4,0,0,7.91,26.44
2026-07-04 06:51:32.380,0.0,0.4,0.4,0.4,0,0,7.91,26.44
2026-07-04 06:51:32.884,0.0,0.4,0.4,0.4,0,0,7.91,26.44
2026-07-04 06:51:33.415,0.0,0.4,0.4,0.4,0,0,7.91,26.44
2026-07-04 06:51:33.913,0.0,0.4,0.4,0.4,0,0,7.91,26.44
2026-07-04 06:51:34.429,0.0,0.4,0.4,0.4,0,0,7.91,26.44
2026-07-04 06:51:34.900,0.0,0.4,0.4,0.4,0,0,7.91,26.44
2026-07-04 06:51:35.398,0.0,0.4,0.4,0.4,0,0,7.91,26.44
2026-07-04 06:51:35.901,0.0,0.4,0.4,0.4,0,0,7.91,26.44
2026-07-04 06:51:36.398,0.0,0.4,0.4,0.4,0,0,7.91,26.44
2026-07-04 06:51:36.897,0.0,0.4,0.4,0.4,0,0,7.91,26.44
2026-07-04 06:51:37.391,0.0,0.4,0.4,0.4,0,0,7.91,26.44
2026-07-04 06:51:37.918,0.0,0.4,0.4,0.4,0,0,7.91,26.44
2026-07-04 06:51:38.393,0.0,0.4,0.4,0.4,0,0,7.91,26.44
2026-07-04 06:51:38.910,0.0,0.4,0.4,0.4,0,0,7.91,26.44
2026-07-04 06:51:39.411,0.0,0.4,0.4,0.4,0,0,7.91,26.44
2026-07-04 06:51:39.910,0.0,0.4,0.4,0.4,0,0,7.91,26.44
2026-07-04 06:51:40.397,0.0,0.4,0.4,0.4,0,0,7.91,26.44
2026-07-04 06:51:40.891,0.0,0.4,0.4,0.4,0,0,7.91,26.44
2026-07-04 06:51:41.391,0.0,0.4,0.4,0.4,0,0,7.91,26.44
2026-07-04 06:51:42.397,0.0,0.4,0.4,0.4,0,0,7.91,26.44
2026-07-04 06:51:42.399,0.0,0.4,0.4,0.4,0,0,7.91,26.44
2026-07-04 06:51:42.898,0.0,0.4,0.4,0.4,0,0,7.91,26.44
2026-07-04 06:51:43.403,0.0,0.4,0.4,0.4,0,0,7.91,26.44
2026-07-04 06:51:43.899,0.0,0.4,0.4,0.4,0,0,7.91,26.44
2026-07-04 06:51:44.416,0.0,0.4,0.4,0.4,0,0,7.91,26.44
2026-07-04 06:51:44.916,0.0,0.4,0.4,0.4,0,0,7.91,26.44
2026-07-04 06:51:45.416,0.0,0.4,0.4,0.4,0,0,7.91,26.44
2026-07-04 06:51:45.897,0.0,0.4,0.4,0.4,0,0,7.91,26.44
2026-07-04 06:51:46.397,0.0,0.4,0.4,0.4,0,0,7.91,26.44
2026-07-04 06:51:46.944,0.0,0.4,0.4,0.4,0,0,7.91,26.44
2026-07-04 06:51:47.444,0.0,0.4,0.4,0.4,0,0,7.91,26.44
2026-07-04 06:51:47.925,0.0,0.4,0.4,0.4,0,0,7.91,26.44
2026-07-04 06:51:48.390,0.0,0.4,0.0,0.4,0,0,7.91,26.44
2026-07-04 06:51:49.420,0.0,0.4,0.0,0.4,0,0,7.91,26.44
2026-07-04 06:51:49.422,0.0,0.4,0.0,0.4,0,0,7.91,26.44
2026-07-04 06:51:49.921,0.0,0.4,0.0,0.4,0,0,7.91,26.44
2026-07-04 06:51:50.421,0.0,0.4,0.0,0.4,0,0,7.91,26.44
2026-07-04 06:51:50.928,0.0,0.4,0.0,0.4,0,0,7.91,26.44
2026-07-04 06:51:51.428,0.0,0.4,0.0,0.4,0,0,7.91,26.44
2026-07-04 06:51:51.900,0.0,0.4,0.0,0.4,0,0,7.91,26.44
2026-07-04 06:51:52.397,0.0,0.4,0.0,0.4,0,0,7.91,26.44
2026-07-04 06:51:52.899,0.0,0.4,0.0,0.4,0,0,7.91,26.44
2026-07-04 06:51:53.399,0.0,0.4,0.0,0.4,0,0,7.91,26.44
2026-07-04 06:51:53.900,0.0,0.4,0.0,0.4,0,0,7.91,26.44
2026-07-04 06:51:54.397,0.0,0.4,0.0,0.4,0,0,7.91,26.44
2026-07-04 06:51:54.894,0.0,0.4,0.0,0.4,0,0,7.91,26.44
2026-07-04 06:51:55.426,0.0,0.4,0.0,0.4,0,0,7.91,26.44
2026-07-04 06:51:55.916,0.0,0.4,0.0,0.4,0,0,7.91,26.44
2026-07-04 06:51:56.429,0.0,0.4,0.0,0.4,0,0,7.91,26.44
2026-07-04 06:51:56.929,0.0,0.4,0.0,0.4,0,0,7.91,26.44
2026-07-04 06:51:57.449,0.0,0.4,0.0,0.4,0,0,7.91,26.44
2026-07-04 06:51:57.946,0.0,0.4,0.0,0.4,0,0,7.91,26.44
2026-07-04 06:51:58.444,0.0,0.4,0.0,0.4,0,0,7.91,26.44
2026-07-04 06:51:59.445,0.0,0.4,0.0,0.4,0,0,7.91,26.44
2026-07-04 06:51:59.446,0.0,0.4,0.0,0.4,0,0,7.91,26.44
2026-07-04 06:51:59.944,0.0,0.4,0.0,0.4,0,0,7.91,26.44
2026-07-04 06:52:00.444,0.0,0.4,0.0,0.4,0,0,7.91,26.44
2026-07-04 06:52:00.903,0.0,0.4,0.0,0.4,0,0,7.91,26.44
2026-07-04 06:52:01.449,0.0,0.4,0.0,0.4,0,0,7.91,26.44
2026-07-04 06:52:01.927,0.0,0.4,0.0,0.4,0,0,7.91,26.44
2026-07-04 06:52:02.400,0.0,0.4,0.0,0.4,0,0,7.91,26.44
2026-07-04 06:52:02.898,0.0,0.4,0.0,0.4,0,0,7.91,26.44
2026-07-04 06:52:03.960,0.0,0.4,0.0,0.4,0,0,7.91,26.44
2026-07-04 06:52:03.961,0.0,0.4,0.0,0.4,0,0,7.91,26.44
2026-07-04 06:52:04.430,0.0,0.4,0.0,0.4,0,0,7.91,26.44
2026-07-04 06:52:04.928,0.0,0.4,0.0,0.4,0,0,7.91,26.44
2026-07-04 06:52:05.428,0.0,0.4,0.0,0.4,0,0,7.91,26.44
2026-07-04 06:52:05.933,0.0,0.4,0.0,0.4,0,0,7.91,26.44
2026-07-04 06:52:06.446,0.0,0.4,0.0,0.4,0,0,7.91,26.44
2026-07-04 06:52:06.920,0.0,0.4,0.0,0.4,0,0,7.91,26.44
2026-07-04 06:52:07.400,0.0,0.4,0.0,0.4,0,0,7.91,26.44
2026-07-04 06:52:07.949,0.0,0.4,0.0,0.4,0,0,7.91,26.44
2026-07-04 06:52:08.444,0.0,0.4,0.0,0.4,0,0,7.91,26.44
2026-07-04 06:52:08.943,0.0,0.4,0.0,0.4,0,0,7.91,26.44
2026-07-04 06:52:09.443,0.0,0.4,0.0,0.4,0,0,7.91,26.44
2026-07-04 06:52:09.943,0.0,0.4,0.0,0.4,0,0,7.91,26.44
2026-07-04 06:52:10.443,0.0,0.4,0.0,0.4,0,0,7.91,26.44
2026-07-04 06:52:10.940,0.0,0.4,0.0,0.4,0,0,7.91,26.44
2026-07-04 06:52:11.440,0.0,0.4,0.0,0.4,0,0,7.91,26.44
2026-07-04 06:52:11.941,0.0,0.4,0.0,0.4,0,0,7.91,26.44
2026-07-04 06:52:12.444,0.0,0.4,0.0,0.4,0,0,7.91,26.44
2026-07-04 06:52:12.914,0.0,0.4,0.0,0.4,0,0,7.91,26.44
2026-07-04 06:52:13.413,0.0,0.4,0.0,0.4,0,0,7.91,26.44
2026-07-04 06:52:13.913,0.0,0.4,0.0,0.4,0,0,7.91,26.44
2026-07-04 06:52:14.444,0.0,0.4,0.0,0.4,0,0,7.91,26.44
2026-07-04 06:52:15.427,0.0,0.4,0.0,0.4,0,0,7.91,26.44
2026-07-04 06:52:15.428,0.0,0.4,0.0,0.4,0,0,7.91,26.44
2026-07-04 06:52:15.927,0.0,0.4,0.0,0.4,0,0,7.91,26.44
2026-07-04 06:52:16.429,0.0,0.4,0.0,0.4,0,0,7.91,26.44
2026-07-04 06:52:16.925,0.0,0.4,0.0,0.4,0,0,7.91,26.44
2026-07-04 06:52:17.929,0.0,0.4,0.0,0.4,0,0,7.91,26.44
2026-07-04 06:52:17.930,0.0,0.4,0.0,0.4,0,0,7.91,26.44
2026-07-04 06:52:18.429,0.0,0.4,0.0,0.4,0,0,7.91,26.44
2026-07-04 06:52:18.926,0.0,0.4,0.0,0.4,0,0,7.91,26.44
2026-07-04 06:52:19.418,0.0,0.4,0.0,0.4,0,0,7.91,26.44
2026-07-04 06:52:19.909,0.0,0.4,0.0,0.4,0,0,7.91,26.44
2026-07-04 06:52:20.421,0.0,0.4,0.0,0.4,0,0,7.91,26.44
2026-07-04 06:52:20.923,0.0,0.4,0.0,0.4,0,0,7.91,26.44
2026-07-04 06:52:21.453,0.0,0.4,0.0,0.4,0,0,7.91,26.44
2026-07-04 06:52:21.948,0.0,0.4,0.0,0.4,0,0,7.91,26.44
2026-07-04 06:52:22.410,0.0,0.4,0.0,0.4,0,0,7.91,26.44
2026-07-04 06:52:22.921,0.0,0.4,0.0,0.4,0,0,7.91,26.44
2026-07-04 06:52:23.424,0.0,0.4,0.0,0.4,0,0,7.91,26.44
2026-07-04 06:52:23.952,0.0,0.4,0.0,0.4,0,0,7.91,26.44
2026-07-04 06:52:24.403,0.0,0.4,0.0,0.4,0,0,7.91,26.44
2026-07-04 06:52:24.905,0.0,0.4,0.0,0.4,0,0,7.91,26.44
2026-07-04 06:52:25.458,0.0,0.4,0.0,0.4,0,0,7.91,26.44
2026-07-04 06:52:25.958,0.0,0.4,0.0,0.4,0,0,7.91,26.44
2026-07-04 06:52:26.402,0.0,0.4,0.0,0.4,0,0,7.91,26.44
2026-07-04 06:52:26.933,0.0,0.4,0.0,0.4,0,0,7.91,26.44
2026-07-04 06:52:27.416,0.0,0.4,0.0,0.4,0,0,7.91,26.44
2026-07-04 06:52:27.959,0.0,0.4,0.0,0.4,0,0,7.91,26.44
2026-07-04 06:52:28.458,0.0,0.4,0.0,0.4,0,0,7.91,26.44
2026-07-04 06:52:28.958,0.0,0.4,0.0,0.4,0,0,7.91,26.44
2026-07-04 06:52:29.459,0.0,0.4,0.0,0.4,0,0,7.91,26.44
2026-07-04 06:52:29.948,0.0,0.4,0.0,0.4,0,0,7.91,26.44
2026-07-04 06:52:30.429,0.0,0.4,0.0,0.4,0,0,7.91,26.44
2026-07-04 06:52:30.926,0.0,0.4,0.0,0.4,0,0,7.91,26.44
2026-07-04 06:52:31.454,0.0,0.4,0.0,0.4,0,0,7.91,26.44
2026-07-04 06:52:31.959,0.0,0.4,0.0,0.4,0,0,7.91,26.44
2026-07-04 06:52:32.450,0.0,0.4,0.0,0.4,0,0,7.91,26.44
2026-07-04 06:52:32.929,0.0,0.4,0.0,0.4,0,0,7.91,26.44
2026-07-04 06:52:33.427,0.0,0.4,0.0,0.4,0,0,7.91,26.44
2026-07-04 06:52:33.917,0.0,0.4,0.0,0.4,0,0,7.91,26.44
2026-07-04 06:52:34.413,0.0,0.4,0.0,0.4,0,0,7.91,26.44
2026-07-04 06:52:34.910,0.0,0.4,0.0,0.4,0,0,7.91,26.44
2026-07-04 06:52:35.474,0.0,0.4,0.0,0.4,0,0,7.91,26.44
2026-07-04 06:52:35.910,0.0,0.4,0.0,0.4,0,0,7.91,26.44
2026-07-04 06:52:36.470,0.0,0.4,0.0,0.4,0,0,7.91,26.44
2026-07-04 06:52:36.924,0.0,0.4,0.0,0.4,0,0,7.91,26.44
2026-07-04 06:52:37.420,0.0,0.4,0.0,0.4,0,0,7.91,26.44
2026-07-04 06:52:37.933,0.0,0.4,0.0,0.4,0,0,7.91,26.44
2026-07-04 06:52:38.432,0.0,0.4,0.0,0.4,0,0,7.91,26.44
2026-07-04 06:52:38.958,0.0,0.4,0.0,0.4,0,0,7.91,26.44
2026-07-04 06:52:39.460,0.0,0.4,0.0,0.4,0,0,7.91,26.44
2026-07-04 06:52:40.459,0.0,0.4,0.0,0.4,0,0,7.91,26.44
2026-07-04 06:52:40.461,0.0,0.4,0.0,0.4,0,0,7.91,26.44
2026-07-04 06:52:40.957,0.0,0.4,0.0,0.4,0,0,7.91,26.44
2026-07-04 06:52:41.461,0.0,0.4,0.0,0.4,0,0,7.91,26.44
2026-07-04 06:52:41.958,0.0,0.4,0.0,0.4,0,0,7.91,26.44
2026-07-04 06:52:42.458,0.0,0.4,0.0,0.4,0,0,7.91,26.44
2026-07-04 06:52:42.957,0.0,0.4,0.0,0.4,0,0,7.91,26.44
2026-07-04 06:52:43.459,0.0,0.4,0.0,0.4,0,0,7.91,26.44
2026-07-04 06:52:43.958,0.0,0.4,0.0,0.4,0,0,7.91,26.44
2026-07-04 06:52:44.455,0.0,0.4,0.0,0.4,0,0,7.91,26.44
2026-07-04 06:52:44.941,0.0,0.4,0.0,0.4,0,0,7.91,26.44
2026-07-04 06:52:45.459,0.0,0.4,0.0,0.4,0,0,7.91,26.44
2026-07-04 06:52:45.960,0.0,0.4,0.0,0.4,0,0,7.91,26.44
2026-07-04 06:52:46.458,0.0,0.4,0.0,0.4,0,0,7.91,26.44
2026-07-04 06:52:46.959,0.0,0.4,0.0,0.4,0,0,7.91,26.44
2026-07-04 06:52:47.460,0.0,0.4,0.0,0.4,0,0,7.91,26.44
2026-07-04 06:52:47.958,0.0,0.4,0.0,0.4,0,0,7.91,26.44
2026-07-04 06:52:48.444,0.0,0.4,0.0,0.4,0,0,7.91,26.44
2026-07-04 06:52:48.933,0.0,0.4,0.0,0.4,0,0,7.91,26.44
2026-07-04 06:52:49.429,0.0,0.4,0.0,0.4,0,0,7.91,26.44
2026-07-04 06:52:49.935,0.0,0.4,0.0,0.4,0,0,7.91,26.44
2026-07-04 06:52:50.428,0.0,0.4,0.0,0.4,0,0,7.91,26.44
2026-07-04 06:52:50.929,0.0,0.4,0.0,0.4,0,0,7.91,26.44
2026-07-04 06:52:51.459,0.0,0.4,0.0,0.4,0,0,7.91,26.44
2026-07-04 06:52:51.959,0.0,0.4,0.0,0.4,0,0,7.91,26.44
2026-07-04 06:52:52.458,0.0,0.4,0.0,0.4,0,0,7.91,26.44
2026-07-04 06:52:52.957,0.0,0.4,0.0,0.4,0,0,7.91,26.44
2026-07-04 06:52:53.458,0.0,0.4,0.0,0.4,0,0,7.91,26.44
2026-07-04 06:52:53.957,0.0,0.4,0.0,0.4,0,0,7.91,26.44
2026-07-04 06:52:54.459,0.0,0.4,0.0,0.4,0,0,7.91,26.44
2026-07-04 06:52:54.958,0.0,0.4,0.0,0.4,0,0,7.91,26.44
2026-07-04 06:52:55.441,0.0,0.4,0.0,0.4,0,0,7.91,26.44
2026-07-04 06:52:55.925,0.0,0.4,0.0,0.4,0,0,7.91,26.44
2026-07-04 06:52:56.445,0.0,0.4,0.0,0.4,0,0,7.91,26.44
2026-07-04 06:52:56.948,0.0,0.4,0.0,0.4,0,0,7.91,26.44
2026-07-04 06:52:57.448,0.0,0.4,0.0,0.4,0,0,7.91,26.44
2026-07-04 06:52:57.922,0.0,0.4,0.0,0.4,0,0,7.91,26.44
2026-07-04 06:52:58.474,0.0,0.4,0.0,0.4,0,0,7.91,26.44
2026-07-04 06:52:58.970,0.0,0.4,0.0,0.4,0,0,7.91,26.44
2026-07-04 06:52:59.470,0.0,0.4,0.0,0.4,0,0,7.91,26.44
2026-07-04 06:52:59.925,0.0,0.4,0.0,0.4,0,0,7.91,26.44
2026-07-04 06:53:00.468,0.0,0.4,0.0,0.4,0,0,7.91,26.44
2026-07-04 06:53:00.985,0.0,0.4,0.0,0.4,0,0,7.91,26.44
2026-07-04 06:53:01.454,0.0,0.4,0.0,0.4,0,0,7.91,26.44
2026-07-04 06:53:01.979,0.0,0.4,0.0,0.4,0,0,7.91,26.44
2026-07-04 06:53:02.928,0.0,0.4,0.0,0.4,0,0,7.91,26.44
2026-07-04 06:53:02.928,0.0,0.4,0.0,0.4,0,0,7.91,26.44
2026-07-04 06:53:03.447,0.0,0.4,0.0,0.4,0,0,7.91,26.44
2026-07-04 06:53:03.947,0.0,0.4,0.0,0.4,0,0,7.91,26.44
2026-07-04 06:53:04.459,0.0,0.4,0.0,0.4,0,0,7.91,26.44
2026-07-04 06:53:04.956,0.0,0.4,0.0,0.4,0,0,7.91,26.44
2026-07-04 06:53:05.459,0.0,0.4,0.0,0.4,0,0,7.91,26.44
2026-07-04 06:53:05.959,0.0,0.4,0.0,0.4,0,0,7.91,26.44
2026-07-04 06:53:06.458,0.0,0.4,0.0,0.4,0,0,7.91,26.44
2026-07-04 06:53:06.958,0.0,0.4,0.0,0.4,0,0,7.91,26.44
2026-07-04 06:53:07.459,0.0,0.4,0.0,0.4,0,0,7.91,26.44
2026-07-04 06:53:08.459,0.0,0.4,0.0,0.4,0,0,7.91,26.44
2026-07-04 06:53:08.460,0.0,0.4,0.0,0.4,0,0,7.91,26.44
2026-07-04 06:53:08.958,0.0,0.4,0.0,0.4,0,0,7.91,26.44
2026-07-04 06:53:09.457,0.0,0.4,0.0,0.4,0,0,7.91,26.44
2026-07-04 06:53:09.956,0.0,0.4,0.0,0.4,0,0,7.91,26.44
2026-07-04 06:53:10.456,0.0,0.4,0.0,0.4,0,0,7.91,26.44
2026-07-04 06:53:10.972,0.0,0.4,0.0,0.4,0,0,7.91,26.44
2026-07-04 06:53:11.477,0.0,0.4,0.0,0.4,0,0,7.91,26.44
2026-07-04 06:53:11.984,0.0,0.4,0.0,0.4,0,0,7.91,26.44
2026-07-04 06:53:12.427,0.0,0.4,0.0,0.4,0,0,7.91,26.44
2026-07-04 06:53:12.928,0.0,0.4,0.0,0.4,0,0,7.91,26.44
2026-07-04 06:53:13.448,0.0,0.4,0.0,0.4,0,0,7.91,26.44
2026-07-04 06:53:13.958,0.0,0.4,0.0,0.4,0,0,7.91,26.44
2026-07-04 06:53:14.459,0.0,0.4,0.0,0.4,0,0,7.91,26.44
2026-07-04 06:53:14.958,0.0,0.4,0.0,0.4,0,0,7.91,26.44
2026-07-04 06:53:15.459,0.0,0.4,0.0,0.4,0,0,7.91,26.44
2026-07-04 06:53:16.487,0.0,0.4,0.0,0.4,0,0,7.91,26.44
2026-07-04 06:53:16.488,0.0,0.4,0.0,0.4,0,0,7.91,26.44
2026-07-04 06:53:17.459,0.0,0.4,0.0,0.4,0,0,7.91,26.44
2026-07-04 06:53:17.460,0.0,0.4,0.0,0.4,0,0,7.91,26.44
2026-07-04 06:53:17.957,0.0,0.4,0.0,0.4,0,0,7.91,26.44
2026-07-04 06:53:18.479,0.0,0.4,0.0,0.4,0,0,7.91,26.44
2026-07-04 06:53:18.947,0.0,0.4,0.0,0.4,0,0,7.91,26.44
2026-07-04 06:53:19.489,0.0,0.4,0.0,0.4,0,0,7.91,26.44
2026-07-04 06:53:19.979,0.0,0.4,0.0,0.4,0,0,7.91,26.44
2026-07-04 06:53:20.476,0.0,0.4,0.0,0.4,0,0,7.91,26.44
2026-07-04 06:53:20.972,0.0,0.4,0.0,0.4,0,0,7.91,26.44
2026-07-04 06:53:21.477,0.0,0.4,0.0,0.4,0,0,7.91,26.44
2026-07-04 06:53:21.978,0.0,0.4,0.0,0.4,0,0,7.91,26.44
2026-07-04 06:53:22.476,0.0,0.4,0.0,0.4,0,0,7.91,26.44
2026-07-04 06:53:22.963,0.0,0.4,0.0,0.4,0,0,7.91,26.44
2026-07-04 06:53:23.441,0.0,0.4,0.0,0.4,0,0,7.91,26.44
2026-07-04 06:53:23.989,0.0,0.4,0.0,0.4,0,0,7.91,26.44
2026-07-04 06:53:24.459,0.0,0.4,0.0,0.4,0,0,7.91,26.44
2026-07-04 06:53:24.958,0.0,0.4,0.0,0.4,0,0,7.91,26.44
2026-07-04 06:53:25.488,0.0,0.4,0.0,0.4,0,0,7.91,26.44
2026-07-04 06:53:25.960,0.0,0.4,0.0,0.4,0,0,7.91,26.44
2026-07-04 06:53:26.459,0.0,0.4,0.0,0.4,0,0,7.91,26.44
2026-07-04 06:53:26.958,0.0,0.4,0.0,0.4,0,0,7.91,26.44
2026-07-04 06:53:27.460,0.0,0.4,0.0,0.4,0,0,7.91,26.44
2026-07-04 06:53:27.958,0.0,0.4,0.0,0.4,0,0,7.91,26.44
2026-07-04 06:53:28.458,0.0,0.4,0.0,0.4,0,0,7.91,26.44
2026-07-04 06:53:28.957,0.0,0.4,0.0,0.4,0,0,7.91,26.44
2026-07-04 06:53:29.457,0.0,0.4,0.0,0.4,0,0,7.91,26.44
2026-07-04 06:53:29.946,0.0,0.4,0.0,0.4,0,0,7.91,26.44
2026-07-04 06:53:30.943,0.0,0.4,0.0,0.4,0,0,7.91,26.44
2026-07-04 06:53:31.005,0.0,0.4,0.0,0.4,0,0,7.91,26.44
2026-07-04 06:53:31.443,0.0,0.4,0.0,0.4,0,0,7.91,26.44
2026-07-04 06:53:31.943,0.0,0.4,0.0,0.4,0,0,7.91,26.44
2026-07-04 06:53:32.441,0.0,0.4,0.0,0.5,0,0,7.91,26.44
2026-07-04 06:53:32.943,0.0,0.4,0.0,0.5,0,0,7.91,26.44
2026-07-04 06:53:33.490,0.0,0.4,0.0,0.5,0,0,7.91,26.44
2026-07-04 06:53:33.988,0.0,0.4,0.0,0.4,0,0,7.91,26.44
2026-07-04 06:53:34.458,0.0,0.4,0.0,0.4,0,0,7.91,26.44
2026-07-04 06:53:34.972,0.0,0.4,0.0,0.4,0,0,7.91,26.44
2026-07-04 06:53:35.476,0.0,0.4,0.0,0.4,0,0,7.91,26.44
2026-07-04 06:53:35.976,0.0,0.4,0.0,0.4,0,0,7.91,26.44
2026-07-04 06:53:36.469,0.0,0.4,0.0,0.4,0,0,7.91,26.44
2026-07-04 06:53:36.983,0.0,0.4,0.0,0.4,0,0,7.91,26.44
2026-07-04 06:53:37.483,0.0,0.4,0.0,0.4,0,0,7.91,26.44
2026-07-04 06:53:37.982,0.0,0.4,0.0,0.4,0,0,7.91,26.44
2026-07-04 06:53:38.476,0.0,0.4,0.0,0.4,0,0,7.91,26.44
2026-07-04 06:53:38.947,0.0,0.4,0.0,0.4,0,0,7.91,26.44
2026-07-04 06:53:39.477,0.0,0.4,0.0,0.4,0,0,7.91,26.44
2026-07-04 06:53:39.958,0.0,0.4,0.0,0.4,0,0,7.91,26.44
2026-07-04 06:53:40.461,0.0,0.4,0.0,0.4,0,0,7.91,26.44
2026-07-04 06:53:40.958,0.0,0.4,0.0,0.4,0,0,7.91,26.44
2026-07-04 06:53:41.458,0.0,0.4,0.0,0.4,0,0,7.91,26.44
2026-07-04 06:53:41.958,0.0,0.4,0.0,0.4,0,0,7.91,26.44
2026-07-04 06:53:42.454,0.0,0.4,0.0,0.4,0,0,7.91,26.44
2026-07-04 06:53:43.150,0.0,0.4,0.0,0.4,0,0,7.91,26.44
2026-07-04 06:53:43.480,0.0,0.4,0.0,0.4,0,0,7.91,26.44
2026-07-04 06:53:43.481,0.0,0.4,0.0,0.4,0,0,7.91,26.44
2026-07-04 06:53:43.950,0.0,0.4,0.0,0.4,0,0,7.91,26.44
2026-07-04 06:53:44.472,0.0,0.4,0.0,0.4,0,0,7.91,26.44
2026-07-04 06:53:45.001,0.0,0.4,0.0,0.4,0,0,7.91,26.44
2026-07-04 06:53:45.506,0.0,0.4,0.0,0.4,0,0,7.91,26.44
2026-07-04 06:53:46.005,0.0,0.4,0.0,0.4,0,0,7.91,26.44
2026-07-04 06:53:46.503,0.0,0.4,0.0,0.4,0,0,7.91,26.44
2026-07-04 06:53:46.986,0.0,0.4,0.0,0.4,0,0,7.91,26.44
2026-07-04 06:53:47.459,0.0,0.4,0.0,0.4,0,0,7.91,26.44
2026-07-04 06:53:47.980,0.0,0.4,0.0,0.4,0,0,7.91,26.44
2026-07-04 06:53:48.477,0.0,0.4,0.0,0.4,0,0,7.91,26.44
2026-07-04 06:53:48.959,0.0,0.4,0.0,0.4,0,0,7.91,26.44
2026-07-04 06:53:49.509,0.0,0.4,0.0,0.4,0,0,7.91,26.44
2026-07-04 06:53:49.988,0.0,0.4,0.0,0.4,0,0,7.91,26.44
2026-07-04 06:53:50.476,0.0,0.4,0.0,0.4,0,0,7.91,26.44
2026-07-04 06:53:50.977,0.0,0.4,0.0,0.5,0,0,7.91,26.44
2026-07-04 06:53:51.458,0.0,0.4,0.0,0.5,0,0,7.91,26.44
2026-07-04 06:53:52.489,0.0,0.4,0.0,0.5,0,0,7.91,26.44
2026-07-04 06:53:52.490,0.0,0.4,0.0,0.5,0,0,7.91,26.44
2026-07-04 06:53:52.977,0.0,0.4,0.0,0.5,0,0,7.91,26.44
2026-07-04 06:53:53.478,0.0,0.4,0.0,0.5,0,0,7.91,26.44
2026-07-04 06:53:53.959,0.0,0.4,0.0,0.5,0,0,7.91,26.44
2026-07-04 06:53:54.459,0.0,0.4,0.0,0.4,0,0,7.91,26.44
2026-07-04 06:53:54.958,0.0,0.4,0.0,0.4,0,0,7.91,26.44
2026-07-04 06:53:55.508,0.0,0.4,0.0,0.4,0,0,7.91,26.44
2026-07-04 06:53:55.988,0.0,0.4,0.0,0.4,0,0,7.91,26.44
2026-07-04 06:53:56.459,0.0,0.4,0.0,0.4,0,0,7.91,26.44
2026-07-04 06:53:56.958,0.0,0.4,0.0,0.4,0,0,7.91,26.44
2026-07-04 06:53:57.458,0.0,0.4,0.0,0.4,0,0,7.91,26.44
2026-07-04 06:53:57.959,0.0,0.4,0.0,0.4,0,0,7.91,26.44
2026-07-04 06:53:58.458,0.0,0.4,0.0,0.4,0,0,7.91,26.44
2026-07-04 06:53:58.958,0.0,0.4,0.0,0.4,0,0,7.91,26.44
2026-07-04 06:53:59.462,0.0,0.4,0.0,0.4,0,0,7.91,26.44
2026-07-04 06:53:59.958,0.0,0.4,0.0,0.4,0,0,7.91,26.44
2026-07-04 06:54:00.458,0.0,0.4,0.0,0.4,0,0,7.91,26.44
2026-07-04 06:54:00.957,0.0,0.4,0.0,0.4,0,0,7.91,26.44
2026-07-04 06:54:01.458,0.0,0.4,0.0,0.4,0,0,7.91,26.44
2026-07-04 06:54:01.955,0.0,0.4,0.0,0.4,0,0,7.91,26.44
2026-07-04 06:54:02.458,0.0,0.4,0.0,0.4,0,0,7.91,26.44
2026-07-04 06:54:02.959,0.0,0.4,0.0,0.4,0,0,7.91,26.44
2026-07-04 06:54:03.508,0.0,0.4,0.0,0.4,0,0,7.91,26.44
2026-07-04 06:54:03.986,0.0,0.4,0.0,0.4,0,0,7.91,26.44
2026-07-04 06:54:04.508,0.0,0.4,0.0,0.4,0,0,7.91,26.44
2026-07-04 06:54:04.959,0.0,0.4,0.0,0.4,0,0,7.91,26.44
2026-07-04 06:54:05.477,0.0,0.4,0.0,0.4,0,0,7.91,26.44
2026-07-04 06:54:05.983,0.0,0.4,0.0,0.4,0,0,7.91,26.44
2026-07-04 06:54:06.481,0.0,0.4,0.0,0.4,0,0,7.91,26.44
2026-07-04 06:54:06.983,0.0,0.4,0.0,0.4,0,0,7.91,26.44
2026-07-04 06:54:07.481,0.0,0.4,0.0,0.4,0,0,7.91,26.44
2026-07-04 06:54:07.981,0.0,0.4,0.0,0.4,0,0,7.91,26.44
2026-07-04 06:54:08.509,0.0,0.4,0.0,0.4,0,0,7.91,26.44
2026-07-04 06:54:08.980,0.0,0.4,0.0,0.4,0,0,7.91,26.44
2026-07-04 06:54:09.507,0.0,0.4,0.0,0.4,0,0,7.91,26.44
2026-07-04 06:54:10.013,0.0,0.4,0.0,0.4,0,0,7.91,26.44
2026-07-04 06:54:10.458,0.0,0.4,0.0,0.4,0,0,7.91,26.44
2026-07-04 06:54:10.985,0.0,0.4,0.0,0.4,0,0,7.91,26.44
2026-07-04 06:54:11.508,0.0,0.4,0.0,0.4,0,0,7.91,26.44
2026-07-04 06:54:11.982,0.0,0.4,0.0,0.4,0,0,7.91,26.44
2026-07-04 06:54:12.488,0.0,0.4,0.0,0.4,0,0,7.91,26.44
2026-07-04 06:54:12.979,0.0,0.4,0.0,0.4,0,0,7.91,26.44
2026-07-04 06:54:13.491,0.0,0.4,0.0,0.4,0,0,7.91,26.44
2026-07-04 06:54:14.012,0.0,0.4,0.0,0.4,0,0,7.91,26.44
2026-07-04 06:54:14.512,0.0,0.4,0.0,0.4,0,0,7.91,26.44
2026-07-04 06:54:14.988,0.0,0.4,0.0,0.4,0,0,7.91,26.44
2026-07-04 06:54:15.525,0.0,0.4,0.0,0.4,0,0,7.91,26.44
2026-07-04 06:54:16.010,0.0,0.4,0.0,0.4,0,0,7.91,26.44
2026-07-04 06:54:16.488,0.0,0.4,0.0,0.4,0,0,7.91,26.44
2026-07-04 06:54:16.972,0.0,0.4,0.0,0.4,0,0,7.91,26.44
2026-07-04 06:54:17.524,0.0,0.4,0.0,0.4,0,0,7.91,26.44
2026-07-04 06:54:18.009,0.0,0.4,0.0,0.4,0,0,7.91,26.44
2026-07-04 06:54:18.489,0.0,0.4,0.0,0.4,0,0,7.91,26.44
2026-07-04 06:54:18.989,0.0,0.4,0.0,0.4,0,0,7.91,26.44
2026-07-04 06:54:19.489,0.0,0.4,0.0,0.4,0,0,7.91,26.44
2026-07-04 06:54:19.990,0.0,0.4,0.0,0.4,0,0,7.91,26.44
2026-07-04 06:54:20.489,0.0,0.4,0.0,0.4,0,0,7.91,26.44
2026-07-04 06:54:20.989,0.0,0.4,0.0,0.4,0,0,7.91,26.44
2026-07-04 06:54:21.489,0.0,0.4,0.0,0.4,0,0,7.91,26.44
2026-07-04 06:54:21.970,0.0,0.4,0.0,0.4,0,0,7.91,26.44
2026-07-04 06:54:22.501,0.0,0.4,0.0,0.4,0,0,7.91,26.44
2026-07-04 06:54:23.015,0.0,0.4,0.0,0.4,0,0,7.91,26.44
2026-07-04 06:54:23.514,0.0,0.4,0.0,0.4,0,0,7.91,26.44
2026-07-04 06:54:24.029,0.0,0.4,0.0,0.4,0,0,7.91,26.44
2026-07-04 06:54:24.489,0.0,0.4,0.0,0.4,0,0,7.91,26.44
2026-07-04 06:54:25.005,0.0,0.4,0.0,0.4,0,0,7.91,26.44
2026-07-04 06:54:25.512,0.0,0.4,0.0,0.4,0,0,7.91,26.44
2026-07-04 06:54:26.029,0.0,0.4,0.0,0.4,0,0,7.91,26.44
2026-07-04 06:54:26.989,0.0,0.4,0.0,0.4,0,0,7.91,26.44
2026-07-04 06:54:26.990,0.0,0.4,0.0,0.4,0,0,7.91,26.44
2026-07-04 06:54:27.508,0.0,0.4,0.0,0.4,0,0,7.91,26.44
2026-07-04 06:54:27.983,0.0,0.4,0.0,0.4,0,0,7.91,26.44
2026-07-04 06:54:28.488,0.0,0.4,0.0,0.4,0,0,7.91,26.44
2026-07-04 06:54:29.011,0.0,0.4,0.0,0.4,0,0,7.91,26.44
2026-07-04 06:54:29.510,0.0,0.4,0.0,0.4,0,0,7.91,26.44
2026-07-04 06:54:30.008,0.0,0.4,0.0,0.4,0,0,7.91,26.44
2026-07-04 06:54:30.508,0.0,0.4,0.0,0.4,0,0,7.91,26.44
2026-07-04 06:54:31.002,0.0,0.4,0.0,0.4,0,0,7.91,26.44
2026-07-04 06:54:31.516,0.0,0.4,0.0,0.4,0,0,7.91,26.44
2026-07-04 06:54:32.005,0.0,0.4,0.0,0.4,0,0,7.91,26.44
2026-07-04 06:54:32.510,0.0,0.4,0.0,0.4,0,0,7.91,26.44
2026-07-04 06:54:33.039,0.0,0.4,0.0,0.4,0,0,7.91,26.44
2026-07-04 06:54:33.512,0.0,0.4,0.0,0.4,0,0,7.91,26.44
2026-07-04 06:54:34.489,0.0,0.4,0.0,0.4,0,0,7.91,26.44
2026-07-04 06:54:34.490,0.0,0.4,0.0,0.4,0,0,7.91,26.44
2026-07-04 06:54:35.039,0.0,0.4,0.0,0.4,0,0,7.91,26.44
2026-07-04 06:54:35.476,0.0,0.4,0.0,0.4,0,0,7.91,26.44
2026-07-04 06:54:36.024,0.0,0.4,0.0,0.4,0,0,7.91,26.44
2026-07-04 06:54:36.526,0.0,0.4,0.0,0.4,0,0,7.91,26.44
2026-07-04 06:54:37.525,0.0,0.4,0.0,0.4,0,0,7.91,26.44
2026-07-04 06:54:37.527,0.0,0.4,0.0,0.4,0,0,7.91,26.44
2026-07-04 06:54:38.021,0.0,0.4,0.0,0.4,0,0,7.91,26.44
2026-07-04 06:54:38.521,0.0,0.4,0.0,0.4,0,0,7.91,26.44
2026-07-04 06:54:39.020,0.0,0.4,0.0,0.4,0,0,7.91,26.44
2026-07-04 06:54:39.523,0.0,0.4,0.0,0.4,0,0,7.91,26.44
2026-07-04 06:54:40.522,0.0,0.4,0.0,0.4,0,0,7.91,26.44
2026-07-04 06:54:40.524,0.0,0.4,0.0,0.4,0,0,7.91,26.44
2026-07-04 06:54:41.021,0.0,0.4,0.0,0.4,0,0,7.91,26.44
2026-07-04 06:54:41.523,0.0,0.4,0.0,0.4,0,0,7.91,26.44
2026-07-04 06:54:42.022,0.0,0.4,0.0,0.4,0,0,7.91,26.44
2026-07-04 06:54:42.523,0.0,0.4,0.0,0.4,0,0,7.91,26.44
2026-07-04 06:54:43.010,0.0,0.4,0.0,0.4,0,0,7.91,26.44
2026-07-04 06:54:43.481,0.0,0.4,0.0,0.4,0,0,7.91,26.44
2026-07-04 06:54:44.007,0.0,0.4,0.0,0.4,0,0,7.91,26.44
2026-07-04 06:54:44.525,0.0,0.4,0.0,0.4,0,0,7.91,26.44
2026-07-04 06:54:44.989,0.0,0.4,0.0,0.4,0,0,7.91,26.44
2026-07-04 06:54:45.489,0.0,0.4,0.0,0.4,0,0,7.91,26.44
2026-07-04 06:54:45.988,0.0,0.4,0.0,0.4,0,0,7.91,26.44
2026-07-04 06:54:46.476,0.0,0.4,0.0,0.4,0,0,7.91,26.44
2026-07-04 06:54:47.035,0.0,0.4,0.0,0.4,0,0,7.91,26.44
2026-07-04 06:54:47.535,0.0,0.4,0.0,0.4,0,0,7.91,26.44
2026-07-04 06:54:48.002,0.0,0.4,0.0,0.5,0,0,7.91,26.44
2026-07-04 06:54:48.536,0.0,0.4,0.0,0.4,0,0,7.91,26.44
2026-07-04 06:54:49.005,0.0,0.4,0.0,0.4,0,0,7.91,26.44
2026-07-04 06:54:49.504,0.0,0.4,0.0,0.4,0,0,7.91,26.44
2026-07-04 06:54:50.008,0.0,0.4,0.0,0.4,0,0,7.91,26.44
2026-07-04 06:54:50.509,0.0,0.4,0.0,0.4,0,0,7.91,26.44
2026-07-04 06:54:51.011,0.0,0.4,0.0,0.4,0,0,7.91,26.44
2026-07-04 06:54:51.508,0.0,0.4,0.0,0.4,0,0,7.91,26.44
2026-07-04 06:54:52.014,0.0,0.4,0.0,0.4,0,0,7.91,26.44
2026-07-04 06:54:52.507,0.0,0.4,0.0,0.4,0,0,7.91,26.44
2026-07-04 06:54:53.036,0.0,0.4,0.0,0.4,0,0,7.91,26.44
2026-07-04 06:54:53.507,0.0,0.4,0.0,0.4,0,0,7.91,26.44
2026-07-04 06:54:53.987,0.0,0.4,0.0,0.4,0,0,7.91,26.44
2026-07-04 06:54:54.510,0.0,0.4,0.0,0.4,0,0,7.91,26.44
2026-07-04 06:54:55.029,0.0,0.4,0.0,0.4,0,0,7.91,26.44
2026-07-04 06:54:55.538,0.0,0.4,0.0,0.4,0,0,7.91,26.44
2026-07-04 06:54:56.031,0.0,0.4,0.0,0.4,0,0,7.91,26.44
2026-07-04 06:54:56.501,0.0,0.4,0.0,0.4,0,0,7.91,26.44
2026-07-04 06:54:57.035,0.0,0.4,0.0,0.4,0,0,7.91,26.44
2026-07-04 06:54:57.517,0.0,0.4,0.0,0.4,0,0,7.91,26.44
2026-07-04 06:54:58.028,0.0,0.4,0.0,0.4,0,0,7.91,26.44
2026-07-04 06:54:58.502,0.0,0.4,0.0,0.4,0,0,7.91,26.44
2026-07-04 06:54:59.004,0.0,0.4,0.0,0.4,0,0,7.91,26.44
2026-07-04 06:54:59.519,0.0,0.4,0.0,0.4,0,0,7.91,26.44
2026-07-04 06:54:59.986,0.0,0.4,0.0,0.4,0,0,7.91,26.44
2026-07-04 06:55:00.505,0.0,0.4,0.0,0.4,0,0,7.91,26.44
2026-07-04 06:55:01.004,0.0,0.4,0.0,0.4,0,0,7.91,26.44
2026-07-04 06:55:01.509,0.0,0.4,0.0,0.4,0,0,7.91,26.44
2026-07-04 06:55:02.038,0.0,0.4,0.0,0.4,0,0,7.91,26.44
2026-07-04 06:55:02.524,0.0,0.4,0.0,0.4,0,0,7.91,26.44
2026-07-04 06:55:03.004,0.0,0.4,0.0,0.4,0,0,7.91,26.44
2026-07-04 06:55:03.508,0.0,0.4,0.0,0.4,0,0,7.91,26.44
2026-07-04 06:55:04.007,0.0,0.4,0.0,0.4,0,0,7.91,26.44
2026-07-04 06:55:04.555,0.0,0.4,0.0,0.4,0,0,7.91,26.44
2026-07-04 06:55:04.989,0.0,0.4,0.0,0.4,0,0,7.91,26.44
2026-07-04 06:55:05.538,0.0,0.4,0.0,0.4,0,0,7.91,26.44
2026-07-04 06:55:06.038,0.0,0.4,0.0,0.4,0,0,7.91,26.44
2026-07-04 06:55:06.538,0.0,0.4,0.0,0.4,0,0,7.91,26.44
2026-07-04 06:55:07.036,0.0,0.4,0.0,0.4,0,0,7.91,26.44
2026-07-04 06:55:07.539,0.0,0.4,0.0,0.4,0,0,7.91,26.44
2026-07-04 06:55:08.037,0.0,0.4,0.0,0.4,0,0,7.91,26.44
2026-07-04 06:55:08.540,0.0,0.4,0.0,0.4,0,0,7.91,26.44
2026-07-04 06:55:09.038,0.0,0.4,0.0,0.4,0,0,7.91,26.44
2026-07-04 06:55:09.726,0.0,0.4,0.0,0.4,0,0,7.91,26.44
2026-07-04 06:55:10.035,0.0,0.4,0.0,0.5,0,0,7.91,26.44
2026-07-04 06:55:10.036,0.0,0.4,0.0,0.5,0,0,7.91,26.44
2026-07-04 06:55:10.538,0.0,0.4,0.0,0.4,0,0,7.91,26.44
2026-07-04 06:55:11.036,0.0,0.4,0.0,0.4,0,0,7.91,26.44
2026-07-04 06:55:11.536,0.0,0.4,0.0,0.4,0,0,7.91,26.44
2026-07-04 06:55:12.035,0.0,0.4,0.0,0.4,0,0,7.91,26.44
2026-07-04 06:55:12.510,0.0,0.4,0.0,0.5,0,0,7.91,26.44
2026-07-04 06:55:13.048,0.0,0.4,0.0,0.4,0,0,7.91,26.44
2026-07-04 06:55:13.501,0.0,0.4,0.0,0.4,0,0,7.91,26.44
2026-07-04 06:55:14.039,0.0,0.4,0.0,0.5,0,0,7.91,26.44
2026-07-04 06:55:15.054,0.0,0.4,0.0,0.5,0,0,7.91,26.44
2026-07-04 06:55:15.055,0.0,0.4,0.0,0.4,0,0,7.91,26.44
2026-07-04 06:55:15.512,0.0,0.4,0.0,0.5,0,0,7.91,26.44
2026-07-04 06:55:16.038,0.0,0.4,0.0,0.5,0,0,7.91,26.44
2026-07-04 06:55:16.511,0.0,0.4,0.0,0.5,0,0,7.91,26.44
2026-07-04 06:55:17.006,0.0,0.4,0.0,0.5,0,0,7.91,26.44
2026-07-04 06:55:17.542,0.0,0.4,0.0,0.5,0,0,7.91,26.44
2026-07-04 06:55:18.010,0.0,0.4,0.0,0.4,0,0,7.91,26.44
2026-07-04 06:55:18.510,0.0,0.4,0.0,0.4,0,0,7.91,26.44
2026-07-04 06:55:19.053,0.0,0.4,0.0,0.4,0,0,7.91,26.44
2026-07-04 06:55:19.556,0.0,0.4,0.0,0.4,0,0,7.91,26.44
2026-07-04 06:55:20.059,0.0,0.4,0.0,0.4,0,0,7.91,26.44
2026-07-04 06:55:20.515,0.0,0.4,0.0,0.4,0,0,7.91,26.44
2026-07-04 06:55:21.032,0.0,0.4,0.0,0.4,0,0,7.91,26.44
2026-07-04 06:55:21.538,0.0,0.4,0.0,0.4,0,0,7.91,26.44
2026-07-04 06:55:22.038,0.0,0.4,0.0,0.4,0,0,7.91,26.44
2026-07-04 06:55:22.531,0.0,0.4,0.0,0.4,0,0,7.91,26.44
2026-07-04 06:55:23.538,0.0,0.4,0.0,0.4,0,0,7.91,26.44
2026-07-04 06:55:23.539,0.0,0.4,0.0,0.4,0,0,7.91,26.44
2026-07-04 06:55:24.027,0.0,0.4,0.0,0.4,0,0,7.91,26.44
2026-07-04 06:55:24.523,0.0,0.4,0.0,0.4,0,0,7.91,26.44
2026-07-04 06:55:25.004,0.0,0.4,0.0,0.4,0,0,7.91,26.44
2026-07-04 06:55:25.555,0.0,0.4,0.0,0.4,0,0,7.91,26.44
2026-07-04 06:55:26.512,0.0,0.4,0.0,0.4,0,0,7.91,26.44
2026-07-04 06:55:26.513,0.0,0.4,0.0,0.4,0,0,7.91,26.44
2026-07-04 06:55:27.052,0.0,0.4,0.0,0.4,0,0,7.91,26.44
2026-07-04 06:55:27.540,0.0,0.4,0.0,0.4,0,0,7.91,26.44
2026-07-04 06:55:28.025,0.0,0.4,0.0,0.4,0,0,7.91,26.44
2026-07-04 06:55:28.524,0.0,0.4,0.0,0.4,0,0,7.91,26.44
2026-07-04 06:55:29.020,0.0,0.4,0.0,0.4,0,0,7.91,26.44
2026-07-04 06:55:29.522,0.0,0.4,0.0,0.4,0,0,7.91,26.44
2026-07-04 06:55:30.027,0.0,0.4,0.0,0.4,0,0,7.91,26.44
2026-07-04 06:55:30.556,0.0,0.4,0.0,0.4,0,0,7.91,26.44
2026-07-04 06:55:31.036,0.0,0.4,0.0,0.4,0,0,7.91,26.44
2026-07-04 06:55:31.537,0.0,0.4,0.0,0.4,0,0,7.91,26.44
2026-07-04 06:55:32.022,0.0,0.4,0.0,0.4,0,0,7.91,26.44
2026-07-04 06:55:32.522,0.0,0.4,0.0,0.4,0,0,7.91,26.44
2026-07-04 06:55:33.020,0.0,0.4,0.0,0.4,0,0,7.91,26.44
2026-07-04 06:55:33.523,0.0,0.4,0.0,0.4,0,0,7.91,26.44
2026-07-04 06:55:34.023,0.0,0.4,0.0,0.4,0,0,7.91,26.44
2026-07-04 06:55:34.526,0.0,0.4,0.0,0.4,0,0,7.91,26.44
2026-07-04 06:55:35.036,0.0,0.4,0.0,0.4,0,0,7.91,26.44
2026-07-04 06:55:35.533,0.0,0.4,0.0,0.4,0,0,7.91,26.44
2026-07-04 06:55:36.008,0.0,0.4,0.0,0.4,0,0,7.91,26.44
2026-07-04 06:55:37.033,0.0,0.4,0.0,0.4,0,0,7.91,26.44
2026-07-04 06:55:37.034,0.0,0.4,0.0,0.4,0,0,7.91,26.44
2026-07-04 06:55:37.558,0.0,0.4,0.0,0.4,0,0,7.91,26.44
2026-07-04 06:55:38.058,0.0,0.4,0.0,0.4,0,0,7.91,26.44
2026-07-04 06:55:38.547,0.0,0.4,0.0,0.4,0,0,7.91,26.44
2026-07-04 06:55:39.508,0.0,0.4,0.0,0.4,0,0,7.91,26.44
2026-07-04 06:55:39.568,0.0,0.4,0.0,0.4,0,0,7.91,26.44
2026-07-04 06:55:40.014,0.0,0.4,0.0,0.4,0,0,7.91,26.44
2026-07-04 06:55:40.524,0.0,0.4,0.0,0.4,0,0,7.91,26.44
2026-07-04 06:55:41.045,0.0,0.4,0.0,0.4,0,0,7.91,26.44
2026-07-04 06:55:41.508,0.0,0.4,0.0,0.4,0,0,7.91,26.44
2026-07-04 06:55:42.062,0.0,0.4,0.0,0.4,0,0,7.91,26.44
2026-07-04 06:55:42.508,0.0,0.4,0.0,0.4,0,0,7.91,26.44
2026-07-04 06:55:43.021,0.0,0.4,0.0,0.4,0,0,7.91,26.44
2026-07-04 06:55:43.511,0.0,0.4,0.0,0.4,0,0,7.91,26.44
2026-07-04 06:55:44.056,0.0,0.4,0.0,0.4,0,0,7.91,26.44
2026-07-04 06:55:44.554,0.0,0.4,0.0,0.4,0,0,7.91,26.44
2026-07-04 06:55:45.053,0.0,0.4,0.0,0.4,0,0,7.91,26.44
2026-07-04 06:55:45.551,0.0,0.4,0.0,0.4,0,0,7.91,26.44
2026-07-04 06:55:46.053,0.0,0.4,0.0,0.4,0,0,7.91,26.44
2026-07-04 06:55:46.551,0.0,0.4,0.0,0.4,0,0,7.91,26.44
2026-07-04 06:55:47.032,0.0,0.4,0.0,0.4,0,0,7.91,26.44
2026-07-04 06:55:47.537,0.0,0.4,0.0,0.4,0,0,7.91,26.44
2026-07-04 06:55:48.043,0.0,0.4,0.0,0.4,0,0,7.91,26.44
2026-07-04 06:55:48.560,0.0,0.4,0.0,0.4,0,0,7.91,26.44
2026-07-04 06:55:49.513,0.0,0.4,0.0,0.4,0,0,7.91,26.44
2026-07-04 06:55:49.567,0.0,0.4,0.0,0.4,0,0,7.91,26.44
2026-07-04 06:55:50.008,0.0,0.4,0.0,0.4,0,0,7.91,26.44
2026-07-04 06:55:50.568,0.0,0.4,0.0,0.4,0,0,7.91,26.44
2026-07-04 06:55:51.037,0.0,0.4,0.0,0.4,0,0,7.91,26.44
2026-07-04 06:55:51.537,0.0,0.4,0.0,0.4,0,0,7.91,26.44
2026-07-04 06:55:52.024,0.0,0.4,0.0,0.4,0,0,7.91,26.44
2026-07-04 06:55:52.521,0.0,0.4,0.0,0.4,0,0,7.91,26.44
2026-07-04 06:55:53.021,0.0,0.4,0.0,0.4,0,0,7.91,26.44
2026-07-04 06:55:53.521,0.0,0.4,0.0,0.4,0,0,7.91,26.44
2026-07-04 06:55:54.069,0.0,0.4,0.0,0.4,0,0,7.91,26.44
2026-07-04 06:55:54.568,0.0,0.4,0.0,0.4,0,0,7.91,26.44
2026-07-04 06:55:55.071,0.0,0.4,0.0,0.4,0,0,7.91,26.44
2026-07-04 06:55:55.525,0.0,0.4,0.0,0.4,0,0,7.91,26.44
2026-07-04 06:55:56.041,0.0,0.4,0.0,0.4,0,0,7.91,26.44
2026-07-04 06:55:56.559,0.0,0.4,0.0,0.4,0,0,7.91,26.44
2026-07-04 06:55:57.069,0.0,0.4,0.0,0.5,0,0,7.91,26.44
2026-07-04 06:55:57.568,0.0,0.4,0.0,0.5,0,0,7.91,26.44
2026-07-04 06:55:58.013,0.0,0.4,0.0,0.5,0,0,7.91,26.44
2026-07-04 06:55:58.525,0.0,0.4,0.0,0.5,0,0,7.91,26.44
2026-07-04 06:55:59.036,0.0,0.4,0.0,0.5,0,0,7.91,26.44
2026-07-04 06:55:59.542,0.0,0.4,0.0,0.5,0,0,7.91,26.44
2026-07-04 06:56:00.059,0.0,0.4,0.0,0.5,0,0,7.91,26.44
2026-07-04 06:56:00.580,0.0,0.4,0.0,0.4,0,0,7.91,26.44
2026-07-04 06:56:01.068,0.0,0.4,0.0,0.4,0,0,7.91,26.44
2026-07-04 06:56:01.558,0.0,0.4,0.0,0.5,0,0,7.91,26.44
2026-07-04 06:56:02.040,0.0,0.4,0.0,0.4,0,0,7.91,26.44
2026-07-04 06:56:02.569,0.0,0.4,0.0,0.4,0,0,7.91,26.44
2026-07-04 06:56:03.070,0.0,0.4,0.0,0.4,0,0,7.91,26.44
2026-07-04 06:56:03.538,0.0,0.4,0.0,0.5,0,0,7.91,26.44
2026-07-04 06:56:04.038,0.0,0.4,0.0,0.5,0,0,7.91,26.44
2026-07-04 06:56:04.544,0.0,0.4,0.0,0.4,0,0,7.91,26.44
2026-07-04 06:56:05.022,0.0,0.4,0.0,0.4,0,0,7.91,26.44
2026-07-04 06:56:05.542,0.0,0.4,0.0,0.4,0,0,7.91,26.44
2026-07-04 06:56:06.038,0.0,0.4,0.0,0.5,0,0,7.91,26.44
2026-07-04 06:56:06.538,0.0,0.4,0.0,0.5,0,0,7.91,26.44
2026-07-04 06:56:07.027,0.0,0.4,0.0,0.4,0,0,7.91,26.44
2026-07-04 06:56:07.569,0.0,0.4,0.0,0.5,0,0,7.91,26.44
2026-07-04 06:56:08.054,0.0,0.4,0.0,0.4,0,0,7.91,26.44
2026-07-04 06:56:08.554,0.0,0.4,0.0,0.5,0,0,7.91,26.44
2026-07-04 06:56:09.041,0.0,0.4,0.0,0.4,0,0,7.91,26.44
2026-07-04 06:56:09.543,0.0,0.4,0.0,0.5,0,0,7.91,26.44
2026-07-04 06:56:10.043,0.0,0.4,0.0,0.5,0,0,7.91,26.44
2026-07-04 06:56:10.567,0.0,0.4,0.0,0.5,0,0,7.91,26.44
2026-07-04 06:56:11.059,0.0,0.4,0.0,0.5,0,0,7.91,26.44
2026-07-04 06:56:11.561,0.0,0.4,0.0,0.5,0,0,7.91,26.44
2026-07-04 06:56:12.074,0.0,0.4,0.0,0.7,0,0,7.91,26.44
2026-07-04 06:56:12.523,0.0,0.4,0.0,0.6,0,0,7.91,26.44
2026-07-04 06:56:13.040,0.0,0.4,0.0,0.5,0,0,7.91,26.44
2026-07-04 06:56:13.589,0.0,0.4,0.0,0.5,0,0,7.91,26.44
2026-07-04 06:56:14.086,0.0,0.4,0.0,0.5,0,0,7.91,26.44
2026-07-04 06:56:14.522,0.0,0.4,0.0,0.5,0,0,7.91,26.44
2026-07-04 06:56:15.070,0.0,0.4,0.0,0.4,0,0,7.91,26.44
2026-07-04 06:56:15.569,0.0,0.4,0.0,0.4,0,0,7.91,26.44
2026-07-04 06:56:16.038,0.0,0.4,0.0,0.4,0,0,7.91,26.44
2026-07-04 06:56:16.570,0.0,0.4,0.0,0.4,0,0,7.91,26.44
2026-07-04 06:56:17.075,0.0,0.4,0.0,0.4,0,0,7.91,26.44
2026-07-04 06:56:17.568,0.0,0.4,0.0,0.4,0,0,7.91,26.44
2026-07-04 06:56:18.043,0.0,0.4,0.0,0.4,0,0,7.91,26.44
2026-07-04 06:56:18.583,0.0,0.4,0.0,0.4,0,0,7.91,26.44
2026-07-04 06:56:19.085,0.0,0.4,0.0,0.4,0,0,7.91,26.44
2026-07-04 06:56:19.525,0.0,0.4,0.0,0.4,0,0,7.91,26.44
2026-07-04 06:56:20.068,0.0,0.4,0.0,0.4,0,0,7.91,26.44
2026-07-04 06:56:20.589,0.0,0.4,0.0,0.5,0,0,7.91,26.44
2026-07-04 06:56:21.043,0.0,0.4,0.0,0.5,0,0,7.91,26.44
2026-07-04 06:56:21.590,0.0,0.4,0.0,0.4,0,0,7.91,26.44
2026-07-04 06:56:22.090,0.0,0.4,0.0,0.4,0,0,7.91,26.44
2026-07-04 06:56:22.543,0.0,0.4,0.0,0.4,0,0,7.91,26.44
2026-07-04 06:56:23.086,0.0,0.4,0.0,0.4,0,0,7.91,26.44
2026-07-04 06:56:23.540,0.0,0.4,0.0,0.4,0,0,7.91,26.44
2026-07-04 06:56:24.038,0.0,0.4,0.0,0.4,0,0,7.91,26.44
2026-07-04 06:56:24.537,0.0,0.4,0.0,0.4,0,0,7.91,26.44
2026-07-04 06:56:25.035,0.0,0.4,0.0,0.5,0,0,7.91,26.44
2026-07-04 06:56:25.558,0.0,0.4,0.0,0.5,0,0,7.91,26.44
2026-07-04 06:56:26.063,0.0,0.4,0.0,0.4,0,0,7.91,26.44
2026-07-04 06:56:26.588,0.0,0.4,0.0,0.5,0,0,7.91,26.44
2026-07-04 06:56:27.036,0.0,0.4,0.0,0.5,0,0,7.91,26.44
2026-07-04 06:56:27.568,0.0,0.4,0.0,0.5,0,0,7.91,26.44
2026-07-04 06:56:28.067,0.0,0.4,0.0,0.4,0,0,7.91,26.44
2026-07-04 06:56:28.540,0.0,0.4,0.0,0.5,0,0,7.91,26.44
2026-07-04 06:56:29.036,0.0,0.4,0.0,0.5,0,0,7.91,26.44
2026-07-04 06:56:29.537,0.0,0.4,0.0,0.4,0,0,7.91,26.44
2026-07-04 06:56:30.038,0.0,0.4,0.0,0.5,0,0,7.91,26.44
2026-07-04 06:56:30.537,0.0,0.4,0.0,0.4,0,0,7.91,26.44
2026-07-04 06:56:31.036,0.0,0.4,0.0,0.4,0,0,7.91,26.44
2026-07-04 06:56:31.538,0.0,0.4,0.0,0.4,0,0,7.91,26.44
2026-07-04 06:56:32.038,0.0,0.4,0.0,0.4,0,0,7.91,26.44
2026-07-04 06:56:32.570,0.0,0.4,0.0,0.4,0,0,7.91,26.44
2026-07-04 06:56:33.057,0.0,0.4,0.0,0.4,0,0,7.91,26.44
2026-07-04 06:56:33.590,0.0,0.4,0.0,0.4,0,0,7.91,26.44
2026-07-04 06:56:34.085,0.0,0.4,0.0,0.5,0,0,7.91,26.44
2026-07-04 06:56:34.557,0.0,0.4,0.0,0.5,0,0,7.91,26.44
2026-07-04 06:56:35.051,0.0,0.4,0.0,0.5,0,0,7.91,26.44
2026-07-04 06:56:35.551,0.0,0.4,0.0,0.5,0,0,7.91,26.44
2026-07-04 06:56:36.048,0.0,0.4,0.0,0.5,0,0,7.91,26.44
2026-07-04 06:56:36.580,0.0,0.4,0.0,0.7,0,0,7.91,26.44
2026-07-04 06:56:37.048,0.0,0.4,0.0,0.6,0,0,7.91,26.44
2026-07-04 06:56:37.560,0.0,0.4,0.0,0.5,0,0,7.91,26.44
2026-07-04 06:56:38.038,0.0,0.4,0.0,0.5,0,0,7.91,26.44
2026-07-04 06:56:38.538,0.0,0.4,0.0,0.5,0,0,7.91,26.44
2026-07-04 06:56:39.036,0.0,0.4,0.0,0.6,0,0,7.91,26.44
2026-07-04 06:56:39.545,0.0,0.4,0.0,0.6,0,0,7.91,26.44
2026-07-04 06:56:40.042,0.0,0.4,0.0,0.6,0,0,7.91,26.44
2026-07-04 06:56:40.543,0.0,0.4,0.0,0.5,0,0,7.91,26.44
2026-07-04 06:56:41.098,0.0,0.4,0.0,0.5,0,0,7.91,26.44
2026-07-04 06:56:41.598,0.0,0.4,0.0,0.6,0,0,7.91,26.44
2026-07-04 06:56:42.098,0.0,0.4,0.0,0.5,0,0,7.91,26.44
2026-07-04 06:56:43.068,0.0,0.4,0.0,0.5,0,0,7.91,26.44
2026-07-04 06:56:43.069,0.0,0.4,0.0,0.5,0,0,7.91,26.44
2026-07-04 06:56:43.598,0.0,0.4,0.0,0.5,0,0,7.91,26.44
2026-07-04 06:56:44.085,0.0,0.4,0.0,0.5,0,0,7.91,26.44
2026-07-04 06:56:44.583,0.0,0.4,0.0,0.5,0,0,7.91,26.44
2026-07-04 06:56:45.066,0.0,0.4,0.0,0.5,0,0,7.91,26.44
2026-07-04 06:56:45.755,0.0,0.5,0.5,0.5,0,0,7.91,26.44
2026-07-04 06:56:46.054,0.0,0.5,0.0,0.5,0,0,7.91,26.44
2026-07-04 06:56:46.055,0.0,0.5,0.0,0.5,0,0,7.91,26.44
2026-07-04 06:56:46.552,0.0,0.5,0.0,0.5,0,0,7.91,26.44
2026-07-04 06:56:47.098,0.0,0.5,0.0,0.5,0,0,7.91,26.44
2026-07-04 06:56:47.598,0.0,0.5,0.0,0.5,0,0,7.91,26.44
2026-07-04 06:56:48.097,0.0,0.5,0.0,0.4,0,0,7.91,26.44
2026-07-04 06:56:48.579,0.0,0.5,0.0,0.4,0,0,7.91,26.44
2026-07-04 06:56:49.065,0.0,0.5,0.0,0.4,0,0,7.91,26.44
2026-07-04 06:56:49.565,0.0,0.5,0.0,0.4,0,0,7.91,26.44
2026-07-04 06:56:50.067,0.0,0.5,0.0,0.4,0,0,7.91,26.44
2026-07-04 06:56:50.580,0.0,0.5,0.0,0.5,0,0,7.91,26.44
2026-07-04 06:56:51.069,0.0,0.5,0.0,0.4,0,0,7.91,26.44
2026-07-04 06:56:51.567,0.0,0.5,0.0,0.4,0,0,7.91,26.44
2026-07-04 06:56:52.067,0.0,0.5,0.0,0.4,0,0,7.91,26.44
2026-07-04 06:56:52.556,0.0,0.5,0.0,0.4,0,0,7.91,26.44
2026-07-04 06:56:53.068,0.0,0.5,0.0,0.4,0,0,7.91,26.44
2026-07-04 06:56:53.596,0.0,0.5,0.0,0.4,0,0,7.91,26.44
2026-07-04 06:56:54.058,0.0,0.5,0.0,0.5,0,0,7.91,26.44
2026-07-04 06:56:54.569,0.0,0.5,0.0,0.4,0,0,7.91,26.44
2026-07-04 06:56:55.069,0.0,0.5,0.0,0.4,0,0,7.91,26.44
2026-07-04 06:56:56.069,0.0,0.5,0.0,0.4,0,0,7.91,26.44
2026-07-04 06:56:56.071,0.0,0.5,0.0,0.4,0,0,7.91,26.44
2026-07-04 06:56:56.569,0.0,0.5,0.0,0.4,0,0,7.91,26.44
2026-07-04 06:56:57.059,0.0,0.5,0.0,0.4,0,0,7.91,26.44
2026-07-04 06:56:57.568,0.0,0.5,0.0,0.4,0,0,7.91,26.44
2026-07-04 06:56:58.089,0.0,0.5,0.0,0.5,0,0,7.91,26.44
2026-07-04 06:56:58.593,0.0,0.5,0.0,0.5,0,0,7.91,26.44
2026-07-04 06:56:59.099,0.0,0.5,0.0,0.5,0,0,7.91,26.44
2026-07-04 06:56:59.560,0.0,0.5,0.0,0.4,0,0,7.91,26.44
2026-07-04 06:57:00.070,0.0,0.5,0.0,0.4,0,0,7.91,26.44
2026-07-04 06:57:00.555,0.0,0.5,0.0,0.5,0,0,7.91,26.44
2026-07-04 06:57:01.074,0.0,0.5,0.0,0.5,0,0,7.91,26.44
2026-07-04 06:57:01.569,0.0,0.5,0.0,0.5,0,0,7.91,26.44
2026-07-04 06:57:02.091,0.0,0.5,0.0,0.4,0,0,7.91,26.44
2026-07-04 06:57:02.598,0.0,0.5,0.0,0.4,0,0,7.91,26.44
2026-07-04 06:57:03.117,0.0,0.5,0.0,0.4,0,0,7.91,26.44
2026-07-04 06:57:03.598,0.0,0.5,0.0,0.4,0,0,7.91,26.44
2026-07-04 06:57:04.069,0.0,0.5,0.0,0.4,0,0,7.91,26.44
2026-07-04 06:57:04.587,0.0,0.5,0.0,0.4,0,0,7.91,26.44
2026-07-04 06:57:05.084,0.0,0.5,0.0,0.4,0,0,7.91,26.44
2026-07-04 06:57:06.098,0.0,0.5,0.0,0.4,0,0,7.91,26.44
2026-07-04 06:57:06.098,0.0,0.5,0.0,0.4,0,0,7.91,26.44
2026-07-04 06:57:06.597,0.0,0.5,0.0,0.4,0,0,7.91,26.44
2026-07-04 06:57:07.099,0.0,0.5,0.0,0.4,0,0,7.91,26.44
2026-07-04 06:57:07.599,0.0,0.5,0.0,0.4,0,0,7.91,26.44
2026-07-04 06:57:08.098,0.0,0.5,0.0,0.4,0,0,7.91,26.44
2026-07-04 06:57:08.579,0.0,0.5,0.0,0.4,0,0,7.91,26.44
2026-07-04 06:57:09.092,0.0,0.5,0.0,0.4,0,0,7.91,26.44
2026-07-04 06:57:09.559,0.0,0.5,0.0,0.4,0,0,7.91,26.44
2026-07-04 06:57:10.079,0.0,0.5,0.0,0.4,0,0,7.91,26.44
2026-07-04 06:57:10.598,0.0,0.5,0.0,0.4,0,0,7.91,26.44
2026-07-04 06:57:11.097,0.0,0.5,0.0,0.4,0,0,7.91,26.44
2026-07-04 06:57:11.581,0.0,0.5,0.0,0.4,0,0,7.91,26.44
2026-07-04 06:57:12.062,0.0,0.5,0.0,0.4,0,0,7.91,26.44
2026-07-04 06:57:13.079,0.0,0.5,0.0,0.4,0,0,7.91,26.44
2026-07-04 06:57:13.080,0.0,0.5,0.0,0.4,0,0,7.91,26.44
2026-07-04 06:57:13.598,0.0,0.5,0.0,0.4,0,0,7.91,26.44
2026-07-04 06:57:14.060,0.0,0.5,0.0,0.4,0,0,7.91,26.44
2026-07-04 06:57:14.569,0.0,0.5,0.0,0.5,0,0,7.91,26.44
2026-07-04 06:57:15.085,0.0,0.5,0.0,0.4,0,0,7.91,26.44
2026-07-04 06:57:15.589,0.0,0.5,0.0,0.4,0,0,7.91,26.44
2026-07-04 06:57:16.091,0.0,0.5,0.0,0.4,0,0,7.91,26.44
2026-07-04 06:57:16.592,0.0,0.5,0.0,0.4,0,0,7.91,26.44
2026-07-04 06:57:17.110,0.0,0.5,0.0,0.4,0,0,7.91,26.44
2026-07-04 06:57:18.088,0.0,0.5,0.0,0.4,0,0,7.91,26.44
2026-07-04 06:57:18.089,0.0,0.5,0.0,0.4,0,0,7.91,26.44
2026-07-04 06:57:18.580,0.0,0.5,0.0,0.5,0,0,7.91,26.44
2026-07-04 06:57:19.064,0.0,0.5,0.0,0.5,0,0,7.91,26.44
2026-07-04 06:57:19.612,0.0,0.5,0.0,0.5,0,0,7.91,26.44
2026-07-04 06:57:20.079,0.0,0.5,0.0,0.5,0,0,7.91,26.44
2026-07-04 06:57:20.567,0.0,0.5,0.0,0.4,0,0,7.91,26.44
2026-07-04 06:57:21.069,0.0,0.5,0.0,0.4,0,0,7.91,26.44
2026-07-04 06:57:21.567,0.0,0.5,0.0,0.4,0,0,7.91,26.44
2026-07-04 06:57:22.067,0.0,0.5,0.0,0.5,0,0,7.91,26.44
2026-07-04 06:57:22.569,0.0,0.5,0.0,0.5,0,0,7.91,26.44
2026-07-04 06:57:23.069,0.0,0.5,0.0,0.5,0,0,7.91,26.44
2026-07-04 06:57:23.567,0.0,0.5,0.0,0.5,0,0,7.91,26.44
2026-07-04 06:57:24.090,0.0,0.5,0.0,0.5,0,0,7.91,26.44
2026-07-04 06:57:24.620,0.0,0.5,0.0,0.5,0,0,7.91,26.44
2026-07-04 06:57:25.097,0.0,0.5,0.0,0.6,0,0,7.91,26.44
2026-07-04 06:57:25.587,0.0,0.5,0.0,0.5,0,0,7.91,26.44
2026-07-04 06:57:26.088,0.0,0.5,0.0,0.5,0,0,7.91,26.44
2026-07-04 06:57:26.586,0.0,0.5,0.0,0.5,0,0,7.91,26.44
2026-07-04 06:57:27.084,0.0,0.5,0.0,0.5,0,0,7.91,26.44
2026-07-04 06:57:27.584,0.0,0.5,0.0,0.5,0,0,7.91,26.44
2026-07-04 06:57:28.084,0.0,0.5,0.0,0.5,0,0,7.91,26.44
2026-07-04 06:57:28.595,0.0,0.5,0.0,0.5,0,0,7.91,26.44
2026-07-04 06:57:29.085,0.0,0.5,0.0,0.5,0,0,7.91,26.44
2026-07-04 06:57:29.588,0.0,0.5,0.0,0.5,0,0,7.91,26.44
2026-07-04 06:57:30.120,0.0,0.5,0.0,0.5,0,0,7.91,26.44
2026-07-04 06:57:30.568,0.0,0.5,0.0,0.5,0,0,7.91,26.44
2026-07-04 06:57:31.068,0.0,0.5,0.0,0.5,0,0,7.91,26.44
2026-07-04 06:57:31.569,0.0,0.5,0.0,0.5,0,0,7.91,26.44
2026-07-04 06:57:32.098,0.0,0.5,0.0,0.5,0,0,7.91,26.44
2026-07-04 06:57:32.628,0.0,0.5,0.0,0.4,0,0,7.91,26.44
2026-07-04 06:57:33.069,0.0,0.5,0.0,0.4,0,0,7.91,26.44
2026-07-04 06:57:33.567,0.0,0.5,0.0,0.4,0,0,7.91,26.44
2026-07-04 06:57:34.099,0.0,0.5,0.0,0.5,0,0,7.91,26.44
2026-07-04 06:57:34.618,0.0,0.5,0.0,0.4,0,0,7.91,26.44
2026-07-04 06:57:35.567,0.0,0.5,0.0,0.5,0,0,7.91,26.44
2026-07-04 06:57:35.632,0.0,0.5,0.0,0.5,0,0,7.91,26.44
2026-07-04 06:57:36.132,0.0,0.5,0.0,0.5,0,0,7.91,26.44
2026-07-04 06:57:36.630,0.0,0.5,0.0,0.5,0,0,7.91,26.44
2026-07-04 06:57:37.130,0.0,0.5,0.0,0.5,0,0,7.91,26.44
2026-07-04 06:57:37.628,0.0,0.5,0.0,0.5,0,0,7.91,26.44
2026-07-04 06:57:38.619,0.0,0.5,0.0,0.5,0,0,7.91,26.44
2026-07-04 06:57:38.620,0.0,0.5,0.0,0.5,0,0,7.91,26.44
2026-07-04 06:57:39.117,0.0,0.5,0.0,0.5,0,0,7.91,26.44
2026-07-04 06:57:39.623,0.0,0.5,0.0,0.5,0,0,7.91,26.44
2026-07-04 06:57:40.118,0.0,0.5,0.0,0.5,0,0,7.91,26.44
2026-07-04 06:57:40.597,0.0,0.5,0.0,0.5,0,0,7.91,26.44
2026-07-04 06:57:41.088,0.0,0.5,0.0,0.5,0,0,7.91,26.44
2026-07-04 06:57:41.585,0.0,0.5,0.0,0.5,0,0,7.91,26.44
2026-07-04 06:57:42.085,0.0,0.5,0.0,0.5,0,0,7.91,26.44
2026-07-04 06:57:42.587,0.0,0.5,0.0,0.5,0,0,7.91,26.44
2026-07-04 06:57:43.079,0.0,0.5,0.0,0.5,0,0,7.91,26.44
2026-07-04 06:57:43.591,0.0,0.5,0.0,0.0,0,0,7.91,26.44
2026-07-04 06:57:44.091,0.0,0.5,0.0,0.0,0,0,7.91,26.44
2026-07-04 06:57:44.600,0.0,0.5,0.0,0.0,0,0,7.91,26.44
2026-07-04 06:57:45.085,0.0,0.5,0.0,0.0,0,0,7.91,26.44
2026-07-04 06:57:45.591,0.0,0.5,0.0,0.0,0,0,7.91,26.44
2026-07-04 06:57:46.092,0.0,0.5,0.0,0.0,0,0,7.91,26.44
2026-07-04 06:57:46.598,0.0,0.5,0.0,0.0,0,0,7.91,26.44
2026-07-04 06:57:47.099,0.0,0.5,0.0,0.0,0,0,7.91,26.44
2026-07-04 06:57:47.600,0.0,0.5,0.0,0.0,0,0,7.91,26.44
2026-07-04 06:57:48.100,0.0,0.5,0.0,0.0,0,0,7.91,26.44
2026-07-04 06:57:48.598,0.0,0.5,0.0,0.0,0,0,7.91,26.44
2026-07-04 06:57:49.099,0.0,0.5,0.0,0.0,0,0,7.91,26.44
2026-07-04 06:57:49.598,0.0,0.5,0.0,0.0,0,0,7.91,26.44
2026-07-04 06:57:50.090,0.0,0.5,0.0,0.0,0,0,7.91,26.44
2026-07-04 06:57:50.583,0.0,0.5,0.0,0.0,0,0,7.91,26.44
2026-07-04 06:57:51.082,0.0,0.5,0.0,0.0,0,0,7.91,26.44
2026-07-04 06:57:51.590,0.0,0.5,0.0,0.0,0,0,7.91,26.44
2026-07-04 06:57:52.092,0.0,0.5,0.0,0.0,0,0,7.91,26.44
2026-07-04 06:57:52.625,0.0,0.5,0.0,0.0,0,0,7.91,26.44
2026-07-04 06:57:53.088,0.0,0.5,0.0,0.0,0,0,7.91,26.44
2026-07-04 06:57:53.591,0.0,0.5,0.0,0.0,0,0,7.91,26.44
2026-07-04 06:57:54.088,0.0,0.5,0.0,0.0,0,0,7.91,26.44
2026-07-04 06:57:54.599,0.0,0.5,0.0,0.0,0,0,7.91,26.44
2026-07-04 06:57:55.092,0.0,0.5,0.0,0.0,0,0,7.91,26.44
2026-07-04 06:57:55.592,0.0,0.5,0.0,0.0,0,0,7.91,26.44
2026-07-04 06:57:56.118,0.0,0.5,0.0,0.0,0,0,7.91,26.44
2026-07-04 06:57:56.635,0.0,0.5,0.0,0.0,0,0,7.91,26.44
2026-07-04 06:57:57.090,0.0,0.5,0.0,0.0,0,0,7.91,26.44
2026-07-04 06:57:57.590,0.0,0.5,0.0,0.0,0,0,7.91,26.44
2026-07-04 06:57:58.134,0.0,0.5,0.0,0.0,0,0,7.91,26.44
2026-07-04 06:57:58.634,0.0,0.5,0.0,0.0,0,0,7.91,26.44
2026-07-04 06:57:59.117,0.0,0.5,0.0,0.0,0,0,7.91,26.44
2026-07-04 06:57:59.628,0.0,0.5,0.0,0.0,0,0,7.91,26.44
2026-07-04 06:58:00.129,0.0,0.5,0.0,0.0,0,0,7.91,26.44
2026-07-04 06:58:00.637,0.0,0.5,0.0,0.0,0,0,7.91,26.44
2026-07-04 06:58:01.085,0.0,0.5,0.0,0.0,0,0,7.91,26.44
2026-07-04 06:58:01.589,0.0,0.5,0.0,0.0,0,0,7.91,26.44
2026-07-04 06:58:02.130,0.0,0.5,0.0,0.0,0,0,7.91,26.44
2026-07-04 06:58:02.627,0.0,0.5,0.0,0.0,0,0,7.91,26.44
2026-07-04 06:58:03.116,0.0,0.5,0.0,0.0,0,0,7.91,26.44
2026-07-04 06:58:03.617,0.0,0.5,0.0,0.0,0,0,7.91,26.44
2026-07-04 06:58:04.113,0.0,0.5,0.0,0.0,0,0,7.91,26.44
2026-07-04 06:58:04.802,0.0,0.5,0.0,0.0,0,0,7.91,26.44
2026-07-04 06:58:05.113,0.0,0.5,0.0,0.0,0,0,7.91,26.44
2026-07-04 06:58:05.114,0.0,0.5,0.0,0.0,0,0,7.91,26.44
2026-07-04 06:58:05.597,0.0,0.5,0.0,0.0,0,0,7.91,26.44
2026-07-04 06:58:06.097,0.0,0.5,0.0,0.0,0,0,7.91,26.44
2026-07-04 06:58:06.598,0.0,0.5,0.0,0.0,0,0,7.91,26.44
2026-07-04 06:58:07.098,0.0,0.5,0.0,0.0,0,0,7.91,26.44
2026-07-04 06:58:07.590,0.0,0.5,0.0,0.0,0,0,7.91,26.44
2026-07-04 06:58:08.091,0.0,0.5,0.0,0.0,0,0,7.91,26.44
2026-07-04 06:58:08.593,0.0,0.5,0.0,0.0,0,0,7.91,26.44
2026-07-04 06:58:09.110,0.0,0.5,0.0,0.0,0,0,7.91,26.44
2026-07-04 06:58:09.618,0.0,0.5,0.0,0.0,0,0,7.91,26.44
2026-07-04 06:58:10.118,0.0,0.5,0.0,0.0,0,0,7.91,26.44
2026-07-04 06:58:10.622,0.0,0.5,0.0,0.0,0,0,7.91,26.44
2026-07-04 06:58:11.128,0.0,0.5,0.0,0.0,0,0,7.91,26.44
2026-07-04 06:58:11.615,0.0,0.5,0.0,0.0,0,0,7.91,26.44
2026-07-04 06:58:12.117,0.0,0.5,0.0,0.0,0,0,7.91,26.44
2026-07-04 06:58:12.617,0.0,0.5,0.0,0.0,0,0,7.91,26.44
2026-07-04 06:58:13.139,0.0,0.5,0.0,0.0,0,0,7.91,26.44
2026-07-04 06:58:13.588,0.0,0.5,0.0,0.0,0,0,7.91,26.44
2026-07-04 06:58:14.093,0.0,0.5,0.0,0.0,0,0,7.91,26.44
2026-07-04 06:58:14.619,0.0,0.5,0.0,0.0,0,0,7.91,26.44
2026-07-04 06:58:15.116,0.0,0.5,0.0,0.0,0,0,7.91,26.44
2026-07-04 06:58:15.618,0.0,0.5,0.0,0.0,0,0,7.91,26.44
2026-07-04 06:58:16.124,0.0,0.5,0.0,0.0,0,0,7.91,26.44
2026-07-04 06:58:16.625,0.0,0.5,0.0,0.0,0,0,7.91,26.44
2026-07-04 06:58:17.142,0.0,0.5,0.0,0.0,0,0,7.91,26.44
2026-07-04 06:58:17.591,0.0,0.5,0.0,0.0,0,0,7.91,26.44
2026-07-04 06:58:18.111,0.0,0.5,0.0,0.0,0,0,7.91,26.44
2026-07-04 06:58:18.618,0.0,0.5,0.0,0.0,0,0,7.91,26.44
2026-07-04 06:58:19.116,0.0,0.5,0.0,0.0,0,0,7.91,26.44
2026-07-04 06:58:19.636,0.0,0.5,0.0,0.0,0,0,7.91,26.44
2026-07-04 06:58:20.149,0.0,0.5,0.0,0.0,0,0,7.91,26.44
2026-07-04 06:58:20.598,0.0,0.5,0.0,0.0,0,0,7.91,26.44
2026-07-04 06:58:21.148,0.0,0.5,0.0,0.0,0,0,7.91,26.44
2026-07-04 06:58:21.591,0.0,0.5,0.0,0.0,0,0,7.91,26.44
2026-07-04 06:58:22.099,0.0,0.5,0.0,0.0,0,0,7.91,26.44
2026-07-04 06:58:22.600,0.0,0.5,0.0,0.0,0,0,7.91,26.44
2026-07-04 06:58:23.097,0.0,0.5,0.0,0.0,0,0,7.91,26.44
2026-07-04 06:58:23.646,0.0,0.5,0.0,0.0,0,0,7.91,26.44
2026-07-04 06:58:24.113,0.0,0.5,0.0,0.0,0,0,7.91,26.44
2026-07-04 06:58:24.614,0.0,0.5,0.0,0.0,0,0,7.91,26.44
2026-07-04 06:58:25.096,0.0,0.5,0.0,0.0,0,0,7.91,26.44
2026-07-04 06:58:25.618,0.0,0.5,0.0,0.0,0,0,7.91,26.44
2026-07-04 06:58:26.139,0.0,0.5,0.0,0.0,0,0,7.91,26.44
2026-07-04 06:58:26.610,0.0,0.5,0.0,0.0,0,0,7.91,26.44
2026-07-04 06:58:27.123,0.0,0.5,0.0,0.0,0,0,7.91,26.44
2026-07-04 06:58:27.624,0.0,0.5,0.0,0.0,0,0,7.91,26.44
2026-07-04 06:58:28.148,0.0,0.5,0.0,0.0,0,0,7.91,26.44
2026-07-04 06:58:28.594,0.0,0.5,0.0,0.0,0,0,7.91,26.44
2026-07-04 06:58:29.116,0.0,0.5,0.0,0.0,0,0,7.91,26.44
2026-07-04 06:58:29.624,0.0,0.5,0.0,0.0,0,0,7.91,26.44
2026-07-04 06:58:30.147,0.0,0.5,0.0,0.0,0,0,7.91,26.44
2026-07-04 06:58:30.611,0.0,0.5,0.0,0.0,0,0,7.91,26.44
2026-07-04 06:58:31.144,0.0,0.5,0.0,0.0,0,0,7.91,26.44
2026-07-04 06:58:31.614,0.0,0.5,0.0,0.0,0,0,7.91,26.44
2026-07-04 06:58:32.098,0.0,0.5,0.0,0.0,0,0,7.91,26.44
2026-07-04 06:58:32.599,0.0,0.5,0.0,0.0,0,0,7.91,26.44
2026-07-04 06:58:33.162,0.0,0.5,0.0,0.0,0,0,7.91,26.44
2026-07-04 06:58:33.598,0.0,0.5,0.0,0.0,0,0,7.91,26.44
2026-07-04 06:58:34.118,0.0,0.5,0.0,0.0,0,0,7.91,26.44
2026-07-04 06:58:34.648,0.0,0.5,0.0,0.0,0,0,7.91,26.44
2026-07-04 06:58:35.153,0.0,0.5,0.0,0.0,0,0,7.91,26.44
2026-07-04 06:58:35.648,0.0,0.5,0.0,0.0,0,0,7.91,26.44
2026-07-04 06:58:36.097,0.0,0.5,0.0,0.0,0,0,7.91,26.44
2026-07-04 06:58:36.599,0.0,0.5,0.0,0.0,0,0,7.91,26.44
2026-07-04 06:58:37.152,0.0,0.5,0.0,0.0,0,0,7.91,26.44
2026-07-04 06:58:37.619,0.0,0.5,0.0,0.0,0,0,7.91,26.44
2026-07-04 06:58:38.148,0.0,0.5,0.0,0.0,0,0,7.91,26.44
2026-07-04 06:58:38.648,0.0,0.5,0.0,0.0,0,0,7.91,26.44
2026-07-04 06:58:39.164,0.0,0.5,0.0,0.0,0,0,7.91,26.44
2026-07-04 06:58:39.648,0.0,0.5,0.0,0.0,0,0,7.91,26.44
2026-07-04 06:58:40.146,0.0,0.5,0.0,0.0,0,0,7.91,26.44
2026-07-04 06:58:40.647,0.0,0.5,0.0,0.0,0,0,7.91,26.44
2026-07-04 06:58:41.148,0.0,0.5,0.0,0.0,0,0,7.91,26.44
2026-07-04 06:58:41.647,0.0,0.5,0.0,0.0,0,0,7.91,26.44
2026-07-04 06:58:42.147,0.0,0.5,0.0,0.0,0,0,7.91,26.44
2026-07-04 06:58:42.642,0.0,0.5,0.0,0.0,0,0,7.91,26.44
2026-07-04 06:58:43.126,0.0,0.5,0.0,0.0,0,0,7.91,26.44
2026-07-04 06:58:43.648,0.0,0.5,0.0,0.0,0,0,7.91,26.44
2026-07-04 06:58:44.160,0.0,0.5,0.0,0.0,0,0,7.91,26.44
2026-07-04 06:58:44.663,0.0,0.5,0.0,0.0,0,0,7.91,26.44
2026-07-04 06:58:45.164,0.0,0.5,0.0,0.0,0,0,7.91,26.44
2026-07-04 06:58:45.662,0.0,0.5,0.0,0.0,0,0,7.91,26.44
2026-07-04 06:58:46.148,0.0,0.5,0.0,0.0,0,0,7.91,26.44
2026-07-04 06:58:46.619,0.0,0.5,0.0,0.0,0,0,7.91,26.44
2026-07-04 06:58:47.129,0.0,0.5,0.0,0.0,0,0,7.91,26.44
2026-07-04 06:58:47.654,0.0,0.5,0.0,0.0,0,0,7.91,26.44
2026-07-04 06:58:48.166,0.0,0.5,0.0,0.0,0,0,7.91,26.44
2026-07-04 06:58:48.665,0.0,0.5,0.0,0.0,0,0,7.91,26.44
2026-07-04 06:58:49.163,0.0,0.5,0.0,0.0,0,0,7.91,26.44
2026-07-04 06:58:49.659,0.0,0.5,0.0,0.0,0,0,7.91,26.44
2026-07-04 06:58:50.160,0.0,0.5,0.0,0.0,0,0,7.91,26.44
2026-07-04 06:58:50.657,0.0,0.5,0.0,0.0,0,0,7.91,26.44
2026-07-04 06:58:51.141,0.0,0.5,0.0,0.0,0,0,7.91,26.44
2026-07-04 06:58:51.612,0.0,0.5,0.0,0.0,0,0,7.91,26.44
2026-07-04 06:58:52.123,0.0,0.5,0.0,0.0,0,0,7.91,26.44
2026-07-04 06:58:52.641,0.0,0.5,0.0,0.0,0,0,7.91,26.44
2026-07-04 06:58:53.154,0.0,0.5,0.0,0.0,0,0,7.91,26.44
2026-07-04 06:58:53.641,0.0,0.5,0.0,0.0,0,0,7.91,26.44
2026-07-04 06:58:54.141,0.0,0.5,0.0,0.0,0,0,7.91,26.44
2026-07-04 06:58:54.655,0.0,0.5,0.0,0.0,0,0,7.91,26.44
2026-07-04 06:58:55.149,0.0,0.5,0.0,0.0,0,0,7.91,26.44
2026-07-04 06:58:55.655,0.0,0.5,0.0,0.0,0,0,7.91,26.44
2026-07-04 06:58:56.124,0.0,0.5,0.0,0.0,0,0,7.91,26.44
2026-07-04 06:58:56.629,0.0,0.5,0.0,0.0,0,0,7.91,26.44
2026-07-04 06:58:57.132,0.0,0.5,0.0,0.0,0,0,7.91,26.44
2026-07-04 06:58:57.659,0.0,0.5,0.0,0.0,0,0,7.91,26.44
2026-07-04 06:58:58.149,0.0,0.5,0.0,0.0,0,0,7.91,26.44
2026-07-04 06:58:58.648,0.0,0.5,0.0,0.0,0,0,7.91,26.44
2026-07-04 06:58:59.133,0.0,0.5,0.0,0.0,0,0,7.91,26.44
2026-07-04 06:58:59.628,0.0,0.5,0.0,0.0,0,0,7.91,26.44
2026-07-04 06:59:00.129,0.0,0.5,0.0,0.0,0,0,7.91,26.44
2026-07-04 06:59:00.629,0.0,0.5,0.0,0.0,0,0,7.91,26.44
2026-07-04 06:59:01.116,0.0,0.5,0.0,0.0,0,0,7.91,26.44
2026-07-04 06:59:01.641,0.0,0.5,0.0,0.0,0,0,7.91,26.44
2026-07-04 06:59:02.120,0.0,0.5,0.0,0.0,0,0,7.91,26.44
2026-07-04 06:59:02.658,0.0,0.5,0.0,0.0,0,0,7.91,26.44
2026-07-04 06:59:03.126,0.0,0.5,0.0,0.0,0,0,7.91,26.44
2026-07-04 06:59:03.647,0.0,0.5,0.0,0.0,0,0,7.91,26.44
2026-07-04 06:59:04.148,0.0,0.5,0.0,0.0,0,0,7.91,26.44
2026-07-04 06:59:04.652,0.0,0.5,0.0,0.0,0,0,7.91,26.44
2026-07-04 06:59:05.149,0.0,0.5,0.0,0.0,0,0,7.91,26.44
2026-07-04 06:59:05.643,0.0,0.5,0.0,0.0,0,0,7.91,26.44
2026-07-04 06:59:06.150,0.0,0.5,0.0,0.0,0,0,7.91,26.44
2026-07-04 06:59:06.649,0.0,0.5,0.0,0.0,0,0,7.91,26.44
2026-07-04 06:59:07.149,0.0,0.5,0.0,0.0,0,0,7.91,26.44
2026-07-04 06:59:07.634,0.0,0.5,0.0,0.0,0,0,7.91,26.44
2026-07-04 06:59:08.130,0.0,0.5,0.0,0.0,0,0,7.91,26.44
2026-07-04 06:59:08.671,0.0,0.5,0.0,0.0,0,0,7.91,26.44
2026-07-04 06:59:09.165,0.0,0.5,0.0,0.0,0,0,7.91,26.44
2026-07-04 06:59:09.663,0.0,0.5,0.0,0.0,0,0,7.91,26.44
2026-07-04 06:59:10.163,0.0,0.5,0.0,0.0,0,0,7.91,26.44
2026-07-04 06:59:10.666,0.0,0.5,0.0,0.0,0,0,7.91,26.44
2026-07-04 06:59:11.165,0.0,0.5,0.0,0.0,0,0,7.91,26.44
2026-07-04 06:59:11.646,0.0,0.5,0.0,0.0,0,0,7.91,26.44
2026-07-04 06:59:12.148,0.0,0.5,0.0,0.0,0,0,7.91,26.44
2026-07-04 06:59:12.635,0.0,0.5,0.0,0.0,0,0,7.91,26.44
2026-07-04 06:59:13.147,0.0,0.5,0.0,0.0,0,0,7.91,26.44
2026-07-04 06:59:13.645,0.0,0.5,0.0,0.0,0,0,7.91,26.44
2026-07-04 06:59:14.150,0.0,0.5,0.0,0.0,0,0,7.91,26.44
2026-07-04 06:59:14.648,0.0,0.5,0.0,0.0,0,0,7.91,26.44
2026-07-04 06:59:15.132,0.0,0.5,0.0,0.0,0,0,7.91,26.44
2026-07-04 06:59:15.676,0.0,0.5,0.0,0.0,0,0,7.91,26.44
2026-07-04 06:59:16.164,0.0,0.5,0.0,0.0,0,0,7.91,26.44
2026-07-04 06:59:16.650,0.0,0.5,0.0,0.0,0,0,7.91,26.44
2026-07-04 06:59:17.149,0.0,0.5,0.0,0.0,0,0,7.91,26.44
2026-07-04 06:59:17.645,0.0,0.5,0.0,0.0,0,0,7.91,26.44
2026-07-04 06:59:18.150,0.0,0.5,0.0,0.0,0,0,7.91,26.44
2026-07-04 06:59:18.652,0.0,0.5,0.0,0.0,0,0,7.91,26.44
2026-07-04 06:59:19.177,0.0,0.5,0.0,0.0,0,0,7.91,26.44
2026-07-04 06:59:19.675,0.0,0.5,0.0,0.0,0,0,7.91,26.44
2026-07-04 06:59:20.180,0.0,0.5,0.0,0.0,0,0,7.91,26.44
2026-07-04 06:59:20.648,0.0,0.5,0.0,0.0,0,0,7.91,26.44
2026-07-04 06:59:21.177,0.0,0.5,0.0,0.0,0,0,7.91,26.44
2026-07-04 06:59:21.660,0.0,0.5,0.0,0.0,0,0,7.91,26.44
2026-07-04 06:59:22.164,0.0,0.5,0.0,0.0,0,0,7.91,26.44
2026-07-04 06:59:22.649,0.0,0.5,0.0,0.0,0,0,7.91,26.44
2026-07-04 06:59:23.128,0.0,0.5,0.0,0.0,0,0,7.91,26.44
2026-07-04 06:59:23.660,0.0,0.5,0.0,0.0,0,0,7.91,26.44
2026-07-04 06:59:24.151,0.0,0.5,0.0,0.0,0,0,7.91,26.44
2026-07-04 06:59:24.648,0.0,0.5,0.0,0.0,0,0,7.91,26.44
2026-07-04 06:59:25.128,0.0,0.5,0.0,0.0,0,0,7.91,26.44
2026-07-04 06:59:25.629,0.0,0.5,0.0,0.0,0,0,7.91,26.44
2026-07-04 06:59:26.127,0.0,0.5,0.0,0.0,0,0,7.91,26.44
2026-07-04 06:59:26.669,0.0,0.5,0.0,0.0,0,0,7.91,26.44
2026-07-04 06:59:27.144,0.0,0.5,0.0,0.0,0,0,7.91,26.44
2026-07-04 06:59:27.644,0.0,0.5,0.0,0.0,0,0,7.91,26.44
2026-07-04 06:59:28.146,0.0,0.5,0.0,0.0,0,0,7.91,26.44
2026-07-04 06:59:28.636,0.0,0.5,0.0,0.0,0,0,7.91,26.44
2026-07-04 06:59:29.140,0.0,0.5,0.0,0.0,0,0,7.91,26.44
2026-07-04 06:59:29.642,0.0,0.5,0.0,0.0,0,0,7.91,26.44
2026-07-04 06:59:30.177,0.0,0.5,0.0,0.0,0,0,7.91,26.44
2026-07-04 06:59:30.635,0.0,0.5,0.0,0.0,0,0,7.91,26.44
2026-07-04 06:59:31.175,0.0,0.5,0.0,0.0,0,0,7.91,26.44
2026-07-04 06:59:31.661,0.0,0.5,0.0,0.0,0,0,7.91,26.44
2026-07-04 06:59:32.168,0.0,0.5,0.0,0.0,0,0,7.91,26.44
2026-07-04 06:59:32.648,0.0,0.5,0.0,0.0,0,0,7.91,26.44
2026-07-04 06:59:33.189,0.0,0.5,0.0,0.0,0,0,7.91,26.44
2026-07-04 06:59:33.647,0.0,0.5,0.0,0.0,0,0,7.91,26.44
2026-07-04 06:59:34.150,0.0,0.5,0.0,0.0,0,0,7.91,26.44
2026-07-04 06:59:34.648,0.0,0.5,0.0,0.0,0,0,7.91,26.44
2026-07-04 06:59:35.172,0.0,0.5,0.0,0.0,0,0,7.91,26.44
2026-07-04 06:59:35.644,0.0,0.5,0.0,0.0,0,0,7.91,26.44
2026-07-04 06:59:36.148,0.0,0.5,0.0,0.0,0,0,7.91,26.44
2026-07-04 06:59:36.648,0.0,0.5,0.0,0.0,0,0,7.91,26.44
2026-07-04 06:59:37.179,0.0,0.5,0.0,0.0,0,0,7.91,26.44
2026-07-04 06:59:37.634,0.0,0.5,0.0,0.0,0,0,7.91,26.44
2026-07-04 06:59:38.167,0.0,0.5,0.0,0.0,0,0,7.91,26.44
2026-07-04 06:59:38.665,0.0,0.5,0.0,0.0,0,0,7.91,26.44
2026-07-04 06:59:39.151,0.0,0.5,0.0,0.0,0,0,7.91,26.44
2026-07-04 06:59:39.644,0.0,0.5,0.0,0.0,0,0,7.91,26.44
2026-07-04 06:59:40.177,0.0,0.5,0.0,0.0,0,0,7.91,26.44
2026-07-04 06:59:40.838,0.0,0.0,0.0,0.0,0,0,7.91,26.44
2026-07-04 06:59:41.149,0.0,0.0,0.0,0.0,0,0,7.91,26.44
2026-07-04 06:59:41.150,0.0,0.0,0.0,0.0,0,0,7.91,26.44
2026-07-04 06:59:41.645,0.0,0.0,0.0,0.0,0,0,7.91,26.44
2026-07-04 06:59:42.149,0.0,0.0,0.0,0.0,0,0,7.91,26.44
2026-07-04 06:59:42.647,0.0,0.0,0.0,0.0,0,0,7.91,26.44
2026-07-04 06:59:43.149,0.0,0.0,0.0,0.0,0,0,7.91,26.44
2026-07-04 06:59:43.645,0.0,0.0,0.0,0.0,0,0,7.91,26.44
2026-07-04 06:59:44.146,0.0,0.0,0.0,0.0,0,0,7.91,26.44
2026-07-04 06:59:44.647,0.0,0.0,0.0,0.0,0,0,7.91,26.44
2026-07-04 06:59:45.146,0.0,0.0,0.0,0.0,0,0,7.91,26.44
2026-07-04 06:59:45.647,0.0,0.0,0.0,0.0,0,0,7.91,26.44
2026-07-04 06:59:46.163,0.0,0.0,0.0,0.0,0,0,7.91,26.44
2026-07-04 06:59:46.663,0.0,0.0,0.0,0.0,0,0,7.91,26.44
2026-07-04 06:59:47.161,0.0,0.0,0.0,0.0,0,0,7.91,26.44
2026-07-04 06:59:47.642,0.0,0.0,0.0,0.0,0,0,7.91,26.44
2026-07-04 06:59:48.144,0.0,0.0,0.0,0.0,0,0,7.91,26.44
2026-07-04 06:59:48.644,0.0,0.0,0.0,0.0,0,0,7.91,26.44
2026-07-04 06:59:49.146,0.0,0.0,0.0,0.0,0,0,7.91,26.44
2026-07-04 06:59:49.642,0.0,0.0,0.0,0.0,0,0,7.91,26.44
2026-07-04 06:59:50.171,0.0,0.0,0.0,0.0,0,0,7.91,26.44
2026-07-04 06:59:50.671,0.0,0.0,0.0,0.0,0,0,7.91,26.44
2026-07-04 06:59:51.178,0.0,0.0,0.0,0.0,0,0,7.91,26.44
2026-07-04 06:59:51.677,0.0,0.0,0.0,0.0,0,0,7.91,26.44
2026-07-04 06:59:52.148,0.0,0.0,0.0,0.0,0,0,7.91,26.44
2026-07-04 06:59:52.677,0.0,0.0,0.0,0.0,0,0,7.91,26.44
2026-07-04 06:59:53.196,0.0,0.0,0.0,0.0,0,0,7.91,26.44
2026-07-04 06:59:53.692,0.0,0.0,0.0,0.0,0,0,7.91,26.44
2026-07-04 06:59:54.195,0.0,0.0,0.0,0.0,0,0,7.91,26.44
2026-07-04 06:59:54.694,0.0,0.0,0.0,0.0,0,0,7.91,26.44
2026-07-04 06:59:55.176,0.0,0.0,0.0,0.0,0,0,7.91,26.44
2026-07-04 06:59:55.677,0.0,0.0,0.0,0.0,0,0,7.91,26.44
2026-07-04 06:59:56.177,0.0,0.0,0.0,0.0,0,0,7.91,26.44
2026-07-04 06:59:56.663,0.0,0.0,0.0,0.0,0,0,7.91,26.44
2026-07-04 06:59:57.147,0.0,0.0,0.0,0.0,0,0,7.91,26.44
2026-07-04 06:59:57.646,0.0,0.0,0.0,0.0,0,0,7.91,26.44
2026-07-04 06:59:58.147,0.0,0.0,0.0,0.0,0,0,7.91,26.44
2026-07-04 06:59:58.660,0.0,0.0,0.0,0.0,0,0,7.91,26.44
2026-07-04 06:59:59.176,0.0,0.0,0.0,0.0,0,0,7.91,26.44
2026-07-04 06:59:59.675,0.0,0.0,0.0,0.0,0,0,7.91,26.44
2026-07-04 07:00:00.169,0.0,0.0,0.0,0.0,0,0,7.91,26.44
2026-07-04 07:00:00.676,0.0,0.0,0.0,0.0,0,0,7.91,26.44
2026-07-04 07:00:01.176,0.0,0.0,0.0,0.0,0,0,7.91,26.44
2026-07-04 07:00:01.673,0.0,0.0,0.0,0.0,0,0,7.91,26.44
2026-07-04 07:00:02.198,0.0,0.0,0.0,0.0,0,0,7.91,26.44
2026-07-04 07:00:02.680,0.0,0.0,0.0,0.0,0,0,7.91,26.44
2026-07-04 07:00:03.170,0.0,0.0,0.0,0.0,0,0,7.91,26.44
2026-07-04 07:00:03.677,0.0,0.0,0.0,0.0,0,0,7.91,26.44
2026-07-04 07:00:04.180,0.0,0.0,0.0,0.0,0,0,7.91,26.44
2026-07-04 07:00:04.671,0.0,0.0,0.0,0.0,0,0,7.91,26.44
2026-07-04 07:00:05.181,0.0,0.0,0.0,0.0,0,0,7.91,26.44
2026-07-04 07:00:05.677,0.0,0.0,0.0,0.0,0,0,7.91,26.44
2026-07-04 07:00:06.149,0.0,0.0,0.0,0.0,0,0,7.91,26.44
2026-07-04 07:00:06.647,0.0,0.0,0.0,0.0,0,0,7.91,26.44
2026-07-04 07:00:07.147,0.0,0.0,0.0,0.0,0,0,7.91,26.44
2026-07-04 07:00:07.698,0.0,0.0,0.0,0.0,0,0,7.91,26.44
2026-07-04 07:00:08.180,0.0,0.0,0.0,0.0,0,0,7.91,26.44
2026-07-04 07:00:08.684,0.0,0.0,0.0,0.0,0,0,7.91,26.44
2026-07-04 07:00:09.196,0.0,0.0,0.0,0.0,0,0,7.91,26.44
2026-07-04 07:00:09.702,0.0,0.0,0.0,0.0,0,0,7.91,26.44
2026-07-04 07:00:10.168,0.0,0.0,0.0,0.0,0,0,7.91,26.44
2026-07-04 07:00:10.677,0.0,0.0,0.0,0.0,0,0,7.91,26.44
2026-07-04 07:00:11.171,0.0,0.0,0.0,0.0,0,0,7.91,26.44
2026-07-04 07:00:11.675,0.0,0.0,0.0,0.0,0,0,7.91,26.44
2026-07-04 07:00:12.178,0.0,0.0,0.0,0.0,0,0,7.91,26.44
2026-07-04 07:00:12.897,0.0,0.0,0.0,0.0,0,0,7.91,26.44
2026-07-04 07:00:13.197,0.0,0.0,0.0,0.0,0,0,7.91,26.44
2026-07-04 07:00:13.197,0.0,0.0,0.0,0.0,0,0,7.91,26.44
2026-07-04 07:00:13.693,0.0,0.0,0.0,0.0,0,0,7.91,26.44
2026-07-04 07:00:14.181,0.0,0.0,0.0,0.0,0,0,7.91,26.44
2026-07-04 07:00:14.677,0.0,0.0,0.0,0.0,0,0,7.91,26.44
2026-07-04 07:00:15.180,0.0,0.0,0.0,0.0,0,0,7.91,26.44
2026-07-04 07:00:15.676,0.0,0.0,0.0,0.0,0,0,7.91,26.44
2026-07-04 07:00:16.179,0.0,0.0,0.0,0.0,0,0,7.91,26.44
2026-07-04 07:00:16.703,0.0,0.0,0.0,0.0,0,0,7.91,26.44
2026-07-04 07:00:17.177,0.0,0.0,0.0,0.0,0,0,7.91,26.44
2026-07-04 07:00:17.676,0.0,0.0,0.0,0.0,0,0,7.91,26.44
2026-07-04 07:00:18.208,0.0,0.0,0.0,0.0,0,0,7.91,26.44
2026-07-04 07:00:18.708,0.0,0.0,0.0,0.0,0,0,7.91,26.44
2026-07-04 07:00:19.195,0.0,0.0,0.0,0.0,0,0,7.91,26.44
2026-07-04 07:00:19.692,0.0,0.0,0.0,0.0,0,0,7.91,26.44
2026-07-04 07:00:20.195,0.0,0.0,0.0,0.0,0,0,7.91,26.44
2026-07-04 07:00:20.692,0.0,0.0,0.0,0.0,0,0,7.91,26.44
2026-07-04 07:00:21.191,0.0,0.0,0.0,0.0,0,0,7.91,26.44
2026-07-04 07:00:21.703,0.0,0.0,0.0,0.0,0,0,7.91,26.44
2026-07-04 07:00:22.205,0.0,0.0,0.0,0.0,0,0,7.91,26.44
2026-07-04 07:00:22.672,0.0,0.0,0.0,0.0,0,0,7.91,26.44
2026-07-04 07:00:23.171,0.0,0.0,0.0,0.0,0,0,7.91,26.44
2026-07-04 07:00:23.685,0.0,0.0,0.0,0.0,0,0,7.91,26.44
2026-07-04 07:00:24.177,0.0,0.0,0.0,0.0,0,0,7.91,26.44
2026-07-04 07:00:24.710,0.0,0.0,0.0,0.0,0,0,7.91,26.44
2026-07-04 07:00:25.208,0.0,0.0,0.0,0.0,0,0,7.91,26.44
2026-07-04 07:00:25.709,0.0,0.0,0.0,0.0,0,0,7.91,26.44
2026-07-04 07:00:26.209,0.0,0.0,0.0,0.0,0,0,7.91,26.44
2026-07-04 07:00:26.707,0.0,0.0,0.0,0.0,0,0,7.91,26.44
2026-07-04 07:00:27.209,0.0,0.0,0.0,0.0,0,0,7.91,26.44
2026-07-04 07:00:27.709,0.0,0.0,0.0,0.0,0,0,7.91,26.44
2026-07-04 07:00:28.207,0.0,0.0,0.0,0.0,0,0,7.91,26.44
2026-07-04 07:00:28.679,0.0,0.0,0.0,0.0,0,0,7.91,26.44
2026-07-04 07:00:29.159,0.0,0.0,0.0,0.0,0,0,7.91,26.44
2026-07-04 07:00:29.694,0.0,0.0,0.0,0.0,0,0,7.91,26.44
2026-07-04 07:00:30.201,0.0,0.0,0.0,0.0,0,0,7.91,26.44
2026-07-04 07:00:30.717,0.0,0.0,0.0,0.0,0,0,7.91,26.44
2026-07-04 07:00:31.177,0.0,0.0,0.0,0.0,0,0,7.91,26.44
2026-07-04 07:00:31.676,0.0,0.0,0.0,0.0,0,0,7.91,26.44
2026-07-04 07:00:32.178,0.0,0.0,0.0,0.0,0,0,7.91,26.44
2026-07-04 07:00:32.677,0.0,0.0,0.0,0.0,0,0,7.91,26.44
2026-07-04 07:00:33.177,0.0,0.0,0.0,0.0,0,0,7.91,26.44
2026-07-04 07:00:33.687,0.0,0.0,0.0,0.0,0,0,7.91,26.44
2026-07-04 07:00:34.202,0.0,0.0,0.0,0.0,0,0,7.91,26.44
2026-07-04 07:00:34.701,0.0,0.0,0.0,0.0,0,0,7.91,26.44
2026-07-04 07:00:35.207,0.0,0.0,0.0,0.0,0,0,7.91,26.44
2026-07-04 07:00:35.709,0.0,0.0,0.0,0.0,0,0,7.91,26.44
2026-07-04 07:00:36.165,0.0,0.0,0.0,0.0,0,0,7.91,26.44
2026-07-04 07:00:36.708,0.0,0.0,0.0,0.0,0,0,7.91,26.44
2026-07-04 07:00:37.209,0.0,0.0,0.0,0.0,0,0,7.91,26.44
2026-07-04 07:00:37.707,0.0,0.0,0.0,0.0,0,0,7.91,26.44
2026-07-04 07:00:38.208,0.0,0.0,0.0,0.0,0,0,7.91,26.44
2026-07-04 07:00:38.708,0.0,0.0,0.0,0.0,0,0,7.91,26.44
2026-07-04 07:00:39.208,0.0,0.0,0.0,0.0,0,0,7.91,26.44
2026-07-04 07:00:39.708,0.0,0.0,0.0,0.0,0,0,7.91,26.44
2026-07-04 07:00:40.208,0.0,0.0,0.0,0.0,0,0,7.91,26.44
2026-07-04 07:00:40.709,0.0,0.0,0.0,0.0,0,0,7.91,26.44
2026-07-04 07:00:41.209,0.0,0.0,0.0,0.0,0,0,7.91,26.44
2026-07-04 07:00:41.706,0.0,0.0,0.0,0.0,0,0,7.91,26.44
2026-07-04 07:00:42.198,0.0,0.0,0.0,0.0,0,0,7.91,26.44
2026-07-04 07:00:42.706,0.0,0.0,0.0,0.0,0,0,7.91,26.44
2026-07-04 07:00:43.192,0.0,0.0,0.0,0.0,0,0,7.91,26.44
2026-07-04 07:00:43.677,0.0,0.0,0.0,0.0,0,0,7.91,26.44
2026-07-04 07:00:44.167,0.0,0.0,0.0,0.0,0,0,7.91,26.44
2026-07-04 07:00:44.720,0.0,0.0,0.0,0.0,0,0,7.91,26.44
2026-07-04 07:00:45.210,0.0,0.0,0.0,0.0,0,0,7.91,26.44
2026-07-04 07:00:45.671,0.0,0.0,0.0,0.0,0,0,7.91,26.44
2026-07-04 07:00:46.178,0.0,0.0,0.0,0.0,0,0,7.91,26.44
2026-07-04 07:00:46.677,0.0,0.0,0.0,0.0,0,0,7.91,26.44
2026-07-04 07:00:47.179,0.0,0.0,0.0,0.0,0,0,7.91,26.44
2026-07-04 07:00:47.693,0.0,0.0,0.0,0.0,0,0,7.91,26.44
2026-07-04 07:00:48.196,0.0,0.0,0.0,0.0,0,0,7.91,26.44
2026-07-04 07:00:48.693,0.0,0.0,0.0,0.0,0,0,7.91,26.44
2026-07-04 07:00:49.193,0.0,0.0,0.0,0.0,0,0,7.91,26.44
2026-07-04 07:00:49.693,0.0,0.0,0.0,0.0,0,0,7.91,26.44
2026-07-04 07:00:50.191,0.0,0.0,0.0,0.0,0,0,7.91,26.44
2026-07-04 07:00:50.724,0.0,0.0,0.0,0.0,0,0,7.91,26.44
2026-07-04 07:00:51.227,0.0,0.0,0.0,0.0,0,0,7.91,26.44
2026-07-04 07:00:51.714,0.0,0.0,0.0,0.0,0,0,7.91,26.44
2026-07-04 07:00:52.208,0.0,0.0,0.0,0.0,0,0,7.91,26.44
2026-07-04 07:00:52.697,0.0,0.0,0.0,0.0,0,0,7.91,26.44
2026-07-04 07:00:53.196,0.0,0.0,0.0,0.0,0,0,7.91,26.44
2026-07-04 07:00:53.681,0.0,0.0,0.0,0.0,0,0,7.91,26.44
2026-07-04 07:00:54.178,0.0,0.0,0.0,0.0,0,0,7.91,26.44
2026-07-04 07:00:54.680,0.0,0.0,0.0,0.0,0,0,7.91,26.44
2026-07-04 07:00:55.177,0.0,0.0,0.0,0.0,0,0,7.91,26.44
2026-07-04 07:00:55.675,0.0,0.0,0.0,0.0,0,0,7.91,26.44
2026-07-04 07:00:56.207,0.0,0.0,0.0,0.0,0,0,7.91,26.44
2026-07-04 07:00:56.728,0.0,0.0,0.0,0.0,0,0,7.91,26.44
2026-07-04 07:00:57.209,0.0,0.0,0.0,0.0,0,0,7.91,26.44
2026-07-04 07:00:57.677,0.0,0.0,0.0,0.0,0,0,7.91,26.44
2026-07-04 07:00:58.207,0.0,0.0,0.0,0.0,0,0,7.91,26.44
2026-07-04 07:00:58.679,0.0,0.0,0.0,0.0,0,0,7.91,26.44
2026-07-04 07:00:59.197,0.0,0.0,0.0,0.0,0,0,7.91,26.44
2026-07-04 07:00:59.693,0.0,0.0,0.0,0.0,0,0,7.91,26.44
2026-07-04 07:01:00.195,0.0,0.0,0.0,0.0,0,0,7.91,26.44
2026-07-04 07:01:00.737,0.0,0.0,0.0,0.0,0,0,7.91,26.44
2026-07-04 07:01:01.226,0.0,0.0,0.0,0.0,0,0,7.91,26.44
2026-07-04 07:01:01.724,0.0,0.0,0.0,0.0,0,0,7.91,26.44
2026-07-04 07:01:02.210,0.0,0.0,0.0,0.0,0,0,7.91,26.44
2026-07-04 07:01:02.709,0.0,0.0,0.0,0.0,0,0,7.91,26.44
2026-07-04 07:01:03.210,0.0,0.0,0.0,0.0,0,0,7.91,26.44
2026-07-04 07:01:03.691,0.0,0.0,0.0,0.0,0,0,7.91,26.44
2026-07-04 07:01:04.174,0.0,0.0,0.0,0.0,0,0,7.91,26.44
2026-07-04 07:01:04.734,0.0,0.0,0.0,0.0,0,0,7.91,26.44
2026-07-04 07:01:05.229,0.0,0.0,0.0,0.0,0,0,7.91,26.44
2026-07-04 07:01:05.738,0.0,0.0,0.0,0.0,0,0,7.91,26.44
2026-07-04 07:01:06.209,0.0,0.0,0.0,0.0,0,0,7.91,26.44
2026-07-04 07:01:06.708,0.0,0.0,0.0,0.0,0,0,7.91,26.44
2026-07-04 07:01:07.238,0.0,0.0,0.0,0.0,0,0,7.91,26.44
2026-07-04 07:01:07.733,0.0,0.0,0.0,0.0,0,0,7.91,26.44
2026-07-04 07:01:08.238,0.0,0.0,0.0,0.0,0,0,7.91,26.44
2026-07-04 07:01:08.740,0.0,0.0,0.0,0.0,0,0,7.91,26.44
2026-07-04 07:01:09.177,0.0,0.0,0.0,0.0,0,0,7.91,26.44
2026-07-04 07:01:09.709,0.0,0.0,0.0,0.0,0,0,7.91,26.44
2026-07-04 07:01:10.209,0.0,0.0,0.0,0.0,0,0,7.91,26.44
2026-07-04 07:01:10.709,0.0,0.0,0.0,0.0,0,0,7.91,26.44
2026-07-04 07:01:11.209,0.0,0.0,0.0,0.0,0,0,7.91,26.44
2026-07-04 07:01:11.710,0.0,0.0,0.0,0.0,0,0,7.91,26.44
2026-07-04 07:01:12.210,0.0,0.0,0.0,0.0,0,0,7.91,26.44
2026-07-04 07:01:12.707,0.0,0.0,0.0,0.0,0,0,7.91,26.44
2026-07-04 07:01:13.208,0.0,0.0,0.0,0.0,0,0,7.91,26.44
2026-07-04 07:01:13.701,0.0,0.0,0.0,0.0,0,0,7.91,26.44
2026-07-04 07:01:14.202,0.0,0.0,0.0,0.0,0,0,7.91,26.44
2026-07-04 07:01:14.707,0.0,0.0,0.0,0.0,0,0,7.91,26.44
2026-07-04 07:01:15.207,0.0,0.0,0.0,0.0,0,0,7.91,26.44
2026-07-04 07:01:15.709,0.0,0.0,0.0,0.0,0,0,7.91,26.44
2026-07-04 07:01:16.199,0.0,0.0,0.0,0.0,0,0,7.91,26.44
2026-07-04 07:01:16.722,0.0,0.0,0.0,0.0,0,0,7.91,26.44
2026-07-04 07:01:17.203,0.0,0.0,0.0,0.0,0,0,7.91,26.44
2026-07-04 07:01:17.702,0.0,0.0,0.0,0.0,0,0,7.91,26.44
2026-07-04 07:01:18.202,0.0,0.0,0.0,0.0,0,0,7.91,26.44
2026-07-04 07:01:18.701,0.0,0.0,0.0,0.0,0,0,7.91,26.44
2026-07-04 07:01:19.203,0.0,0.0,0.0,0.0,0,0,7.91,26.44
2026-07-04 07:01:19.701,0.0,0.0,0.0,0.0,0,0,7.91,26.44
2026-07-04 07:01:20.202,0.0,0.0,0.0,0.0,0,0,7.91,26.44
2026-07-04 07:01:20.702,0.0,0.0,0.0,0.0,0,0,7.91,26.44
2026-07-04 07:01:21.205,0.0,0.0,0.0,0.0,0,0,7.91,26.44
2026-07-04 07:01:21.689,0.0,0.0,0.0,0.0,0,0,7.91,26.44
2026-07-04 07:01:22.209,0.0,0.0,0.0,0.0,0,0,7.91,26.44
2026-07-04 07:01:22.703,0.0,0.0,0.0,0.0,0,0,7.91,26.44
2026-07-04 07:01:23.208,0.0,0.0,0.0,0.0,0,0,7.91,26.44
2026-07-04 07:01:23.708,0.0,0.0,0.0,0.0,0,0,7.91,26.44
2026-07-04 07:01:24.209,0.0,0.0,0.0,0.0,0,0,7.91,26.44
2026-07-04 07:01:24.707,0.0,0.0,0.0,0.0,0,0,7.91,26.44
2026-07-04 07:01:25.196,0.0,0.0,0.0,0.0,0,0,7.91,26.44
2026-07-04 07:01:25.709,0.0,0.0,0.0,0.0,0,0,7.91,26.44
2026-07-04 07:01:26.238,0.0,0.0,0.0,0.0,0,0,7.91,26.44
2026-07-04 07:01:26.707,0.0,0.0,0.0,0.0,0,0,7.91,26.44
2026-07-04 07:01:27.196,0.0,0.0,0.0,0.0,0,0,7.91,26.44
2026-07-04 07:01:27.738,0.0,0.0,0.0,0.0,0,0,7.91,26.44
2026-07-04 07:01:28.238,0.0,0.0,0.0,0.0,0,0,7.91,26.44
2026-07-04 07:01:28.732,0.0,0.0,0.0,0.0,0,0,7.91,26.44
2026-07-04 07:01:29.228,0.0,0.0,0.0,0.0,0,0,7.91,26.44
2026-07-04 07:01:29.740,0.0,0.0,0.0,0.0,0,0,7.91,26.44
2026-07-04 07:01:30.245,0.0,0.0,0.0,0.0,0,0,7.91,26.44
2026-07-04 07:01:30.728,0.0,0.0,0.0,0.0,0,0,7.91,26.44
2026-07-04 07:01:31.230,0.0,0.0,0.0,0.0,0,0,7.91,26.44
2026-07-04 07:01:31.756,0.0,0.0,0.0,0.0,0,0,7.91,26.44
2026-07-04 07:01:32.238,0.0,0.0,0.0,0.0,0,0,7.91,26.44
2026-07-04 07:01:32.710,0.0,0.0,0.0,0.0,0,0,7.91,26.44
2026-07-04 07:01:33.240,0.0,0.0,0.0,0.0,0,0,7.91,26.44
2026-07-04 07:01:33.700,0.0,0.0,0.0,0.0,0,0,7.91,26.44
2026-07-04 07:01:34.240,0.0,0.0,0.0,0.0,0,0,7.91,26.44
2026-07-04 07:01:34.698,0.0,0.0,0.0,0.0,0,0,7.91,26.44
2026-07-04 07:01:35.208,0.0,0.0,0.0,0.0,0,0,7.91,26.44
2026-07-04 07:01:35.738,0.0,0.0,0.0,0.0,0,0,7.91,26.44
2026-07-04 07:01:36.197,0.0,0.0,0.0,0.0,0,0,7.91,26.44
2026-07-04 07:01:36.738,0.0,0.0,0.0,0.0,0,0,7.91,26.44
2026-07-04 07:01:37.230,0.0,0.0,0.0,0.0,0,0,7.91,26.44
2026-07-04 07:01:37.713,0.0,0.0,0.0,0.0,0,0,7.91,26.44
2026-07-04 07:01:38.208,0.0,0.0,0.0,0.0,0,0,7.91,26.44
2026-07-04 07:01:38.708,0.0,0.0,0.0,0.0,0,0,7.91,26.44
2026-07-04 07:01:39.209,0.0,0.0,0.0,0.0,0,0,7.91,26.44
2026-07-04 07:01:39.707,0.0,0.0,0.0,0.0,0,0,7.91,26.44
2026-07-04 07:01:40.207,0.0,0.0,0.0,0.0,0,0,7.91,26.44
2026-07-04 07:01:40.708,0.0,0.0,0.0,0.0,0,0,7.91,26.44
2026-07-04 07:01:41.208,0.0,0.0,0.0,0.0,0,0,7.91,26.44
2026-07-04 07:01:41.735,0.0,0.0,0.0,0.0,0,0,7.91,26.44
2026-07-04 07:01:42.204,0.0,0.0,0.0,0.0,0,0,7.91,26.44
2026-07-04 07:01:42.719,0.0,0.0,0.0,0.0,0,0,7.91,26.44
2026-07-04 07:01:43.229,0.0,0.0,0.0,0.0,0,0,7.91,26.44
2026-07-04 07:01:43.749,0.0,0.0,0.0,0.0,0,0,7.91,26.44
2026-07-04 07:01:44.260,0.0,0.0,0.0,0.0,0,0,7.91,26.44
2026-07-04 07:01:44.740,0.0,0.0,0.0,0.0,0,0,7.91,26.44
2026-07-04 07:01:45.208,0.0,0.0,0.0,0.0,0,0,7.91,26.44
2026-07-04 07:01:45.708,0.0,0.0,0.0,0.0,0,0,7.91,26.44
2026-07-04 07:01:46.208,0.0,0.0,0.0,0.0,0,0,7.91,26.44
2026-07-04 07:01:46.710,0.0,0.0,0.0,0.0,0,0,7.91,26.44
2026-07-04 07:01:47.210,0.0,0.0,0.0,0.0,0,0,7.91,26.44
2026-07-04 07:01:47.709,0.0,0.0,0.0,0.0,0,0,7.91,26.44
2026-07-04 07:01:48.209,0.0,0.0,0.0,0.0,0,0,7.91,26.44
2026-07-04 07:01:48.755,0.0,0.0,0.0,0.0,0,0,7.91,26.44
2026-07-04 07:01:49.236,0.0,0.0,0.0,0.0,0,0,7.91,26.44
2026-07-04 07:01:49.736,0.0,0.0,0.0,0.0,0,0,7.91,26.44
2026-07-04 07:01:50.220,0.0,0.0,0.0,0.0,0,0,7.91,26.44
2026-07-04 07:01:50.751,0.0,0.0,0.0,0.0,0,0,7.91,26.44
2026-07-04 07:01:51.259,0.0,0.0,0.0,0.0,0,0,7.91,26.44
2026-07-04 07:01:51.703,0.0,0.0,0.0,0.0,0,0,7.91,26.44
2026-07-04 07:01:52.209,0.0,0.0,0.0,0.0,0,0,7.91,26.44
2026-07-04 07:01:52.709,0.0,0.0,0.0,0.0,0,0,7.91,26.44
2026-07-04 07:01:53.219,0.0,0.0,0.0,0.0,0,0,7.91,26.44
2026-07-04 07:01:53.736,0.0,0.0,0.0,0.0,0,0,7.91,26.44
2026-07-04 07:01:54.251,0.0,0.0,0.0,0.0,0,0,7.91,26.44
2026-07-04 07:01:54.730,0.0,0.0,0.0,0.0,0,0,7.91,26.44
2026-07-04 07:01:55.251,0.0,0.0,0.0,0.0,0,0,7.91,26.44
2026-07-04 07:01:55.702,0.0,0.0,0.0,0.0,0,0,7.91,26.44
2026-07-04 07:01:56.257,0.0,0.0,0.0,0.0,0,0,7.91,26.44
2026-07-04 07:01:56.708,0.0,0.0,0.0,0.0,0,0,7.91,26.44
2026-07-04 07:01:57.202,0.0,0.0,0.0,0.0,0,0,7.91,26.44
2026-07-04 07:01:57.756,0.0,0.0,0.0,0.0,0,0,7.91,26.44
2026-07-04 07:01:58.258,0.0,0.0,0.0,0.0,0,0,7.91,26.44
2026-07-04 07:01:58.708,0.0,0.0,0.0,0.0,0,0,7.91,26.44
2026-07-04 07:01:59.208,0.0,0.0,0.0,0.0,0,0,7.91,26.44
2026-07-04 07:01:59.714,0.0,0.0,0.0,0.0,0,0,7.91,26.44
2026-07-04 07:02:00.231,0.0,0.0,0.0,0.0,0,0,7.91,26.44
2026-07-04 07:02:00.731,0.0,0.0,0.0,0.0,0,0,7.91,26.44
2026-07-04 07:02:01.239,0.0,0.0,0.0,0.0,0,0,7.91,26.44
2026-07-04 07:02:01.713,0.0,0.0,0.0,0.0,0,0,7.91,26.44
2026-07-04 07:02:02.259,0.0,0.0,0.0,0.0,0,0,7.91,26.44
2026-07-04 07:02:02.759,0.0,0.0,0.0,0.0,0,0,7.91,26.44
2026-07-04 07:02:03.239,0.0,0.0,0.0,0.0,0,0,7.91,26.44
2026-07-04 07:02:03.772,0.0,0.0,0.0,0.0,0,0,7.91,26.44
2026-07-04 07:02:04.260,0.0,0.0,0.0,0.0,0,0,7.91,26.44
2026-07-04 07:02:04.738,0.0,0.0,0.0,0.0,0,0,7.91,26.44
2026-07-04 07:02:05.238,0.0,0.0,0.0,0.0,0,0,7.91,26.44
2026-07-04 07:02:05.728,0.0,0.0,0.0,0.0,0,0,7.91,26.44
2026-07-04 07:02:06.260,0.0,0.0,0.0,0.0,0,0,7.91,26.44
2026-07-04 07:02:06.738,0.0,0.0,0.0,0.0,0,0,7.91,26.44
2026-07-04 07:02:07.238,0.0,0.0,0.0,0.0,0,0,7.91,26.44
2026-07-04 07:02:07.739,0.0,0.0,0.0,0.0,0,0,7.91,26.44
2026-07-04 07:02:08.229,0.0,0.0,0.0,0.0,0,0,7.91,26.44
2026-07-04 07:02:08.723,0.0,0.0,0.0,0.0,0,0,7.91,26.44
2026-07-04 07:02:09.220,0.0,0.0,0.0,0.0,0,0,7.91,26.44
2026-07-04 07:02:09.750,0.0,0.0,0.0,0.0,0,0,7.91,26.44
2026-07-04 07:02:10.252,0.0,0.0,0.0,0.0,0,0,7.91,26.44
2026-07-04 07:02:10.728,0.0,0.0,0.0,0.0,0,0,7.91,26.44
2026-07-04 07:02:11.219,0.0,0.0,0.0,0.0,0,0,7.91,26.44
2026-07-04 07:02:11.739,0.0,0.0,0.0,0.0,0,0,7.91,26.44
2026-07-04 07:02:12.238,0.0,0.0,0.0,0.0,0,0,7.91,26.44
2026-07-04 07:02:12.739,0.0,0.0,0.0,0.0,0,0,7.91,26.44
2026-07-04 07:02:13.227,0.0,0.0,0.0,0.0,0,0,7.91,26.44
2026-07-04 07:02:13.746,0.0,0.0,0.0,0.0,0,0,7.91,26.44
2026-07-04 07:02:14.238,0.0,0.0,0.0,0.0,0,0,7.91,26.44
2026-07-04 07:02:14.728,0.0,0.0,0.0,0.0,0,0,7.91,26.44
2026-07-04 07:02:15.226,0.0,0.0,0.0,0.0,0,0,7.91,26.44
2026-07-04 07:02:15.723,0.0,0.0,0.0,0.0,0,0,7.91,26.44
2026-07-04 07:02:16.223,0.0,0.0,0.0,0.0,0,0,7.91,26.44
2026-07-04 07:02:16.726,0.0,0.0,0.0,0.0,0,0,7.91,26.44
2026-07-04 07:02:17.274,0.0,0.0,0.0,0.0,0,0,7.91,26.44
2026-07-04 07:02:17.773,0.0,0.0,0.0,0.0,0,0,7.91,26.44
2026-07-04 07:02:18.273,0.0,0.0,0.0,0.0,0,0,7.91,26.44
2026-07-04 07:02:18.773,0.0,0.0,0.0,0.0,0,0,7.91,26.44
2026-07-04 07:02:19.272,0.0,0.0,0.0,0.0,0,0,7.91,26.44
2026-07-04 07:02:19.773,0.0,0.0,0.0,0.0,0,0,7.91,26.44
2026-07-04 07:02:20.274,0.0,0.0,0.0,0.0,0,0,7.91,26.44
2026-07-04 07:02:20.773,0.0,0.0,0.0,0.0,0,0,7.91,26.44
2026-07-04 07:02:21.271,0.0,0.0,0.0,0.0,0,0,7.91,26.44
2026-07-04 07:02:21.773,0.0,0.0,0.0,0.0,0,0,7.91,26.44
2026-07-04 07:02:22.268,0.0,0.0,0.0,0.0,0,0,7.91,26.44
2026-07-04 07:02:22.738,0.0,0.0,0.0,0.0,0,0,7.91,26.44
2026-07-04 07:02:23.229,0.0,0.0,0.0,0.0,0,0,7.91,26.44
2026-07-04 07:02:23.721,0.0,0.0,0.0,0.0,0,0,7.91,26.44
2026-07-04 07:02:24.234,0.0,0.0,0.0,0.0,0,0,7.91,26.44
2026-07-04 07:02:24.749,0.0,0.0,0.0,0.0,0,0,7.91,26.44
2026-07-04 07:02:25.258,0.0,0.0,0.0,0.0,0,0,7.91,26.44
2026-07-04 07:02:25.771,0.0,0.0,0.0,0.0,0,0,7.91,26.44
2026-07-04 07:02:26.261,0.0,0.0,0.0,0.0,0,0,7.91,26.44
2026-07-04 07:02:26.740,0.0,0.0,0.0,0.0,0,0,7.91,26.44
2026-07-04 07:02:27.238,0.0,0.0,0.0,0.0,0,0,7.91,26.44
2026-07-04 07:02:27.725,0.0,0.0,0.0,0.0,0,0,7.91,26.44
2026-07-04 07:02:28.228,0.0,0.0,0.0,0.0,0,0,7.91,26.44
2026-07-04 07:02:28.726,0.0,0.0,0.0,0.0,0,0,7.91,26.44
2026-07-04 07:02:29.225,0.0,0.0,0.0,0.0,0,0,7.91,26.44
2026-07-04 07:02:29.725,0.0,0.0,0.0,0.0,0,0,7.91,26.44
2026-07-04 07:02:30.275,0.0,0.0,0.0,0.0,0,0,7.91,26.44
2026-07-04 07:02:30.738,0.0,0.0,0.0,0.0,0,0,7.91,26.44
2026-07-04 07:02:31.258,0.0,0.0,0.0,0.0,0,0,7.91,26.44
2026-07-04 07:02:31.758,0.0,0.0,0.0,0.0,0,0,7.91,26.44
2026-07-04 07:02:32.239,0.0,0.0,0.0,0.0,0,0,7.91,26.44
2026-07-04 07:02:32.727,0.0,0.0,0.0,0.0,0,0,7.91,26.44
2026-07-04 07:02:33.288,0.0,0.0,0.0,0.0,0,0,7.91,26.44
2026-07-04 07:02:33.725,0.0,0.0,0.0,0.0,0,0,7.91,26.44
2026-07-04 07:02:34.289,0.0,0.0,0.0,0.0,0,0,7.91,26.44
2026-07-04 07:02:34.787,0.0,0.0,0.0,0.0,0,0,7.91,26.44
2026-07-04 07:02:35.286,0.0,0.0,0.0,0.0,0,0,7.91,26.44
2026-07-04 07:02:35.787,0.0,0.0,0.0,0.0,0,0,7.91,26.44
2026-07-04 07:02:36.280,0.0,0.0,0.0,0.0,0,0,7.91,26.44
2026-07-04 07:02:36.775,0.0,0.0,0.0,0.0,0,0,7.91,26.44
2026-07-04 07:02:37.273,0.0,0.0,0.0,0.0,0,0,7.91,26.44
2026-07-04 07:02:37.772,0.0,0.0,0.0,0.0,0,0,7.91,26.44
2026-07-04 07:02:38.260,0.0,0.0,0.0,0.0,0,0,7.91,26.44
2026-07-04 07:02:38.766,0.0,0.0,0.0,0.0,0,0,7.91,26.44
2026-07-04 07:02:39.277,0.0,0.0,0.0,0.0,0,0,7.91,26.44
2026-07-04 07:02:39.730,0.0,0.0,0.0,0.0,0,0,7.91,26.44
2026-07-04 07:02:40.275,0.0,0.0,0.0,0.0,0,0,7.91,26.44
2026-07-04 07:02:40.739,0.0,0.0,0.0,0.0,0,0,7.91,26.44
2026-07-04 07:02:41.238,0.0,0.0,0.0,0.0,0,0,7.91,26.44
2026-07-04 07:02:41.739,0.0,0.0,0.0,0.0,0,0,7.91,26.44
2026-07-04 07:02:42.238,0.0,0.0,0.0,0.0,0,0,7.91,26.44
2026-07-04 07:02:42.738,0.0,0.0,0.0,0.0,0,0,7.91,26.44
2026-07-04 07:02:43.239,0.0,0.0,0.0,0.0,0,0,7.91,26.44
2026-07-04 07:02:43.789,0.0,0.0,0.0,0.0,0,0,7.91,26.44
2026-07-04 07:02:44.286,0.0,0.0,0.0,0.0,0,0,7.91,26.44
2026-07-04 07:02:44.786,0.0,0.0,0.0,0.0,0,0,7.91,26.44
2026-07-04 07:02:45.285,0.0,0.0,0.0,0.0,0,0,7.91,26.44
2026-07-04 07:02:45.786,0.0,0.0,0.0,0.0,0,0,7.91,26.44
2026-07-04 07:02:46.282,0.0,0.0,0.0,0.0,0,0,7.91,26.44
2026-07-04 07:02:46.770,0.0,0.0,0.0,0.0,0,0,7.91,26.44
2026-07-04 07:02:47.258,0.0,0.0,0.0,0.0,0,0,7.91,26.44
2026-07-04 07:02:47.734,0.0,0.0,0.0,0.0,0,0,7.91,26.44
2026-07-04 07:02:48.233,0.0,0.0,0.0,0.0,0,0,7.91,26.44
2026-07-04 07:02:48.782,0.0,0.0,0.0,0.0,0,0,7.91,26.44
2026-07-04 07:02:49.238,0.0,0.0,0.0,0.0,0,0,7.91,26.44
2026-07-04 07:02:49.729,0.0,0.0,0.0,0.0,0,0,7.91,26.44
2026-07-04 07:02:50.258,0.0,0.0,0.0,0.0,0,0,7.91,26.44
2026-07-04 07:02:50.740,0.0,0.0,0.0,0.0,0,0,7.91,26.44
2026-07-04 07:02:51.239,0.0,0.0,0.0,0.0,0,0,7.91,26.44
2026-07-04 07:02:51.738,0.0,0.0,0.0,0.0,0,0,7.91,26.44
2026-07-04 07:02:52.239,0.0,0.0,0.0,0.0,0,0,7.91,26.44
2026-07-04 07:02:52.785,0.0,0.0,0.0,0.0,0,0,7.91,26.44
2026-07-04 07:02:53.258,0.0,0.0,0.0,0.0,0,0,7.91,26.44
2026-07-04 07:02:53.765,0.0,0.0,0.0,0.0,0,0,7.91,26.44
2026-07-04 07:02:54.261,0.0,0.0,0.0,0.0,0,0,7.91,26.44
2026-07-04 07:02:54.765,0.0,0.0,0.0,0.0,0,0,7.91,26.44
2026-07-04 07:02:55.280,0.0,0.0,0.0,0.0,0,0,7.91,26.44
2026-07-04 07:02:55.798,0.0,0.0,0.0,0.0,0,0,7.91,26.44
2026-07-04 07:02:56.259,0.0,0.0,0.0,0.0,0,0,7.91,26.44
2026-07-04 07:02:56.760,0.0,0.0,0.0,0.0,0,0,7.91,26.44
2026-07-04 07:02:57.289,0.0,0.0,0.0,0.0,0,0,7.91,26.44
2026-07-04 07:02:57.774,0.0,0.0,0.0,0.0,0,0,7.91,26.44
2026-07-04 07:02:58.262,0.0,0.0,0.0,0.0,0,0,7.91,26.44
2026-07-04 07:02:58.760,0.0,0.0,0.0,0.0,0,0,7.91,26.44
2026-07-04 07:02:59.261,0.0,0.0,0.0,0.0,0,0,7.91,26.44
2026-07-04 07:02:59.771,0.0,0.0,0.0,0.0,0,0,7.91,26.44
2026-07-04 07:03:00.284,0.0,0.0,0.0,0.0,0,0,7.91,26.44
2026-07-04 07:03:00.774,0.0,0.0,0.0,0.0,0,0,7.91,26.44
2026-07-04 07:03:01.270,0.0,0.0,0.0,0.0,0,0,7.91,26.44
2026-07-04 07:03:01.773,0.0,0.0,0.0,0.0,0,0,7.91,26.44
2026-07-04 07:03:02.270,0.0,0.0,0.0,0.0,0,0,7.91,26.44
2026-07-04 07:03:02.770,0.0,0.0,0.0,0.0,0,0,7.91,26.44
2026-07-04 07:03:03.250,0.0,0.0,0.0,0.0,0,0,7.91,26.44
2026-07-04 07:03:03.755,0.0,0.0,0.0,0.0,0,0,7.91,26.44
2026-07-04 07:03:04.259,0.0,0.0,0.0,0.0,0,0,7.91,26.44
2026-07-04 07:03:04.769,0.0,0.0,0.0,0.0,0,0,7.91,26.44
2026-07-04 07:03:05.272,0.0,0.0,0.0,0.0,0,0,7.91,26.44
2026-07-04 07:03:05.768,0.0,0.0,0.0,0.0,0,0,7.91,26.44
2026-07-04 07:03:06.288,0.0,0.0,0.0,0.0,0,0,7.91,26.44
2026-07-04 07:03:06.751,0.0,0.0,0.0,0.0,0,0,7.91,26.44
2026-07-04 07:03:07.257,0.0,0.0,0.0,0.0,0,0,7.91,26.44
2026-07-04 07:03:07.757,0.0,0.0,0.0,0.0,0,0,7.91,26.44
2026-07-04 07:03:08.259,0.0,0.0,0.0,0.0,0,0,7.91,26.44
2026-07-04 07:03:08.788,0.0,0.0,0.0,0.0,0,0,7.91,26.44
2026-07-04 07:03:09.283,0.0,0.0,0.0,0.0,0,0,7.91,26.44
2026-07-04 07:03:09.767,0.0,0.0,0.0,0.0,0,0,7.91,26.44
2026-07-04 07:03:10.276,0.0,0.0,0.0,0.0,0,0,7.91,26.44
2026-07-04 07:03:10.784,0.0,0.0,0.0,0.0,0,0,7.91,26.44
2026-07-04 07:03:11.278,0.0,0.0,0.0,0.0,0,0,7.91,26.44
2026-07-04 07:03:11.782,0.0,0.0,0.0,0.0,0,0,7.91,26.44
2026-07-04 07:03:12.281,0.0,0.0,0.0,0.0,0,0,7.91,26.44
2026-07-04 07:03:12.788,0.0,0.0,0.0,0.0,0,0,7.91,26.44
2026-07-04 07:03:13.289,0.0,0.0,0.0,0.0,0,0,7.91,26.44
2026-07-04 07:03:13.788,0.0,0.0,0.0,0.0,0,0,7.91,26.44
2026-07-04 07:03:14.291,0.0,0.0,0.0,0.0,0,0,7.91,26.44
2026-07-04 07:03:14.792,0.0,0.0,0.0,0.0,0,0,7.91,26.44
2026-07-04 07:03:15.290,0.0,0.0,0.0,0.0,0,0,7.91,26.44
2026-07-04 07:03:15.788,0.0,0.0,0.0,0.0,0,0,7.91,26.44
2026-07-04 07:03:16.275,0.0,0.0,0.0,0.0,0,0,7.91,26.44
2026-07-04 07:03:16.772,0.0,0.0,0.0,0.0,0,0,7.91,26.44
2026-07-04 07:03:17.271,0.0,0.0,0.0,0.0,0,0,7.91,26.44
2026-07-04 07:03:17.767,0.0,0.0,0.0,0.0,0,0,7.91,26.44
2026-07-04 07:03:18.301,0.0,0.0,0.0,0.0,0,0,7.91,26.44
2026-07-04 07:03:18.751,0.0,0.0,0.0,0.0,0,0,7.91,26.44
2026-07-04 07:03:19.262,0.0,0.0,0.0,0.0,0,0,7.91,26.44
2026-07-04 07:03:19.804,0.0,0.0,0.0,0.0,0,0,7.91,26.44
2026-07-04 07:03:20.258,0.0,0.0,0.0,0.0,0,0,7.91,26.44
2026-07-04 07:03:20.788,0.0,0.0,0.0,0.0,0,0,7.91,26.44
2026-07-04 07:03:21.276,0.0,0.0,0.0,0.0,0,0,7.91,26.44
2026-07-04 07:03:21.757,0.0,0.0,0.0,0.0,0,0,7.91,26.44
2026-07-04 07:03:22.274,0.0,0.0,0.0,0.0,0,0,7.91,26.44
2026-07-04 07:03:22.775,0.0,0.0,0.0,0.0,0,0,7.91,26.44
2026-07-04 07:03:23.259,0.0,0.0,0.0,0.0,0,0,7.91,26.44
2026-07-04 07:03:23.755,0.0,0.0,0.0,0.0,0,0,7.91,26.44
2026-07-04 07:03:24.260,0.0,0.0,0.0,0.0,0,0,7.91,26.44
2026-07-04 07:03:24.758,0.0,0.0,0.0,0.0,0,0,7.91,26.44
2026-07-04 07:03:25.304,0.0,0.0,0.0,0.0,0,0,7.91,26.44
2026-07-04 07:03:25.802,0.0,0.0,0.0,0.0,0,0,7.91,26.44
2026-07-04 07:03:26.284,0.0,0.0,0.0,0.0,0,0,7.91,26.44
2026-07-04 07:03:26.769,0.0,0.0,0.0,0.0,0,0,7.91,26.44
2026-07-04 07:03:27.252,0.0,0.0,0.0,0.0,0,0,7.91,26.44
2026-07-04 07:03:27.765,0.0,0.0,0.0,0.0,0,0,7.91,26.44
2026-07-04 07:03:28.259,0.0,0.0,0.0,0.0,0,0,7.91,26.44
2026-07-04 07:03:28.759,0.0,0.0,0.0,0.0,0,0,7.91,26.44
2026-07-04 07:03:29.258,0.0,0.0,0.0,0.0,0,0,7.91,26.44
2026-07-04 07:03:29.804,0.0,0.0,0.0,0.0,0,0,7.91,26.44
2026-07-04 07:03:30.288,0.0,0.0,0.0,0.0,0,0,7.91,26.44
2026-07-04 07:03:30.787,0.0,0.0,0.0,0.0,0,0,7.91,26.44
2026-07-04 07:03:31.286,0.0,0.0,0.0,0.0,0,0,7.91,26.44
2026-07-04 07:03:31.789,0.0,0.0,0.0,0.0,0,0,7.91,26.44
2026-07-04 07:03:32.289,0.0,0.0,0.0,0.0,0,0,7.91,26.44
2026-07-04 07:03:32.788,0.0,0.0,0.0,0.0,0,0,7.91,26.44
2026-07-04 07:03:33.286,0.0,0.0,0.0,0.0,0,0,7.91,26.44
2026-07-04 07:03:33.786,0.0,0.0,0.0,0.0,0,0,7.91,26.44
2026-07-04 07:03:34.284,0.0,0.0,0.0,0.0,0,0,7.91,26.44
2026-07-04 07:03:34.808,0.0,0.0,0.0,0.0,0,0,7.91,26.44
2026-07-04 07:03:35.318,0.0,0.0,0.0,0.0,0,0,7.91,26.44
2026-07-04 07:03:35.753,0.0,0.0,0.0,0.0,0,0,7.91,26.44
2026-07-04 07:03:36.315,0.0,0.0,0.0,0.0,0,0,7.91,26.44
2026-07-04 07:03:36.788,0.0,0.0,0.0,0.0,0,0,7.91,26.44
2026-07-04 07:03:37.310,0.0,0.0,0.0,0.0,0,0,7.91,26.44
2026-07-04 07:03:37.819,0.0,0.0,0.0,0.0,0,0,7.91,26.44
2026-07-04 07:03:38.261,0.0,0.0,0.0,0.0,0,0,7.91,26.44
2026-07-04 07:03:38.805,0.0,0.0,0.0,0.0,0,0,7.91,26.44
2026-07-04 07:03:39.303,0.0,0.0,0.0,0.0,0,0,7.91,26.44
2026-07-04 07:03:39.804,0.0,0.0,0.0,0.0,0,0,7.91,26.44
2026-07-04 07:03:40.302,0.0,0.0,0.0,0.0,0,0,7.91,26.44
2026-07-04 07:03:40.802,0.0,0.0,0.0,0.0,0,0,7.91,26.44
2026-07-04 07:03:41.300,0.0,0.0,0.0,0.0,0,0,7.91,26.44
2026-07-04 07:03:41.801,0.0,0.0,0.0,0.0,0,0,7.91,26.44
2026-07-04 07:03:42.301,0.0,0.0,0.0,0.0,0,0,7.91,26.44
2026-07-04 07:03:42.800,0.0,0.0,0.0,0.0,0,0,7.91,26.44
2026-07-04 07:03:43.312,0.0,0.0,0.0,0.0,0,0,7.91,26.44
2026-07-04 07:03:43.815,0.0,0.0,0.0,0.0,0,0,7.91,26.44
2026-07-04 07:03:44.313,0.0,0.0,0.0,0.0,0,0,7.91,26.44
2026-07-04 07:03:44.812,0.0,0.0,0.0,0.0,0,0,7.91,26.44
2026-07-04 07:03:45.311,0.0,0.0,0.0,0.0,0,0,7.91,26.44
2026-07-04 07:03:45.810,0.0,0.0,0.0,0.0,0,0,7.91,26.44
2026-07-04 07:03:46.312,0.0,0.0,0.0,0.0,0,0,7.91,26.44
2026-07-04 07:03:46.763,0.0,0.0,0.0,0.0,0,0,7.91,26.44
2026-07-04 07:03:47.310,0.0,0.0,0.0,0.0,0,0,7.91,26.44
2026-07-04 07:03:47.811,0.0,0.0,0.0,0.0,0,0,7.91,26.44
2026-07-04 07:03:48.316,0.0,0.0,0.0,0.0,0,0,7.91,26.44
2026-07-04 07:03:48.758,0.0,0.0,0.0,0.0,0,0,7.91,26.44
2026-07-04 07:03:49.291,0.0,0.0,0.0,0.0,0,0,7.91,26.44
2026-07-04 07:03:49.804,0.0,0.0,0.0,0.0,0,0,7.91,26.44
2026-07-04 07:03:50.261,0.0,0.0,0.0,0.0,0,0,7.91,26.44
2026-07-04 07:03:50.828,0.0,0.0,0.0,0.0,0,0,7.91,26.44
2026-07-04 07:03:51.292,0.0,0.0,0.0,0.0,0,0,7.91,26.44
2026-07-04 07:03:51.773,0.0,0.0,0.0,0.0,0,0,7.91,26.44
2026-07-04 07:03:52.292,0.0,0.0,0.0,0.0,0,0,7.91,26.44
2026-07-04 07:03:52.776,0.0,0.0,0.0,0.0,0,0,7.91,26.44
2026-07-04 07:03:53.318,0.0,0.0,0.0,0.0,0,0,7.91,26.44
2026-07-04 07:03:53.806,0.0,0.0,0.0,0.0,0,0,7.91,26.44
2026-07-04 07:03:54.288,0.0,0.0,0.0,0.0,0,0,7.91,26.44
2026-07-04 07:03:54.771,0.0,0.0,0.0,0.0,0,0,7.91,26.44
2026-07-04 07:03:55.267,0.0,0.0,0.0,0.0,0,0,7.91,26.44
2026-07-04 07:03:55.769,0.0,0.0,0.0,0.0,0,0,7.91,26.44
2026-07-04 07:03:56.281,0.0,0.0,0.0,0.0,0,0,7.91,26.44
2026-07-04 07:03:56.788,0.0,0.0,0.0,0.0,0,0,7.91,26.44
2026-07-04 07:03:57.287,0.0,0.0,0.0,0.0,0,0,7.91,26.44
2026-07-04 07:03:57.780,0.0,0.0,0.0,0.0,0,0,7.91,26.44
2026-07-04 07:03:58.282,0.0,0.0,0.0,0.0,0,0,7.91,26.44
2026-07-04 07:03:58.816,0.0,0.0,0.0,0.0,0,0,7.91,26.44
2026-07-04 07:03:59.319,0.0,0.0,0.0,0.0,0,0,7.91,26.44
2026-07-04 07:03:59.820,0.0,0.0,0.0,0.0,0,0,7.91,26.44
2026-07-04 07:04:00.316,0.0,0.0,0.0,0.0,0,0,7.91,26.44
2026-07-04 07:04:00.777,0.0,0.0,0.0,0.0,0,0,7.91,26.44
2026-07-04 07:04:01.306,0.0,0.0,0.0,0.0,0,0,7.91,26.44
2026-07-04 07:04:01.790,0.0,0.0,0.0,0.0,0,0,7.91,26.44
2026-07-04 07:04:02.286,0.0,0.0,0.0,0.0,0,0,7.91,26.44
2026-07-04 07:04:02.788,0.0,0.0,0.0,0.0,0,0,7.91,26.44
2026-07-04 07:04:03.288,0.0,0.0,0.0,0.0,0,0,7.91,26.44
2026-07-04 07:04:03.772,0.0,0.0,0.0,0.0,0,0,7.91,26.44
2026-07-04 07:04:04.273,0.0,0.0,0.0,0.0,0,0,7.91,26.44
2026-07-04 07:04:04.775,0.0,0.0,0.0,0.0,0,0,7.91,26.44
2026-07-04 07:04:05.275,0.0,0.0,0.0,0.0,0,0,7.91,26.44
2026-07-04 07:04:05.838,0.0,0.0,0.0,0.0,0,0,7.91,26.44
2026-07-04 07:04:06.331,0.0,0.0,0.0,0.0,0,0,7.91,26.44
2026-07-04 07:04:06.835,0.0,0.0,0.0,0.0,0,0,7.91,26.44
2026-07-04 07:04:07.336,0.0,0.0,0.0,0.0,0,0,7.91,26.44
2026-07-04 07:04:07.836,0.0,0.0,0.0,0.0,0,0,7.91,26.44
2026-07-04 07:04:08.331,0.0,0.0,0.0,0.0,0,0,7.91,26.44
2026-07-04 07:04:08.835,0.0,0.0,0.0,0.0,0,0,7.91,26.44
2026-07-04 07:04:09.329,0.0,0.0,0.0,0.0,0,0,7.91,26.44
2026-07-04 07:04:09.817,0.0,0.0,0.0,0.0,0,0,7.91,26.44
2026-07-04 07:04:10.316,0.0,0.0,0.0,0.0,0,0,7.91,26.44
2026-07-04 07:04:10.783,0.0,0.0,0.0,0.0,0,0,7.91,26.44
2026-07-04 07:04:11.287,0.0,0.0,0.0,0.0,0,0,7.91,26.44
2026-07-04 07:04:11.784,0.0,0.0,0.0,0.0,0,0,7.91,26.44
2026-07-04 07:04:12.278,0.0,0.0,0.0,0.0,0,0,7.91,26.44
2026-07-04 07:04:12.788,0.0,0.0,0.0,0.0,0,0,7.91,26.44
2026-07-04 07:04:13.317,0.0,0.0,0.0,0.0,0,0,7.91,26.44
2026-07-04 07:04:13.815,0.0,0.0,0.0,0.0,0,0,7.91,26.44
2026-07-04 07:04:14.281,0.0,0.0,0.0,0.0,0,0,7.91,26.44
2026-07-04 07:04:14.789,0.0,0.0,0.0,0.0,0,0,7.91,26.44
2026-07-04 07:04:15.287,0.0,0.0,0.0,0.0,0,0,7.91,26.44
2026-07-04 07:04:15.779,0.0,0.0,0.0,0.0,0,0,7.91,26.44
2026-07-04 07:04:16.285,0.0,0.0,0.0,0.0,0,0,7.91,26.44
2026-07-04 07:04:16.788,0.0,0.0,0.0,0.0,0,0,7.91,26.44
2026-07-04 07:04:17.310,0.0,0.0,0.0,0.0,0,0,7.91,26.44
2026-07-04 07:04:17.812,0.0,0.0,0.0,0.0,0,0,7.91,26.44
2026-07-04 07:04:18.312,0.0,0.0,0.0,0.0,0,0,7.91,26.44
2026-07-04 07:04:18.812,0.0,0.0,0.0,0.0,0,0,7.91,26.44
2026-07-04 07:04:19.318,0.0,0.0,0.0,0.0,0,0,7.91,26.44
2026-07-04 07:04:19.818,0.0,0.0,0.0,0.0,0,0,7.91,26.44
2026-07-04 07:04:20.316,0.0,0.0,0.0,0.0,0,0,7.91,26.44
2026-07-04 07:04:20.788,0.0,0.0,0.0,0.0,0,0,7.91,26.44
2026-07-04 07:04:21.318,0.0,0.0,0.0,0.0,0,0,7.91,26.44
2026-07-04 07:04:21.819,0.0,0.0,0.0,0.0,0,0,7.91,26.44
2026-07-04 07:04:22.320,0.0,0.0,0.0,0.0,0,0,7.91,26.44
2026-07-04 07:04:22.809,0.0,0.0,0.0,0.0,0,0,7.91,26.44
2026-07-04 07:04:23.338,0.0,0.0,0.0,0.0,0,0,7.91,26.44
2026-07-04 07:04:23.800,0.0,0.0,0.0,0.0,0,0,7.91,26.44
2026-07-04 07:04:24.300,0.0,0.0,0.0,0.0,0,0,7.91,26.44
2026-07-04 07:04:24.801,0.0,0.0,0.0,0.0,0,0,7.91,26.44
2026-07-04 07:04:25.301,0.0,0.0,0.0,0.0,0,0,7.91,26.44
2026-07-04 07:04:25.813,0.0,0.0,0.0,0.0,0,0,7.91,26.44
2026-07-04 07:04:26.300,0.0,0.0,0.0,0.0,0,0,7.91,26.44
2026-07-04 07:04:26.812,0.0,0.0,0.0,0.0,0,0,7.91,26.44
2026-07-04 07:04:27.317,0.0,0.0,0.0,0.0,0,0,7.91,26.44
2026-07-04 07:04:27.814,0.0,0.0,0.0,0.0,0,0,7.91,26.44
2026-07-04 07:04:28.295,0.0,0.0,0.0,0.0,0,0,7.91,26.44
2026-07-04 07:04:28.789,0.0,0.0,0.0,0.0,0,0,7.91,26.44
2026-07-04 07:04:29.319,0.0,0.0,0.0,0.0,0,0,7.91,26.44
2026-07-04 07:04:29.805,0.0,0.0,0.0,0.0,0,0,7.91,26.44
2026-07-04 07:04:30.301,0.0,0.0,0.0,0.0,0,0,7.91,26.44
2026-07-04 07:04:30.788,0.0,0.0,0.0,0.0,0,0,7.91,26.44
2026-07-04 07:04:31.348,0.0,0.0,0.0,0.0,0,0,7.91,26.44
2026-07-04 07:04:31.849,0.0,0.0,0.0,0.0,0,0,7.91,26.44
2026-07-04 07:04:32.349,0.0,0.0,0.0,0.0,0,0,7.91,26.44
2026-07-04 07:04:32.848,0.0,0.0,0.0,0.0,0,0,7.91,26.44
2026-07-04 07:04:33.288,0.0,0.0,0.0,0.0,0,0,7.91,26.44
2026-07-04 07:04:33.786,0.0,0.0,0.0,0.0,0,0,7.91,26.44
2026-07-04 07:04:34.349,0.0,0.0,0.0,0.0,0,0,7.91,26.44
2026-07-04 07:04:34.848,0.0,0.0,0.0,0.0,0,0,7.91,26.44
2026-07-04 07:04:35.319,0.0,0.0,0.0,0.0,0,0,7.91,26.44
2026-07-04 07:04:35.847,0.0,0.0,0.0,0.0,0,0,7.91,26.44
2026-07-04 07:04:36.334,0.0,0.0,0.0,0.0,0,0,7.91,26.44
2026-07-04 07:04:36.834,0.0,0.0,0.0,0.0,0,0,7.91,26.44
2026-07-04 07:04:37.335,0.0,0.0,0.0,0.0,0,0,7.91,26.44
2026-07-04 07:04:37.835,0.0,0.0,0.0,0.0,0,0,7.91,26.44
2026-07-04 07:04:38.332,0.0,0.0,0.0,0.0,0,0,7.91,26.44
2026-07-04 07:04:38.833,0.0,0.0,0.0,0.0,0,0,7.91,26.44
2026-07-04 07:04:39.335,0.0,0.0,0.0,0.0,0,0,7.91,26.44
2026-07-04 07:04:39.830,0.0,0.0,0.0,0.0,0,0,7.91,26.44
2026-07-04 07:04:40.347,0.0,0.0,0.0,0.0,0,0,7.91,26.44
2026-07-04 07:04:40.809,0.0,0.0,0.0,0.0,0,0,7.91,26.44
2026-07-04 07:04:41.310,0.0,0.0,0.0,0.0,0,0,7.91,26.44
2026-07-04 07:04:41.814,0.0,0.0,0.0,0.0,0,0,7.91,26.44
2026-07-04 07:04:42.340,0.0,0.0,0.0,0.0,0,0,7.91,26.44
2026-07-04 07:04:42.840,0.0,0.0,0.0,0.0,0,0,7.91,26.44
2026-07-04 07:04:43.349,0.0,0.0,0.0,0.0,0,0,7.91,26.44
2026-07-04 07:04:43.804,0.0,0.0,0.0,0.0,0,0,7.91,26.44
2026-07-04 07:04:44.317,0.0,0.0,0.0,0.0,0,0,7.91,26.44
2026-07-04 07:04:44.833,0.0,0.0,0.0,0.0,0,0,7.91,26.44
2026-07-04 07:04:45.337,0.0,0.0,0.0,0.0,0,0,7.91,26.44
2026-07-04 07:04:45.839,0.0,0.0,0.0,0.0,0,0,7.91,26.44
2026-07-04 07:04:46.333,0.0,0.0,0.0,0.0,0,0,7.91,26.44
2026-07-04 07:04:46.817,0.0,0.0,0.0,0.0,0,0,7.91,26.44
2026-07-04 07:04:47.348,0.0,0.0,0.0,0.0,0,0,7.91,26.44
2026-07-04 07:04:47.837,0.0,0.0,0.0,0.0,0,0,7.91,26.44
2026-07-04 07:04:48.333,0.0,0.0,0.0,0.0,0,0,7.91,26.44
2026-07-04 07:04:48.819,0.0,0.0,0.0,0.0,0,0,7.91,26.44
2026-07-04 07:04:49.318,0.0,0.0,0.0,0.0,0,0,7.91,26.44
2026-07-04 07:04:49.841,0.0,0.0,0.0,0.0,0,0,7.91,26.44
2026-07-04 07:04:50.349,0.0,0.0,0.0,0.0,0,0,7.91,26.44
2026-07-04 07:04:50.847,0.0,0.0,0.0,0.0,0,0,7.91,26.44
2026-07-04 07:04:51.348,0.0,0.0,0.0,0.0,0,0,7.91,26.44
2026-07-04 07:04:51.836,0.0,0.0,0.0,0.0,0,0,7.91,26.44
2026-07-04 07:04:52.335,0.0,0.0,0.0,0.0,0,0,7.91,26.44
2026-07-04 07:04:52.835,0.0,0.0,0.0,0.0,0,0,7.91,26.44
2026-07-04 07:04:53.333,0.0,0.0,0.0,0.0,0,0,7.91,26.44
2026-07-04 07:04:53.833,0.0,0.0,0.0,0.0,0,0,7.91,26.44
2026-07-04 07:04:54.332,0.0,0.0,0.0,0.0,0,0,7.91,26.44
2026-07-04 07:04:54.797,0.0,0.0,0.0,0.0,0,0,7.91,26.44
2026-07-04 07:04:55.339,0.0,0.0,0.0,0.0,0,0,7.91,26.44
2026-07-04 07:04:55.804,0.0,0.0,0.0,0.0,0,0,7.91,26.44
2026-07-04 07:04:56.313,0.0,0.0,0.0,0.0,0,0,7.91,26.44
2026-07-04 07:04:56.818,0.0,0.0,0.0,0.0,0,0,7.91,26.44
2026-07-04 07:04:57.349,0.0,0.0,0.0,0.0,0,0,7.91,26.44
2026-07-04 07:04:57.847,0.0,0.0,0.0,0.0,0,0,7.91,26.44
2026-07-04 07:04:58.348,0.0,0.0,0.0,0.0,0,0,7.91,26.44
2026-07-04 07:04:58.839,0.0,0.0,0.0,0.0,0,0,7.91,26.44
2026-07-04 07:04:59.341,0.0,0.0,0.0,0.0,0,0,7.91,26.44
2026-07-04 07:04:59.838,0.0,0.0,0.0,0.0,0,0,7.91,26.44
2026-07-04 07:05:00.316,0.0,0.0,0.0,0.0,0,0,7.91,26.44
2026-07-04 07:05:00.816,0.0,0.0,0.0,0.0,0,0,7.91,26.44
2026-07-04 07:05:01.318,0.0,0.0,0.0,0.0,0,0,7.91,26.44
2026-07-04 07:05:01.837,0.0,0.0,0.0,0.0,0,0,7.91,26.44
2026-07-04 07:05:02.332,0.0,0.0,0.0,0.0,0,0,7.91,26.44
2026-07-04 07:05:02.809,0.0,0.0,0.0,0.0,0,0,7.91,26.44
2026-07-04 07:05:03.365,0.0,0.0,0.0,0.0,0,0,7.91,26.44
2026-07-04 07:05:03.818,0.0,0.0,0.0,0.0,0,0,7.91,26.44
2026-07-04 07:05:04.342,0.0,0.0,0.0,0.0,0,0,7.91,26.44
2026-07-04 07:05:04.813,0.0,0.0,0.0,0.0,0,0,7.91,26.44
2026-07-04 07:05:05.310,0.0,0.0,0.0,0.0,0,0,7.91,26.44
2026-07-04 07:05:05.812,0.0,0.0,0.0,0.0,0,0,7.91,26.44
2026-07-04 07:05:06.314,0.0,0.0,0.0,0.0,0,0,7.91,26.44
2026-07-04 07:05:06.842,0.0,0.0,0.0,0.0,0,0,7.91,26.44
2026-07-04 07:05:07.347,0.0,0.0,0.0,0.0,0,0,7.91,26.44
2026-07-04 07:05:07.848,0.0,0.0,0.0,0.0,0,0,7.91,26.44
2026-07-04 07:05:08.309,0.0,0.0,0.0,0.0,0,0,7.91,26.44
2026-07-04 07:05:08.839,0.0,0.0,0.0,0.0,0,0,7.91,26.44
2026-07-04 07:05:09.318,0.0,0.0,0.0,0.0,0,0,7.91,26.44
2026-07-04 07:05:09.819,0.0,0.0,0.0,0.0,0,0,7.91,26.44
2026-07-04 07:05:10.318,0.0,0.0,0.0,0.0,0,0,7.91,26.44
2026-07-04 07:05:10.848,0.0,0.0,0.0,0.0,0,0,7.91,26.44
2026-07-04 07:05:11.319,0.0,0.0,0.0,0.0,0,0,7.91,26.44
2026-07-04 07:05:11.817,0.0,0.0,0.0,0.0,0,0,7.91,26.44
2026-07-04 07:05:12.310,0.0,0.0,0.0,0.0,0,0,7.91,26.44
2026-07-04 07:05:12.819,0.0,0.0,0.0,0.0,0,0,7.91,26.44
2026-07-04 07:05:13.339,0.0,0.0,0.0,0.0,0,0,7.91,26.44
2026-07-04 07:05:13.845,0.0,0.0,0.0,0.0,0,0,7.91,26.44
2026-07-04 07:05:14.313,0.0,0.0,0.0,0.0,0,0,7.91,26.44
2026-07-04 07:05:14.839,0.0,0.0,0.0,0.0,0,0,7.91,26.44
2026-07-04 07:05:15.350,0.0,0.0,0.0,0.0,0,0,7.91,26.44
2026-07-04 07:05:15.819,0.0,0.0,0.0,0.0,0,0,7.91,26.44
2026-07-04 07:05:16.343,0.0,0.0,0.0,0.0,0,0,7.91,26.44
2026-07-04 07:05:16.849,0.0,0.0,0.0,0.0,0,0,7.91,26.44
2026-07-04 07:05:17.319,0.0,0.0,0.0,0.0,0,0,7.91,26.44
2026-07-04 07:05:17.838,0.0,0.0,0.0,0.0,0,0,7.91,26.44
2026-07-04 07:05:18.371,0.0,0.0,0.0,0.0,0,0,7.91,26.44
2026-07-04 07:05:18.844,0.0,0.0,0.0,0.0,0,0,7.91,26.44
2026-07-04 07:05:19.341,0.0,0.0,0.0,0.0,0,0,7.91,26.44
2026-07-04 07:05:19.848,0.0,0.0,0.0,0.0,0,0,7.91,26.44
2026-07-04 07:05:20.316,0.0,0.0,0.0,0.0,0,0,7.91,26.44
2026-07-04 07:05:20.820,0.0,0.0,0.0,0.0,0,0,7.91,26.44
2026-07-04 07:05:21.341,0.0,0.0,0.0,0.0,0,0,7.91,26.44
2026-07-04 07:05:21.837,0.0,0.0,0.0,0.0,0,0,7.91,26.44
2026-07-04 07:05:22.334,0.0,0.0,0.0,0.0,0,0,7.91,26.44
2026-07-04 07:05:22.837,0.0,0.0,0.0,0.0,0,0,7.91,26.44
2026-07-04 07:05:23.339,0.0,0.0,0.0,0.0,0,0,7.91,26.44
2026-07-04 07:05:23.818,0.0,0.0,0.0,0.0,0,0,7.91,26.44
2026-07-04 07:05:24.372,0.0,0.0,0.0,0.0,0,0,7.91,26.44
2026-07-04 07:05:24.848,0.0,0.0,0.0,0.0,0,0,7.91,26.44
2026-07-04 07:05:25.348,0.0,0.0,0.0,0.0,0,0,7.91,26.44
2026-07-04 07:05:25.836,0.0,0.0,0.0,0.0,0,0,7.91,26.44
2026-07-04 07:05:26.348,0.0,0.0,0.0,0.0,0,0,7.91,26.44
2026-07-04 07:05:26.848,0.0,0.0,0.0,0.0,0,0,7.91,26.44
2026-07-04 07:05:27.350,0.0,0.0,0.0,0.0,0,0,7.91,26.44
2026-07-04 07:05:27.849,0.0,0.0,0.0,0.0,0,0,7.91,26.44
2026-07-04 07:05:28.350,0.0,0.0,0.0,0.0,0,0,7.91,26.44
2026-07-04 07:05:28.849,0.0,0.0,0.0,0.0,0,0,7.91,26.44
2026-07-04 07:05:29.350,0.0,0.0,0.0,0.0,0,0,7.91,26.44
2026-07-04 07:05:29.848,0.0,0.0,0.0,0.0,0,0,7.91,26.44
2026-07-04 07:05:30.350,0.0,0.0,0.0,0.0,0,0,7.91,26.44
2026-07-04 07:05:30.838,0.0,0.0,0.0,0.0,0,0,7.91,26.44
2026-07-04 07:05:31.335,0.0,0.0,0.0,0.0,0,0,7.91,26.44
2026-07-04 07:05:31.837,0.0,0.0,0.0,0.0,0,0,7.91,26.44
2026-07-04 07:05:32.333,0.0,0.0,0.0,0.0,0,0,7.91,26.44
2026-07-04 07:05:32.833,0.0,0.0,0.0,0.0,0,0,7.91,26.44
2026-07-04 07:05:33.332,0.0,0.0,0.0,0.0,0,0,7.91,26.44
2026-07-04 07:05:33.832,0.0,0.0,0.0,0.0,0,0,7.91,26.44
2026-07-04 07:05:34.348,0.0,0.0,0.0,0.0,0,0,7.91,26.44
2026-07-04 07:05:34.848,0.0,0.0,0.0,0.0,0,0,7.91,26.44
2026-07-04 07:05:35.369,0.0,0.0,0.0,0.0,0,0,7.91,26.44
2026-07-04 07:05:35.827,0.0,0.0,0.0,0.0,0,0,7.91,26.44
2026-07-04 07:05:36.379,0.0,0.0,0.0,0.0,0,0,7.91,26.44
2026-07-04 07:05:36.839,0.0,0.0,0.0,0.0,0,0,7.91,26.44
2026-07-04 07:05:37.337,0.0,0.0,0.0,0.0,0,0,7.91,26.44
2026-07-04 07:05:37.868,0.0,0.0,0.0,0.0,0,0,7.91,26.44
2026-07-04 07:05:38.349,0.0,0.0,0.0,0.0,0,0,7.91,26.44
2026-07-04 07:05:38.850,0.0,0.0,0.0,0.0,0,0,7.91,26.44
2026-07-04 07:05:39.349,0.0,0.0,0.0,0.0,0,0,7.91,26.44
2026-07-04 07:05:39.849,0.0,0.0,0.0,0.0,0,0,7.91,26.44
2026-07-04 07:05:40.347,0.0,0.0,0.0,0.0,0,0,7.91,26.44
2026-07-04 07:05:40.869,0.0,0.0,0.0,0.0,0,0,7.91,26.44
2026-07-04 07:05:41.374,0.0,0.0,0.0,0.0,0,0,7.91,26.44
2026-07-04 07:05:41.847,0.0,0.0,0.0,0.0,0,0,7.91,26.44
2026-07-04 07:05:42.334,0.0,0.0,0.0,0.0,0,0,7.91,26.44
2026-07-04 07:05:42.838,0.0,0.0,0.0,0.0,0,0,7.91,26.44
2026-07-04 07:05:43.338,0.0,0.0,0.0,0.0,0,0,7.91,26.44
2026-07-04 07:05:43.850,0.0,0.0,0.0,0.0,0,0,7.91,26.44
2026-07-04 07:05:44.364,0.0,0.0,0.0,0.0,0,0,7.91,26.44
2026-07-04 07:05:44.872,0.0,0.0,0.0,0.0,0,0,7.91,26.44
2026-07-04 07:05:45.378,0.0,0.0,0.0,0.0,0,0,7.91,26.44
2026-07-04 07:05:45.838,0.0,0.0,0.0,0.0,0,0,7.91,26.44
2026-07-04 07:05:46.365,0.0,0.0,0.0,0.0,0,0,7.91,26.44
2026-07-04 07:05:46.888,0.0,0.0,0.0,0.0,0,0,7.91,26.44
2026-07-04 07:05:47.348,0.0,0.0,0.0,0.0,0,0,7.91,26.44
2026-07-04 07:05:47.848,0.0,0.0,0.0,0.0,0,0,7.91,26.44
2026-07-04 07:05:48.333,0.0,0.0,0.0,0.0,0,0,7.91,26.44
2026-07-04 07:05:48.840,0.0,0.0,0.0,0.0,0,0,7.91,26.44
2026-07-04 07:05:49.380,0.0,0.0,0.0,0.0,0,0,7.91,26.44
2026-07-04 07:05:49.879,0.0,0.0,0.0,0.0,0,0,7.91,26.44
2026-07-04 07:05:50.380,0.0,0.0,0.0,0.0,0,0,7.91,26.44
2026-07-04 07:05:50.881,0.0,0.0,0.0,0.0,0,0,7.91,26.44
2026-07-04 07:05:51.381,0.0,0.0,0.0,0.0,0,0,7.91,26.44
2026-07-04 07:05:51.871,0.0,0.0,0.0,0.0,0,0,7.91,26.44
2026-07-04 07:05:52.329,0.0,0.0,0.0,0.0,0,0,7.91,26.44
2026-07-04 07:05:52.877,0.0,0.0,0.0,0.0,0,0,7.91,26.44
2026-07-04 07:05:53.361,0.0,0.0,0.0,0.0,0,0,7.91,26.44
2026-07-04 07:05:53.884,0.0,0.0,0.0,0.0,0,0,7.91,26.44
2026-07-04 07:05:54.350,0.0,0.0,0.0,0.0,0,0,7.91,26.44
2026-07-04 07:05:54.840,0.0,0.0,0.0,0.0,0,0,7.91,26.44
2026-07-04 07:05:55.349,0.0,0.0,0.0,0.0,0,0,7.91,26.44
2026-07-04 07:05:55.850,0.0,0.0,0.0,0.0,0,0,7.91,26.44
2026-07-04 07:05:56.349,0.0,0.0,0.0,0.0,0,0,7.91,26.44
2026-07-04 07:05:56.848,0.0,0.0,0.0,0.0,0,0,7.91,26.44
2026-07-04 07:05:57.332,0.0,0.0,0.0,0.0,0,0,7.91,26.44
2026-07-04 07:05:57.837,0.0,0.0,0.0,0.0,0,0,7.91,26.44
2026-07-04 07:05:58.370,0.0,0.0,0.0,0.0,0,0,7.91,26.44
2026-07-04 07:05:58.838,0.0,0.0,0.0,0.0,0,0,7.91,26.44
2026-07-04 07:05:59.350,0.0,0.0,0.0,0.0,0,0,7.91,26.44
2026-07-04 07:05:59.869,0.0,0.0,0.0,0.0,0,0,7.91,26.44
2026-07-04 07:06:00.385,0.0,0.0,0.0,0.0,0,0,7.91,26.44
2026-07-04 07:06:00.881,0.0,0.0,0.0,0.0,0,0,7.91,26.44
2026-07-04 07:06:01.380,0.0,0.0,0.0,0.0,0,0,7.91,26.44
2026-07-04 07:06:01.881,0.0,0.0,0.0,0.0,0,0,7.91,26.44
2026-07-04 07:06:02.379,0.0,0.0,0.0,0.0,0,0,7.91,26.44
2026-07-04 07:06:02.878,0.0,0.0,0.0,0.0,0,0,7.91,26.44
2026-07-04 07:06:03.377,0.0,0.0,0.0,0.0,0,0,7.91,26.44
2026-07-04 07:06:03.881,0.0,0.0,0.0,0.0,0,0,7.91,26.44
2026-07-04 07:06:04.379,0.0,0.0,0.0,0.0,0,0,7.91,26.44
2026-07-04 07:06:04.880,0.0,0.0,0.0,0.0,0,0,7.91,26.44
2026-07-04 07:06:05.377,0.0,0.0,0.0,0.0,0,0,7.91,26.44
2026-07-04 07:06:05.881,0.0,0.0,0.0,0.0,0,0,7.91,26.44
2026-07-04 07:06:06.378,0.0,0.0,0.0,0.0,0,0,7.91,26.44
2026-07-04 07:06:06.880,0.0,0.0,0.0,0.0,0,0,7.91,26.44
2026-07-04 07:06:07.380,0.0,0.0,0.0,0.0,0,0,7.91,26.44
2026-07-04 07:06:07.881,0.0,0.0,0.0,0.0,0,0,7.91,26.44
2026-07-04 07:06:08.376,0.0,0.0,0.0,0.0,0,0,7.91,26.44
2026-07-04 07:06:08.869,0.0,0.0,0.0,0.0,0,0,7.91,26.44
2026-07-04 07:06:09.375,0.0,0.0,0.0,0.0,0,0,7.91,26.44
2026-07-04 07:06:09.860,0.0,0.0,0.0,0.0,0,0,7.91,26.44
2026-07-04 07:06:10.348,0.0,0.0,0.0,0.0,0,0,7.91,26.44
2026-07-04 07:06:10.880,0.0,0.0,0.0,0.0,0,0,7.91,26.44
2026-07-04 07:06:11.370,0.0,0.0,0.0,0.0,0,0,7.91,26.44
2026-07-04 07:06:11.870,0.0,0.0,0.0,0.0,0,0,7.91,26.44
2026-07-04 07:06:12.366,0.0,0.0,0.0,0.0,0,0,7.91,26.44
2026-07-04 07:06:12.868,0.0,0.0,0.0,0.0,0,0,7.91,26.44
2026-07-04 07:06:13.373,0.0,0.0,0.0,0.0,0,0,7.91,26.44
2026-07-04 07:06:13.884,0.0,0.0,0.0,0.0,0,0,7.91,26.44
2026-07-04 07:06:14.349,0.0,0.0,0.0,0.0,0,0,7.91,26.44
2026-07-04 07:06:14.848,0.0,0.0,0.0,0.0,0,0,7.91,26.44
2026-07-04 07:06:15.350,0.0,0.0,0.0,0.0,0,0,7.91,26.44
2026-07-04 07:06:15.870,0.0,0.0,0.0,0.0,0,0,7.91,26.44
2026-07-04 07:06:16.371,0.0,0.0,0.0,0.0,0,0,7.91,26.44
2026-07-04 07:06:16.871,0.0,0.0,0.0,0.0,0,0,7.91,26.44
2026-07-04 07:06:17.348,0.0,0.0,0.0,0.0,0,0,7.91,26.44
2026-07-04 07:06:17.857,0.0,0.0,0.0,0.0,0,0,7.91,26.44
2026-07-04 07:06:18.381,0.0,0.0,0.0,0.0,0,0,7.91,26.44
2026-07-04 07:06:18.865,0.0,0.0,0.0,0.0,0,0,7.91,26.44
2026-07-04 07:06:19.365,0.0,0.0,0.0,0.0,0,0,7.91,26.44
2026-07-04 07:06:19.863,0.0,0.0,0.0,0.0,0,0,7.91,26.44
2026-07-04 07:06:20.365,0.0,0.0,0.0,0.0,0,0,7.91,26.44
2026-07-04 07:06:20.870,0.0,0.0,0.0,0.0,0,0,7.91,26.44
2026-07-04 07:06:21.350,0.0,0.0,0.0,0.0,0,0,7.91,26.44
2026-07-04 07:06:21.899,0.0,0.0,0.0,0.0,0,0,7.91,26.44
2026-07-04 07:06:22.396,0.0,0.0,0.0,0.0,0,0,7.91,26.44
2026-07-04 07:06:22.899,0.0,0.0,0.0,0.0,0,0,7.91,26.44
2026-07-04 07:06:23.348,0.0,0.0,0.0,0.0,0,0,7.91,26.44
2026-07-04 07:06:23.880,0.0,0.0,0.0,0.0,0,0,7.91,26.44
2026-07-04 07:06:24.398,0.0,0.0,0.0,0.0,0,0,7.91,26.44
2026-07-04 07:06:24.880,0.0,0.0,0.0,0.0,0,0,7.91,26.44
2026-07-04 07:06:25.350,0.0,0.0,0.0,0.0,0,0,7.91,26.44
2026-07-04 07:06:25.850,0.0,0.0,0.0,0.0,0,0,7.91,26.44
2026-07-04 07:06:26.397,0.0,0.0,0.0,0.0,0,0,7.91,26.44
2026-07-04 07:06:26.899,0.0,0.0,0.0,0.0,0,0,7.91,26.44
2026-07-04 07:06:27.380,0.0,0.0,0.0,0.0,0,0,7.91,26.44
2026-07-04 07:06:27.879,0.0,0.0,0.0,0.0,0,0,7.91,26.44
2026-07-04 07:06:28.379,0.0,0.0,0.0,0.0,0,0,7.91,26.44
2026-07-04 07:06:28.879,0.0,0.0,0.0,0.0,0,0,7.91,26.44
2026-07-04 07:06:29.381,0.0,0.0,0.0,0.0,0,0,7.91,26.44
2026-07-04 07:06:29.880,0.0,0.0,0.0,0.0,0,0,7.91,26.44
2026-07-04 07:06:30.378,0.0,0.0,0.0,0.0,0,0,7.91,26.44
2026-07-04 07:06:30.880,0.0,0.0,0.0,0.0,0,0,7.91,26.44
2026-07-04 07:06:31.381,0.0,0.0,0.0,0.0,0,0,7.91,26.44
2026-07-04 07:06:31.880,0.0,0.0,0.0,0.0,0,0,7.91,26.44
2026-07-04 07:06:32.379,0.0,0.0,0.0,0.0,0,0,7.91,26.44
2026-07-04 07:06:32.881,0.0,0.0,0.0,0.0,0,0,7.91,26.44
2026-07-04 07:06:33.377,0.0,0.0,0.0,0.0,0,0,7.91,26.44
2026-07-04 07:06:33.892,0.0,0.0,0.0,0.0,0,0,7.91,26.44
2026-07-04 07:06:34.404,0.0,0.0,0.0,0.0,0,0,7.91,26.44
2026-07-04 07:06:34.850,0.0,0.0,0.0,0.0,0,0,7.91,26.44
2026-07-04 07:06:35.369,0.0,0.0,0.0,0.0,0,0,7.91,26.44
2026-07-04 07:06:35.869,0.0,0.0,0.0,0.0,0,0,7.91,26.44
2026-07-04 07:06:36.373,0.0,0.0,0.0,0.0,0,0,7.91,26.44
2026-07-04 07:06:36.889,0.0,0.0,0.0,0.0,0,0,7.91,26.44
2026-07-04 07:06:37.405,0.0,0.0,0.0,0.0,0,0,7.91,26.44
2026-07-04 07:06:37.917,0.0,0.0,0.0,0.0,0,0,7.91,26.44
2026-07-04 07:06:38.371,0.0,0.0,0.0,0.0,0,0,7.91,26.44
2026-07-04 07:06:38.871,0.0,0.0,0.0,0.0,0,0,7.91,26.44
2026-07-04 07:06:39.399,0.0,0.0,0.0,0.0,0,0,7.91,26.44
2026-07-04 07:06:39.870,0.0,0.0,0.0,0.0,0,0,7.91,26.44
2026-07-04 07:06:40.372,0.0,0.0,0.0,0.0,0,0,7.91,26.44
2026-07-04 07:06:40.886,0.0,0.0,0.0,0.0,0,0,7.91,26.44
2026-07-04 07:06:41.380,0.0,0.0,0.0,0.0,0,0,7.91,26.44
2026-07-04 07:06:41.880,0.0,0.0,0.0,0.0,0,0,7.91,26.44
2026-07-04 07:06:42.381,0.0,0.0,0.0,0.0,0,0,7.91,26.44
2026-07-04 07:06:42.877,0.0,0.0,0.0,0.0,0,0,7.91,26.44
2026-07-04 07:06:43.381,0.0,0.0,0.0,0.0,0,0,7.91,26.44
2026-07-04 07:06:43.880,0.0,0.0,0.0,0.0,0,0,7.91,26.44
2026-07-04 07:06:44.382,0.0,0.0,0.0,0.0,0,0,7.91,26.44
2026-07-04 07:06:44.881,0.0,0.0,0.0,0.0,0,0,7.91,26.44
2026-07-04 07:06:45.378,0.0,0.0,0.0,0.0,0,0,7.91,26.44
2026-07-04 07:06:45.870,0.0,0.0,0.0,0.0,0,0,7.91,26.44
2026-07-04 07:06:46.397,0.0,0.0,0.0,0.0,0,0,7.91,26.44
2026-07-04 07:06:46.902,0.0,0.0,0.0,0.0,0,0,7.91,26.44
2026-07-04 07:06:47.403,0.0,0.0,0.0,0.0,0,0,7.91,26.44
2026-07-04 07:06:47.904,0.0,0.0,0.0,0.0,0,0,7.91,26.44
2026-07-04 07:06:48.413,0.0,0.0,0.0,0.0,0,0,7.91,26.44
2026-07-04 07:06:48.871,0.0,0.0,0.0,0.0,0,0,7.91,26.44
2026-07-04 07:06:49.418,0.0,0.0,0.0,0.0,0,0,7.91,26.44
2026-07-04 07:06:49.899,0.0,0.0,0.0,0.0,0,0,7.91,26.44
2026-07-04 07:06:50.415,0.0,0.0,0.0,0.0,0,0,7.91,26.44
2026-07-04 07:06:50.871,0.0,0.0,0.0,0.0,0,0,7.91,26.44
2026-07-04 07:06:51.418,0.0,0.0,0.0,0.0,0,0,7.91,26.44
2026-07-04 07:06:51.870,0.0,0.0,0.0,0.0,0,0,7.91,26.44
2026-07-04 07:06:52.370,0.0,0.0,0.0,0.0,0,0,7.91,26.44
2026-07-04 07:06:52.898,0.0,0.0,0.0,0.0,0,0,7.91,26.44
2026-07-04 07:06:53.400,0.0,0.0,0.0,0.0,0,0,7.91,26.44
2026-07-04 07:06:53.898,0.0,0.0,0.0,0.0,0,0,7.91,26.44
2026-07-04 07:06:54.379,0.0,0.0,0.0,0.0,0,0,7.91,26.44
2026-07-04 07:06:54.884,0.0,0.0,0.0,0.0,0,0,7.91,26.44
2026-07-04 07:06:55.369,0.0,0.0,0.0,0.0,0,0,7.91,26.44
2026-07-04 07:06:55.915,0.0,0.0,0.0,0.0,0,0,7.91,26.44
2026-07-04 07:06:56.412,0.0,0.0,0.0,0.0,0,0,7.91,26.44
2026-07-04 07:06:56.915,0.0,0.0,0.0,0.0,0,0,7.91,26.44
2026-07-04 07:06:57.399,0.0,0.0,0.0,0.0,0,0,7.91,26.44
2026-07-04 07:06:57.878,0.0,0.0,0.0,0.0,0,0,7.91,26.44
2026-07-04 07:06:58.372,0.0,0.0,0.0,0.0,0,0,7.91,26.44
2026-07-04 07:06:58.886,0.0,0.0,0.0,0.0,0,0,7.91,26.44
2026-07-04 07:06:59.370,0.0,0.0,0.0,0.0,0,0,7.91,26.44
2026-07-04 07:06:59.928,0.0,0.0,0.0,0.0,0,0,7.91,26.44
2026-07-04 07:07:00.425,0.0,0.0,0.0,0.0,0,0,7.91,26.44
2026-07-04 07:07:00.894,0.0,0.0,0.0,0.0,0,0,7.91,26.44
2026-07-04 07:07:01.396,0.0,0.0,0.0,0.0,0,0,7.91,26.44
2026-07-04 07:07:01.895,0.0,0.0,0.0,0.0,0,0,7.91,26.44
2026-07-04 07:07:02.395,0.0,0.0,0.0,0.0,0,0,7.91,26.44
2026-07-04 07:07:02.892,0.0,0.0,0.0,0.0,0,0,7.91,26.44
2026-07-04 07:07:03.398,0.0,0.0,0.0,0.0,0,0,7.91,26.44
2026-07-04 07:07:03.896,0.0,0.0,0.0,0.0,0,0,7.91,26.44
2026-07-04 07:07:04.396,0.0,0.0,0.0,0.0,0,0,7.91,26.44
2026-07-04 07:07:04.897,0.0,0.0,0.0,0.0,0,0,7.91,26.44
2026-07-04 07:07:05.394,0.0,0.0,0.0,0.0,0,0,7.91,26.44
2026-07-04 07:07:05.916,0.0,0.0,0.0,0.0,0,0,7.91,26.44
2026-07-04 07:07:06.410,0.0,0.0,0.0,0.0,0,0,7.91,26.44
2026-07-04 07:07:06.882,0.0,0.0,0.0,0.0,0,0,7.91,26.44
2026-07-04 07:07:07.368,0.0,0.0,0.0,0.0,0,0,7.91,26.44
2026-07-04 07:07:07.886,0.0,0.0,0.0,0.0,0,0,7.91,26.44
2026-07-04 07:07:08.405,0.0,0.0,0.0,0.0,0,0,7.91,26.44
2026-07-04 07:07:08.899,0.0,0.0,0.0,0.0,0,0,7.91,26.44
2026-07-04 07:07:09.405,0.0,0.0,0.0,0.0,0,0,7.91,26.44
2026-07-04 07:07:09.879,0.0,0.0,0.0,0.0,0,0,7.91,26.44
2026-07-04 07:07:10.371,0.0,0.0,0.0,0.0,0,0,7.91,26.44
2026-07-04 07:07:10.917,0.0,0.0,0.0,0.0,0,0,7.91,26.44
2026-07-04 07:07:11.398,0.0,0.0,0.0,0.0,0,0,7.91,26.44
2026-07-04 07:07:11.898,0.0,0.0,0.0,0.0,0,0,7.91,26.44
2026-07-04 07:07:12.398,0.0,0.0,0.0,0.0,0,0,7.91,26.44
2026-07-04 07:07:12.899,0.0,0.0,0.0,0.0,0,0,7.91,26.44
2026-07-04 07:07:13.428,0.0,0.0,0.0,0.0,0,0,7.91,26.44
2026-07-04 07:07:13.928,0.0,0.0,0.0,0.0,0,0,7.91,26.44
2026-07-04 07:07:14.399,0.0,0.0,0.0,0.0,0,0,7.91,26.44
2026-07-04 07:07:14.878,0.0,0.0,0.0,0.0,0,0,7.91,26.44
2026-07-04 07:07:15.413,0.0,0.0,0.0,0.0,0,0,7.91,26.44
2026-07-04 07:07:15.898,0.0,0.0,0.0,0.0,0,0,7.91,26.44
2026-07-04 07:07:16.396,0.0,0.0,0.0,0.0,0,0,7.91,26.44
2026-07-04 07:07:16.900,0.0,0.0,0.0,0.0,0,0,7.91,26.44
2026-07-04 07:07:17.398,0.0,0.0,0.0,0.0,0,0,7.91,26.44
2026-07-04 07:07:17.896,0.0,0.0,0.0,0.0,0,0,7.91,26.44
2026-07-04 07:07:18.395,0.0,0.0,0.0,0.0,0,0,7.91,26.44
2026-07-04 07:07:18.878,0.0,0.0,0.0,0.0,0,0,7.91,26.44
2026-07-04 07:07:19.381,0.0,0.0,0.0,0.0,0,0,7.91,26.44
2026-07-04 07:07:19.880,0.0,0.0,0.0,0.0,0,0,7.91,26.44
2026-07-04 07:07:20.379,0.0,0.0,0.0,0.0,0,0,7.91,26.44
2026-07-04 07:07:20.882,0.0,0.0,0.0,0.0,0,0,7.91,26.44
2026-07-04 07:07:21.381,0.0,0.0,0.0,0.0,0,0,7.91,26.44
2026-07-04 07:07:21.878,0.0,0.0,0.0,0.0,0,0,7.91,26.44
2026-07-04 07:07:22.408,0.0,0.0,0.0,0.0,0,0,7.91,26.44
2026-07-04 07:07:22.909,0.0,0.0,0.0,0.0,0,0,7.91,26.44
2026-07-04 07:07:23.408,0.0,0.0,0.0,0.0,0,0,7.91,26.44
2026-07-04 07:07:23.922,0.0,0.0,0.0,0.0,0,0,7.91,26.44
2026-07-04 07:07:24.430,0.0,0.0,0.0,0.0,0,0,7.91,26.44
2026-07-04 07:07:24.928,0.0,0.0,0.0,0.0,0,0,7.91,26.44
2026-07-04 07:07:25.429,0.0,0.0,0.0,0.0,0,0,7.91,26.44
2026-07-04 07:07:25.878,0.0,0.0,0.0,0.0,0,0,7.91,26.44
2026-07-04 07:07:26.438,0.0,0.0,0.0,0.0,0,0,7.91,26.44
2026-07-04 07:07:26.904,0.0,0.0,0.0,0.0,0,0,7.91,26.44
2026-07-04 07:07:27.399,0.0,0.0,0.0,0.0,0,0,7.91,26.44
2026-07-04 07:07:27.898,0.0,0.0,0.0,0.0,0,0,7.91,26.44
2026-07-04 07:07:28.398,0.0,0.0,0.0,0.0,0,0,7.91,26.44
2026-07-04 07:07:28.918,0.0,0.0,0.0,0.0,0,0,7.91,26.44
2026-07-04 07:07:29.429,0.0,0.0,0.0,0.0,0,0,7.91,26.44
2026-07-04 07:07:29.934,0.0,0.0,0.0,0.0,0,0,7.91,26.44
2026-07-04 07:07:30.386,0.0,0.0,0.0,0.0,0,0,7.91,26.44
2026-07-04 07:07:30.884,0.0,0.0,0.0,0.0,0,0,7.91,26.44
2026-07-04 07:07:31.430,0.0,0.0,0.0,0.0,0,0,7.91,26.44
2026-07-04 07:07:31.900,0.0,0.0,0.0,0.0,0,0,7.91,26.44
2026-07-04 07:07:32.384,0.0,0.0,0.0,0.0,0,0,7.91,26.44
2026-07-04 07:07:32.897,0.0,0.0,0.0,0.0,0,0,7.91,26.44
2026-07-04 07:07:33.398,0.0,0.0,0.0,0.0,0,0,7.91,26.44
2026-07-04 07:07:33.899,0.0,0.0,0.0,0.0,0,0,7.91,26.44
2026-07-04 07:07:34.396,0.0,0.0,0.0,0.0,0,0,7.91,26.44
2026-07-04 07:07:34.928,0.0,0.0,0.0,0.0,0,0,7.91,26.44
2026-07-04 07:07:35.427,0.0,0.0,0.0,0.0,0,0,7.91,26.44
2026-07-04 07:07:35.928,0.0,0.0,0.0,0.0,0,0,7.91,26.44
2026-07-04 07:07:36.419,0.0,0.0,0.0,0.0,0,0,7.91,26.44
2026-07-04 07:07:36.928,0.0,0.0,0.0,0.0,0,0,7.91,26.44
2026-07-04 07:07:37.428,0.0,0.0,0.0,0.0,0,0,7.91,26.44
2026-07-04 07:07:37.928,0.0,0.0,0.0,0.0,0,0,7.91,26.44
2026-07-04 07:07:38.422,0.0,0.0,0.0,0.0,0,0,7.91,26.44
2026-07-04 07:07:38.928,0.0,0.0,0.0,0.0,0,0,7.91,26.44
2026-07-04 07:07:39.428,0.0,0.0,0.0,0.0,0,0,7.91,26.44
2026-07-04 07:07:39.899,0.0,0.0,0.0,0.0,0,0,7.91,26.44
2026-07-04 07:07:40.396,0.0,0.0,0.0,0.0,0,0,7.91,26.44
2026-07-04 07:07:40.898,0.0,0.0,0.0,0.0,0,0,7.91,26.44
2026-07-04 07:07:41.399,0.0,0.0,0.0,0.0,0,0,7.91,26.44
2026-07-04 07:07:41.899,0.0,0.0,0.0,0.0,0,0,7.91,26.44
2026-07-04 07:07:42.397,0.0,0.0,0.0,0.0,0,0,7.91,26.44
2026-07-04 07:07:42.894,0.0,0.0,0.0,0.0,0,0,7.91,26.44
2026-07-04 07:07:43.426,0.0,0.0,0.0,0.0,0,0,7.91,26.44
2026-07-04 07:07:43.928,0.0,0.0,0.0,0.0,0,0,7.91,26.44
2026-07-04 07:07:44.428,0.0,0.0,0.0,0.0,0,0,7.91,26.44
2026-07-04 07:07:44.929,0.0,0.0,0.0,0.0,0,0,7.91,26.44
2026-07-04 07:07:45.427,0.0,0.0,0.0,0.0,0,0,7.91,26.44
2026-07-04 07:07:45.928,0.0,0.0,0.0,0.0,0,0,7.91,26.44
2026-07-04 07:07:46.412,0.0,0.0,0.0,0.0,0,0,7.91,26.44
2026-07-04 07:07:46.913,0.0,0.0,0.0,0.0,0,0,7.91,26.44
2026-07-04 07:07:47.413,0.0,0.0,0.0,0.0,0,0,7.91,26.44
2026-07-04 07:07:47.913,0.0,0.0,0.0,0.0,0,0,7.91,26.44
2026-07-04 07:07:48.412,0.0,0.0,0.0,0.0,0,0,7.91,26.44
2026-07-04 07:07:48.910,0.0,0.0,0.0,0.0,0,0,7.91,26.44
2026-07-04 07:07:49.413,0.0,0.0,0.0,0.0,0,0,7.91,26.44
2026-07-04 07:07:49.912,0.0,0.0,0.0,0.0,0,0,7.91,26.44
2026-07-04 07:07:50.409,0.0,0.0,0.0,0.0,0,0,7.91,26.44
2026-07-04 07:07:50.895,0.0,0.0,0.0,0.0,0,0,7.91,26.44
2026-07-04 07:07:51.458,0.0,0.0,0.0,0.0,0,0,7.91,26.44
2026-07-04 07:07:51.896,0.0,0.0,0.0,0.0,0,0,7.91,26.44
2026-07-04 07:07:52.396,0.0,0.0,0.0,0.0,0,0,7.91,26.44
2026-07-04 07:07:52.920,0.0,0.0,0.0,0.0,0,0,7.91,26.44
2026-07-04 07:07:53.398,0.0,0.0,0.0,0.0,0,0,7.91,26.44
2026-07-04 07:07:53.918,0.0,0.0,0.0,0.0,0,0,7.91,26.44
2026-07-04 07:07:54.429,0.0,0.0,0.0,0.0,0,0,7.91,26.44
2026-07-04 07:07:54.922,0.0,0.0,0.0,0.0,0,0,7.91,26.44
2026-07-04 07:07:55.418,0.0,0.0,0.0,0.0,0,0,7.91,26.44
2026-07-04 07:07:55.921,0.0,0.0,0.0,0.0,0,0,7.91,26.44
2026-07-04 07:07:56.429,0.0,0.0,0.0,0.0,0,0,7.91,26.44
2026-07-04 07:07:56.922,0.0,0.0,0.0,0.0,0,0,7.91,26.44
2026-07-04 07:07:57.422,0.0,0.0,0.0,0.0,0,0,7.91,26.44
2026-07-04 07:07:57.929,0.0,0.0,0.0,0.0,0,0,7.91,26.44
2026-07-04 07:07:58.396,0.0,0.0,0.0,0.0,0,0,7.91,26.44
2026-07-04 07:07:58.898,0.0,0.0,0.0,0.0,0,0,7.91,26.44
2026-07-04 07:07:59.433,0.0,0.0,0.0,0.0,0,0,7.91,26.44
2026-07-04 07:07:59.902,0.0,0.0,0.0,0.0,0,0,7.91,26.44
2026-07-04 07:08:00.428,0.0,0.0,0.0,0.0,0,0,7.91,26.44
2026-07-04 07:08:00.949,0.0,0.0,0.0,0.0,0,0,7.91,26.44
2026-07-04 07:08:01.402,0.0,0.0,0.0,0.0,0,0,7.91,26.44
2026-07-04 07:08:01.928,0.0,0.0,0.0,0.0,0,0,7.91,26.44
2026-07-04 07:08:02.413,0.0,0.0,0.0,0.0,0,0,7.91,26.44
2026-07-04 07:08:02.899,0.0,0.0,0.0,0.0,0,0,7.91,26.44
2026-07-04 07:08:03.457,0.0,0.0,0.0,0.0,0,0,7.91,26.44
2026-07-04 07:08:03.959,0.0,0.0,0.0,0.0,0,0,7.91,26.44
2026-07-04 07:08:04.457,0.0,0.0,0.0,0.0,0,0,7.91,26.44
2026-07-04 07:08:04.960,0.0,0.0,0.0,0.0,0,0,7.91,26.44
2026-07-04 07:08:05.459,0.0,0.0,0.0,0.0,0,0,7.91,26.44
2026-07-04 07:08:05.949,0.0,0.0,0.0,0.0,0,0,7.91,26.44
2026-07-04 07:08:06.429,0.0,0.0,0.0,0.0,0,0,7.91,26.44
2026-07-04 07:08:06.960,0.0,0.0,0.0,0.0,0,0,7.91,26.44
2026-07-04 07:08:07.398,0.0,0.0,0.0,0.0,0,0,7.91,26.44
2026-07-04 07:08:07.904,0.0,0.0,0.0,0.0,0,0,7.91,26.44
2026-07-04 07:08:08.406,0.0,0.0,0.0,0.0,0,0,7.91,26.44
2026-07-04 07:08:08.902,0.0,0.0,0.0,0.0,0,0,7.91,26.44
2026-07-04 07:08:09.428,0.0,0.0,0.0,0.0,0,0,7.91,26.44
2026-07-04 07:08:09.922,0.0,0.0,0.0,0.0,0,0,7.91,26.44
2026-07-04 07:08:10.428,0.0,0.0,0.0,0.0,0,0,7.91,26.44
2026-07-04 07:08:10.927,0.0,0.0,0.0,0.0,0,0,7.91,26.44
2026-07-04 07:08:11.430,0.0,0.0,0.0,0.0,0,0,7.91,26.44
2026-07-04 07:08:11.958,0.0,0.0,0.0,0.0,0,0,7.91,26.44
2026-07-04 07:08:12.461,0.0,0.0,0.0,0.0,0,0,7.91,26.44
2026-07-04 07:08:12.958,0.0,0.0,0.0,0.0,0,0,7.91,26.44
2026-07-04 07:08:13.458,0.0,0.0,0.0,0.0,0,0,7.91,26.44
2026-07-04 07:08:13.949,0.0,0.0,0.0,0.0,0,0,7.91,26.44
2026-07-04 07:08:14.453,0.0,0.0,0.0,0.0,0,0,7.91,26.44
2026-07-04 07:08:14.947,0.0,0.0,0.0,0.0,0,0,7.91,26.44
2026-07-04 07:08:15.442,0.0,0.0,0.0,0.0,0,0,7.91,26.44
2026-07-04 07:08:15.943,0.0,0.0,0.0,0.0,0,0,7.91,26.44
2026-07-04 07:08:16.441,0.0,0.0,0.0,0.0,0,0,7.91,26.44
2026-07-04 07:08:16.950,0.0,0.0,0.0,0.0,0,0,7.91,26.44
2026-07-04 07:08:17.455,0.0,0.0,0.0,0.0,0,0,7.91,26.44
2026-07-04 07:08:17.954,0.0,0.0,0.0,0.0,0,0,7.91,26.44
2026-07-04 07:08:18.434,0.0,0.0,0.0,0.0,0,0,7.91,26.44
2026-07-04 07:08:18.927,0.0,0.0,0.0,0.0,0,0,7.91,26.44
2026-07-04 07:08:19.428,0.0,0.0,0.0,0.0,0,0,7.91,26.44
2026-07-04 07:08:19.930,0.0,0.0,0.0,0.0,0,0,7.91,26.44
2026-07-04 07:08:20.430,0.0,0.0,0.0,0.0,0,0,7.91,26.44
2026-07-04 07:08:20.928,0.0,0.0,0.0,0.0,0,0,7.91,26.44
2026-07-04 07:08:21.449,0.0,0.0,0.0,0.0,0,0,7.91,26.44
2026-07-04 07:08:21.958,0.0,0.0,0.0,0.0,0,0,7.91,26.44
2026-07-04 07:08:22.458,0.0,0.0,0.0,0.0,0,0,7.91,26.44
2026-07-04 07:08:22.957,0.0,0.0,0.0,0.0,0,0,7.91,26.44
2026-07-04 07:08:23.433,0.0,0.0,0.0,0.0,0,0,7.91,26.44
2026-07-04 07:08:23.928,0.0,0.0,0.0,0.0,0,0,7.91,26.44
2026-07-04 07:08:24.459,0.0,0.0,0.0,0.0,0,0,7.91,26.44
2026-07-04 07:08:24.947,0.0,0.0,0.0,0.0,0,0,7.91,26.44
2026-07-04 07:08:25.445,0.0,0.0,0.0,0.0,0,0,7.91,26.44
2026-07-04 07:08:25.949,0.0,0.0,0.0,0.0,0,0,7.91,26.44
2026-07-04 07:08:26.444,0.0,0.0,0.0,0.0,0,0,7.91,26.44
2026-07-04 07:08:26.948,0.0,0.0,0.0,0.0,0,0,7.91,26.44
2026-07-04 07:08:27.447,0.0,0.0,0.0,0.0,0,0,7.91,26.44
2026-07-04 07:08:27.947,0.0,0.0,0.0,0.0,0,0,7.91,26.44
2026-07-04 07:08:28.444,0.0,0.0,0.0,0.0,0,0,7.91,26.44
2026-07-04 07:08:28.949,0.0,0.0,0.0,0.0,0,0,7.91,26.44
2026-07-04 07:08:29.445,0.0,0.0,0.0,0.0,0,0,7.91,26.44
2026-07-04 07:08:29.948,0.0,0.0,0.0,0.0,0,0,7.91,26.44
2026-07-04 07:08:30.445,0.0,0.0,0.0,0.0,0,0,7.91,26.44
2026-07-04 07:08:30.944,0.0,0.0,0.0,0.0,0,0,7.91,26.44
2026-07-04 07:08:31.429,0.0,0.0,0.0,0.0,0,0,7.91,26.44
2026-07-04 07:08:31.912,0.0,0.0,0.0,0.0,0,0,7.91,26.44
2026-07-04 07:08:32.412,0.0,0.0,0.0,0.0,0,0,7.91,26.44
2026-07-04 07:08:32.957,0.0,0.0,0.0,0.0,0,0,7.91,26.44
2026-07-04 07:08:33.459,0.0,0.0,0.0,0.0,0,0,7.91,26.44
2026-07-04 07:08:33.959,0.0,0.0,0.0,0.0,0,0,7.91,26.44
2026-07-04 07:08:34.461,0.0,0.0,0.0,0.0,0,0,7.91,26.44
2026-07-04 07:08:34.941,0.0,0.0,0.0,0.0,0,0,7.91,26.44
2026-07-04 07:08:35.435,0.0,0.0,0.0,0.0,0,0,7.91,26.44
2026-07-04 07:08:35.917,0.0,0.0,0.0,0.0,0,0,7.91,26.44
2026-07-04 07:08:36.455,0.0,0.0,0.0,0.0,0,0,7.91,26.44
2026-07-04 07:08:36.928,0.0,0.0,0.0,0.0,0,0,7.91,26.44
2026-07-04 07:08:37.429,0.0,0.0,0.0,0.0,0,0,7.91,26.44
2026-07-04 07:08:37.937,0.0,0.0,0.0,0.0,0,0,7.91,26.44
2026-07-04 07:08:38.451,0.0,0.0,0.0,0.0,0,0,7.91,26.44
2026-07-04 07:08:38.927,0.0,0.0,0.0,0.0,0,0,7.91,26.44
2026-07-04 07:08:39.480,0.0,0.0,0.0,0.0,0,0,7.91,26.44
2026-07-04 07:08:39.959,0.0,0.0,0.0,0.0,0,0,7.91,26.44
2026-07-04 07:08:40.458,0.0,0.0,0.0,0.0,0,0,7.91,26.44
2026-07-04 07:08:40.958,0.0,0.0,0.0,0.0,0,0,7.91,26.44
2026-07-04 07:08:41.461,0.0,0.0,0.0,0.0,0,0,7.91,26.44
2026-07-04 07:08:41.958,0.0,0.0,0.0,0.0,0,0,7.91,26.44
2026-07-04 07:08:42.459,0.0,0.0,0.0,0.0,0,0,7.91,26.44
2026-07-04 07:08:42.928,0.0,0.0,0.0,0.0,0,0,7.91,26.44
2026-07-04 07:08:43.458,0.0,0.0,0.0,0.0,0,0,7.91,26.44
2026-07-04 07:08:43.958,0.0,0.0,0.0,0.0,0,0,7.91,26.44
2026-07-04 07:08:44.459,0.0,0.0,0.0,0.0,0,0,7.91,26.44
2026-07-04 07:08:44.958,0.0,0.0,0.0,0.0,0,0,7.91,26.44
2026-07-04 07:08:45.458,0.0,0.0,0.0,0.0,0,0,7.91,26.44
2026-07-04 07:08:45.959,0.0,0.0,0.0,0.0,0,0,7.91,26.44
2026-07-04 07:08:46.458,0.0,0.0,0.0,0.0,0,0,7.91,26.44
2026-07-04 07:08:46.957,0.0,0.0,0.0,0.0,0,0,7.91,26.44
2026-07-04 07:08:47.458,0.0,0.0,0.0,0.0,0,0,7.91,26.44
2026-07-04 07:08:47.957,0.0,0.0,0.0,0.0,0,0,7.91,26.44
2026-07-04 07:08:48.457,0.0,0.0,0.0,0.0,0,0,7.91,26.44
2026-07-04 07:08:48.957,0.0,0.0,0.0,0.0,0,0,7.91,26.44
2026-07-04 07:08:49.458,0.0,0.0,0.0,0.0,0,0,7.91,26.44
2026-07-04 07:08:49.956,0.0,0.0,0.0,0.0,0,0,7.91,26.44
2026-07-04 07:08:50.439,0.0,0.0,0.0,0.0,0,0,7.91,26.44
2026-07-04 07:08:50.973,0.0,0.0,0.0,0.0,0,0,7.91,26.44
2026-07-04 07:08:51.473,0.0,0.0,0.0,0.0,0,0,7.91,26.44
2026-07-04 07:08:51.941,0.0,0.0,0.0,0.0,0,0,7.91,26.44
2026-07-04 07:08:52.439,0.0,0.0,0.0,0.0,0,0,7.91,26.44
2026-07-04 07:08:52.974,0.0,0.0,0.0,0.0,0,0,7.91,26.44
2026-07-04 07:08:53.488,0.0,0.0,0.0,0.0,0,0,7.91,26.44
2026-07-04 07:08:53.928,0.0,0.0,0.0,0.0,0,0,7.91,26.44
2026-07-04 07:08:54.428,0.0,0.0,0.0,0.0,0,0,7.91,26.44
2026-07-04 07:08:54.991,0.0,0.0,0.0,0.0,0,0,7.91,26.44
2026-07-04 07:08:55.428,0.0,0.0,0.0,0.0,0,0,7.91,26.44
2026-07-04 07:08:55.977,0.0,0.0,0.0,0.0,0,0,7.91,26.44
2026-07-04 07:08:56.478,0.0,0.0,0.0,0.0,0,0,7.91,26.44
2026-07-04 07:08:56.977,0.0,0.0,0.0,0.0,0,0,7.91,26.44
2026-07-04 07:08:57.477,0.0,0.0,0.0,0.0,0,0,7.91,26.44
2026-07-04 07:08:57.975,0.0,0.0,0.0,0.0,0,0,7.91,26.44
2026-07-04 07:08:58.475,0.0,0.0,0.0,0.0,0,0,7.91,26.44
2026-07-04 07:08:58.974,0.0,0.0,0.0,0.0,0,0,7.91,26.44
2026-07-04 07:08:59.473,0.0,0.0,0.0,0.0,0,0,7.91,26.44
2026-07-04 07:08:59.972,0.0,0.0,0.0,0.0,0,0,7.91,26.44
2026-07-04 07:09:00.425,0.0,0.0,0.0,0.0,0,0,7.91,26.44
2026-07-04 07:09:00.949,0.0,0.0,0.0,0.0,0,0,7.91,26.44
2026-07-04 07:09:01.424,0.0,0.0,0.0,0.0,0,0,7.91,26.44
2026-07-04 07:09:01.988,0.0,0.0,0.0,0.0,0,0,7.91,26.44
2026-07-04 07:09:02.488,0.0,0.0,0.0,0.0,0,0,7.91,26.44
2026-07-04 07:09:02.954,0.0,0.0,0.0,0.0,0,0,7.91,26.44
2026-07-04 07:09:03.488,0.0,0.0,0.0,0.0,0,0,7.91,26.44
2026-07-04 07:09:03.988,0.0,0.0,0.0,0.0,0,0,7.91,26.44
2026-07-04 07:09:04.478,0.0,0.0,0.0,0.0,0,0,7.91,26.44
2026-07-04 07:09:04.957,0.0,0.0,0.0,0.0,0,0,7.91,26.44
2026-07-04 07:09:05.448,0.0,0.0,0.0,0.0,0,0,7.91,26.44
2026-07-04 07:09:05.987,0.0,0.0,0.0,0.0,0,0,7.91,26.44
2026-07-04 07:09:06.477,0.0,0.0,0.0,0.0,0,0,7.91,26.44
2026-07-04 07:09:06.973,0.0,0.0,0.0,0.0,0,0,7.91,26.44
2026-07-04 07:09:07.459,0.0,0.0,0.0,0.0,0,0,7.91,26.44
2026-07-04 07:09:07.957,0.0,0.0,0.0,0.0,0,0,7.91,26.44
2026-07-04 07:09:08.458,0.0,0.0,0.0,0.0,0,0,7.91,26.44
2026-07-04 07:09:08.960,0.0,0.0,0.0,0.0,0,0,7.91,26.44
2026-07-04 07:09:09.460,0.0,0.0,0.0,0.0,0,0,7.91,26.44
2026-07-04 07:09:09.990,0.0,0.0,0.0,0.0,0,0,7.91,26.44
2026-07-04 07:09:10.487,0.0,0.0,0.0,0.0,0,0,7.91,26.44
2026-07-04 07:09:10.973,0.0,0.0,0.0,0.0,0,0,7.91,26.44
2026-07-04 07:09:11.475,0.0,0.0,0.0,0.0,0,0,7.91,26.44
2026-07-04 07:09:11.976,0.0,0.0,0.0,0.0,0,0,7.91,26.44
2026-07-04 07:09:12.444,0.0,0.0,0.0,0.0,0,0,7.91,26.44
2026-07-04 07:09:12.948,0.0,0.0,0.0,0.0,0,0,7.91,26.44
2026-07-04 07:09:13.453,0.0,0.0,0.0,0.0,0,0,7.91,26.44
2026-07-04 07:09:13.960,0.0,0.0,0.0,0.0,0,0,7.91,26.44
2026-07-04 07:09:14.487,0.0,0.0,0.0,0.0,0,0,7.91,26.44
2026-07-04 07:09:14.956,0.0,0.0,0.0,0.0,0,0,7.91,26.44
2026-07-04 07:09:15.483,0.0,0.0,0.0,0.0,0,0,7.91,26.44
2026-07-04 07:09:15.989,0.0,0.0,0.0,0.0,0,0,7.91,26.44
2026-07-04 07:09:16.488,0.0,0.0,0.0,0.0,0,0,7.91,26.44
2026-07-04 07:09:16.958,0.0,0.0,0.0,0.0,0,0,7.91,26.44
2026-07-04 07:09:17.460,0.0,0.0,0.0,0.0,0,0,7.91,26.44
2026-07-04 07:09:17.958,0.0,0.0,0.0,0.0,0,0,7.91,26.44
2026-07-04 07:09:18.460,0.0,0.0,0.0,0.0,0,0,7.91,26.44
2026-07-04 07:09:18.959,0.0,0.0,0.0,0.0,0,0,7.91,26.44
2026-07-04 07:09:19.457,0.0,0.0,0.0,0.0,0,0,7.91,26.44
2026-07-04 07:09:19.960,0.0,0.0,0.0,0.0,0,0,7.91,26.44
2026-07-04 07:09:20.439,0.0,0.0,0.0,0.0,0,0,7.91,26.44
2026-07-04 07:09:20.973,0.0,0.0,0.0,0.0,0,0,7.91,26.44
2026-07-04 07:09:21.477,0.0,0.0,0.0,0.0,0,0,7.91,26.44
2026-07-04 07:09:22.000,0.0,0.0,0.0,0.0,0,0,7.91,26.44
2026-07-04 07:09:22.452,0.0,0.0,0.0,0.0,0,0,7.91,26.44
2026-07-04 07:09:22.957,0.0,0.0,0.0,0.0,0,0,7.91,26.44
2026-07-04 07:09:23.489,0.0,0.0,0.0,0.0,0,0,7.91,26.44
2026-07-04 07:09:23.973,0.0,0.0,0.0,0.0,0,0,7.91,26.44
2026-07-04 07:09:24.476,0.0,0.0,0.0,0.0,0,0,7.91,26.44
2026-07-04 07:09:24.972,0.0,0.0,0.0,0.0,0,0,7.91,26.44
2026-07-04 07:09:25.470,0.0,0.0,0.0,0.0,0,0,7.91,26.44
2026-07-04 07:09:26.003,0.0,0.0,0.0,0.0,0,0,7.91,26.44
2026-07-04 07:09:26.486,0.0,0.0,0.0,0.0,0,0,7.91,26.44
2026-07-04 07:09:26.947,0.0,0.0,0.0,0.0,0,0,7.91,26.44
2026-07-04 07:09:27.458,0.0,0.0,0.0,0.0,0,0,7.91,26.44
2026-07-04 07:09:27.978,0.0,0.0,0.0,0.0,0,0,7.91,26.44
2026-07-04 07:09:28.482,0.0,0.0,0.0,0.0,0,0,7.91,26.44
2026-07-04 07:09:28.957,0.0,0.0,0.0,0.0,0,0,7.91,26.44
2026-07-04 07:09:29.446,0.0,0.0,0.0,0.0,0,0,7.91,26.44
2026-07-04 07:09:29.988,0.0,0.0,0.0,0.0,0,0,7.91,26.44
2026-07-04 07:09:30.458,0.0,0.0,0.0,0.0,0,0,7.91,26.44
2026-07-04 07:09:30.988,0.0,0.0,0.0,0.0,0,0,7.91,26.44
2026-07-04 07:09:31.488,0.0,0.0,0.0,0.0,0,0,7.91,26.44
2026-07-04 07:09:31.976,0.0,0.0,0.0,0.0,0,0,7.91,26.44
2026-07-04 07:09:32.459,0.0,0.0,0.0,0.0,0,0,7.91,26.44
2026-07-04 07:09:32.957,0.0,0.0,0.0,0.0,0,0,7.91,26.44
2026-07-04 07:09:33.458,0.0,0.0,0.0,0.0,0,0,7.91,26.44
2026-07-04 07:09:33.959,0.0,0.0,0.0,0.0,0,0,7.91,26.44
2026-07-04 07:09:34.456,0.0,0.0,0.0,0.0,0,0,7.91,26.44
2026-07-04 07:09:34.957,0.0,0.0,0.0,0.0,0,0,7.91,26.44
2026-07-04 07:09:35.458,0.0,0.0,0.0,0.0,0,0,7.91,26.44
2026-07-04 07:09:35.958,0.0,0.0,0.0,0.0,0,0,7.91,26.44
2026-07-04 07:09:36.500,0.0,0.0,0.0,0.0,0,0,7.91,26.44
2026-07-04 07:09:36.949,0.0,0.0,0.0,0.0,0,0,7.91,26.44
2026-07-04 07:09:37.458,0.0,0.0,0.0,0.0,0,0,7.91,26.44
2026-07-04 07:09:37.959,0.0,0.0,0.0,0.0,0,0,7.91,26.44
2026-07-04 07:09:38.488,0.0,0.0,0.0,0.0,0,0,7.91,26.44
2026-07-04 07:09:38.989,0.0,0.0,0.0,0.0,0,0,7.91,26.44
2026-07-04 07:09:39.458,0.0,0.0,0.0,0.0,0,0,7.91,26.44
2026-07-04 07:09:39.960,0.0,0.0,0.0,0.0,0,0,7.91,26.44
2026-07-04 07:09:40.488,0.0,0.0,0.0,0.0,0,0,7.91,26.44
2026-07-04 07:09:40.989,0.0,0.0,0.0,0.0,0,0,7.91,26.44
2026-07-04 07:09:41.478,0.0,0.0,0.0,0.0,0,0,7.91,26.44
2026-07-04 07:09:41.958,0.0,0.0,0.0,0.0,0,0,7.91,26.44
2026-07-04 07:09:42.458,0.0,0.0,0.0,0.0,0,0,7.91,26.44
2026-07-04 07:09:42.957,0.0,0.0,0.0,0.0,0,0,7.91,26.44
2026-07-04 07:09:43.456,0.0,0.0,0.0,0.0,0,0,7.91,26.44
2026-07-04 07:09:43.958,0.0,0.0,0.0,0.0,0,0,7.91,26.44
2026-07-04 07:09:44.500,0.0,0.0,0.0,0.0,0,0,7.91,26.44
2026-07-04 07:09:44.972,0.0,0.0,0.0,0.0,0,0,7.91,26.44
2026-07-04 07:09:45.470,0.0,0.0,0.0,0.0,0,0,7.91,26.44
2026-07-04 07:09:45.985,0.0,0.0,0.0,0.0,0,0,7.91,26.44
2026-07-04 07:09:46.472,0.0,0.0,0.0,0.0,0,0,7.91,26.44
2026-07-04 07:09:46.982,0.0,0.0,0.0,0.0,0,0,7.91,26.44
2026-07-04 07:09:47.487,0.0,0.0,0.0,0.0,0,0,7.91,26.44
2026-07-04 07:09:47.960,0.0,0.0,0.0,0.0,0,0,7.91,26.44
2026-07-04 07:09:48.460,0.0,0.0,0.0,0.0,0,0,7.91,26.44
2026-07-04 07:09:49.021,0.0,0.0,0.0,0.0,0,0,7.91,26.44
2026-07-04 07:09:49.457,0.0,0.0,0.0,0.0,0,0,7.91,26.44
2026-07-04 07:09:49.958,0.0,0.0,0.0,0.0,0,0,7.91,26.44
2026-07-04 07:09:50.455,0.0,0.0,0.0,0.0,0,0,7.91,26.44
2026-07-04 07:09:50.979,0.0,0.0,0.0,0.0,0,0,7.91,26.44
2026-07-04 07:09:51.484,0.0,0.0,0.0,0.0,0,0,7.91,26.44
2026-07-04 07:09:52.009,0.0,0.0,0.0,0.0,0,0,7.91,26.44
2026-07-04 07:09:52.452,0.0,0.0,0.0,0.0,0,0,7.91,26.44
2026-07-04 07:09:53.014,0.0,0.0,0.0,0.0,0,0,7.91,26.44
2026-07-04 07:09:53.514,0.0,0.0,0.0,0.0,0,0,7.91,26.44
2026-07-04 07:09:54.013,0.0,0.0,0.0,0.0,0,0,7.91,26.44
2026-07-04 07:09:54.478,0.0,0.0,0.0,0.0,0,0,7.91,26.44
2026-07-04 07:09:54.974,0.0,0.0,0.0,0.0,0,0,7.91,26.44
2026-07-04 07:09:55.482,0.0,0.0,0.0,0.0,0,0,7.91,26.44
2026-07-04 07:09:55.989,0.0,0.0,0.0,0.0,0,0,7.91,26.44
2026-07-04 07:09:56.488,0.0,0.0,0.0,0.0,0,0,7.91,26.44
2026-07-04 07:09:56.989,0.0,0.0,0.0,0.0,0,0,7.91,26.44
2026-07-04 07:09:57.525,0.0,0.0,0.0,0.0,0,0,7.91,26.44
2026-07-04 07:09:57.989,0.0,0.0,0.0,0.0,0,0,7.91,26.44
2026-07-04 07:09:58.488,0.0,0.0,0.0,0.0,0,0,7.91,26.44
2026-07-04 07:09:58.989,0.0,0.0,0.0,0.0,0,0,7.91,26.44
2026-07-04 07:09:59.489,0.0,0.0,0.0,0.0,0,0,7.91,26.44
2026-07-04 07:09:59.975,0.0,0.0,0.0,0.0,0,0,7.91,26.44
2026-07-04 07:10:00.523,0.0,0.0,0.0,0.0,0,0,7.91,26.44
2026-07-04 07:10:00.958,0.0,0.0,0.0,0.0,0,0,7.91,26.44
2026-07-04 07:10:01.523,0.0,0.0,0.0,0.0,0,0,7.91,26.44
2026-07-04 07:10:01.958,0.0,0.0,0.0,0.0,0,0,7.91,26.44
2026-07-04 07:10:02.510,0.0,0.0,0.0,0.0,0,0,7.91,26.44
2026-07-04 07:10:02.973,0.0,0.0,0.0,0.0,0,0,7.91,26.44
2026-07-04 07:10:03.477,0.0,0.0,0.0,0.0,0,0,7.91,26.44
2026-07-04 07:10:04.021,0.0,0.0,0.0,0.0,0,0,7.91,26.44
2026-07-04 07:10:04.519,0.0,0.0,0.0,0.0,0,0,7.91,26.44
2026-07-04 07:10:05.003,0.0,0.0,0.0,0.0,0,0,7.91,26.44
2026-07-04 07:10:05.480,0.0,0.0,0.0,0.0,0,0,7.91,26.44
2026-07-04 07:10:05.983,0.0,0.0,0.0,0.0,0,0,7.91,26.44
2026-07-04 07:10:06.499,0.0,0.0,0.0,0.0,0,0,7.91,26.44
2026-07-04 07:10:07.004,0.0,0.0,0.0,0.0,0,0,7.91,26.44
2026-07-04 07:10:07.512,0.0,0.0,0.0,0.0,0,0,7.91,26.44
2026-07-04 07:10:08.024,0.0,0.0,0.0,0.0,0,0,7.91,26.44
2026-07-04 07:10:08.509,0.0,0.0,0.0,0.0,0,0,7.91,26.44
2026-07-04 07:10:09.005,0.0,0.0,0.0,0.0,0,0,7.91,26.44
2026-07-04 07:10:09.508,0.0,0.0,0.0,0.0,0,0,7.91,26.44
2026-07-04 07:10:10.026,0.0,0.0,0.0,0.0,0,0,7.91,26.44
2026-07-04 07:10:10.524,0.0,0.0,0.0,0.0,0,0,7.91,26.44
2026-07-04 07:10:11.020,0.0,0.0,0.0,0.0,0,0,7.91,26.44
2026-07-04 07:10:11.480,0.0,0.0,0.0,0.0,0,0,7.91,26.44
2026-07-04 07:10:11.980,0.0,0.0,0.0,0.0,0,0,7.91,26.44
2026-07-04 07:10:12.488,0.0,0.0,0.0,0.0,0,0,7.91,26.44
2026-07-04 07:10:13.020,0.0,0.0,0.0,0.0,0,0,7.91,26.44
2026-07-04 07:10:13.514,0.0,0.0,0.0,0.0,0,0,7.91,26.44
2026-07-04 07:10:14.029,0.0,0.0,0.0,0.0,0,0,7.91,26.44
2026-07-04 07:10:14.500,0.0,0.0,0.0,0.0,0,0,7.91,26.44
2026-07-04 07:10:14.972,0.0,0.0,0.0,0.0,0,0,7.91,26.44
2026-07-04 07:10:15.477,0.0,0.0,0.0,0.0,0,0,7.91,26.44
2026-07-04 07:10:16.021,0.0,0.0,0.0,0.0,0,0,7.91,26.44
2026-07-04 07:10:16.524,0.0,0.0,0.0,0.0,0,0,7.91,26.44
2026-07-04 07:10:17.020,0.0,0.0,0.0,0.0,0,0,7.91,26.44
2026-07-04 07:10:17.524,0.0,0.0,0.0,0.0,0,0,7.91,26.44
2026-07-04 07:10:18.024,0.0,0.0,0.0,0.0,0,0,7.91,26.44
2026-07-04 07:10:18.523,0.0,0.0,0.0,0.0,0,0,7.91,26.44
2026-07-04 07:10:19.022,0.0,0.0,0.0,0.0,0,0,7.91,26.44
2026-07-04 07:10:19.522,0.0,0.0,0.0,0.0,0,0,7.91,26.44
2026-07-04 07:10:20.009,0.0,0.0,0.0,0.0,0,0,7.91,26.44
2026-07-04 07:10:20.489,0.0,0.0,0.0,0.0,0,0,7.91,26.44
2026-07-04 07:10:20.988,0.0,0.0,0.0,0.0,0,0,7.91,26.44
2026-07-04 07:10:21.490,0.0,0.0,0.0,0.0,0,0,7.91,26.44
2026-07-04 07:10:21.989,0.0,0.0,0.0,0.0,0,0,7.91,26.44
2026-07-04 07:10:22.488,0.0,0.0,0.0,0.0,0,0,7.91,26.44
2026-07-04 07:10:22.988,0.0,0.0,0.0,0.0,0,0,7.91,26.44
2026-07-04 07:10:23.490,0.0,0.0,0.0,0.0,0,0,7.91,26.44
2026-07-04 07:10:24.033,0.0,0.0,0.0,0.0,0,0,7.91,26.44
2026-07-04 07:10:24.502,0.0,0.0,0.0,0.0,0,0,7.91,26.44
2026-07-04 07:10:24.988,0.0,0.0,0.0,0.0,0,0,7.91,26.44
2026-07-04 07:10:25.489,0.0,0.0,0.0,0.0,0,0,7.91,26.44
2026-07-04 07:10:25.988,0.0,0.0,0.0,0.0,0,0,7.91,26.44
2026-07-04 07:10:26.488,0.0,0.0,0.0,0.0,0,0,7.91,26.44
2026-07-04 07:10:27.032,0.0,0.0,0.0,0.0,0,0,7.91,26.44
2026-07-04 07:10:27.479,0.0,0.0,0.0,0.0,0,0,7.91,26.44
2026-07-04 07:10:28.000,0.0,0.0,0.0,0.0,0,0,7.91,26.44
2026-07-04 07:10:28.501,0.0,0.0,0.0,0.0,0,0,7.91,26.44
2026-07-04 07:10:29.035,0.0,0.0,0.0,0.0,0,0,7.91,26.44
2026-07-04 07:10:29.510,0.0,0.0,0.0,0.0,0,0,7.91,26.44
2026-07-04 07:10:29.983,0.0,0.0,0.0,0.0,0,0,7.91,26.44
2026-07-04 07:10:30.488,0.0,0.0,0.0,0.0,0,0,7.91,26.44
2026-07-04 07:10:31.005,0.0,0.0,0.0,0.0,0,0,7.91,26.44
2026-07-04 07:10:31.516,0.0,0.0,0.0,0.0,0,0,7.91,26.44
2026-07-04 07:10:32.005,0.0,0.0,0.0,0.0,0,0,7.91,26.44
2026-07-04 07:10:32.505,0.0,0.0,0.0,0.0,0,0,7.91,26.44
2026-07-04 07:10:33.001,0.0,0.0,0.0,0.0,0,0,7.91,26.44
2026-07-04 07:10:33.517,0.0,0.0,0.0,0.0,0,0,7.91,26.44
2026-07-04 07:10:34.026,0.0,0.0,0.0,0.0,0,0,7.91,26.44
2026-07-04 07:10:34.488,0.0,0.0,0.0,0.0,0,0,7.91,26.44
2026-07-04 07:10:35.036,0.0,0.0,0.0,0.0,0,0,7.91,26.44
2026-07-04 07:10:35.483,0.0,0.0,0.0,0.0,0,0,7.91,26.44
2026-07-04 07:10:35.988,0.0,0.0,0.0,0.0,0,0,7.91,26.44
2026-07-04 07:10:36.524,0.0,0.0,0.0,0.0,0,0,7.91,26.44
2026-07-04 07:10:37.020,0.0,0.0,0.0,0.0,0,0,7.91,26.44
2026-07-04 07:10:37.520,0.0,0.0,0.0,0.0,0,0,7.91,26.44
2026-07-04 07:10:38.023,0.0,0.0,0.0,0.0,0,0,7.91,26.44
2026-07-04 07:10:38.523,0.0,0.0,0.0,0.0,0,0,7.91,26.44
2026-07-04 07:10:39.020,0.0,0.0,0.0,0.0,0,0,7.91,26.44
2026-07-04 07:10:39.519,0.0,0.0,0.0,0.0,0,0,7.91,26.44
2026-07-04 07:10:40.019,0.0,0.0,0.0,0.0,0,0,7.91,26.44
2026-07-04 07:10:40.530,0.0,0.0,0.0,0.0,0,0,7.91,26.44
2026-07-04 07:10:41.036,0.0,0.0,0.0,0.0,0,0,7.91,26.44
2026-07-04 07:10:41.539,0.0,0.0,0.0,0.0,0,0,7.91,26.44
2026-07-04 07:10:42.028,0.0,0.0,0.0,0.0,0,0,7.91,26.44
2026-07-04 07:10:42.530,0.0,0.0,0.0,0.0,0,0,7.91,26.44
2026-07-04 07:10:43.044,0.0,0.0,0.0,0.0,0,0,7.91,26.44
2026-07-04 07:10:43.512,0.0,0.0,0.0,0.0,0,0,7.91,26.44
2026-07-04 07:10:44.038,0.0,0.0,0.0,0.0,0,0,7.91,26.44
2026-07-04 07:10:44.538,0.0,0.0,0.0,0.0,0,0,7.91,26.44
2026-07-04 07:10:45.019,0.0,0.0,0.0,0.0,0,0,7.91,26.44
2026-07-04 07:10:45.524,0.0,0.0,0.0,0.0,0,0,7.91,26.44
2026-07-04 07:10:46.025,0.0,0.0,0.0,0.0,0,0,7.91,26.44
2026-07-04 07:10:46.507,0.0,0.0,0.0,0.0,0,0,7.91,26.44
2026-07-04 07:10:46.988,0.0,0.0,0.0,0.0,0,0,7.91,26.44
2026-07-04 07:10:47.488,0.0,0.0,0.0,0.0,0,0,7.91,26.44
2026-07-04 07:10:48.033,0.0,0.0,0.0,0.0,0,0,7.91,26.44
2026-07-04 07:10:48.493,0.0,0.0,0.0,0.0,0,0,7.91,26.44
2026-07-04 07:10:49.034,0.0,0.0,0.0,0.0,0,0,7.91,26.44
2026-07-04 07:10:49.536,0.0,0.0,0.0,0.0,0,0,7.91,26.44
2026-07-04 07:10:50.033,0.0,0.0,0.0,0.0,0,0,7.91,26.44
2026-07-04 07:10:50.503,0.0,0.0,0.0,0.0,0,0,7.91,26.44
2026-07-04 07:10:51.005,0.0,0.0,0.0,0.0,0,0,7.91,26.44
2026-07-04 07:10:51.501,0.0,0.0,0.0,0.0,0,0,7.91,26.44
2026-07-04 07:10:52.014,0.0,0.0,0.0,0.0,0,0,7.91,26.44
2026-07-04 07:10:52.547,0.0,0.0,0.0,0.0,0,0,7.91,26.44
2026-07-04 07:10:53.004,0.0,0.0,0.0,0.0,0,0,7.91,26.44
2026-07-04 07:10:53.508,0.0,0.0,0.0,0.0,0,0,7.91,26.44
2026-07-04 07:10:53.988,0.0,0.0,0.0,0.0,0,0,7.91,26.44
2026-07-04 07:10:54.539,0.0,0.0,0.0,0.0,0,0,7.91,26.44
2026-07-04 07:10:55.037,0.0,0.0,0.0,0.0,0,0,7.91,26.44
2026-07-04 07:10:55.535,0.0,0.0,0.0,0.0,0,0,7.91,26.44
2026-07-04 07:10:56.027,0.0,0.0,0.0,0.0,0,0,7.91,26.44
2026-07-04 07:10:56.531,0.0,0.0,0.0,0.0,0,0,7.91,26.44
2026-07-04 07:10:57.048,0.0,0.0,0.0,0.0,0,0,7.91,26.44
2026-07-04 07:10:57.515,0.0,0.0,0.0,0.0,0,0,7.91,26.44
2026-07-04 07:10:58.013,0.0,0.0,0.0,0.0,0,0,7.91,26.44
2026-07-04 07:10:58.541,0.0,0.0,0.0,0.0,0,0,7.91,26.44
2026-07-04 07:10:59.012,0.0,0.0,0.0,0.0,0,0,7.91,26.44
2026-07-04 07:10:59.510,0.0,0.0,0.0,0.0,0,0,7.91,26.44
2026-07-04 07:11:00.027,0.0,0.0,0.0,0.0,0,0,7.91,26.44
2026-07-04 07:11:00.509,0.0,0.0,0.0,0.0,0,0,7.91,26.44
2026-07-04 07:11:01.005,0.0,0.0,0.0,0.0,0,0,7.91,26.44
2026-07-04 07:11:01.556,0.0,0.0,0.0,0.0,0,0,7.91,26.44
2026-07-04 07:11:02.054,0.0,0.0,0.0,0.0,0,0,7.91,26.44
2026-07-04 07:11:02.557,0.0,0.0,0.0,0.0,0,0,7.91,26.44
2026-07-04 07:11:03.037,0.0,0.0,0.0,0.0,0,0,7.91,26.44
2026-07-04 07:11:03.509,0.0,0.0,0.0,0.0,0,0,7.91,26.44
2026-07-04 07:11:04.007,0.0,0.0,0.0,0.0,0,0,7.91,26.44
2026-07-04 07:11:04.508,0.0,0.0,0.0,0.0,0,0,7.91,26.44
2026-07-04 07:11:05.055,0.0,0.0,0.0,0.0,0,0,7.91,26.44
2026-07-04 07:11:05.526,0.0,0.0,0.0,0.0,0,0,7.91,26.44
2026-07-04 07:11:06.039,0.0,0.0,0.0,0.0,0,0,7.91,26.44
2026-07-04 07:11:06.538,0.0,0.0,0.0,0.0,0,0,7.91,26.44
2026-07-04 07:11:07.006,0.0,0.0,0.0,0.0,0,0,7.91,26.44
2026-07-04 07:11:07.542,0.0,0.0,0.0,0.0,0,0,7.91,26.44
2026-07-04 07:11:08.024,0.0,0.0,0.0,0.0,0,0,7.91,26.44
2026-07-04 07:11:08.510,0.0,0.0,0.0,0.0,0,0,7.91,26.44
2026-07-04 07:11:09.053,0.0,0.0,0.0,0.0,0,0,7.91,26.44
2026-07-04 07:11:09.553,0.0,0.0,0.0,0.0,0,0,7.91,26.44
2026-07-04 07:11:10.051,0.0,0.0,0.0,0.0,0,0,7.91,26.44
2026-07-04 07:11:10.552,0.0,0.0,0.0,0.0,0,0,7.91,26.44
2026-07-04 07:11:11.036,0.0,0.0,0.0,0.0,0,0,7.91,26.44
2026-07-04 07:11:11.502,0.0,0.0,0.0,0.0,0,0,7.91,26.44
2026-07-04 07:11:12.029,0.0,0.0,0.0,0.0,0,0,7.91,26.44
2026-07-04 07:11:12.531,0.0,0.0,0.0,0.0,0,0,7.91,26.44
2026-07-04 07:11:13.032,0.0,0.0,0.0,0.0,0,0,7.91,26.44
2026-07-04 07:11:13.500,0.0,0.0,0.0,0.0,0,0,7.91,26.44
2026-07-04 07:11:14.014,0.0,0.0,0.0,0.0,0,0,7.91,26.44
2026-07-04 07:11:14.509,0.0,0.0,0.0,0.0,0,0,7.91,26.44
2026-07-04 07:11:15.037,0.0,0.0,0.0,0.0,0,0,7.91,26.44
2026-07-04 07:11:15.508,0.0,0.0,0.0,0.0,0,0,7.91,26.44
2026-07-04 07:11:16.028,0.0,0.0,0.0,0.0,0,0,7.91,26.44
2026-07-04 07:11:16.542,0.0,0.0,0.0,0.0,0,0,7.91,26.44
2026-07-04 07:11:17.011,0.0,0.0,0.0,0.0,0,0,7.91,26.44
2026-07-04 07:11:17.539,0.0,0.0,0.0,0.0,0,0,7.91,26.44
2026-07-04 07:11:18.024,0.0,0.0,0.0,0.0,0,0,7.91,26.44
2026-07-04 07:11:18.521,0.0,0.0,0.0,0.0,0,0,7.91,26.44
2026-07-04 07:11:19.022,0.0,0.0,0.0,0.0,0,0,7.91,26.44
2026-07-04 07:11:19.522,0.0,0.0,0.0,0.0,0,0,7.91,26.44
2026-07-04 07:11:20.021,0.0,0.0,0.0,0.0,0,0,7.91,26.44
2026-07-04 07:11:20.523,0.0,0.0,0.0,0.0,0,0,7.91,26.44
2026-07-04 07:11:21.021,0.0,0.0,0.0,0.0,0,0,7.91,26.44
2026-07-04 07:11:21.520,0.0,0.0,0.0,0.0,0,0,7.91,26.44
2026-07-04 07:11:22.019,0.0,0.0,0.0,0.0,0,0,7.91,26.44
2026-07-04 07:11:22.519,0.0,0.0,0.0,0.0,0,0,7.91,26.44
2026-07-04 07:11:23.048,0.0,0.0,0.0,0.0,0,0,7.91,26.44
2026-07-04 07:11:23.559,0.0,0.0,0.0,0.0,0,0,7.91,26.44
2026-07-04 07:11:24.053,0.0,0.0,0.0,0.0,0,0,7.91,26.44
2026-07-04 07:11:24.552,0.0,0.0,0.0,0.0,0,0,7.91,26.44
2026-07-04 07:11:25.051,0.0,0.0,0.0,0.0,0,0,7.91,26.44
2026-07-04 07:11:25.552,0.0,0.0,0.0,0.0,0,0,7.91,26.44
2026-07-04 07:11:26.053,0.0,0.0,0.0,0.0,0,0,7.91,26.44
2026-07-04 07:11:26.553,0.0,0.0,0.0,0.0,0,0,7.91,26.44
2026-07-04 07:11:27.039,0.0,0.0,0.0,0.0,0,0,7.91,26.44
2026-07-04 07:11:27.536,0.0,0.0,0.0,0.0,0,0,7.91,26.44
2026-07-04 07:11:28.038,0.0,0.0,0.0,0.0,0,0,7.91,26.44
2026-07-04 07:11:28.536,0.0,0.0,0.0,0.0,0,0,7.91,26.44
2026-07-04 07:11:29.033,0.0,0.0,0.0,0.0,0,0,7.91,26.44
2026-07-04 07:11:29.518,0.0,0.0,0.0,0.0,0,0,7.91,26.44
2026-07-04 07:11:30.033,0.0,0.0,0.0,0.0,0,0,7.91,26.44
2026-07-04 07:11:30.533,0.0,0.0,0.0,0.0,0,0,7.91,26.44
2026-07-04 07:11:31.065,0.0,0.0,0.0,0.0,0,0,7.91,26.44
2026-07-04 07:11:31.538,0.0,0.0,0.0,0.0,0,0,7.91,26.44
2026-07-04 07:11:32.038,0.0,0.0,0.0,0.0,0,0,7.91,26.44
2026-07-04 07:11:32.568,0.0,0.0,0.0,0.0,0,0,7.91,26.44
2026-07-04 07:11:33.019,0.0,0.0,0.0,0.0,0,0,7.91,26.44
2026-07-04 07:11:33.525,0.0,0.0,0.0,0.0,0,0,7.91,26.44
2026-07-04 07:11:34.025,0.0,0.0,0.0,0.0,0,0,7.91,26.44
2026-07-04 07:11:34.523,0.0,0.0,0.0,0.0,0,0,7.91,26.44
2026-07-04 07:11:35.021,0.0,0.0,0.0,0.0,0,0,7.91,26.44
2026-07-04 07:11:35.522,0.0,0.0,0.0,0.0,0,0,7.91,26.44
2026-07-04 07:11:36.022,0.0,0.0,0.0,0.0,0,0,7.91,26.44
2026-07-04 07:11:36.520,0.0,0.0,0.0,0.0,0,0,7.91,26.44
2026-07-04 07:11:37.020,0.0,0.0,0.0,0.0,0,0,7.91,26.44
2026-07-04 07:11:37.557,0.0,0.0,0.0,0.0,0,0,7.91,26.44
2026-07-04 07:11:38.028,0.0,0.0,0.0,0.0,0,0,7.91,26.44
2026-07-04 07:11:38.542,0.0,0.0,0.0,0.0,0,0,7.91,26.44
2026-07-04 07:11:39.038,0.0,0.0,0.0,0.0,0,0,7.91,26.44
2026-07-04 07:11:39.526,0.0,0.0,0.0,0.0,0,0,7.91,26.44
2026-07-04 07:11:40.024,0.0,0.0,0.0,0.0,0,0,7.91,26.44
2026-07-04 07:11:40.567,0.0,0.0,0.0,0.0,0,0,7.91,26.44
2026-07-04 07:11:41.069,0.0,0.0,0.0,0.0,0,0,7.91,26.44
2026-07-04 07:11:41.569,0.0,0.0,0.0,0.0,0,0,7.91,26.44
2026-07-04 07:11:42.068,0.0,0.0,0.0,0.0,0,0,7.91,26.44
2026-07-04 07:11:42.567,0.0,0.0,0.0,0.0,0,0,7.91,26.44
2026-07-04 07:11:43.068,0.0,0.0,0.0,0.0,0,0,7.91,26.44
2026-07-04 07:11:43.568,0.0,0.0,0.0,0.0,0,0,7.91,26.44
2026-07-04 07:11:44.069,0.0,0.0,0.0,0.0,0,0,7.91,26.44
2026-07-04 07:11:44.567,0.0,0.0,0.0,0.0,0,0,7.91,26.44
2026-07-04 07:11:45.066,0.0,0.0,0.0,0.0,0,0,7.91,26.44
2026-07-04 07:11:45.532,0.0,0.0,0.0,0.0,0,0,7.91,26.44
2026-07-04 07:11:46.058,0.0,0.0,0.0,0.0,0,0,7.91,26.44
2026-07-04 07:11:46.569,0.0,0.0,0.0,0.0,0,0,7.91,26.44
2026-07-04 07:11:47.070,0.0,0.0,0.0,0.0,0,0,7.91,26.44
2026-07-04 07:11:47.570,0.0,0.0,0.0,0.0,0,0,7.91,26.44
2026-07-04 07:11:48.038,0.0,0.0,0.0,0.0,0,0,7.91,26.44
2026-07-04 07:11:48.540,0.0,0.0,0.0,0.0,0,0,7.91,26.44
2026-07-04 07:11:49.037,0.0,0.0,0.0,0.0,0,0,7.91,26.44
2026-07-04 07:11:49.538,0.0,0.0,0.0,0.0,0,0,7.91,26.44
2026-07-04 07:11:50.035,0.0,0.0,0.0,0.0,0,0,7.91,26.44
2026-07-04 07:11:50.524,0.0,0.0,0.0,0.0,0,0,7.91,26.44
2026-07-04 07:11:51.066,0.0,0.0,0.0,0.0,0,0,7.91,26.44
2026-07-04 07:11:51.579,0.0,0.0,0.0,0.0,0,0,7.91,26.44
2026-07-04 07:11:52.038,0.0,0.0,0.0,0.0,0,0,7.91,26.44
2026-07-04 07:11:52.539,0.0,0.0,0.0,0.0,0,0,7.91,26.44
2026-07-04 07:11:53.037,0.0,0.0,0.0,0.0,0,0,7.91,26.44
2026-07-04 07:11:53.537,0.0,0.0,0.0,0.0,0,0,7.91,26.44
2026-07-04 07:11:54.044,0.0,0.0,0.0,0.0,0,0,7.91,26.44
2026-07-04 07:11:54.540,0.0,0.0,0.0,0.0,0,0,7.91,26.44
2026-07-04 07:11:55.036,0.0,0.0,0.0,0.0,0,0,7.91,26.44
2026-07-04 07:11:55.571,0.0,0.0,0.0,0.0,0,0,7.91,26.44
2026-07-04 07:11:56.068,0.0,0.0,0.0,0.0,0,0,7.91,26.44
2026-07-04 07:11:56.526,0.0,0.0,0.0,0.0,0,0,7.91,26.44
2026-07-04 07:11:57.057,0.0,0.0,0.0,0.0,0,0,7.91,26.44
2026-07-04 07:11:57.528,0.0,0.0,0.0,0.0,0,0,7.91,26.44
2026-07-04 07:11:58.038,0.0,0.0,0.0,0.0,0,0,7.91,26.44
2026-07-04 07:11:58.538,0.0,0.0,0.0,0.0,0,0,7.91,26.44
2026-07-04 07:11:59.084,0.0,0.0,0.0,0.0,0,0,7.91,26.44
2026-07-04 07:11:59.588,0.0,0.0,0.0,0.0,0,0,7.91,26.44
2026-07-04 07:12:00.087,0.0,0.0,0.0,0.0,0,0,7.91,26.44
2026-07-04 07:12:00.567,0.0,0.0,0.0,0.0,0,0,7.91,26.44
2026-07-04 07:12:01.068,0.0,0.0,0.0,0.0,0,0,7.91,26.44
2026-07-04 07:12:01.567,0.0,0.0,0.0,0.0,0,0,7.91,26.44
2026-07-04 07:12:02.068,0.0,0.0,0.0,0.0,0,0,7.91,26.44
2026-07-04 07:12:02.567,0.0,0.0,0.0,0.0,0,0,7.91,26.44
2026-07-04 07:12:03.067,0.0,0.0,0.0,0.0,0,0,7.91,26.44
2026-07-04 07:12:03.568,0.0,0.0,0.0,0.0,0,0,7.91,26.44
2026-07-04 07:12:04.067,0.0,0.0,0.0,0.0,0,0,7.91,26.44
2026-07-04 07:12:04.569,0.0,0.0,0.0,0.0,0,0,7.91,26.44
2026-07-04 07:12:05.067,0.0,0.0,0.0,0.0,0,0,7.91,26.44
2026-07-04 07:12:05.566,0.0,0.0,0.0,0.0,0,0,7.91,26.44
2026-07-04 07:12:06.060,0.0,0.0,0.0,0.0,0,0,7.91,26.44
2026-07-04 07:12:06.532,0.0,0.0,0.0,0.0,0,0,7.91,26.44
2026-07-04 07:12:07.029,0.0,0.0,0.0,0.0,0,0,7.91,26.44
2026-07-04 07:12:07.538,0.0,0.0,0.0,0.0,0,0,7.91,26.44
2026-07-04 07:12:08.037,0.0,0.0,0.0,0.0,0,0,7.91,26.44
2026-07-04 07:12:08.542,0.0,0.0,0.0,0.0,0,0,7.91,26.44
2026-07-04 07:12:09.038,0.0,0.0,0.0,0.0,0,0,7.91,26.44
2026-07-04 07:12:09.568,0.0,0.0,0.0,0.0,0,0,7.91,26.44
2026-07-04 07:12:10.088,0.0,0.0,0.0,0.0,0,0,7.91,26.44
2026-07-04 07:12:10.523,0.0,0.0,0.0,0.0,0,0,7.91,26.44
2026-07-04 07:12:11.069,0.0,0.0,0.0,0.0,0,0,7.91,26.44
2026-07-04 07:12:11.568,0.0,0.0,0.0,0.0,0,0,7.91,26.44
2026-07-04 07:12:12.069,0.0,0.0,0.0,0.0,0,0,7.91,26.44
2026-07-04 07:12:12.568,0.0,0.0,0.0,0.0,0,0,7.91,26.44
2026-07-04 07:12:13.067,0.0,0.0,0.0,0.0,0,0,7.91,26.44
2026-07-04 07:12:13.548,0.0,0.0,0.0,0.0,0,0,7.91,26.44
2026-07-04 07:12:14.049,0.0,0.0,0.0,0.0,0,0,7.91,26.44
2026-07-04 07:12:14.584,0.0,0.0,0.0,0.0,0,0,7.91,26.44
2026-07-04 07:12:15.046,0.0,0.0,0.0,0.0,0,0,7.91,26.44
2026-07-04 07:12:15.569,0.0,0.0,0.0,0.0,0,0,7.91,26.44
2026-07-04 07:12:16.068,0.0,0.0,0.0,0.0,0,0,7.91,26.44
2026-07-04 07:12:16.539,0.0,0.0,0.0,0.0,0,0,7.91,26.44
2026-07-04 07:12:17.069,0.0,0.0,0.0,0.0,0,0,7.91,26.44
2026-07-04 07:12:17.562,0.0,0.0,0.0,0.0,0,0,7.91,26.44
2026-07-04 07:12:18.039,0.0,0.0,0.0,0.0,0,0,7.91,26.44
2026-07-04 07:12:18.541,0.0,0.0,0.0,0.0,0,0,7.91,26.44
2026-07-04 07:12:19.085,0.0,0.0,0.0,0.0,0,0,7.91,26.44
2026-07-04 07:12:19.587,0.0,0.0,0.0,0.0,0,0,7.91,26.44
2026-07-04 07:12:20.069,0.0,0.0,0.0,0.0,0,0,7.91,26.44
2026-07-04 07:12:20.569,0.0,0.0,0.0,0.0,0,0,7.91,26.44
2026-07-04 07:12:21.069,0.0,0.0,0.0,0.0,0,0,7.91,26.44
2026-07-04 07:12:21.565,0.0,0.0,0.0,0.0,0,0,7.91,26.44
2026-07-04 07:12:22.066,0.0,0.0,0.0,0.0,0,0,7.91,26.44
2026-07-04 07:12:22.562,0.0,0.0,0.0,0.0,0,0,7.91,26.44
2026-07-04 07:12:23.068,0.0,0.0,0.0,0.0,0,0,7.91,26.44
2026-07-04 07:12:23.570,0.0,0.0,0.0,0.0,0,0,7.91,26.44
2026-07-04 07:12:24.069,0.0,0.0,0.0,0.0,0,0,7.91,26.44
2026-07-04 07:12:24.539,0.0,0.0,0.0,0.0,0,0,7.91,26.44
2026-07-04 07:12:25.085,0.0,0.0,0.0,0.0,0,0,7.91,26.44
2026-07-04 07:12:25.583,0.0,0.0,0.0,0.0,0,0,7.91,26.44
2026-07-04 07:12:26.083,0.0,0.0,0.0,0.0,0,0,7.91,26.44
2026-07-04 07:12:26.579,0.0,0.0,0.0,0.0,0,0,7.91,26.44
2026-07-04 07:12:27.092,0.0,0.0,0.0,0.0,0,0,7.91,26.44
2026-07-04 07:12:27.598,0.0,0.0,0.0,0.0,0,0,7.91,26.44
2026-07-04 07:12:28.037,0.0,0.0,0.0,0.0,0,0,7.91,26.44
2026-07-04 07:12:28.590,0.0,0.0,0.0,0.0,0,0,7.91,26.44
2026-07-04 07:12:29.090,0.0,0.0,0.0,0.0,0,0,7.91,26.44
2026-07-04 07:12:29.590,0.0,0.0,0.0,0.0,0,0,7.91,26.44
2026-07-04 07:12:30.048,0.0,0.0,0.0,0.0,0,0,7.91,26.44
2026-07-04 07:12:30.556,0.0,0.0,0.0,0.0,0,0,7.91,26.44
2026-07-04 07:12:31.061,0.0,0.0,0.0,0.0,0,0,7.91,26.44
2026-07-04 07:12:31.579,0.0,0.0,0.0,0.0,0,0,7.91,26.44
2026-07-04 07:12:32.091,0.0,0.0,0.0,0.0,0,0,7.91,26.44
2026-07-04 07:12:32.541,0.0,0.0,0.0,0.0,0,0,7.91,26.44
2026-07-04 07:12:33.068,0.0,0.0,0.0,0.0,0,0,7.91,26.44
2026-07-04 07:12:33.556,0.0,0.0,0.0,0.0,0,0,7.91,26.44
2026-07-04 07:12:34.054,0.0,0.0,0.0,0.0,0,0,7.91,26.44
2026-07-04 07:12:34.598,0.0,0.0,0.0,0.0,0,0,7.91,26.44
2026-07-04 07:12:35.098,0.0,0.0,0.0,0.0,0,0,7.91,26.44
2026-07-04 07:12:35.585,0.0,0.0,0.0,0.0,0,0,7.91,26.44
2026-07-04 07:12:36.084,0.0,0.0,0.0,0.0,0,0,7.91,26.44
2026-07-04 07:12:36.591,0.0,0.0,0.0,0.0,0,0,7.91,26.44
2026-07-04 07:12:37.053,0.0,0.0,0.0,0.0,0,0,7.91,26.44
2026-07-04 07:12:37.590,0.0,0.0,0.0,0.0,0,0,7.91,26.44
2026-07-04 07:12:38.086,0.0,0.0,0.0,0.0,0,0,7.91,26.44
2026-07-04 07:12:38.584,0.0,0.0,0.0,0.0,0,0,7.91,26.44
2026-07-04 07:12:39.086,0.0,0.0,0.0,0.0,0,0,7.91,26.44
2026-07-04 07:12:39.588,0.0,0.0,0.0,0.0,0,0,7.91,26.44
2026-07-04 07:12:40.068,0.0,0.0,0.0,0.0,0,0,7.91,26.44
2026-07-04 07:12:40.554,0.0,0.0,0.0,0.0,0,0,7.91,26.44
2026-07-04 07:12:41.052,0.0,0.0,0.0,0.0,0,0,7.91,26.44
2026-07-04 07:12:41.553,0.0,0.0,0.0,0.0,0,0,7.91,26.44
2026-07-04 07:12:42.057,0.0,0.0,0.0,0.0,0,0,7.91,26.44
2026-07-04 07:12:42.597,0.0,0.0,0.0,0.0,0,0,7.91,26.44
2026-07-04 07:12:43.098,0.0,0.0,0.0,0.0,0,0,7.91,26.44
2026-07-04 07:12:43.597,0.0,0.0,0.0,0.0,0,0,7.91,26.44
2026-07-04 07:12:44.087,0.0,0.0,0.0,0.0,0,0,7.91,26.44
2026-07-04 07:12:44.567,0.0,0.0,0.0,0.0,0,0,7.91,26.44
2026-07-04 07:12:45.069,0.0,0.0,0.0,0.0,0,0,7.91,26.44
2026-07-04 07:12:45.569,0.0,0.0,0.0,0.0,0,0,7.91,26.44
2026-07-04 07:12:46.058,0.0,0.0,0.0,0.0,0,0,7.91,26.44
2026-07-04 07:12:46.580,0.0,0.0,0.0,0.0,0,0,7.91,26.44
2026-07-04 07:12:47.092,0.0,0.0,0.0,0.0,0,0,7.91,26.44
2026-07-04 07:12:47.602,0.0,0.0,0.0,0.0,0,0,7.91,26.44
2026-07-04 07:12:48.093,0.0,0.0,0.0,0.0,0,0,7.91,26.44
2026-07-04 07:12:48.568,0.0,0.0,0.0,0.0,0,0,7.91,26.44
2026-07-04 07:12:49.098,0.0,0.0,0.0,0.0,0,0,7.91,26.44
2026-07-04 07:12:49.568,0.0,0.0,0.0,0.0,0,0,7.91,26.44
2026-07-04 07:12:50.099,0.0,0.0,0.0,0.0,0,0,7.91,26.44
2026-07-04 07:12:50.590,0.0,0.0,0.0,0.0,0,0,7.91,26.44
2026-07-04 07:12:51.086,0.0,0.0,0.0,0.0,0,0,7.91,26.44
2026-07-04 07:12:51.586,0.0,0.0,0.0,0.0,0,0,7.91,26.44
2026-07-04 07:12:52.087,0.0,0.0,0.0,0.0,0,0,7.91,26.44
2026-07-04 07:12:52.586,0.0,0.0,0.0,0.0,0,0,7.91,26.44
2026-07-04 07:12:53.086,0.0,0.0,0.0,0.0,0,0,7.91,26.44
2026-07-04 07:12:53.569,0.0,0.0,0.0,0.0,0,0,7.91,26.44
2026-07-04 07:12:54.070,0.0,0.0,0.0,0.0,0,0,7.91,26.44
2026-07-04 07:12:54.565,0.0,0.0,0.0,0.0,0,0,7.91,26.44
2026-07-04 07:12:55.094,0.0,0.0,0.0,0.0,0,0,7.91,26.44
2026-07-04 07:12:55.558,0.0,0.0,0.0,0.0,0,0,7.91,26.44
2026-07-04 07:12:56.061,0.0,0.0,0.0,0.0,0,0,7.91,26.44
2026-07-04 07:12:56.579,0.0,0.0,0.0,0.0,0,0,7.91,26.44
2026-07-04 07:12:57.085,0.0,0.0,0.0,0.0,0,0,7.91,26.44
2026-07-04 07:12:57.586,0.0,0.0,0.0,0.0,0,0,7.91,26.44
2026-07-04 07:12:58.083,0.0,0.0,0.0,0.0,0,0,7.91,26.44
2026-07-04 07:12:58.586,0.0,0.0,0.0,0.0,0,0,7.91,26.44
2026-07-04 07:12:59.085,0.0,0.0,0.0,0.0,0,0,7.91,26.44
2026-07-04 07:12:59.585,0.0,0.0,0.0,0.0,0,0,7.91,26.44
2026-07-04 07:13:00.084,0.0,0.0,0.0,0.0,0,0,7.91,26.44
2026-07-04 07:13:00.580,0.0,0.0,0.0,0.0,0,0,7.91,26.44
2026-07-04 07:13:01.065,0.0,0.0,0.0,0.0,0,0,7.91,26.44
2026-07-04 07:13:01.568,0.0,0.0,0.0,0.0,0,0,7.91,26.44
2026-07-04 07:13:02.099,0.0,0.0,0.0,0.0,0,0,7.91,26.44
2026-07-04 07:13:02.598,0.0,0.0,0.0,0.0,0,0,7.91,26.44
2026-07-04 07:13:03.099,0.0,0.0,0.0,0.0,0,0,7.91,26.44
2026-07-04 07:13:03.599,0.0,0.0,0.0,0.0,0,0,7.91,26.44
2026-07-04 07:13:04.068,0.0,0.0,0.0,0.0,0,0,7.91,26.44
2026-07-04 07:13:04.568,0.0,0.0,0.0,0.0,0,0,7.91,26.44
2026-07-04 07:13:05.068,0.0,0.0,0.0,0.0,0,0,7.91,26.44
2026-07-04 07:13:05.613,0.0,0.0,0.0,0.0,0,0,7.91,26.44
2026-07-04 07:13:06.091,0.0,0.0,0.0,0.0,0,0,7.91,26.44
2026-07-04 07:13:06.591,0.0,0.0,0.0,0.0,0,0,7.91,26.44
2026-07-04 07:13:07.086,0.0,0.0,0.0,0.0,0,0,7.91,26.44
2026-07-04 07:13:07.596,0.0,0.0,0.0,0.0,0,0,7.91,26.44
2026-07-04 07:13:08.064,0.0,0.0,0.0,0.0,0,0,7.91,26.44
2026-07-04 07:13:08.582,0.0,0.0,0.0,0.0,0,0,7.91,26.44
2026-07-04 07:13:09.108,0.0,0.0,0.0,0.0,0,0,7.91,26.44
2026-07-04 07:13:09.569,0.0,0.0,0.0,0.0,0,0,7.91,26.44
2026-07-04 07:13:10.068,0.0,0.0,0.0,0.0,0,0,7.91,26.44
2026-07-04 07:13:10.568,0.0,0.0,0.0,0.0,0,0,7.91,26.44
2026-07-04 07:13:11.119,0.0,0.0,0.0,0.0,0,0,7.91,26.44
2026-07-04 07:13:11.598,0.0,0.0,0.0,0.0,0,0,7.91,26.44
2026-07-04 07:13:12.085,0.0,0.0,0.0,0.0,0,0,7.91,26.44
2026-07-04 07:13:12.579,0.0,0.0,0.0,0.0,0,0,7.91,26.44
2026-07-04 07:13:13.068,0.0,0.0,0.0,0.0,0,0,7.91,26.44
2026-07-04 07:13:13.566,0.0,0.0,0.0,0.0,0,0,7.91,26.44
2026-07-04 07:13:14.066,0.0,0.0,0.0,0.0,0,0,7.91,26.44
2026-07-04 07:13:14.568,0.0,0.0,0.0,0.0,0,0,7.91,26.44
2026-07-04 07:13:15.067,0.0,0.0,0.0,0.0,0,0,7.91,26.44
2026-07-04 07:13:15.613,0.0,0.0,0.0,0.0,0,0,7.91,26.44
2026-07-04 07:13:16.098,0.0,0.0,0.0,0.0,0,0,7.91,26.44
2026-07-04 07:13:16.598,0.0,0.0,0.0,0.0,0,0,7.91,26.44
2026-07-04 07:13:17.088,0.0,0.0,0.0,0.0,0,0,7.91,26.44
2026-07-04 07:13:17.598,0.0,0.0,0.0,0.0,0,0,7.91,26.44
2026-07-04 07:13:18.068,0.0,0.0,0.0,0.0,0,0,7.91,26.44
2026-07-04 07:13:18.590,0.0,0.0,0.0,0.0,0,0,7.91,26.44
2026-07-04 07:13:19.093,0.0,0.0,0.0,0.0,0,0,7.91,26.44
2026-07-04 07:13:19.588,0.0,0.0,0.0,0.0,0,0,7.91,26.44
2026-07-04 07:13:20.087,0.0,0.0,0.0,0.0,0,0,7.91,26.44
2026-07-04 07:13:20.598,0.0,0.0,0.0,0.0,0,0,7.91,26.44
2026-07-04 07:13:21.091,0.0,0.0,0.0,0.0,0,0,7.91,26.44
2026-07-04 07:13:21.589,0.0,0.0,0.0,0.0,0,0,7.91,26.44
2026-07-04 07:13:22.092,0.0,0.0,0.0,0.0,0,0,7.91,26.44
2026-07-04 07:13:22.592,0.0,0.0,0.0,0.0,0,0,7.91,26.44
2026-07-04 07:13:23.069,0.0,0.0,0.0,0.0,0,0,7.91,26.44
2026-07-04 07:13:23.567,0.0,0.0,0.0,0.0,0,0,7.91,26.44
2026-07-04 07:13:24.090,0.0,0.0,0.0,0.0,0,0,7.91,26.44
2026-07-04 07:13:24.592,0.0,0.0,0.0,0.0,0,0,7.91,26.44
2026-07-04 07:13:25.091,0.0,0.0,0.0,0.0,0,0,7.91,26.44
2026-07-04 07:13:25.594,0.0,0.0,0.0,0.0,0,0,7.91,26.44
2026-07-04 07:13:26.121,0.0,0.0,0.0,0.0,0,0,7.91,26.44
2026-07-04 07:13:26.568,0.0,0.0,0.0,0.0,0,0,7.91,26.44
2026-07-04 07:13:27.085,0.0,0.0,0.0,0.0,0,0,7.91,26.44
2026-07-04 07:13:27.588,0.0,0.0,0.0,0.0,0,0,7.91,26.44
2026-07-04 07:13:28.136,0.0,0.0,0.0,0.0,0,0,7.91,26.44
2026-07-04 07:13:28.617,0.0,0.0,0.0,0.0,0,0,7.91,26.44
2026-07-04 07:13:29.118,0.0,0.0,0.0,0.0,0,0,7.91,26.44
2026-07-04 07:13:29.612,0.0,0.0,0.0,0.0,0,0,7.91,26.44
2026-07-04 07:13:30.120,0.0,0.0,0.0,0.0,0,0,7.91,26.44
2026-07-04 07:13:30.617,0.0,0.0,0.0,0.0,0,0,7.91,26.44
2026-07-04 07:13:31.117,0.0,0.0,0.0,0.0,0,0,7.91,26.44
2026-07-04 07:13:31.598,0.0,0.0,0.0,0.0,0,0,7.91,26.44
2026-07-04 07:13:32.114,0.0,0.0,0.0,0.0,0,0,7.91,26.44
2026-07-04 07:13:32.582,0.0,0.0,0.0,0.0,0,0,7.91,26.44
2026-07-04 07:13:33.127,0.0,0.0,0.0,0.0,0,0,7.91,26.44
2026-07-04 07:13:33.598,0.0,0.0,0.0,0.0,0,0,7.91,26.44
2026-07-04 07:13:34.097,0.0,0.0,0.0,0.0,0,0,7.91,26.44
