timestamp,airspeed_mps,wind_combined_mps,wind1_mps,wind2_mps,pot1,pot2,steer_x_deg,steer_y_deg
2026-06-06 06:40:03.847,0.6,0.0,1.0,1.2,122,460,6.12,19.70
2026-06-06 06:40:04.318,0.6,0.0,1.0,1.2,127,458,6.05,19.73
2026-06-06 06:40:04.810,0.6,0.0,1.1,1.2,114,463,6.24,19.66
2026-06-06 06:40:05.505,0.6,0.0,1.1,1.2,114,463,6.24,19.66
2026-06-06 06:40:05.821,0.5,0.0,1.1,0.0,112,463,6.27,19.66
2026-06-06 06:40:06.320,0.5,0.0,1.1,0.0,83,458,6.69,19.73
2026-06-06 06:40:06.831,0.5,0.0,1.1,1.2,83,458,6.69,19.73
2026-06-06 06:40:07.303,0.5,0.0,1.1,1.2,64,461,6.97,19.69
2026-06-06 06:40:07.858,0.5,0.0,1.0,1.2,49,458,7.19,19.73
2026-06-06 06:40:08.329,0.4,0.0,1.0,1.2,36,458,7.38,19.73
2026-06-06 06:40:08.842,0.4,0.0,1.0,0.0,23,460,7.57,19.70
2026-06-06 06:40:09.339,0.4,0.0,1.1,0.0,10,460,7.76,19.70
2026-06-06 06:40:09.806,0.4,0.0,1.1,0.0,10,460,7.76,19.70
2026-06-06 06:40:10.357,0.4,0.0,1.1,0.0,0,460,7.91,19.70
2026-06-06 06:40:10.832,0.4,0.0,1.0,0.0,0,459,7.91,19.72
2026-06-06 06:40:11.300,0.4,0.0,1.0,0.0,0,460,7.91,19.70
2026-06-06 06:40:11.807,0.4,0.0,1.0,0.0,0,460,7.91,19.70
2026-06-06 06:40:12.841,0.4,0.0,1.0,0.0,0,442,7.91,19.97
2026-06-06 06:40:12.842,0.4,0.0,1.0,0.0,2,459,7.88,19.72
2026-06-06 06:40:13.338,0.4,0.0,1.0,0.0,1,459,7.90,19.72
2026-06-06 06:40:13.818,0.4,0.0,1.0,0.0,0,458,7.91,19.73
2026-06-06 06:40:14.337,0.4,0.0,1.0,0.0,0,458,7.91,19.73
2026-06-06 06:40:14.840,0.4,0.0,1.0,1.2,0,458,7.91,19.73
2026-06-06 06:40:15.304,0.4,0.0,1.0,1.2,0,460,7.91,19.70
2026-06-06 06:40:15.810,0.4,0.0,1.0,1.2,0,458,7.91,19.73
2026-06-06 06:40:16.317,0.4,0.0,1.1,1.2,0,453,7.91,19.80
2026-06-06 06:40:16.803,0.4,0.0,1.1,1.2,0,443,7.91,19.95
2026-06-06 06:40:17.313,0.4,0.0,1.0,1.2,0,444,7.91,19.94
2026-06-06 06:40:17.807,0.4,0.0,1.0,1.2,0,443,7.91,19.95
2026-06-06 06:40:18.310,0.4,0.0,1.0,1.2,0,444,7.91,19.94
2026-06-06 06:40:18.809,0.4,0.0,1.0,1.2,0,443,7.91,19.95
2026-06-06 06:40:19.833,0.4,0.0,1.0,1.3,0,445,7.91,19.92
2026-06-06 06:40:19.834,0.4,0.0,1.0,1.4,0,444,7.91,19.94
2026-06-06 06:40:20.308,0.4,0.0,1.1,1.5,0,440,7.91,20.00
2026-06-06 06:40:20.807,0.4,0.0,1.1,1.6,2,443,7.88,19.95
2026-06-06 06:40:21.359,0.4,0.0,1.1,1.6,1,446,7.90,19.91
2026-06-06 06:40:21.806,0.4,0.0,1.1,1.6,0,444,7.91,19.94
2026-06-06 06:40:22.307,0.4,0.0,1.1,1.6,0,444,7.91,19.94
2026-06-06 06:40:22.853,0.4,0.0,1.1,1.5,0,446,7.91,19.91
2026-06-06 06:40:23.338,0.4,0.0,1.1,1.5,0,444,7.91,19.94
2026-06-06 06:40:23.816,0.4,0.0,1.1,1.5,0,443,7.91,19.95
2026-06-06 06:40:24.809,0.4,0.0,1.1,1.6,0,443,7.91,19.95
2026-06-06 06:40:24.809,0.4,0.0,1.1,1.6,0,446,7.91,19.91
2026-06-06 06:40:25.306,0.4,0.0,1.1,1.6,1,443,7.90,19.95
2026-06-06 06:40:25.808,0.4,0.0,1.1,1.6,1,443,7.90,19.95
2026-06-06 06:40:26.335,0.4,0.0,1.0,1.5,0,443,7.91,19.95
2026-06-06 06:40:26.806,0.4,0.0,1.0,1.5,14,443,7.71,19.95
2026-06-06 06:40:27.307,0.5,0.0,0.9,1.5,38,442,7.35,19.97
2026-06-06 06:40:27.837,0.4,0.0,0.9,1.5,30,443,7.47,19.95
2026-06-06 06:40:28.304,0.4,0.0,0.9,1.5,10,442,7.76,19.97
2026-06-06 06:40:28.813,0.4,0.0,0.9,1.5,0,442,7.91,19.97
2026-06-06 06:40:29.328,0.4,0.0,0.9,1.5,2,442,7.88,19.97
2026-06-06 06:40:29.837,0.4,0.0,0.9,1.5,14,441,7.71,19.98
2026-06-06 06:40:30.337,0.4,0.0,1.0,1.5,23,443,7.57,19.95
2026-06-06 06:40:30.854,0.5,0.0,0.9,1.4,31,443,7.46,19.95
2026-06-06 06:40:31.317,0.4,0.0,0.9,1.3,20,442,7.62,19.97
2026-06-06 06:40:31.835,0.4,0.0,0.9,1.3,19,443,7.63,19.95
2026-06-06 06:40:32.316,0.5,0.0,1.0,1.3,48,444,7.21,19.94
2026-06-06 06:40:32.837,0.5,0.0,1.0,1.3,72,444,6.86,19.94
2026-06-06 06:40:33.337,0.6,0.0,1.1,1.3,104,442,6.39,19.97
2026-06-06 06:40:33.843,0.7,0.0,1.1,1.2,140,443,5.86,19.95
2026-06-06 06:40:34.339,0.8,0.0,1.1,1.3,207,444,4.88,19.94
2026-06-06 06:40:35.349,0.8,0.0,1.1,1.3,207,444,4.88,19.94
2026-06-06 06:40:35.349,0.8,0.0,1.1,1.3,207,444,4.88,19.94
2026-06-06 06:40:35.807,0.9,0.0,1.1,1.3,268,444,3.98,19.94
2026-06-06 06:40:36.310,0.9,0.0,1.1,0.0,299,442,3.53,19.97
2026-06-06 06:40:36.836,0.9,0.0,1.1,0.0,287,445,3.71,19.92
2026-06-06 06:40:37.558,0.9,0.0,1.1,0.0,287,445,3.71,19.92
2026-06-06 06:40:37.838,0.9,0.0,1.1,0.0,281,443,3.79,19.95
2026-06-06 06:40:37.839,0.9,0.0,1.2,0.0,281,443,3.79,19.95
2026-06-06 06:40:38.316,0.9,0.0,1.2,0.0,281,443,3.79,19.95
2026-06-06 06:40:38.849,0.9,0.0,1.3,0.0,317,442,3.27,19.97
2026-06-06 06:40:39.307,0.9,0.0,1.3,1.5,317,442,3.27,19.97
2026-06-06 06:40:39.808,0.9,0.0,1.3,1.5,317,442,3.27,19.97
2026-06-06 06:40:40.307,1.0,0.0,1.4,1.4,331,444,3.06,19.94
2026-06-06 06:40:40.838,0.9,0.0,1.4,1.4,321,444,3.21,19.94
2026-06-06 06:40:41.365,0.9,0.0,1.4,1.4,314,442,3.31,19.97
2026-06-06 06:40:41.837,0.9,0.0,1.4,1.4,282,443,3.78,19.95
2026-06-06 06:40:42.335,0.8,0.0,1.4,0.0,232,444,4.51,19.94
2026-06-06 06:40:42.828,0.7,0.0,1.4,0.0,208,443,4.86,19.95
2026-06-06 06:40:43.337,0.7,0.0,1.5,0.0,208,443,4.86,19.95
2026-06-06 06:40:43.840,0.7,0.0,1.5,1.2,208,443,4.86,19.95
2026-06-06 06:40:44.341,0.6,0.0,1.6,1.2,146,441,5.77,19.98
2026-06-06 06:40:44.838,0.6,0.0,1.6,1.1,134,443,5.95,19.95
2026-06-06 06:40:45.317,0.6,0.0,1.6,1.1,116,444,6.21,19.94
2026-06-06 06:40:45.835,0.6,0.0,1.5,1.1,110,444,6.30,19.94
2026-06-06 06:40:46.330,0.6,0.0,1.5,1.2,125,444,6.08,19.94
2026-06-06 06:40:46.856,0.5,0.0,1.5,1.1,93,453,6.55,19.80
2026-06-06 06:40:47.329,0.5,0.0,1.7,1.0,78,443,6.77,19.95
2026-06-06 06:40:47.812,0.6,0.0,1.7,1.0,88,444,6.62,19.94
2026-06-06 06:40:48.357,0.6,0.0,1.8,1.0,84,443,6.68,19.95
2026-06-06 06:40:48.836,0.6,0.0,1.8,1.0,97,443,6.49,19.95
2026-06-06 06:40:49.335,0.6,0.0,1.8,0.9,132,443,5.98,19.95
2026-06-06 06:40:49.813,0.7,0.0,1.8,0.9,143,443,5.82,19.95
2026-06-06 06:40:50.315,0.6,0.0,1.9,0.9,134,444,5.95,19.94
2026-06-06 06:40:50.807,0.6,0.0,1.9,1.0,112,445,6.27,19.92
2026-06-06 06:40:51.317,0.6,0.0,1.8,1.0,89,443,6.61,19.95
2026-06-06 06:40:51.816,0.5,0.0,1.7,1.0,74,442,6.83,19.97
2026-06-06 06:40:52.337,0.5,0.0,1.5,1.0,50,444,7.18,19.94
2026-06-06 06:40:52.836,0.4,0.0,1.5,1.0,23,443,7.57,19.95
2026-06-06 06:40:53.354,0.4,0.0,1.3,1.0,3,443,7.87,19.95
2026-06-06 06:40:53.852,0.4,0.0,1.1,1.0,3,443,7.87,19.95
2026-06-06 06:40:54.349,0.5,0.0,1.0,1.1,22,444,7.59,19.94
2026-06-06 06:40:54.830,0.5,0.0,1.0,1.1,35,443,7.40,19.95
2026-06-06 06:40:55.337,0.5,0.0,1.2,1.2,28,444,7.50,19.94
2026-06-06 06:40:55.810,0.5,0.0,1.3,1.2,32,443,7.44,19.95
2026-06-06 06:40:56.306,0.4,0.0,1.3,1.2,12,443,7.73,19.95
2026-06-06 06:40:56.838,0.4,0.0,1.4,1.2,0,442,7.91,19.97
2026-06-06 06:40:57.318,0.4,0.0,1.4,1.2,1,444,7.90,19.94
2026-06-06 06:40:57.816,0.4,0.0,1.3,1.2,0,444,7.91,19.94
2026-06-06 06:40:58.318,0.4,0.0,1.3,1.2,0,459,7.91,19.72
2026-06-06 06:40:58.857,0.4,0.0,1.4,1.2,0,442,7.91,19.97
2026-06-06 06:40:59.308,0.4,0.0,1.4,1.2,0,443,7.91,19.95
2026-06-06 06:40:59.837,0.4,0.0,1.3,1.2,0,448,7.91,19.88
2026-06-06 06:41:00.317,0.4,0.0,1.3,1.2,0,444,7.91,19.94
2026-06-06 06:41:00.816,0.4,0.0,1.3,1.2,0,444,7.91,19.94
2026-06-06 06:41:01.317,0.4,0.0,1.3,1.2,0,444,7.91,19.94
2026-06-06 06:41:01.862,0.4,0.0,1.2,1.2,0,443,7.91,19.95
2026-06-06 06:41:02.346,0.4,0.0,1.3,1.2,0,443,7.91,19.95
2026-06-06 06:41:02.812,0.4,0.0,1.3,1.2,0,441,7.91,19.98
2026-06-06 06:41:03.318,0.4,0.0,1.3,1.2,2,444,7.88,19.94
2026-06-06 06:41:03.849,0.4,0.0,1.3,1.2,8,443,7.79,19.95
2026-06-06 06:41:04.349,0.4,0.0,1.3,1.3,21,443,7.60,19.95
2026-06-06 06:41:04.817,0.5,0.0,1.2,1.3,42,443,7.29,19.95
2026-06-06 06:41:05.354,0.5,0.0,1.2,1.3,61,445,7.02,19.92
2026-06-06 06:41:05.837,0.5,0.0,1.1,1.3,56,444,7.09,19.94
2026-06-06 06:41:06.351,0.5,0.0,1.1,1.3,52,444,7.15,19.94
2026-06-06 06:41:06.851,0.5,0.0,1.2,1.3,36,443,7.38,19.95
2026-06-06 06:41:07.350,0.4,0.0,1.2,1.3,22,444,7.59,19.94
2026-06-06 06:41:07.832,0.4,0.0,1.2,1.4,13,444,7.72,19.94
2026-06-06 06:41:08.332,0.4,0.0,1.2,1.4,8,443,7.79,19.95
2026-06-06 06:41:08.808,0.5,0.0,1.3,1.4,24,443,7.56,19.95
2026-06-06 06:41:09.311,0.5,0.0,1.4,1.4,42,443,7.29,19.95
2026-06-06 06:41:09.806,0.5,0.0,1.4,1.4,46,443,7.24,19.95
2026-06-06 06:41:10.307,0.5,0.0,1.4,1.3,60,442,7.03,19.97
2026-06-06 06:41:10.808,0.5,0.0,1.4,1.3,71,443,6.87,19.95
2026-06-06 06:41:11.354,0.5,0.0,1.4,1.4,78,443,6.77,19.95
2026-06-06 06:41:11.855,0.5,0.0,1.3,1.4,68,444,6.91,19.94
2026-06-06 06:41:12.350,0.6,0.0,1.3,1.4,82,444,6.71,19.94
2026-06-06 06:41:12.849,0.5,0.0,1.3,1.3,78,444,6.77,19.94
2026-06-06 06:41:13.307,0.5,0.0,1.2,1.4,64,454,6.97,19.79
2026-06-06 06:41:13.817,0.5,0.0,1.2,1.4,53,443,7.13,19.95
2026-06-06 06:41:14.318,0.4,0.0,1.2,1.4,23,446,7.57,19.91
2026-06-06 06:41:14.819,0.4,0.0,1.2,1.4,1,442,7.90,19.97
2026-06-06 06:41:15.317,0.4,0.0,1.1,1.4,0,443,7.91,19.95
2026-06-06 06:41:15.865,0.4,0.0,1.1,1.4,2,442,7.88,19.97
2026-06-06 06:41:16.335,0.4,0.0,1.1,1.3,0,443,7.91,19.95
2026-06-06 06:41:16.837,0.4,0.0,1.1,1.2,0,444,7.91,19.94
2026-06-06 06:41:17.307,0.4,0.0,1.1,1.2,4,444,7.85,19.94
2026-06-06 06:41:17.866,0.4,0.0,1.1,1.1,1,460,7.90,19.70
2026-06-06 06:41:18.367,0.4,0.0,1.2,1.2,0,443,7.91,19.95
2026-06-06 06:41:18.868,0.4,0.0,1.1,1.3,0,442,7.91,19.97
2026-06-06 06:41:19.825,0.4,0.0,1.1,1.3,0,442,7.91,19.97
2026-06-06 06:41:19.826,0.4,0.0,1.2,1.3,2,443,7.88,19.95
2026-06-06 06:41:20.368,0.4,0.0,1.2,1.2,19,445,7.63,19.92
2026-06-06 06:41:20.865,0.5,0.0,1.2,1.2,41,442,7.31,19.97
2026-06-06 06:41:21.357,0.5,0.0,1.2,1.2,42,444,7.29,19.94
2026-06-06 06:41:21.834,0.5,0.0,1.2,1.2,48,443,7.21,19.95
2026-06-06 06:41:22.331,0.5,0.0,1.3,1.2,53,444,7.13,19.94
2026-06-06 06:41:22.830,0.5,0.0,1.3,1.1,56,456,7.09,19.76
2026-06-06 06:41:23.337,0.6,0.0,1.3,1.1,92,444,6.56,19.94
2026-06-06 06:41:23.859,0.6,0.0,1.3,1.1,89,443,6.61,19.95
2026-06-06 06:41:24.319,0.5,0.0,1.3,1.0,72,458,6.86,19.73
2026-06-06 06:41:24.856,0.5,0.0,1.3,1.0,67,445,6.93,19.92
2026-06-06 06:41:25.349,0.5,0.0,1.3,1.0,67,443,6.93,19.95
2026-06-06 06:41:25.852,0.5,0.0,1.4,1.0,64,444,6.97,19.94
2026-06-06 06:41:26.319,0.5,0.0,1.4,1.0,65,442,6.96,19.97
2026-06-06 06:41:26.837,0.5,0.0,1.5,0.9,55,443,7.10,19.95
2026-06-06 06:41:27.317,0.5,0.0,1.5,0.9,50,443,7.18,19.95
2026-06-06 06:41:28.368,0.5,0.0,1.6,0.9,58,444,7.06,19.94
2026-06-06 06:41:28.368,0.6,0.0,1.6,0.9,89,443,6.61,19.95
2026-06-06 06:41:28.870,0.5,0.0,1.6,0.9,86,445,6.65,19.92
2026-06-06 06:41:29.368,0.5,0.0,1.6,0.9,49,443,7.19,19.95
2026-06-06 06:41:29.867,0.4,0.0,1.6,0.9,16,444,7.68,19.94
2026-06-06 06:41:30.329,0.4,0.0,1.6,0.8,3,443,7.87,19.95
2026-06-06 06:41:30.842,0.4,0.0,1.6,0.8,0,445,7.91,19.92
2026-06-06 06:41:31.338,0.4,0.0,1.6,0.7,0,442,7.91,19.97
2026-06-06 06:41:32.339,0.4,0.0,1.6,0.9,4,443,7.85,19.95
2026-06-06 06:41:32.339,0.4,0.0,1.6,1.0,2,444,7.88,19.94
2026-06-06 06:41:32.818,0.4,0.0,1.6,1.0,3,444,7.87,19.94
2026-06-06 06:41:33.317,0.4,0.0,1.5,1.1,0,445,7.91,19.92
2026-06-06 06:41:33.817,0.4,0.0,1.5,1.1,0,443,7.91,19.95
2026-06-06 06:41:34.316,0.4,0.0,1.5,1.1,1,445,7.90,19.92
2026-06-06 06:41:34.837,0.4,0.0,1.4,1.1,0,443,7.91,19.95
2026-06-06 06:41:35.339,0.4,0.0,1.2,1.1,5,444,7.84,19.94
2026-06-06 06:41:35.818,0.4,0.0,0.9,1.1,0,442,7.91,19.97
2026-06-06 06:41:36.362,0.4,0.0,0.8,1.1,5,442,7.84,19.97
2026-06-06 06:41:37.039,0.4,0.0,0.8,1.1,5,442,7.84,19.97
2026-06-06 06:41:37.353,0.4,0.0,0.8,1.1,10,443,7.76,19.95
2026-06-06 06:41:37.353,0.4,0.0,0.9,1.1,6,443,7.82,19.95
2026-06-06 06:41:37.847,0.4,0.0,1.0,1.1,11,442,7.75,19.97
2026-06-06 06:41:38.318,0.4,0.0,1.0,1.1,22,446,7.59,19.91
2026-06-06 06:41:38.817,0.4,0.0,1.0,1.2,18,445,7.65,19.92
2026-06-06 06:41:39.337,0.4,0.0,0.9,1.2,5,444,7.84,19.94
2026-06-06 06:41:39.827,0.4,0.0,0.9,1.2,0,443,7.91,19.95
2026-06-06 06:41:40.337,0.4,0.0,0.9,1.2,0,442,7.91,19.97
2026-06-06 06:41:40.817,0.4,0.0,1.0,1.2,1,453,7.90,19.80
2026-06-06 06:41:41.309,0.4,0.0,1.1,1.2,0,442,7.91,19.97
2026-06-06 06:41:41.818,0.4,0.0,1.2,1.2,8,454,7.79,19.79
2026-06-06 06:41:42.318,0.4,0.0,1.1,1.2,15,442,7.69,19.97
2026-06-06 06:41:42.815,0.4,0.0,1.1,1.3,23,442,7.57,19.97
2026-06-06 06:41:43.318,0.4,0.0,1.1,1.2,15,443,7.69,19.95
2026-06-06 06:41:44.363,0.4,0.0,1.2,1.3,20,443,7.62,19.95
2026-06-06 06:41:44.364,0.4,0.0,1.2,1.2,9,444,7.78,19.94
2026-06-06 06:41:44.832,0.4,0.0,1.2,1.0,0,443,7.91,19.95
2026-06-06 06:41:45.357,0.4,0.0,1.2,0.9,0,443,7.91,19.95
2026-06-06 06:41:45.866,0.4,0.0,1.2,0.8,0,444,7.91,19.94
2026-06-06 06:41:46.309,0.4,0.0,1.2,0.8,1,428,7.90,20.17
2026-06-06 06:41:46.807,0.4,0.0,1.2,0.8,1,442,7.90,19.97
2026-06-06 06:41:47.337,0.4,0.0,1.2,0.8,5,442,7.84,19.97
2026-06-06 06:41:47.833,0.4,0.0,1.3,0.9,13,442,7.72,19.97
2026-06-06 06:41:48.344,0.4,0.0,1.3,1.0,14,443,7.71,19.95
2026-06-06 06:41:49.338,0.4,0.0,1.2,1.0,2,458,7.88,19.73
2026-06-06 06:41:49.338,0.4,0.0,1.2,1.1,4,444,7.85,19.94
2026-06-06 06:41:49.833,0.4,0.0,1.2,1.1,7,457,7.81,19.75
2026-06-06 06:41:50.334,0.4,0.0,1.1,1.2,5,442,7.84,19.97
2026-06-06 06:41:50.806,0.4,0.0,1.1,1.2,7,444,7.81,19.94
2026-06-06 06:41:51.317,0.4,0.0,1.0,1.1,10,443,7.76,19.95
2026-06-06 06:41:51.817,0.4,0.0,1.0,1.1,16,444,7.68,19.94
2026-06-06 06:41:52.309,0.5,0.0,1.0,1.1,26,444,7.53,19.94
2026-06-06 06:41:52.839,0.4,0.0,1.0,1.1,13,444,7.72,19.94
2026-06-06 06:41:53.338,0.4,0.0,1.0,1.1,0,442,7.91,19.97
2026-06-06 06:41:53.836,0.4,0.0,1.1,1.1,0,443,7.91,19.95
2026-06-06 06:41:54.338,0.4,0.0,1.1,1.2,0,445,7.91,19.92
2026-06-06 06:41:54.868,0.4,0.0,1.1,1.2,0,443,7.91,19.95
2026-06-06 06:41:55.305,0.4,0.0,1.1,1.2,0,444,7.91,19.94
2026-06-06 06:41:55.836,0.4,0.0,1.1,1.2,0,442,7.91,19.97
2026-06-06 06:41:56.334,0.4,0.0,1.0,1.3,0,443,7.91,19.95
2026-06-06 06:41:56.833,0.4,0.0,1.0,1.3,0,442,7.91,19.97
2026-06-06 06:41:57.332,0.4,0.0,1.0,1.3,0,442,7.91,19.97
2026-06-06 06:41:57.833,0.4,0.0,1.0,1.3,0,444,7.91,19.94
2026-06-06 06:41:58.359,0.4,0.0,1.0,1.3,0,444,7.91,19.94
2026-06-06 06:41:58.827,0.4,0.0,1.0,1.2,0,444,7.91,19.94
2026-06-06 06:41:59.317,0.4,0.0,0.9,1.2,0,443,7.91,19.95
2026-06-06 06:41:59.812,0.4,0.0,0.9,1.2,0,441,7.91,19.98
2026-06-06 06:42:00.357,0.4,0.0,0.8,1.3,0,443,7.91,19.95
2026-06-06 06:42:00.869,0.4,0.0,0.6,1.3,0,443,7.91,19.95
2026-06-06 06:42:01.367,0.4,0.0,0.6,1.4,0,444,7.91,19.94
2026-06-06 06:42:01.810,0.4,0.0,0.6,1.4,0,443,7.91,19.95
2026-06-06 06:42:02.309,0.4,0.0,0.6,1.4,0,446,7.91,19.91
2026-06-06 06:42:02.868,0.4,0.0,0.6,1.4,0,442,7.91,19.97
2026-06-06 06:42:03.367,0.4,0.0,0.7,1.5,0,444,7.91,19.94
2026-06-06 06:42:03.857,0.4,0.0,0.7,1.5,0,444,7.91,19.94
2026-06-06 06:42:04.323,0.4,0.0,0.8,1.5,1,442,7.90,19.97
2026-06-06 06:42:04.818,0.4,0.0,0.8,1.5,0,443,7.91,19.95
2026-06-06 06:42:05.359,0.4,0.0,0.8,1.5,0,442,7.91,19.97
2026-06-06 06:42:05.862,0.4,0.0,0.8,1.5,0,443,7.91,19.95
2026-06-06 06:42:06.365,0.4,0.0,0.8,1.5,0,447,7.91,19.89
2026-06-06 06:42:06.832,0.4,0.0,0.9,1.5,0,443,7.91,19.95
2026-06-06 06:42:07.867,0.4,0.0,0.9,1.4,0,443,7.91,19.95
2026-06-06 06:42:07.867,0.4,0.0,0.9,1.4,0,443,7.91,19.95
2026-06-06 06:42:08.309,0.4,0.0,0.9,1.3,0,444,7.91,19.94
2026-06-06 06:42:08.818,0.4,0.0,0.9,1.3,0,425,7.91,20.21
2026-06-06 06:42:09.335,0.4,0.0,1.0,1.2,0,445,7.91,19.92
2026-06-06 06:42:09.832,0.4,0.0,1.1,1.2,0,428,7.91,20.17
2026-06-06 06:42:10.317,0.4,0.0,1.1,1.1,4,443,7.85,19.95
2026-06-06 06:42:10.818,0.4,0.0,1.1,1.0,7,414,7.81,20.38
2026-06-06 06:42:11.318,0.4,0.0,1.2,1.0,1,445,7.90,19.92
2026-06-06 06:42:11.819,0.4,0.0,1.3,1.0,0,442,7.91,19.97
2026-06-06 06:42:12.335,0.4,0.0,1.4,1.0,0,443,7.91,19.95
2026-06-06 06:42:13.367,0.4,0.0,1.5,1.0,2,444,7.88,19.94
2026-06-06 06:42:13.367,0.4,0.0,1.6,1.0,3,442,7.87,19.97
2026-06-06 06:42:13.817,0.4,0.0,1.6,1.0,3,444,7.87,19.94
2026-06-06 06:42:14.367,0.5,0.0,1.7,1.0,23,444,7.57,19.94
2026-06-06 06:42:14.867,0.5,0.0,1.7,1.0,33,443,7.43,19.95
2026-06-06 06:42:15.353,0.5,0.0,1.7,1.0,28,444,7.50,19.94
2026-06-06 06:42:15.849,0.4,0.0,1.7,1.1,10,445,7.76,19.92
2026-06-06 06:42:16.315,0.4,0.0,1.7,1.1,0,443,7.91,19.95
2026-06-06 06:42:16.838,0.4,0.0,1.6,1.1,0,444,7.91,19.94
2026-06-06 06:42:17.334,0.4,0.0,1.4,1.1,0,443,7.91,19.95
2026-06-06 06:42:17.840,0.4,0.0,1.4,1.1,0,443,7.91,19.95
2026-06-06 06:42:18.337,0.4,0.0,1.5,1.1,3,443,7.87,19.95
2026-06-06 06:42:18.818,0.4,0.0,1.6,1.2,0,444,7.91,19.94
2026-06-06 06:42:19.369,0.4,0.0,1.6,1.2,1,443,7.90,19.95
2026-06-06 06:42:19.869,0.4,0.0,1.7,1.1,2,444,7.88,19.94
2026-06-06 06:42:20.363,0.5,0.0,1.7,1.1,15,443,7.69,19.95
2026-06-06 06:42:20.851,0.5,0.0,1.8,1.1,45,444,7.25,19.94
2026-06-06 06:42:21.348,0.4,0.0,1.8,1.1,35,443,7.40,19.95
2026-06-06 06:42:21.829,0.4,0.0,1.8,1.2,7,443,7.81,19.95
2026-06-06 06:42:22.335,0.4,0.0,1.9,1.2,10,445,7.76,19.92
2026-06-06 06:42:22.842,0.4,0.0,1.9,1.2,18,444,7.65,19.94
2026-06-06 06:42:23.339,0.4,0.0,1.9,1.1,18,448,7.65,19.88
2026-06-06 06:42:23.838,0.4,0.0,1.9,1.1,15,443,7.69,19.95
2026-06-06 06:42:24.366,0.4,0.0,1.9,1.1,21,444,7.60,19.94
2026-06-06 06:42:24.868,0.4,0.0,1.9,1.2,10,445,7.76,19.92
2026-06-06 06:42:25.369,0.4,0.0,1.9,1.2,5,445,7.84,19.92
2026-06-06 06:42:25.868,0.4,0.0,1.8,1.2,0,444,7.91,19.94
2026-06-06 06:42:26.343,0.4,0.0,1.7,1.2,1,444,7.90,19.94
2026-06-06 06:42:26.840,0.4,0.0,1.7,1.1,0,443,7.91,19.95
2026-06-06 06:42:27.343,0.4,0.0,1.7,1.0,0,441,7.91,19.98
2026-06-06 06:42:27.839,0.4,0.0,1.7,1.0,0,442,7.91,19.97
2026-06-06 06:42:28.347,0.4,0.0,1.7,1.0,0,442,7.91,19.97
2026-06-06 06:42:28.835,0.4,0.0,1.6,1.0,0,443,7.91,19.95
2026-06-06 06:42:29.316,0.4,0.0,1.6,1.0,1,443,7.90,19.95
2026-06-06 06:42:30.365,0.4,0.0,1.6,1.0,0,444,7.91,19.94
2026-06-06 06:42:30.367,0.4,0.0,1.6,0.9,0,444,7.91,19.94
2026-06-06 06:42:30.838,0.4,0.0,1.6,0.9,0,442,7.91,19.97
2026-06-06 06:42:31.366,0.4,0.0,1.7,1.0,0,443,7.91,19.95
2026-06-06 06:42:31.838,0.4,0.0,1.6,1.1,0,443,7.91,19.95
2026-06-06 06:42:32.333,0.4,0.0,1.6,1.2,10,442,7.76,19.97
2026-06-06 06:42:32.839,0.4,0.0,1.5,1.3,4,443,7.85,19.95
2026-06-06 06:42:33.349,0.4,0.0,1.5,1.3,5,444,7.84,19.94
2026-06-06 06:42:33.837,0.4,0.0,1.5,1.3,30,443,7.47,19.95
2026-06-06 06:42:34.328,0.4,0.0,1.4,1.4,8,442,7.79,19.97
2026-06-06 06:42:34.836,0.4,0.0,1.4,1.4,0,443,7.91,19.95
2026-06-06 06:42:35.362,0.4,0.0,1.3,1.4,1,444,7.90,19.94
2026-06-06 06:42:35.817,0.5,0.0,1.3,1.5,19,443,7.63,19.95
2026-06-06 06:42:36.348,0.5,0.0,1.3,1.4,38,447,7.35,19.89
2026-06-06 06:42:36.836,0.5,0.0,1.4,1.3,59,443,7.05,19.95
2026-06-06 06:42:37.362,0.5,0.0,1.4,1.1,62,444,7.00,19.94
2026-06-06 06:42:37.806,0.6,0.0,1.3,1.1,78,443,6.77,19.95
2026-06-06 06:42:38.358,0.6,0.0,1.4,1.1,94,428,6.53,20.17
2026-06-06 06:42:38.874,0.6,0.0,1.4,1.2,90,429,6.59,20.16
2026-06-06 06:42:39.360,0.5,0.0,1.4,1.2,82,429,6.71,20.16
2026-06-06 06:42:39.858,0.5,0.0,1.3,1.0,54,443,7.12,19.95
2026-06-06 06:42:40.336,0.5,0.0,1.3,1.0,41,431,7.31,20.13
2026-06-06 06:42:40.835,0.5,0.0,1.3,1.1,32,443,7.44,19.95
2026-06-06 06:42:41.335,0.6,0.0,1.3,1.1,80,429,6.74,20.16
2026-06-06 06:42:41.835,0.6,0.0,1.3,1.1,101,444,6.43,19.94
2026-06-06 06:42:42.332,0.6,0.0,1.3,1.1,101,444,6.43,19.94
2026-06-06 06:42:43.368,0.6,0.0,1.3,1.1,102,428,6.42,20.17
2026-06-06 06:42:43.369,0.6,0.0,1.3,1.1,114,428,6.24,20.17
2026-06-06 06:42:43.869,0.6,0.0,1.3,1.1,122,444,6.12,19.94
2026-06-06 06:42:44.367,0.6,0.0,1.3,1.1,111,430,6.28,20.14
2026-06-06 06:42:44.817,0.5,0.0,1.2,1.0,76,430,6.80,20.14
2026-06-06 06:42:45.367,0.4,0.0,1.2,1.0,30,429,7.47,20.16
2026-06-06 06:42:45.837,0.4,0.0,1.3,1.1,1,431,7.90,20.13
2026-06-06 06:42:46.335,0.4,0.0,1.3,1.1,2,429,7.88,20.16
2026-06-06 06:42:46.816,0.4,0.0,1.3,1.1,1,431,7.90,20.13
2026-06-06 06:42:47.318,0.5,0.0,1.3,1.2,12,430,7.73,20.14
2026-06-06 06:42:47.861,0.5,0.0,1.5,1.2,44,429,7.27,20.16
2026-06-06 06:42:48.333,0.5,0.0,1.6,1.3,59,430,7.05,20.14
2026-06-06 06:42:48.862,0.5,0.0,1.7,1.3,56,430,7.09,20.14
2026-06-06 06:42:49.378,0.5,0.0,1.8,1.3,58,430,7.06,20.14
2026-06-06 06:42:49.861,0.4,0.0,1.9,1.3,34,428,7.41,20.17
2026-06-06 06:42:50.319,0.4,0.0,1.9,1.3,6,430,7.82,20.14
2026-06-06 06:42:50.839,0.4,0.0,1.8,1.2,10,429,7.76,20.16
2026-06-06 06:42:51.362,0.4,0.0,1.8,1.2,5,429,7.84,20.16
2026-06-06 06:42:51.833,0.4,0.0,1.7,1.1,1,431,7.90,20.13
2026-06-06 06:42:52.335,0.4,0.0,1.7,1.2,1,431,7.90,20.13
2026-06-06 06:42:52.818,0.4,0.0,1.8,1.2,0,429,7.91,20.16
2026-06-06 06:42:53.341,0.4,0.0,1.8,1.2,6,429,7.82,20.16
2026-06-06 06:42:53.868,0.4,0.0,1.7,1.1,12,430,7.73,20.14
2026-06-06 06:42:54.342,0.5,0.0,1.7,1.1,47,430,7.22,20.14
2026-06-06 06:42:54.829,0.5,0.0,1.6,1.0,63,429,6.99,20.16
2026-06-06 06:42:55.849,0.5,0.0,1.5,1.0,61,428,7.02,20.17
2026-06-06 06:42:55.850,0.5,0.0,1.4,0.9,56,438,7.09,20.02
2026-06-06 06:42:56.340,0.4,0.0,1.3,0.9,32,429,7.44,20.16
2026-06-06 06:42:57.336,0.4,0.0,1.4,0.9,5,430,7.84,20.14
2026-06-06 06:42:57.337,0.4,0.0,1.4,0.9,2,429,7.88,20.16
2026-06-06 06:42:57.867,0.4,0.0,1.4,0.9,0,429,7.91,20.16
2026-06-06 06:42:58.367,0.4,0.0,1.3,0.9,0,428,7.91,20.17
2026-06-06 06:42:58.839,0.4,0.0,1.3,0.9,1,430,7.90,20.14
2026-06-06 06:42:59.339,0.4,0.0,1.3,0.9,0,429,7.91,20.16
2026-06-06 06:42:59.839,0.4,0.0,1.3,0.9,0,430,7.91,20.14
2026-06-06 06:43:00.366,0.4,0.0,1.4,1.1,1,429,7.90,20.16
2026-06-06 06:43:00.830,0.4,0.0,1.4,1.2,0,430,7.91,20.14
2026-06-06 06:43:01.316,0.4,0.0,1.4,1.1,2,430,7.88,20.14
2026-06-06 06:43:01.861,0.4,0.0,1.4,1.1,1,426,7.90,20.20
2026-06-06 06:43:02.313,0.4,0.0,1.4,1.1,0,431,7.91,20.13
2026-06-06 06:43:02.867,0.4,0.0,1.4,1.0,4,429,7.85,20.16
2026-06-06 06:43:03.310,0.4,0.0,1.5,1.0,0,430,7.91,20.14
2026-06-06 06:43:04.334,0.4,0.0,1.4,0.9,0,431,7.91,20.13
2026-06-06 06:43:04.334,0.4,0.0,1.5,0.8,0,430,7.91,20.14
2026-06-06 06:43:04.834,0.4,0.0,1.6,0.8,0,429,7.91,20.16
2026-06-06 06:43:05.362,0.4,0.0,1.5,0.9,0,430,7.91,20.14
2026-06-06 06:43:05.867,0.4,0.0,1.5,1.0,1,428,7.90,20.17
2026-06-06 06:43:06.333,0.4,0.0,1.5,1.2,1,430,7.90,20.14
2026-06-06 06:43:06.819,0.4,0.0,1.5,1.2,1,430,7.90,20.14
2026-06-06 06:43:07.358,0.4,0.0,1.6,1.1,0,429,7.91,20.16
2026-06-06 06:43:07.869,0.4,0.0,1.7,1.0,1,430,7.90,20.14
2026-06-06 06:43:08.369,0.4,0.0,1.7,1.0,0,428,7.91,20.17
2026-06-06 06:43:09.368,0.4,0.0,1.8,1.0,1,429,7.90,20.16
2026-06-06 06:43:09.369,0.4,0.0,1.9,1.0,1,429,7.90,20.16
2026-06-06 06:43:09.870,0.5,0.0,1.9,1.0,14,431,7.71,20.13
2026-06-06 06:43:10.368,0.5,0.0,1.9,1.0,35,430,7.40,20.14
2026-06-06 06:43:11.349,0.5,0.0,1.9,1.0,60,430,7.03,20.14
2026-06-06 06:43:11.351,0.5,0.0,1.9,1.0,47,430,7.22,20.14
2026-06-06 06:43:11.860,0.5,0.0,1.9,1.0,60,429,7.03,20.16
2026-06-06 06:43:12.359,0.5,0.0,1.7,1.1,57,430,7.08,20.14
2026-06-06 06:43:12.868,0.5,0.0,1.6,1.1,72,430,6.86,20.14
2026-06-06 06:43:13.310,0.5,0.0,1.6,1.2,74,431,6.83,20.13
2026-06-06 06:43:13.868,0.5,0.0,1.5,1.3,61,439,7.02,20.01
2026-06-06 06:43:14.358,0.4,0.0,1.5,1.3,36,429,7.38,20.16
2026-06-06 06:43:14.823,0.4,0.0,1.5,1.2,3,428,7.87,20.17
2026-06-06 06:43:15.340,0.4,0.0,1.4,1.2,4,430,7.85,20.14
2026-06-06 06:43:15.868,0.4,0.0,1.3,1.2,0,429,7.91,20.16
2026-06-06 06:43:16.366,0.4,0.0,1.2,1.2,0,428,7.91,20.17
2026-06-06 06:43:16.836,0.4,0.0,1.1,1.2,0,431,7.91,20.13
2026-06-06 06:43:17.334,0.4,0.0,1.0,1.3,0,430,7.91,20.14
2026-06-06 06:43:17.831,0.4,0.0,1.0,1.2,0,429,7.91,20.16
2026-06-06 06:43:18.362,0.4,0.0,1.1,1.2,0,430,7.91,20.14
2026-06-06 06:43:18.869,0.4,0.0,1.1,1.1,0,423,7.91,20.24
2026-06-06 06:43:19.360,0.4,0.0,1.2,1.2,2,429,7.88,20.16
2026-06-06 06:43:19.869,0.4,0.0,1.4,1.2,0,430,7.91,20.14
2026-06-06 06:43:20.310,0.4,0.0,1.7,1.1,1,430,7.90,20.14
2026-06-06 06:43:20.868,0.4,0.0,1.8,1.2,0,430,7.91,20.14
2026-06-06 06:43:21.311,0.4,0.0,2.0,1.3,0,428,7.91,20.17
2026-06-06 06:43:21.818,0.4,0.0,2.0,1.3,0,428,7.91,20.17
2026-06-06 06:43:22.311,0.4,0.0,1.9,1.3,0,428,7.91,20.17
2026-06-06 06:43:22.869,0.4,0.0,1.8,1.3,0,428,7.91,20.17
2026-06-06 06:43:23.338,0.4,0.0,1.7,1.2,0,0,7.91,26.44
2026-06-06 06:43:23.839,0.4,0.0,1.7,1.2,0,0,7.91,26.44
2026-06-06 06:43:24.366,0.4,0.0,1.7,1.2,0,0,7.91,26.44
2026-06-06 06:43:24.870,0.4,0.0,1.8,1.2,0,0,7.91,26.44
2026-06-06 06:43:25.383,0.4,0.0,1.8,1.2,0,0,7.91,26.44
2026-06-06 06:43:25.816,0.4,0.0,1.8,1.1,5,430,7.84,20.14
2026-06-06 06:43:26.318,0.4,0.0,1.9,1.1,5,430,7.84,20.14
2026-06-06 06:43:26.817,0.4,0.0,1.9,1.0,6,429,7.82,20.16
2026-06-06 06:43:27.317,0.4,0.0,1.9,1.0,18,430,7.65,20.14
2026-06-06 06:43:28.331,0.4,0.0,1.9,1.0,16,439,7.68,20.01
2026-06-06 06:43:28.332,0.4,0.0,1.9,1.0,16,439,7.68,20.01
2026-06-06 06:43:28.865,0.4,0.0,1.8,0.9,16,439,7.68,20.01
2026-06-06 06:43:29.866,0.4,0.0,1.8,0.9,16,439,7.68,20.01
2026-06-06 06:43:29.867,0.4,0.0,1.7,0.8,0,0,7.91,26.44
2026-06-06 06:43:30.366,0.4,0.0,1.5,0.9,0,0,7.91,26.44
2026-06-06 06:43:30.866,0.4,0.0,1.2,0.9,0,0,7.91,26.44
2026-06-06 06:43:31.368,0.4,0.0,1.1,1.0,0,0,7.91,26.44
2026-06-06 06:43:31.882,0.4,0.0,1.2,1.1,0,0,7.91,26.44
2026-06-06 06:43:32.318,0.4,0.0,1.2,1.1,0,0,7.91,26.44
2026-06-06 06:43:32.852,0.4,0.0,1.1,1.1,0,0,7.91,26.44
2026-06-06 06:43:33.351,0.4,0.0,1.1,1.0,0,0,7.91,26.44
2026-06-06 06:43:33.849,0.4,0.0,1.1,1.0,0,0,7.91,26.44
2026-06-06 06:43:34.348,0.4,0.0,1.0,1.0,0,0,7.91,26.44
2026-06-06 06:43:34.851,0.4,0.0,1.0,0.9,0,0,7.91,26.44
2026-06-06 06:43:35.378,0.4,0.0,0.9,0.9,0,0,7.91,26.44
2026-06-06 06:43:35.815,0.4,0.0,0.9,0.9,0,0,7.91,26.44
2026-06-06 06:43:36.318,0.4,0.0,0.9,0.9,0,0,7.91,26.44
2026-06-06 06:43:36.847,0.4,0.0,0.9,0.9,0,0,7.91,26.44
2026-06-06 06:43:37.359,0.4,0.0,1.0,0.9,0,0,7.91,26.44
2026-06-06 06:43:37.847,0.4,0.0,1.0,0.8,0,0,7.91,26.44
2026-06-06 06:43:38.334,0.4,0.0,1.0,0.8,0,0,7.91,26.44
2026-06-06 06:43:38.832,0.4,0.0,1.0,0.8,0,0,7.91,26.44
2026-06-06 06:43:39.818,0.4,0.0,1.1,0.8,0,0,7.91,26.44
2026-06-06 06:43:39.818,0.4,0.0,1.1,0.8,0,0,7.91,26.44
2026-06-06 06:43:40.369,0.4,0.0,1.1,0.8,0,0,7.91,26.44
2026-06-06 06:43:40.818,0.4,0.0,1.1,0.8,0,0,7.91,26.44
2026-06-06 06:43:41.352,0.4,0.0,1.1,0.8,0,0,7.91,26.44
2026-06-06 06:43:41.851,0.4,0.0,1.1,0.8,0,0,7.91,26.44
2026-06-06 06:43:42.348,0.4,0.0,1.1,0.9,0,0,7.91,26.44
2026-06-06 06:43:42.830,0.4,0.0,1.1,0.9,0,0,7.91,26.44
2026-06-06 06:43:43.338,0.4,0.0,1.1,1.0,0,0,7.91,26.44
2026-06-06 06:43:43.838,0.4,0.0,1.1,1.0,0,0,7.91,26.44
2026-06-06 06:43:44.334,0.4,0.0,1.1,1.0,0,0,7.91,26.44
2026-06-06 06:43:44.844,0.4,0.0,1.2,1.0,0,0,7.91,26.44
2026-06-06 06:43:45.368,0.4,0.0,1.2,1.0,0,0,7.91,26.44
2026-06-06 06:43:45.869,0.4,0.0,1.1,1.0,0,0,7.91,26.44
2026-06-06 06:43:46.366,0.4,0.0,1.1,1.0,0,0,7.91,26.44
2026-06-06 06:43:46.869,0.4,0.0,1.2,1.0,0,0,7.91,26.44
2026-06-06 06:43:47.367,0.4,0.0,1.4,1.0,0,0,7.91,26.44
2026-06-06 06:43:47.857,0.4,0.0,1.5,1.0,0,0,7.91,26.44
2026-06-06 06:43:48.308,0.4,0.0,1.4,1.0,0,0,7.91,26.44
2026-06-06 06:43:48.810,0.4,0.0,1.4,1.0,0,0,7.91,26.44
2026-06-06 06:43:49.857,0.4,0.0,1.4,1.0,0,0,7.91,26.44
2026-06-06 06:43:49.857,0.4,0.0,1.4,1.0,0,0,7.91,26.44
2026-06-06 06:43:50.308,0.4,0.0,1.3,1.0,0,0,7.91,26.44
2026-06-06 06:43:50.816,0.4,0.0,1.3,0.9,0,0,7.91,26.44
2026-06-06 06:43:51.337,0.4,0.0,1.2,0.9,0,0,7.91,26.44
2026-06-06 06:43:51.816,0.4,0.0,1.1,0.9,0,0,7.91,26.44
2026-06-06 06:43:52.318,0.4,0.0,1.1,0.9,0,0,7.91,26.44
2026-06-06 06:43:52.818,0.4,0.0,1.1,0.9,0,0,7.91,26.44
2026-06-06 06:43:53.359,0.4,0.0,1.1,0.9,0,0,7.91,26.44
2026-06-06 06:43:53.855,0.4,0.0,1.0,0.9,0,0,7.91,26.44
2026-06-06 06:43:54.384,0.4,0.0,1.0,0.9,0,0,7.91,26.44
2026-06-06 06:43:54.852,0.4,0.0,1.0,0.9,0,0,7.91,26.44
2026-06-06 06:43:55.355,0.4,0.0,1.0,0.9,0,0,7.91,26.44
2026-06-06 06:43:55.816,0.4,0.0,1.0,0.9,0,0,7.91,26.44
2026-06-06 06:43:56.341,0.4,0.0,1.2,0.8,0,0,7.91,26.44
2026-06-06 06:43:57.339,0.4,0.0,1.3,0.8,0,0,7.91,26.44
2026-06-06 06:43:57.339,0.4,0.0,1.4,0.9,0,0,7.91,26.44
2026-06-06 06:43:57.867,0.4,0.0,1.6,0.9,0,0,7.91,26.44
2026-06-06 06:43:58.364,0.4,0.0,1.6,0.9,0,0,7.91,26.44
2026-06-06 06:43:58.866,0.4,0.0,1.6,0.9,0,0,7.91,26.44
2026-06-06 06:43:59.368,0.4,0.0,1.5,1.0,0,0,7.91,26.44
2026-06-06 06:43:59.867,0.4,0.0,1.7,1.0,0,0,7.91,26.44
2026-06-06 06:44:00.334,0.4,0.0,1.8,1.1,0,0,7.91,26.44
2026-06-06 06:44:00.833,0.4,0.0,2.0,1.1,0,0,7.91,26.44
2026-06-06 06:44:01.333,0.4,0.0,2.1,1.2,0,0,7.91,26.44
2026-06-06 06:44:01.830,0.4,0.0,2.2,1.2,0,0,7.91,26.44
2026-06-06 06:44:02.362,0.4,0.0,2.3,1.2,0,0,7.91,26.44
2026-06-06 06:44:02.813,0.4,0.0,2.4,1.2,0,0,7.91,26.44
2026-06-06 06:44:03.367,0.4,0.0,2.4,1.2,0,0,7.91,26.44
2026-06-06 06:44:03.818,0.4,0.0,2.2,1.1,0,0,7.91,26.44
2026-06-06 06:44:04.319,0.4,0.0,2.2,1.1,0,0,7.91,26.44
2026-06-06 06:44:04.868,0.4,0.0,2.1,1.0,0,438,7.91,20.02
2026-06-06 06:44:05.368,0.4,0.0,2.0,1.0,4,430,7.85,20.14
2026-06-06 06:44:05.868,0.4,0.0,1.7,1.0,2,442,7.88,19.97
2026-06-06 06:44:06.369,0.4,0.0,1.7,1.0,2,442,7.88,19.97
2026-06-06 06:44:07.357,0.4,0.0,1.7,1.1,5,447,7.84,19.89
2026-06-06 06:44:07.358,0.4,0.0,1.7,1.1,1,442,7.90,19.97
2026-06-06 06:44:07.856,0.5,0.0,1.3,1.0,1,442,7.90,19.97
2026-06-06 06:44:08.313,0.5,0.0,1.0,1.1,23,442,7.57,19.97
2026-06-06 06:44:09.317,0.5,0.0,0.9,1.2,23,442,7.57,19.97
2026-06-06 06:44:09.317,0.7,0.0,0.8,1.3,125,442,6.08,19.97
2026-06-06 06:44:09.868,0.7,0.0,0.8,1.4,158,446,5.60,19.91
2026-06-06 06:44:10.353,0.7,0.0,0.8,1.4,172,443,5.39,19.95
2026-06-06 06:44:10.817,0.7,0.0,0.8,1.4,197,444,5.02,19.94
2026-06-06 06:44:11.318,0.7,0.0,0.8,1.4,181,443,5.26,19.95
2026-06-06 06:44:11.817,0.7,0.0,0.8,1.5,189,443,5.14,19.95
2026-06-06 06:44:12.350,0.7,0.0,0.8,1.6,183,442,5.23,19.97
2026-06-06 06:44:12.848,0.7,0.0,0.8,1.6,189,457,5.14,19.75
2026-06-06 06:44:13.350,0.7,0.0,0.7,1.6,188,442,5.16,19.97
2026-06-06 06:44:13.849,0.7,0.0,0.7,1.6,176,444,5.33,19.94
2026-06-06 06:44:14.362,0.7,0.0,0.7,1.6,177,443,5.32,19.95
2026-06-06 06:44:14.858,0.7,0.0,0.7,1.6,184,443,5.21,19.95
2026-06-06 06:44:15.365,0.7,0.0,0.7,1.6,187,444,5.17,19.94
2026-06-06 06:44:15.812,0.6,0.0,0.8,1.7,173,442,5.38,19.97
2026-06-06 06:44:16.371,0.6,0.0,0.8,1.7,138,443,5.89,19.95
2026-06-06 06:44:16.838,0.7,0.0,0.9,1.7,137,442,5.90,19.97
2026-06-06 06:44:17.367,0.8,0.0,0.9,1.6,170,442,5.42,19.97
2026-06-06 06:44:17.839,0.8,0.0,0.9,1.5,198,429,5.01,20.16
2026-06-06 06:44:18.353,0.8,0.0,0.9,1.4,223,427,4.64,20.19
2026-06-06 06:44:18.816,0.8,0.0,0.9,1.5,218,443,4.72,19.95
2026-06-06 06:44:19.318,0.8,0.0,1.0,1.5,213,444,4.79,19.94
2026-06-06 06:44:19.868,0.7,0.0,1.0,1.4,213,443,4.79,19.95
2026-06-06 06:44:20.370,0.7,0.0,1.0,1.5,199,429,5.00,20.16
2026-06-06 06:44:20.852,0.7,0.0,1.0,1.5,175,429,5.35,20.16
2026-06-06 06:44:21.350,0.6,0.0,1.0,1.5,160,427,5.57,20.19
2026-06-06 06:44:21.850,0.5,0.0,0.9,1.6,122,429,6.12,20.16
2026-06-06 06:44:22.319,0.5,0.0,0.9,1.7,77,429,6.78,20.16
2026-06-06 06:44:22.817,0.5,0.0,0.8,1.7,68,429,6.91,20.16
2026-06-06 06:44:23.319,0.5,0.0,0.7,1.7,61,429,7.02,20.16
2026-06-06 06:44:23.818,0.5,0.0,0.7,1.6,48,428,7.21,20.17
2026-06-06 06:44:24.318,0.5,0.0,0.7,1.7,27,428,7.51,20.17
2026-06-06 06:44:24.816,0.4,0.0,0.7,1.7,27,428,7.51,20.17
2026-06-06 06:44:25.318,0.5,0.0,0.8,1.7,25,428,7.54,20.17
2026-06-06 06:44:25.816,0.4,0.0,0.9,1.7,39,429,7.34,20.16
2026-06-06 06:44:26.318,0.4,0.0,1.0,1.6,15,428,7.69,20.17
2026-06-06 06:44:26.849,0.5,0.0,1.0,1.6,0,444,7.91,19.94
2026-06-06 06:44:27.348,0.5,0.0,1.1,1.5,22,445,7.59,19.92
2026-06-06 06:44:27.832,0.5,0.0,1.1,1.5,52,443,7.15,19.95
2026-06-06 06:44:28.335,0.5,0.0,1.0,1.5,53,442,7.13,19.97
2026-06-06 06:44:28.867,0.6,0.0,0.9,1.6,67,443,6.93,19.95
2026-06-06 06:44:29.368,0.6,0.0,0.9,1.6,86,443,6.65,19.95
2026-06-06 06:44:29.867,0.6,0.0,0.9,1.5,99,443,6.46,19.95
2026-06-06 06:44:30.367,0.6,0.0,0.9,1.4,101,443,6.43,19.95
2026-06-06 06:44:30.830,0.6,0.0,0.9,1.4,95,440,6.52,20.00
2026-06-06 06:44:31.334,0.6,0.0,1.0,1.3,107,443,6.34,19.95
2026-06-06 06:44:31.839,0.6,0.0,1.1,1.3,121,443,6.14,19.95
2026-06-06 06:44:32.363,0.6,0.0,1.2,1.3,134,441,5.95,19.98
2026-06-06 06:44:32.848,0.6,0.0,1.4,1.3,122,443,6.12,19.95
2026-06-06 06:44:33.338,0.5,0.0,1.4,1.4,100,444,6.45,19.94
2026-06-06 06:44:33.833,0.5,0.0,1.4,1.4,82,461,6.71,19.69
2026-06-06 06:44:34.347,0.5,0.0,1.4,1.5,75,534,6.81,18.62
2026-06-06 06:44:34.814,0.6,0.0,1.2,1.5,73,583,6.84,17.90
2026-06-06 06:44:35.368,0.6,0.0,1.0,1.5,80,598,6.74,17.68
2026-06-06 06:44:35.867,0.6,0.0,1.0,1.4,97,571,6.49,18.08
2026-06-06 06:44:36.367,0.7,0.0,1.1,1.4,106,568,6.36,18.12
2026-06-06 06:44:36.868,0.8,0.0,1.2,1.4,126,567,6.06,18.13
2026-06-06 06:44:37.356,0.8,0.0,1.2,1.4,208,560,4.86,18.24
2026-06-06 06:44:37.818,0.9,0.0,1.2,1.5,246,558,4.31,18.27
2026-06-06 06:44:38.318,0.9,0.0,1.2,1.5,263,568,4.06,18.12
2026-06-06 06:44:38.855,0.8,0.0,1.3,1.5,268,566,3.98,18.15
2026-06-06 06:44:39.318,0.7,0.0,1.3,1.4,225,559,4.61,18.25
2026-06-06 06:44:39.843,0.7,0.0,1.4,1.3,197,559,5.02,18.25
2026-06-06 06:44:40.341,0.7,0.0,1.4,1.3,190,555,5.13,18.31
2026-06-06 06:44:40.839,0.7,0.0,1.5,1.2,177,558,5.32,18.27
2026-06-06 06:44:41.355,0.6,0.0,1.6,1.0,171,607,5.41,17.55
2026-06-06 06:44:41.817,0.6,0.0,1.5,0.9,143,681,5.82,16.46
2026-06-06 06:44:42.313,0.5,0.0,1.3,1.0,110,681,6.30,16.46
2026-06-06 06:44:43.338,0.6,0.0,1.2,1.1,87,603,6.64,17.61
2026-06-06 06:44:43.339,0.6,0.0,1.0,1.1,83,411,6.69,20.42
2026-06-06 06:44:43.839,0.7,0.0,0.8,1.2,123,441,6.11,19.98
2026-06-06 06:44:44.336,0.7,0.0,0.7,1.2,165,552,5.49,18.35
2026-06-06 06:44:45.339,0.6,0.0,0.6,1.2,158,554,5.60,18.33
2026-06-06 06:44:45.339,0.5,0.0,0.6,1.2,115,553,6.23,18.34
2026-06-06 06:44:45.840,0.5,0.0,0.6,1.2,40,544,7.32,18.47
2026-06-06 06:44:46.316,0.4,0.0,0.8,1.3,40,522,7.32,18.79
2026-06-06 06:44:46.867,0.4,0.0,0.8,1.3,26,492,7.53,19.23
2026-06-06 06:44:47.352,0.5,0.0,0.8,1.2,47,432,7.22,20.11
2026-06-06 06:44:47.848,0.5,0.0,0.8,1.2,62,442,7.00,19.97
2026-06-06 06:44:48.352,0.5,0.0,1.0,1.2,73,459,6.84,19.72
2026-06-06 06:44:48.850,0.5,0.0,1.1,1.2,73,589,6.84,17.81
2026-06-06 06:44:49.349,0.5,0.0,1.1,1.3,73,589,6.84,17.81
2026-06-06 06:44:49.848,0.4,0.0,1.1,1.4,13,588,7.72,17.83
2026-06-06 06:44:50.350,0.4,0.0,1.1,1.6,5,588,7.84,17.83
2026-06-06 06:44:50.850,0.4,0.0,1.1,1.5,8,589,7.79,17.81
2026-06-06 06:44:51.854,0.4,0.0,1.0,1.6,16,587,7.68,17.84
2026-06-06 06:44:51.854,0.4,0.0,1.1,1.7,2,586,7.88,17.86
2026-06-06 06:44:52.352,0.4,0.0,1.2,1.7,0,586,7.91,17.86
2026-06-06 06:44:52.851,0.4,0.0,1.3,1.7,0,585,7.91,17.87
2026-06-06 06:44:53.350,0.4,0.0,1.3,1.7,13,588,7.72,17.83
2026-06-06 06:44:53.839,0.4,0.0,1.3,1.7,5,587,7.84,17.84
2026-06-06 06:44:54.362,0.4,0.0,1.3,1.7,0,585,7.91,17.87
2026-06-06 06:44:54.818,0.4,0.0,1.4,1.6,0,586,7.91,17.86
2026-06-06 06:44:55.368,0.4,0.0,1.2,1.6,5,588,7.84,17.83
2026-06-06 06:44:55.869,0.4,0.0,1.2,1.4,0,574,7.91,18.03
2026-06-06 06:44:56.319,0.4,0.0,1.2,1.4,0,586,7.91,17.86
2026-06-06 06:44:56.868,0.4,0.0,1.2,1.3,1,584,7.90,17.89
2026-06-06 06:44:57.367,0.4,0.0,1.1,1.3,0,586,7.91,17.86
2026-06-06 06:44:57.817,0.4,0.0,1.0,1.2,0,585,7.91,17.87
2026-06-06 06:44:58.366,0.4,0.0,1.0,1.2,1,589,7.90,17.81
2026-06-06 06:44:58.819,0.4,0.0,0.9,1.2,0,584,7.91,17.89
2026-06-06 06:44:59.316,0.4,0.0,0.9,1.1,0,575,7.91,18.02
2026-06-06 06:44:59.869,0.4,0.0,0.9,1.1,0,589,7.91,17.81
2026-06-06 06:45:00.367,0.4,0.0,1.0,1.1,8,586,7.79,17.86
2026-06-06 06:45:00.866,0.4,0.0,1.0,1.2,8,583,7.79,17.90
2026-06-06 06:45:01.365,0.4,0.0,0.9,1.2,1,585,7.90,17.87
2026-06-06 06:45:01.835,0.4,0.0,0.9,1.1,8,585,7.79,17.87
2026-06-06 06:45:02.336,0.4,0.0,0.9,1.1,2,574,7.88,18.03
2026-06-06 06:45:02.820,0.4,0.0,1.0,1.2,2,574,7.88,18.03
2026-06-06 06:45:03.367,0.4,0.0,1.1,1.1,0,573,7.91,18.05
2026-06-06 06:45:03.868,0.4,0.0,1.2,1.1,14,574,7.71,18.03
2026-06-06 06:45:04.366,0.5,0.0,1.3,1.1,41,571,7.31,18.08
2026-06-06 06:45:04.866,0.5,0.0,1.4,1.1,70,573,6.88,18.05
2026-06-06 06:45:05.365,0.5,0.0,1.4,1.0,67,574,6.93,18.03
2026-06-06 06:45:05.848,0.6,0.0,1.5,1.1,103,574,6.40,18.03
2026-06-06 06:45:06.316,0.5,0.0,1.6,1.1,83,573,6.69,18.05
2026-06-06 06:45:06.818,0.5,0.0,1.8,1.1,83,583,6.69,17.90
2026-06-06 06:45:07.337,0.5,0.0,1.8,1.0,36,573,7.38,18.05
2026-06-06 06:45:07.843,0.5,0.0,1.7,1.1,55,573,7.10,18.05
2026-06-06 06:45:08.340,0.7,0.0,1.6,1.2,131,572,5.99,18.06
2026-06-06 06:45:09.366,0.8,0.0,1.4,1.2,131,573,5.99,18.05
2026-06-06 06:45:09.366,0.8,0.0,1.3,1.3,271,573,3.94,18.05
2026-06-06 06:45:09.865,0.8,0.0,1.1,1.3,246,573,4.31,18.05
2026-06-06 06:45:10.349,0.7,0.0,1.0,1.3,201,573,4.97,18.05
2026-06-06 06:45:10.852,0.7,0.0,1.0,1.3,174,575,5.36,18.02
2026-06-06 06:45:11.348,0.7,0.0,1.0,1.3,163,573,5.52,18.05
2026-06-06 06:45:11.834,0.7,0.0,1.1,1.2,171,573,5.41,18.05
2026-06-06 06:45:12.313,0.7,0.0,1.1,1.3,191,574,5.11,18.03
2026-06-06 06:45:12.862,0.7,0.0,1.1,1.3,176,575,5.33,18.02
2026-06-06 06:45:13.332,0.6,0.0,1.2,1.3,143,572,5.82,18.06
2026-06-06 06:45:13.837,0.6,0.0,1.4,1.3,112,572,6.27,18.06
2026-06-06 06:45:14.333,0.6,0.0,1.4,1.3,106,553,6.36,18.34
2026-06-06 06:45:14.846,0.6,0.0,1.4,1.3,112,571,6.27,18.08
2026-06-06 06:45:15.361,0.6,0.0,1.4,1.3,98,570,6.47,18.09
2026-06-06 06:45:15.861,0.6,0.0,1.3,1.6,88,571,6.62,18.08
2026-06-06 06:45:16.359,0.6,0.0,1.2,1.7,94,571,6.53,18.08
2026-06-06 06:45:16.866,0.5,0.0,1.2,1.8,91,571,6.58,18.08
2026-06-06 06:45:17.385,0.6,0.0,1.2,1.7,95,558,6.52,18.27
2026-06-06 06:45:17.866,0.6,0.0,1.5,1.8,101,571,6.43,18.08
2026-06-06 06:45:18.317,0.6,0.0,1.7,1.7,99,571,6.46,18.08
2026-06-06 06:45:18.816,0.6,0.0,1.9,1.6,110,570,6.30,18.09
2026-06-06 06:45:19.339,0.6,0.0,1.8,1.5,150,571,5.71,18.08
2026-06-06 06:45:20.333,0.6,0.0,1.6,1.5,117,571,6.20,18.08
2026-06-06 06:45:20.334,0.5,0.0,1.6,1.5,78,566,6.77,18.15
2026-06-06 06:45:21.055,0.5,1.8,1.8,1.5,78,566,6.77,18.15
2026-06-06 06:45:21.331,0.5,1.8,2.0,1.5,40,542,7.32,18.50
2026-06-06 06:45:21.332,0.4,1.8,2.1,1.6,6,540,7.82,18.53
2026-06-06 06:45:21.845,0.4,1.8,2.0,1.6,0,540,7.91,18.53
2026-06-06 06:45:22.342,0.4,1.8,1.7,1.5,0,541,7.91,18.52
2026-06-06 06:45:22.842,0.4,1.8,1.5,1.5,1,541,7.90,18.52
2026-06-06 06:45:23.353,0.4,1.8,1.4,1.5,1,541,7.90,18.52
2026-06-06 06:45:23.839,0.4,1.8,1.4,1.5,0,470,7.91,19.56
2026-06-06 06:45:24.350,0.4,1.8,1.5,1.5,2,471,7.88,19.54
2026-06-06 06:45:24.836,0.4,1.8,1.6,1.4,5,461,7.84,19.69
2026-06-06 06:45:25.333,0.4,1.8,1.7,1.4,5,463,7.84,19.66
2026-06-06 06:45:25.854,0.4,1.8,1.5,1.4,7,469,7.81,19.57
2026-06-06 06:45:26.319,0.4,1.8,1.2,1.3,7,461,7.81,19.69
2026-06-06 06:45:26.817,0.4,1.8,1.0,1.2,0,460,7.91,19.70
2026-06-06 06:45:27.316,0.4,1.8,1.0,1.2,0,463,7.91,19.66
2026-06-06 06:45:27.855,0.4,1.8,0.9,1.4,1,461,7.90,19.69
2026-06-06 06:45:28.368,0.4,1.8,0.9,1.5,11,461,7.75,19.69
2026-06-06 06:45:28.868,2.9,1.8,0.9,1.5,1295,472,-11.06,19.53
2026-06-06 06:45:29.317,1.7,1.8,1.0,1.4,1042,457,-7.35,19.75
2026-06-06 06:45:29.867,1.1,1.8,1.3,1.4,509,463,0.45,19.66
2026-06-06 06:45:30.350,0.7,1.8,1.4,1.5,252,473,4.22,19.51
2026-06-06 06:45:30.868,0.5,1.8,1.6,1.7,68,461,6.91,19.69
2026-06-06 06:45:31.367,0.4,1.8,1.7,1.5,2,463,7.88,19.66
2026-06-06 06:45:31.818,0.5,1.8,1.8,1.4,15,462,7.69,19.67
2026-06-06 06:45:32.349,0.6,1.8,1.8,1.3,79,459,6.75,19.72
2026-06-06 06:45:32.854,0.6,1.8,1.8,1.3,116,462,6.21,19.67
2026-06-06 06:45:33.338,0.6,1.8,1.8,1.3,100,461,6.45,19.69
2026-06-06 06:45:33.819,0.7,1.8,1.7,1.3,126,458,6.06,19.73
2026-06-06 06:45:34.317,0.7,1.8,1.7,1.3,165,461,5.49,19.69
2026-06-06 06:45:34.817,0.6,1.8,1.5,1.3,127,463,6.05,19.66
2026-06-06 06:45:35.318,0.5,1.8,1.5,1.3,88,463,6.62,19.66
2026-06-06 06:45:35.856,0.5,1.8,1.5,1.2,62,472,7.00,19.53
2026-06-06 06:45:36.352,0.5,1.8,1.5,1.2,51,471,7.16,19.54
2026-06-06 06:45:36.854,0.5,1.8,1.5,1.2,51,471,7.16,19.54
2026-06-06 06:45:37.385,0.5,1.8,1.6,1.2,42,462,7.29,19.67
2026-06-06 06:45:37.865,0.5,1.8,1.7,1.1,48,447,7.21,19.89
2026-06-06 06:45:38.317,0.5,1.8,1.8,1.0,59,454,7.05,19.79
2026-06-06 06:45:38.818,0.5,1.8,1.9,0.9,54,445,7.12,19.92
2026-06-06 06:45:39.316,0.5,1.8,1.8,1.0,35,445,7.40,19.92
2026-06-06 06:45:39.821,0.5,1.8,1.8,1.1,69,445,6.90,19.92
2026-06-06 06:45:40.318,0.5,1.8,1.6,1.2,70,445,6.88,19.92
2026-06-06 06:45:40.817,0.5,1.8,1.6,1.3,49,446,7.19,19.91
2026-06-06 06:45:41.320,0.5,1.8,1.6,1.3,38,448,7.35,19.88
2026-06-06 06:45:41.817,0.5,1.8,1.6,1.4,37,461,7.37,19.69
2026-06-06 06:45:42.351,0.5,1.8,1.6,1.3,42,460,7.29,19.70
2026-06-06 06:45:42.858,0.5,1.8,1.5,1.3,31,456,7.46,19.76
2026-06-06 06:45:43.361,0.4,1.8,1.5,1.4,8,460,7.79,19.70
2026-06-06 06:45:43.829,0.4,1.8,1.5,1.4,4,455,7.85,19.78
2026-06-06 06:45:44.335,0.4,1.8,1.5,1.4,0,458,7.91,19.73
2026-06-06 06:45:44.837,0.5,1.8,1.6,1.4,39,454,7.34,19.79
2026-06-06 06:45:45.331,0.7,1.8,1.8,1.5,145,455,5.79,19.78
2026-06-06 06:45:46.067,0.6,1.7,1.7,1.5,145,455,5.79,19.78
2026-06-06 06:45:46.319,0.6,1.7,1.9,1.5,164,455,5.51,19.78
2026-06-06 06:45:46.382,0.6,1.7,1.9,1.5,101,446,6.43,19.91
2026-06-06 06:45:46.819,0.7,1.7,1.8,1.5,133,455,5.96,19.78
2026-06-06 06:45:47.319,0.8,1.7,1.7,1.6,226,456,4.60,19.76
2026-06-06 06:45:47.817,0.8,1.7,1.6,1.6,259,455,4.12,19.78
2026-06-06 06:45:48.318,0.8,1.7,1.6,1.6,237,457,4.44,19.75
2026-06-06 06:45:48.818,0.7,1.7,1.6,1.5,188,456,5.16,19.76
2026-06-06 06:45:49.321,0.6,1.7,1.6,1.4,138,455,5.89,19.78
2026-06-06 06:45:49.854,0.5,1.7,1.7,1.3,92,456,6.56,19.76
2026-06-06 06:45:50.320,0.5,1.7,1.6,1.0,62,456,7.00,19.76
2026-06-06 06:45:50.818,0.5,1.7,1.5,0.8,57,455,7.08,19.78
2026-06-06 06:45:51.361,0.6,1.7,1.4,0.8,88,472,6.62,19.53
2026-06-06 06:45:51.862,0.5,1.7,1.5,0.7,81,455,6.72,19.78
2026-06-06 06:45:52.358,0.6,1.7,1.7,0.8,91,448,6.58,19.88
2026-06-06 06:45:52.867,0.6,1.7,1.7,0.8,122,458,6.12,19.73
2026-06-06 06:45:53.341,0.6,1.7,1.6,0.8,122,456,6.12,19.76
2026-06-06 06:45:53.866,0.6,1.7,1.5,0.9,122,456,6.12,19.76
2026-06-06 06:45:54.318,0.6,1.7,1.4,0.9,136,456,5.92,19.76
2026-06-06 06:45:54.868,0.6,1.7,1.4,0.9,112,447,6.27,19.89
2026-06-06 06:45:55.368,0.6,1.7,1.4,0.9,95,457,6.52,19.75
2026-06-06 06:45:55.863,0.6,1.7,1.5,1.1,98,454,6.47,19.79
2026-06-06 06:45:56.368,0.6,1.7,1.4,1.2,84,454,6.68,19.79
2026-06-06 06:45:56.866,0.5,1.7,1.4,1.2,79,454,6.75,19.79
2026-06-06 06:45:57.332,0.6,1.7,1.3,1.2,80,455,6.74,19.78
2026-06-06 06:45:57.861,0.6,1.7,1.2,1.3,99,454,6.46,19.79
2026-06-06 06:45:58.349,0.6,1.7,1.1,1.4,106,447,6.36,19.89
2026-06-06 06:45:58.860,0.5,1.7,1.0,1.5,77,455,6.78,19.78
2026-06-06 06:45:59.369,0.5,1.7,0.9,1.5,76,448,6.80,19.88
2026-06-06 06:45:59.819,0.5,1.7,0.8,1.5,64,446,6.97,19.91
2026-06-06 06:46:00.366,0.5,1.7,0.8,1.5,54,454,7.12,19.79
2026-06-06 06:46:00.867,0.5,1.7,0.8,1.6,51,455,7.16,19.78
2026-06-06 06:46:01.868,0.4,1.7,0.8,1.6,32,455,7.44,19.78
2026-06-06 06:46:01.868,0.4,1.7,0.9,1.6,2,454,7.88,19.79
2026-06-06 06:46:02.368,0.4,1.7,0.9,1.6,0,455,7.91,19.78
2026-06-06 06:46:02.866,0.4,1.7,0.9,1.6,0,455,7.91,19.78
2026-06-06 06:46:03.368,0.4,1.7,0.9,1.5,1,455,7.90,19.78
2026-06-06 06:46:04.335,0.4,1.7,0.9,1.5,0,455,7.91,19.78
2026-06-06 06:46:04.336,0.4,1.7,1.0,1.6,0,455,7.91,19.78
2026-06-06 06:46:04.839,0.4,1.7,1.1,1.6,12,446,7.73,19.91
2026-06-06 06:46:05.367,0.5,1.7,1.2,1.6,27,455,7.51,19.78
2026-06-06 06:46:05.852,0.5,1.7,1.1,1.6,38,448,7.35,19.88
2026-06-06 06:46:06.350,0.4,1.7,1.1,1.5,31,454,7.46,19.79
2026-06-06 06:46:06.831,0.5,1.7,1.2,1.4,23,455,7.57,19.78
2026-06-06 06:46:07.331,0.5,1.7,1.2,1.3,40,457,7.32,19.75
2026-06-06 06:46:07.833,0.4,1.7,1.2,1.4,15,427,7.69,20.19
2026-06-06 06:46:08.319,0.5,1.7,1.1,1.4,52,455,7.15,19.78
2026-06-06 06:46:08.817,0.7,1.7,1.0,1.3,129,455,6.02,19.78
2026-06-06 06:46:09.368,0.8,1.7,1.0,1.3,199,457,5.00,19.75
2026-06-06 06:46:09.854,0.8,1.7,0.9,1.3,223,455,4.64,19.78
2026-06-06 06:46:10.366,1.0,1.7,0.9,1.3,307,455,3.41,19.78
2026-06-06 06:46:10.867,1.0,1.7,0.9,1.3,333,455,3.03,19.78
2026-06-06 06:46:11.379,0.8,1.7,0.8,1.3,283,448,3.76,19.88
2026-06-06 06:46:11.861,0.8,1.7,0.8,1.5,235,457,4.47,19.75
2026-06-06 06:46:12.334,0.7,1.7,0.8,1.6,189,454,5.14,19.79
2026-06-06 06:46:12.831,0.6,1.7,1.0,1.6,140,456,5.86,19.76
2026-06-06 06:46:13.350,0.6,1.7,1.3,1.6,100,454,6.45,19.79
2026-06-06 06:46:13.850,0.5,1.7,1.5,1.7,61,455,7.02,19.78
2026-06-06 06:46:14.337,0.5,1.7,1.7,1.6,35,447,7.40,19.89
2026-06-06 06:46:14.818,0.5,1.7,1.8,1.6,32,455,7.44,19.78
2026-06-06 06:46:15.816,0.6,1.7,2.5,1.5,65,447,6.96,19.89
2026-06-06 06:46:15.871,0.7,1.7,3.5,1.4,148,455,5.74,19.78
2026-06-06 06:46:16.367,0.8,1.7,3.5,1.3,225,456,4.61,19.76
2026-06-06 06:46:16.849,0.9,1.7,2.9,1.2,299,454,3.53,19.79
2026-06-06 06:46:17.317,1.1,1.7,2.5,1.2,379,453,2.36,19.80
2026-06-06 06:46:17.869,1.1,1.7,2.2,1.3,427,455,1.66,19.78
2026-06-06 06:46:18.351,1.1,1.7,2.1,1.4,440,456,1.46,19.76
2026-06-06 06:46:18.853,1.1,1.7,2.1,1.5,420,456,1.76,19.76
2026-06-06 06:46:19.351,1.0,1.7,2.1,1.5,388,456,2.23,19.76
2026-06-06 06:46:19.848,1.0,1.7,2.4,1.5,380,455,2.34,19.78
2026-06-06 06:46:20.349,1.0,1.7,2.5,1.6,353,454,2.74,19.79
2026-06-06 06:46:20.849,0.9,1.7,2.8,1.7,315,455,3.30,19.78
2026-06-06 06:46:21.349,0.8,1.7,3.1,1.8,266,408,4.01,20.46
2026-06-06 06:46:21.852,0.7,1.7,2.8,1.8,206,455,4.89,19.78
2026-06-06 06:46:22.347,0.6,1.7,2.6,1.7,134,457,5.95,19.75
2026-06-06 06:46:22.912,0.5,1.7,2.4,1.6,84,619,6.68,17.37
2026-06-06 06:46:23.854,0.5,1.7,2.3,1.5,56,618,7.09,17.39
2026-06-06 06:46:23.854,0.4,1.7,2.3,1.5,21,620,7.60,17.36
2026-06-06 06:46:24.336,0.4,1.7,2.3,1.6,2,619,7.88,17.37
2026-06-06 06:46:24.818,0.4,1.7,2.8,1.7,0,491,7.91,19.25
2026-06-06 06:46:25.352,0.4,1.7,2.5,1.6,23,406,7.57,20.49
2026-06-06 06:46:25.852,0.6,1.7,2.2,1.7,58,429,7.06,20.16
2026-06-06 06:46:26.362,0.5,1.7,2.3,1.8,74,458,6.83,19.73
2026-06-06 06:46:26.839,0.5,1.7,2.2,1.9,73,461,6.84,19.69
2026-06-06 06:46:27.854,0.5,1.7,2.1,1.7,68,456,6.91,19.76
2026-06-06 06:46:27.855,0.5,1.7,2.0,1.5,64,457,6.97,19.75
2026-06-06 06:46:28.354,0.5,1.7,2.0,1.3,63,456,6.99,19.76
2026-06-06 06:46:28.867,0.5,1.7,2.0,1.1,74,457,6.83,19.75
2026-06-06 06:46:29.336,0.5,1.7,2.0,1.1,63,455,6.99,19.78
2026-06-06 06:46:29.837,0.4,1.7,1.9,1.1,35,456,7.40,19.76
2026-06-06 06:46:30.341,0.4,1.7,1.7,1.3,13,448,7.72,19.88
2026-06-06 06:46:30.868,0.4,1.7,1.6,1.2,23,447,7.57,19.89
2026-06-06 06:46:31.318,0.5,1.7,1.4,1.3,44,456,7.27,19.76
2026-06-06 06:46:31.818,0.5,1.7,1.2,1.3,57,448,7.08,19.88
2026-06-06 06:46:32.318,0.5,1.7,1.1,1.4,60,456,7.03,19.76
2026-06-06 06:46:32.817,0.6,1.7,1.0,1.4,72,457,6.86,19.75
2026-06-06 06:46:33.319,0.5,1.7,0.9,1.5,75,457,6.81,19.75
2026-06-06 06:46:33.839,0.5,1.7,0.9,1.6,77,448,6.78,19.88
2026-06-06 06:46:34.335,0.5,1.7,1.0,1.6,72,455,6.86,19.78
2026-06-06 06:46:34.838,0.6,1.7,1.2,1.7,72,457,6.86,19.75
2026-06-06 06:46:35.339,0.6,1.7,1.3,1.8,114,455,6.24,19.78
2026-06-06 06:46:35.839,0.6,1.7,1.3,1.8,110,457,6.30,19.75
2026-06-06 06:46:36.344,0.5,1.7,1.2,1.8,76,459,6.80,19.72
2026-06-06 06:46:36.842,0.4,1.7,1.1,1.8,32,446,7.44,19.91
2026-06-06 06:46:37.336,0.4,1.7,1.2,1.8,9,447,7.78,19.89
2026-06-06 06:46:37.838,0.4,1.7,1.2,1.8,0,454,7.91,19.79
2026-06-06 06:46:38.353,0.5,1.7,1.2,1.8,21,432,7.60,20.11
2026-06-06 06:46:38.817,0.5,1.7,1.1,1.8,48,440,7.21,20.00
2026-06-06 06:46:39.352,0.5,1.7,0.9,1.7,39,505,7.34,19.04
2026-06-06 06:46:39.848,0.5,1.7,0.9,1.7,40,508,7.32,19.00
2026-06-06 06:46:40.347,0.4,1.7,0.8,1.7,9,618,7.78,17.39
2026-06-06 06:46:40.853,0.4,1.7,0.8,1.7,0,619,7.91,17.37
2026-06-06 06:46:41.354,0.4,1.7,0.8,1.7,5,600,7.84,17.65
2026-06-06 06:46:41.838,0.4,1.7,0.8,1.6,14,582,7.71,17.92
2026-06-06 06:46:42.853,0.5,1.7,0.9,1.5,25,583,7.54,17.90
2026-06-06 06:46:42.854,0.4,1.7,0.9,1.5,13,584,7.72,17.89
2026-06-06 06:46:43.353,0.4,1.7,0.8,1.5,0,584,7.91,17.89
2026-06-06 06:46:43.850,0.4,1.7,0.8,1.4,0,588,7.91,17.83
2026-06-06 06:46:44.364,0.4,1.7,0.8,1.4,1,584,7.90,17.89
2026-06-06 06:46:44.831,0.4,1.7,0.8,1.3,5,584,7.84,17.89
2026-06-06 06:46:45.337,0.4,1.7,0.9,1.3,8,585,7.79,17.87
2026-06-06 06:46:45.844,0.4,1.7,1.0,1.3,15,586,7.69,17.86
2026-06-06 06:46:46.334,0.4,1.7,1.0,1.2,6,586,7.82,17.86
2026-06-06 06:46:46.834,0.4,1.7,1.0,1.3,0,590,7.91,17.80
2026-06-06 06:46:47.338,0.4,1.7,1.1,1.3,0,600,7.91,17.65
2026-06-06 06:46:48.352,0.4,1.7,1.1,1.2,0,589,7.91,17.81
2026-06-06 06:46:48.353,0.4,1.7,1.1,1.3,1,582,7.90,17.92
2026-06-06 06:46:48.866,0.4,1.7,1.0,1.4,5,448,7.84,19.88
2026-06-06 06:46:49.367,0.4,1.7,1.1,1.4,15,455,7.69,19.78
2026-06-06 06:46:49.867,0.4,1.7,1.1,1.4,6,455,7.82,19.78
2026-06-06 06:46:50.347,0.4,1.7,1.2,1.5,2,455,7.88,19.78
2026-06-06 06:46:50.834,0.4,1.7,1.3,1.4,4,455,7.85,19.78
2026-06-06 06:46:51.317,0.4,1.7,1.4,1.6,3,456,7.87,19.76
2026-06-06 06:46:51.872,0.4,1.7,1.4,1.8,2,455,7.88,19.78
2026-06-06 06:46:52.369,0.5,1.7,1.5,1.9,18,445,7.65,19.92
2026-06-06 06:46:52.854,0.5,1.7,1.5,2.0,63,454,6.99,19.79
2026-06-06 06:46:53.338,0.5,1.7,1.6,2.0,63,454,6.99,19.79
2026-06-06 06:46:53.869,0.4,1.7,1.6,1.9,34,455,7.41,19.78
2026-06-06 06:46:54.352,0.4,1.7,1.6,2.0,2,457,7.88,19.75
2026-06-06 06:46:54.850,0.4,1.7,1.6,2.0,1,446,7.90,19.91
2026-06-06 06:46:55.351,0.4,1.7,1.7,2.0,0,458,7.91,19.73
2026-06-06 06:46:55.852,0.4,1.7,1.7,2.1,0,455,7.91,19.78
2026-06-06 06:46:56.383,0.4,1.7,1.7,1.9,8,447,7.79,19.89
2026-06-06 06:46:56.840,0.4,1.7,1.7,1.7,18,455,7.65,19.78
2026-06-06 06:46:57.342,0.5,1.7,1.4,1.6,61,455,7.02,19.78
2026-06-06 06:46:57.858,0.5,1.7,1.3,1.6,87,455,6.64,19.78
2026-06-06 06:46:58.357,0.5,1.7,1.3,1.7,57,456,7.08,19.76
2026-06-06 06:46:58.867,0.5,1.7,1.3,1.8,65,455,6.96,19.78
2026-06-06 06:46:59.368,0.6,1.7,1.5,1.7,85,446,6.67,19.91
2026-06-06 06:46:59.818,0.5,1.7,1.6,1.7,79,448,6.75,19.88
2026-06-06 06:47:00.367,0.5,1.7,1.6,1.7,68,454,6.91,19.79
2026-06-06 06:47:00.816,0.5,1.7,1.4,1.7,43,457,7.28,19.75
2026-06-06 06:47:01.318,0.5,1.7,1.2,1.8,43,457,7.28,19.75
2026-06-06 06:47:01.867,0.5,1.7,1.2,1.9,32,448,7.44,19.88
2026-06-06 06:47:02.368,0.6,1.7,1.1,1.8,114,458,6.24,19.73
2026-06-06 06:47:02.868,0.6,1.7,1.1,1.8,141,447,5.84,19.89
2026-06-06 06:47:03.336,0.6,1.7,1.0,1.8,118,455,6.18,19.78
2026-06-06 06:47:03.837,0.6,1.7,0.9,1.8,110,454,6.30,19.79
2026-06-06 06:47:04.334,0.6,1.7,0.9,1.8,126,456,6.06,19.76
2026-06-06 06:47:04.836,0.6,1.7,0.8,1.8,105,454,6.37,19.79
2026-06-06 06:47:05.334,0.5,1.7,0.8,1.7,79,456,6.75,19.76
2026-06-06 06:47:05.834,0.5,1.7,0.9,1.6,57,448,7.08,19.88
2026-06-06 06:47:06.330,0.5,1.7,1.0,1.7,40,445,7.32,19.92
2026-06-06 06:47:06.880,0.5,1.7,1.2,1.7,36,460,7.38,19.70
2026-06-06 06:47:07.362,0.6,1.7,1.3,1.6,100,456,6.45,19.76
2026-06-06 06:47:07.832,0.6,1.7,1.3,1.5,136,455,5.92,19.78
2026-06-06 06:47:08.334,0.7,1.7,1.4,1.5,149,456,5.73,19.76
2026-06-06 06:47:08.837,0.7,1.7,1.4,1.4,175,446,5.35,19.91
2026-06-06 06:47:09.340,0.8,1.7,1.5,1.5,217,445,4.73,19.92
2026-06-06 06:47:10.348,0.8,1.7,1.5,1.4,217,447,4.73,19.89
2026-06-06 06:47:10.348,0.8,1.7,1.6,1.3,216,446,4.75,19.91
2026-06-06 06:47:10.847,0.8,1.7,1.6,1.3,240,453,4.39,19.80
2026-06-06 06:47:11.318,0.8,1.7,1.5,1.4,244,446,4.34,19.91
2026-06-06 06:47:11.818,0.7,1.7,1.6,1.4,215,447,4.76,19.89
2026-06-06 06:47:12.366,0.7,1.7,1.7,1.4,199,446,5.00,19.91
2026-06-06 06:47:12.848,0.7,1.7,1.8,1.5,194,447,5.07,19.89
2026-06-06 06:47:13.337,0.7,1.7,1.7,1.5,184,447,5.21,19.89
2026-06-06 06:47:14.036,0.8,1.7,1.7,1.5,184,447,5.21,19.89
2026-06-06 06:47:14.340,0.8,1.7,1.5,1.5,224,445,4.63,19.92
2026-06-06 06:47:14.341,0.7,1.7,1.3,1.4,216,446,4.75,19.91
2026-06-06 06:47:14.884,0.7,1.7,1.2,1.3,184,447,5.21,19.89
2026-06-06 06:47:15.339,0.7,1.7,1.1,1.4,169,447,5.43,19.89
2026-06-06 06:47:15.839,0.7,1.7,1.1,1.4,166,454,5.48,19.79
2026-06-06 06:47:16.339,0.6,1.7,1.1,1.4,119,455,6.17,19.78
2026-06-06 06:47:16.838,0.6,1.7,1.0,1.4,119,446,6.17,19.91
2026-06-06 06:47:17.338,0.6,1.7,0.9,1.5,144,448,5.80,19.88
2026-06-06 06:47:17.828,0.7,1.7,0.9,1.5,146,444,5.77,19.94
2026-06-06 06:47:18.337,0.7,1.7,0.9,1.5,182,447,5.24,19.89
2026-06-06 06:47:18.838,0.8,1.7,0.9,1.4,201,455,4.97,19.78
2026-06-06 06:47:19.342,0.8,1.7,0.9,1.3,222,445,4.66,19.92
2026-06-06 06:47:19.838,0.8,1.7,0.9,1.2,220,447,4.69,19.89
2026-06-06 06:47:20.330,0.8,1.7,0.9,1.1,237,456,4.44,19.76
2026-06-06 06:47:20.838,0.8,1.7,0.8,1.1,248,446,4.28,19.91
2026-06-06 06:47:21.335,0.8,1.7,0.8,1.1,237,446,4.44,19.91
2026-06-06 06:47:21.881,0.8,1.7,0.8,1.1,231,448,4.53,19.88
2026-06-06 06:47:22.317,0.8,1.7,0.7,1.1,212,446,4.80,19.91
2026-06-06 06:47:22.878,0.7,1.7,0.7,1.0,198,445,5.01,19.92
2026-06-06 06:47:23.318,0.7,1.7,0.7,1.0,192,454,5.10,19.79
2026-06-06 06:47:23.865,0.7,1.7,0.7,0.9,182,447,5.24,19.89
2026-06-06 06:47:24.365,0.7,1.7,0.6,0.9,158,447,5.60,19.89
2026-06-06 06:47:24.864,0.7,1.7,0.7,0.8,175,447,5.35,19.89
2026-06-06 06:47:25.361,0.7,1.7,0.8,0.9,187,448,5.17,19.88
2026-06-06 06:47:25.878,0.7,1.7,0.8,1.1,190,446,5.13,19.91
2026-06-06 06:47:26.315,0.7,1.7,0.9,1.2,170,446,5.42,19.91
2026-06-06 06:47:26.837,0.6,1.7,0.9,1.2,137,453,5.90,19.80
2026-06-06 06:47:27.360,0.6,1.7,0.9,1.2,114,444,6.24,19.94
2026-06-06 06:47:27.868,0.6,1.7,0.9,1.2,110,445,6.30,19.92
2026-06-06 06:47:28.383,0.6,1.7,0.9,1.2,122,447,6.12,19.89
2026-06-06 06:47:28.837,0.6,1.7,0.9,1.3,126,444,6.06,19.94
2026-06-06 06:47:29.367,0.6,1.7,0.8,1.4,130,446,6.01,19.91
2026-06-06 06:47:29.852,0.6,1.7,0.8,1.5,120,454,6.15,19.79
2026-06-06 06:47:30.348,0.6,1.7,0.8,1.5,112,447,6.27,19.89
2026-06-06 06:47:30.837,0.7,1.7,0.8,1.6,128,457,6.04,19.75
2026-06-06 06:47:31.334,0.8,1.7,0.8,1.6,221,446,4.67,19.91
2026-06-06 06:47:31.834,0.8,1.7,0.8,1.6,242,442,4.37,19.97
2026-06-06 06:47:32.334,0.8,1.7,0.9,1.7,221,431,4.67,20.13
2026-06-06 06:47:32.834,0.7,1.7,1.0,1.7,214,438,4.78,20.02
2026-06-06 06:47:33.335,0.7,1.7,1.0,1.7,176,441,5.33,19.98
2026-06-06 06:47:33.834,0.6,1.7,1.1,1.7,145,431,5.79,20.13
2026-06-06 06:47:34.378,0.6,1.7,1.1,1.8,106,430,6.36,20.14
2026-06-06 06:47:34.831,0.5,1.7,1.1,1.8,68,439,6.91,20.01
2026-06-06 06:47:35.367,0.5,1.7,1.1,1.7,79,431,6.75,20.13
2026-06-06 06:47:36.363,0.5,1.7,1.0,1.7,81,438,6.72,20.02
2026-06-06 06:47:36.365,0.5,1.7,1.0,1.6,59,432,7.05,20.11
2026-06-06 06:47:36.834,0.4,1.7,1.0,1.7,35,429,7.40,20.16
2026-06-06 06:47:37.334,0.5,1.7,1.0,1.7,25,430,7.54,20.14
2026-06-06 06:47:37.835,0.4,1.7,1.0,1.7,16,431,7.68,20.13
2026-06-06 06:47:38.367,0.5,1.7,1.1,1.6,52,439,7.15,20.01
2026-06-06 06:47:38.831,0.5,1.7,1.2,1.5,75,429,6.81,20.16
2026-06-06 06:47:39.365,0.6,1.7,1.3,1.4,92,437,6.56,20.04
2026-06-06 06:47:39.869,0.6,1.7,1.2,1.4,89,425,6.61,20.21
2026-06-06 06:47:40.838,0.6,1.7,1.2,1.4,94,431,6.53,20.13
2026-06-06 06:47:40.838,0.6,1.7,1.2,1.3,120,430,6.15,20.14
2026-06-06 06:47:41.319,0.6,1.7,1.3,1.2,126,429,6.06,20.16
2026-06-06 06:47:42.365,0.6,1.7,1.3,1.1,129,429,6.02,20.16
2026-06-06 06:47:42.366,0.7,1.7,1.4,1.1,139,429,5.87,20.16
2026-06-06 06:47:42.853,0.6,1.7,1.3,1.0,146,430,5.77,20.14
2026-06-06 06:47:43.348,0.7,1.7,1.3,1.1,153,429,5.67,20.16
2026-06-06 06:47:44.365,0.7,1.7,1.3,1.1,158,430,5.60,20.14
2026-06-06 06:47:44.365,0.8,1.7,1.4,1.3,190,432,5.13,20.11
2026-06-06 06:47:44.867,0.9,1.7,1.4,1.4,255,430,4.17,20.14
2026-06-06 06:47:45.363,1.0,1.7,1.4,1.3,339,430,2.94,20.14
2026-06-06 06:47:45.829,0.9,1.7,1.4,1.4,322,431,3.19,20.13
2026-06-06 06:47:46.361,0.8,1.7,1.3,1.4,276,430,3.87,20.14
2026-06-06 06:47:46.868,0.7,1.7,1.3,1.3,221,429,4.67,20.16
2026-06-06 06:47:47.326,0.7,1.7,1.3,1.3,179,432,5.29,20.11
2026-06-06 06:47:47.841,0.6,1.7,1.2,1.2,133,430,5.96,20.14
2026-06-06 06:47:48.340,0.6,1.7,1.3,1.2,107,429,6.34,20.16
2026-06-06 06:47:48.841,0.5,1.7,1.3,1.2,86,429,6.65,20.16
2026-06-06 06:47:49.339,0.5,1.7,1.2,1.2,63,439,6.99,20.01
2026-06-06 06:47:49.848,0.5,1.7,1.2,1.2,42,427,7.29,20.19
2026-06-06 06:47:50.383,0.5,1.7,1.2,1.1,59,431,7.05,20.13
2026-06-06 06:47:50.818,0.6,1.7,1.2,1.0,109,430,6.31,20.14
2026-06-06 06:47:51.359,0.7,1.7,1.2,1.0,146,431,5.77,20.13
2026-06-06 06:47:51.867,0.6,1.7,1.1,1.0,149,430,5.73,20.14
2026-06-06 06:47:52.368,0.7,1.7,1.0,1.0,152,431,5.68,20.13
2026-06-06 06:47:52.877,0.7,1.7,1.0,1.0,149,431,5.73,20.13
2026-06-06 06:47:53.331,0.6,1.7,1.0,1.0,141,429,5.84,20.16
2026-06-06 06:47:53.828,0.6,1.7,1.0,1.0,122,430,6.12,20.14
2026-06-06 06:47:54.339,0.6,1.7,1.1,1.1,120,428,6.15,20.17
2026-06-06 06:47:54.840,0.6,1.7,1.3,1.2,132,429,5.98,20.16
2026-06-06 06:47:55.367,0.6,1.7,1.5,1.4,111,429,6.28,20.16
2026-06-06 06:47:55.870,0.5,1.7,1.7,1.5,79,430,6.75,20.14
2026-06-06 06:47:56.370,0.6,1.7,1.8,1.7,83,428,6.69,20.17
2026-06-06 06:47:56.867,0.7,1.7,1.9,1.8,123,440,6.11,20.00
2026-06-06 06:47:57.369,0.6,1.7,2.0,1.9,150,430,5.71,20.14
2026-06-06 06:47:57.869,0.6,1.7,2.0,2.0,121,440,6.14,20.00
2026-06-06 06:47:58.366,0.6,1.7,2.0,2.0,120,429,6.15,20.16
2026-06-06 06:47:58.867,0.5,1.7,1.9,1.8,102,430,6.42,20.14
2026-06-06 06:47:59.368,0.5,1.7,1.9,1.7,68,428,6.91,20.17
2026-06-06 06:47:59.866,0.5,1.7,1.6,1.6,43,430,7.28,20.14
2026-06-06 06:48:00.368,0.5,1.7,1.6,1.5,32,430,7.44,20.14
2026-06-06 06:48:00.830,0.4,1.7,1.8,1.5,19,429,7.63,20.16
2026-06-06 06:48:01.317,0.4,1.7,1.9,1.5,4,430,7.85,20.14
2026-06-06 06:48:01.861,0.4,1.7,1.9,1.5,1,438,7.90,20.02
2026-06-06 06:48:02.360,0.5,1.7,1.6,1.6,28,430,7.50,20.14
2026-06-06 06:48:03.338,0.5,1.7,1.4,1.5,50,431,7.18,20.13
2026-06-06 06:48:03.339,0.5,1.7,1.3,1.5,56,438,7.09,20.02
2026-06-06 06:48:03.837,0.5,1.7,1.2,1.6,54,431,7.12,20.13
2026-06-06 06:48:04.336,0.5,1.7,1.2,1.6,38,430,7.35,20.14
2026-06-06 06:48:04.864,0.5,1.7,1.4,1.7,41,427,7.31,20.19
2026-06-06 06:48:05.364,0.5,1.7,1.5,1.6,48,429,7.21,20.16
2026-06-06 06:48:06.334,0.5,1.7,1.6,1.6,42,429,7.29,20.16
2026-06-06 06:48:06.335,0.4,1.7,1.6,1.6,26,436,7.53,20.05
2026-06-06 06:48:06.839,0.4,1.7,1.7,1.6,14,429,7.71,20.16
2026-06-06 06:48:07.344,0.4,1.7,1.7,1.5,1,429,7.90,20.16
2026-06-06 06:48:07.839,0.4,1.7,1.7,1.4,1,430,7.90,20.14
2026-06-06 06:48:08.341,0.4,1.7,1.5,1.5,0,426,7.91,20.20
2026-06-06 06:48:08.867,0.4,1.7,1.5,1.4,1,431,7.90,20.13
2026-06-06 06:48:09.316,0.4,1.7,1.4,1.4,6,428,7.82,20.17
2026-06-06 06:48:10.068,0.4,1.7,1.4,1.4,6,428,7.82,20.17
2026-06-06 06:48:10.319,0.4,1.7,1.4,1.4,7,430,7.81,20.14
2026-06-06 06:48:10.384,0.4,1.7,1.3,1.4,0,430,7.91,20.14
2026-06-06 06:48:10.883,0.4,1.7,1.2,1.4,1,430,7.90,20.14
2026-06-06 06:48:11.318,0.4,1.7,1.3,1.3,0,427,7.91,20.19
2026-06-06 06:48:11.838,0.4,1.7,1.4,1.3,0,430,7.91,20.14
2026-06-06 06:48:12.367,0.4,1.7,1.4,1.3,0,430,7.91,20.14
2026-06-06 06:48:12.868,0.4,1.7,1.4,1.3,0,430,7.91,20.14
2026-06-06 06:48:13.349,0.4,1.7,1.5,1.3,0,428,7.91,20.17
2026-06-06 06:48:13.849,0.4,1.7,1.6,1.3,0,430,7.91,20.14
2026-06-06 06:48:14.346,0.4,1.7,1.6,1.4,2,432,7.88,20.11
2026-06-06 06:48:14.832,0.4,1.7,1.7,1.4,4,431,7.85,20.13
2026-06-06 06:48:15.331,0.4,1.7,1.7,1.4,3,429,7.87,20.16
2026-06-06 06:48:15.837,0.4,1.7,1.7,1.4,1,430,7.90,20.14
2026-06-06 06:48:16.350,0.4,1.7,1.7,1.4,2,430,7.88,20.14
2026-06-06 06:48:16.863,0.4,1.7,1.6,1.4,1,431,7.90,20.13
2026-06-06 06:48:17.348,0.4,1.7,1.5,1.4,0,430,7.91,20.14
2026-06-06 06:48:17.853,0.4,1.7,1.5,1.5,5,431,7.84,20.13
2026-06-06 06:48:18.334,0.4,1.7,1.5,1.5,12,430,7.73,20.14
2026-06-06 06:48:18.835,0.4,1.7,1.4,1.5,3,430,7.87,20.14
2026-06-06 06:48:19.318,0.4,1.7,1.4,1.5,0,431,7.91,20.13
2026-06-06 06:48:19.881,0.4,1.7,1.4,1.5,0,430,7.91,20.14
2026-06-06 06:48:20.318,0.4,1.7,1.4,1.6,1,431,7.90,20.13
2026-06-06 06:48:20.880,0.4,1.7,1.4,1.5,2,430,7.88,20.14
2026-06-06 06:48:21.337,0.4,1.7,1.4,1.5,2,429,7.88,20.16
2026-06-06 06:48:21.838,0.4,1.7,1.4,1.5,3,431,7.87,20.13
2026-06-06 06:48:22.333,0.4,1.7,1.4,1.4,0,439,7.91,20.01
2026-06-06 06:48:22.842,0.4,1.7,1.4,1.3,0,431,7.91,20.13
2026-06-06 06:48:23.349,0.4,1.7,1.3,1.3,1,432,7.90,20.11
2026-06-06 06:48:23.867,0.4,1.7,1.3,1.3,0,431,7.91,20.13
2026-06-06 06:48:24.367,0.4,1.7,1.3,1.3,0,432,7.91,20.11
2026-06-06 06:48:24.864,0.4,1.7,1.4,1.2,0,430,7.91,20.14
2026-06-06 06:48:25.348,0.4,1.7,1.5,1.1,0,430,7.91,20.14
2026-06-06 06:48:25.838,0.4,1.7,1.5,1.0,3,430,7.87,20.14
2026-06-06 06:48:26.336,0.4,1.7,1.4,1.1,17,431,7.66,20.13
2026-06-06 06:48:26.828,0.5,1.7,1.3,1.2,31,439,7.46,20.01
2026-06-06 06:48:27.328,0.5,1.7,1.3,1.3,38,430,7.35,20.14
2026-06-06 06:48:28.347,0.4,1.7,1.2,1.2,25,431,7.54,20.13
2026-06-06 06:48:28.348,0.4,1.7,1.2,1.1,5,430,7.84,20.14
2026-06-06 06:48:28.852,0.4,1.7,1.2,1.0,1,440,7.90,20.00
2026-06-06 06:48:29.346,0.4,1.7,1.2,1.0,6,430,7.82,20.14
2026-06-06 06:48:29.831,0.4,1.7,1.2,1.0,4,430,7.85,20.14
2026-06-06 06:48:30.346,0.4,1.7,1.2,1.0,0,431,7.91,20.13
2026-06-06 06:48:30.860,0.4,1.7,1.1,1.1,1,429,7.90,20.16
2026-06-06 06:48:31.366,0.4,1.7,1.1,1.2,1,432,7.90,20.11
2026-06-06 06:48:31.817,0.4,1.7,1.0,1.2,4,430,7.85,20.14
2026-06-06 06:48:32.336,0.4,1.7,0.9,1.1,2,430,7.88,20.14
2026-06-06 06:48:32.882,0.4,1.7,1.0,1.3,0,430,7.91,20.14
2026-06-06 06:48:33.366,0.4,1.7,1.1,1.4,1,430,7.90,20.14
2026-06-06 06:48:33.856,0.4,1.7,1.2,1.4,0,431,7.91,20.13
2026-06-06 06:48:34.332,0.4,1.7,1.2,1.5,0,438,7.91,20.02
2026-06-06 06:48:34.839,0.4,1.7,1.3,1.6,0,430,7.91,20.14
2026-06-06 06:48:35.343,0.4,1.7,1.3,1.6,4,430,7.85,20.14
2026-06-06 06:48:35.868,0.4,1.7,1.3,1.6,0,430,7.91,20.14
2026-06-06 06:48:36.371,0.4,1.7,1.3,1.6,0,438,7.91,20.02
2026-06-06 06:48:36.837,0.4,1.7,1.2,1.6,0,430,7.91,20.14
2026-06-06 06:48:37.368,0.4,1.7,1.3,1.5,0,430,7.91,20.14
2026-06-06 06:48:37.871,0.4,1.7,1.3,1.4,0,432,7.91,20.11
2026-06-06 06:48:38.351,0.4,1.7,1.3,1.3,0,430,7.91,20.14
2026-06-06 06:48:39.358,0.4,1.7,1.3,1.2,0,431,7.91,20.13
2026-06-06 06:48:39.359,0.4,1.7,1.3,1.2,0,442,7.91,19.97
2026-06-06 06:48:39.884,0.4,1.7,1.2,1.2,1,430,7.90,20.14
2026-06-06 06:48:40.317,0.4,1.7,1.3,1.3,2,431,7.88,20.13
2026-06-06 06:48:40.884,0.4,1.7,1.2,1.3,1,430,7.90,20.14
2026-06-06 06:48:41.383,0.4,1.7,1.1,1.3,0,429,7.91,20.16
2026-06-06 06:48:42.367,0.4,1.7,1.1,1.2,0,432,7.91,20.11
2026-06-06 06:48:42.368,0.4,1.7,1.2,1.2,0,430,7.91,20.14
2026-06-06 06:48:42.830,0.4,1.7,1.3,1.2,14,430,7.71,20.14
2026-06-06 06:48:43.337,0.4,1.7,1.3,1.3,3,429,7.87,20.16
2026-06-06 06:48:43.842,0.4,1.7,1.4,1.4,1,429,7.90,20.16
2026-06-06 06:48:44.342,0.4,1.7,1.5,1.5,0,430,7.91,20.14
2026-06-06 06:48:44.838,0.6,1.7,1.5,1.5,60,429,7.03,20.16
2026-06-06 06:48:45.317,0.8,1.7,1.5,1.5,192,423,5.10,20.24
2026-06-06 06:48:45.867,0.8,1.7,1.4,1.6,235,430,4.47,20.14
2026-06-06 06:48:46.367,0.8,1.7,1.4,1.5,258,429,4.13,20.16
2026-06-06 06:48:46.867,0.8,1.7,1.4,1.5,255,431,4.17,20.13
2026-06-06 06:48:47.366,0.9,1.7,1.4,1.6,257,431,4.15,20.13
2026-06-06 06:48:47.866,1.0,1.7,1.3,1.5,310,438,3.37,20.02
2026-06-06 06:48:48.366,0.9,1.7,1.3,1.5,318,430,3.25,20.14
2026-06-06 06:48:48.866,0.8,1.7,1.2,1.4,272,430,3.93,20.14
2026-06-06 06:48:49.363,0.8,1.7,1.0,1.3,236,430,4.45,20.14
2026-06-06 06:48:49.831,0.7,1.7,0.9,1.2,197,429,5.02,20.16
2026-06-06 06:48:50.379,0.7,1.7,0.8,1.2,197,429,5.02,20.16
2026-06-06 06:48:50.846,0.7,1.7,0.7,1.3,191,430,5.11,20.14
2026-06-06 06:48:51.357,0.7,1.7,0.6,1.4,191,430,5.11,20.14
2026-06-06 06:48:51.858,0.8,1.7,0.6,1.5,222,430,4.66,20.14
2026-06-06 06:48:52.378,0.7,1.7,0.6,1.5,212,438,4.80,20.02
2026-06-06 06:48:52.862,0.7,1.7,0.6,1.5,191,431,5.11,20.13
2026-06-06 06:48:53.337,0.6,1.7,0.6,1.4,158,428,5.60,20.17
2026-06-06 06:48:53.839,0.6,1.7,0.6,1.3,133,431,5.96,20.13
2026-06-06 06:48:54.342,0.6,1.7,0.6,1.3,129,430,6.02,20.14
2026-06-06 06:48:54.837,0.6,1.7,0.6,1.2,120,429,6.15,20.16
2026-06-06 06:48:55.338,0.5,1.7,0.7,1.2,93,439,6.55,20.01
2026-06-06 06:48:55.839,0.5,1.7,0.7,1.2,65,439,6.96,20.01
2026-06-06 06:48:56.335,0.5,1.7,0.7,1.4,38,430,7.35,20.14
2026-06-06 06:48:56.839,0.4,1.7,0.8,1.4,17,430,7.66,20.14
2026-06-06 06:48:57.386,0.4,1.7,0.9,1.5,2,428,7.88,20.17
2026-06-06 06:48:57.867,0.4,1.7,0.9,1.5,0,431,7.91,20.13
2026-06-06 06:48:58.368,0.4,1.7,1.0,1.5,0,430,7.91,20.14
2026-06-06 06:48:58.848,0.4,1.7,1.1,1.7,1,432,7.90,20.11
2026-06-06 06:48:59.337,0.4,1.7,1.1,1.7,6,440,7.82,20.00
2026-06-06 06:48:59.870,0.4,1.7,1.2,1.8,1,431,7.90,20.13
2026-06-06 06:49:00.350,0.4,1.7,1.2,1.7,0,441,7.91,19.98
2026-06-06 06:49:01.337,0.4,1.7,1.2,1.7,0,438,7.91,20.02
2026-06-06 06:49:01.338,0.4,1.7,1.3,1.7,0,430,7.91,20.14
2026-06-06 06:49:01.835,0.4,1.7,1.4,1.7,0,429,7.91,20.16
2026-06-06 06:49:02.334,0.4,1.7,1.6,1.8,0,431,7.91,20.13
2026-06-06 06:49:02.835,0.4,1.7,1.8,1.8,1,430,7.90,20.14
2026-06-06 06:49:03.333,0.4,1.7,1.9,1.8,9,432,7.78,20.11
2026-06-06 06:49:03.833,0.4,1.7,1.9,1.8,2,440,7.88,20.00
2026-06-06 06:49:04.369,0.4,1.7,1.9,1.8,0,430,7.91,20.14
2026-06-06 06:49:04.859,0.4,1.7,1.9,1.8,10,440,7.76,20.00
2026-06-06 06:49:05.359,0.4,1.7,1.8,1.7,2,430,7.88,20.14
2026-06-06 06:49:05.866,0.4,1.7,1.7,1.7,0,431,7.91,20.13
2026-06-06 06:49:06.350,0.4,1.7,1.6,1.6,0,431,7.91,20.13
2026-06-06 06:49:06.854,0.4,1.7,1.5,1.7,0,431,7.91,20.13
2026-06-06 06:49:07.349,0.4,1.7,1.7,1.7,0,438,7.91,20.02
2026-06-06 06:49:07.851,0.4,1.7,1.8,1.7,1,430,7.90,20.14
2026-06-06 06:49:08.348,0.4,1.7,1.6,1.6,0,428,7.91,20.17
2026-06-06 06:49:08.838,0.4,1.7,1.6,1.4,0,429,7.91,20.16
2026-06-06 06:49:09.359,0.4,1.7,1.6,1.3,0,440,7.91,20.00
2026-06-06 06:49:09.880,0.4,1.7,1.5,1.2,0,439,7.91,20.01
2026-06-06 06:49:10.380,0.4,1.7,1.6,1.3,0,430,7.91,20.14
2026-06-06 06:49:10.880,0.4,1.7,1.6,1.3,0,429,7.91,20.16
2026-06-06 06:49:11.348,0.4,1.7,1.7,1.4,0,432,7.91,20.11
2026-06-06 06:49:11.855,0.4,1.7,1.7,1.4,0,440,7.91,20.00
2026-06-06 06:49:12.360,0.4,1.7,1.7,1.4,0,431,7.91,20.13
2026-06-06 06:49:12.874,0.4,1.7,1.6,1.5,3,431,7.87,20.13
2026-06-06 06:49:13.371,0.4,1.7,1.7,1.5,0,430,7.91,20.14
2026-06-06 06:49:13.816,0.4,1.7,1.7,1.5,0,439,7.91,20.01
2026-06-06 06:49:14.850,0.4,1.7,1.8,1.5,8,430,7.79,20.14
2026-06-06 06:49:14.851,0.5,1.7,1.8,1.4,28,425,7.50,20.21
2026-06-06 06:49:15.350,0.5,1.7,1.8,1.4,33,429,7.43,20.16
2026-06-06 06:49:15.837,0.5,1.7,1.7,1.3,31,428,7.46,20.17
2026-06-06 06:49:16.838,0.5,1.7,1.7,1.3,43,430,7.28,20.14
2026-06-06 06:49:16.839,0.5,1.7,1.8,1.3,75,439,6.81,20.01
2026-06-06 06:49:17.337,0.5,1.7,1.8,1.4,61,437,7.02,20.04
2026-06-06 06:49:17.840,0.5,1.7,1.7,1.4,49,429,7.19,20.16
2026-06-06 06:49:18.379,0.5,1.7,1.5,1.4,35,430,7.40,20.14
2026-06-06 06:49:18.875,0.4,1.7,1.3,1.3,25,431,7.54,20.13
2026-06-06 06:49:19.338,0.4,1.7,1.2,1.3,6,429,7.82,20.16
2026-06-06 06:49:19.842,0.5,1.7,1.1,1.3,13,430,7.72,20.14
2026-06-06 06:49:20.342,0.4,1.7,1.0,1.3,26,430,7.53,20.14
2026-06-06 06:49:20.839,0.4,1.7,1.0,1.3,9,430,7.78,20.14
2026-06-06 06:49:21.341,0.4,1.7,0.9,1.2,21,430,7.60,20.14
2026-06-06 06:49:21.838,0.4,1.7,0.9,1.2,18,430,7.65,20.14
2026-06-06 06:49:22.320,0.4,1.7,0.9,1.2,2,430,7.88,20.14
2026-06-06 06:49:22.880,0.4,1.7,0.9,1.1,0,430,7.91,20.14
2026-06-06 06:49:23.367,0.4,1.7,0.9,1.1,0,429,7.91,20.16
2026-06-06 06:49:23.832,0.4,1.7,0.9,1.1,0,430,7.91,20.14
2026-06-06 06:49:24.331,0.4,1.7,0.9,1.2,1,428,7.90,20.17
2026-06-06 06:49:24.838,0.4,1.7,1.0,1.3,0,430,7.91,20.14
2026-06-06 06:49:25.360,0.4,1.7,1.0,1.3,0,425,7.91,20.21
2026-06-06 06:49:25.828,0.4,1.7,1.0,1.3,0,430,7.91,20.14
2026-06-06 06:49:26.335,0.4,1.7,1.0,1.3,0,430,7.91,20.14
2026-06-06 06:49:26.858,0.4,1.7,1.0,1.3,0,430,7.91,20.14
2026-06-06 06:49:27.330,0.4,1.7,1.0,1.3,2,429,7.88,20.16
2026-06-06 06:49:27.844,0.4,1.7,0.9,1.3,1,428,7.90,20.17
2026-06-06 06:49:28.351,0.4,1.7,0.9,1.3,0,430,7.91,20.14
2026-06-06 06:49:28.858,0.4,1.7,0.9,1.3,0,439,7.91,20.01
2026-06-06 06:49:29.368,0.4,1.7,0.9,1.3,0,437,7.91,20.04
2026-06-06 06:49:29.867,0.4,1.7,1.0,1.2,0,440,7.91,20.00
2026-06-06 06:49:30.370,0.4,1.7,1.0,1.2,0,438,7.91,20.02
2026-06-06 06:49:30.867,0.4,1.7,1.0,1.2,0,430,7.91,20.14
2026-06-06 06:49:31.338,0.4,1.7,1.0,1.3,0,431,7.91,20.13
2026-06-06 06:49:31.881,0.4,1.7,1.1,1.4,1,429,7.90,20.16
2026-06-06 06:49:32.380,0.4,1.7,1.1,1.6,1,431,7.90,20.13
2026-06-06 06:49:32.868,0.4,1.7,1.1,1.6,0,440,7.91,20.00
2026-06-06 06:49:33.365,0.4,1.7,1.1,1.6,0,432,7.91,20.11
2026-06-06 06:49:33.865,0.4,1.7,1.1,1.6,0,439,7.91,20.01
2026-06-06 06:49:34.364,0.4,1.7,1.0,1.5,0,438,7.91,20.02
2026-06-06 06:49:34.847,0.4,1.7,1.0,1.5,1,431,7.90,20.13
2026-06-06 06:49:35.350,0.4,1.7,0.9,1.5,1,431,7.90,20.13
2026-06-06 06:49:35.831,0.4,1.7,0.9,1.5,1,431,7.90,20.13
2026-06-06 06:49:36.348,0.4,1.7,0.9,1.5,0,431,7.91,20.13
2026-06-06 06:49:36.867,0.4,1.7,0.9,1.5,1,430,7.90,20.14
2026-06-06 06:49:37.351,0.4,1.7,0.9,1.5,0,429,7.91,20.16
2026-06-06 06:49:37.849,0.4,1.7,0.9,1.5,0,431,7.91,20.13
2026-06-06 06:49:38.351,0.4,1.7,0.9,1.5,0,431,7.91,20.13
2026-06-06 06:49:38.849,0.4,1.7,0.9,1.5,0,431,7.91,20.13
2026-06-06 06:49:39.348,0.4,1.7,0.8,1.5,0,429,7.91,20.16
2026-06-06 06:49:39.827,0.4,1.7,0.8,1.5,0,429,7.91,20.16
2026-06-06 06:49:40.349,0.4,1.7,0.7,1.7,0,429,7.91,20.16
2026-06-06 06:49:40.830,0.4,1.7,0.7,1.8,0,430,7.91,20.14
2026-06-06 06:49:41.337,0.4,1.7,0.7,1.9,0,431,7.91,20.13
2026-06-06 06:49:41.837,0.4,1.7,0.6,1.8,0,429,7.91,20.16
2026-06-06 06:49:42.339,0.4,1.7,0.6,1.7,0,432,7.91,20.11
2026-06-06 06:49:43.340,0.4,1.7,0.6,1.7,0,430,7.91,20.14
2026-06-06 06:49:43.341,0.4,1.7,0.6,1.6,0,440,7.91,20.00
2026-06-06 06:49:44.368,0.4,1.7,0.6,1.5,0,431,7.91,20.13
2026-06-06 06:49:44.369,0.4,1.7,0.6,1.4,1,429,7.90,20.16
2026-06-06 06:49:44.837,0.4,1.7,0.6,1.2,0,431,7.91,20.13
2026-06-06 06:49:45.334,0.4,1.7,0.6,1.2,5,430,7.84,20.14
2026-06-06 06:49:45.881,0.4,1.7,0.7,1.2,1,430,7.90,20.14
2026-06-06 06:49:46.385,0.4,1.7,0.7,1.2,0,429,7.91,20.16
2026-06-06 06:49:46.880,0.4,1.7,0.7,1.3,0,430,7.91,20.14
2026-06-06 06:49:47.383,0.4,1.7,0.6,1.3,0,429,7.91,20.16
2026-06-06 06:49:47.866,0.4,1.7,0.6,1.4,0,425,7.91,20.21
2026-06-06 06:49:48.368,0.4,1.7,0.6,1.4,1,431,7.90,20.13
2026-06-06 06:49:48.866,0.4,1.7,0.6,1.4,0,431,7.91,20.13
2026-06-06 06:49:49.369,0.4,1.7,0.6,1.4,0,431,7.91,20.13
2026-06-06 06:49:49.868,0.4,1.7,0.6,1.4,0,431,7.91,20.13
2026-06-06 06:49:50.365,0.4,1.7,0.6,1.4,0,431,7.91,20.13
2026-06-06 06:49:50.867,0.4,1.7,0.6,1.4,0,430,7.91,20.14
2026-06-06 06:49:51.332,0.4,1.7,0.5,1.5,7,430,7.81,20.14
2026-06-06 06:49:51.880,0.4,1.7,0.5,1.5,0,431,7.91,20.13
2026-06-06 06:49:52.360,0.4,1.7,0.5,1.6,0,430,7.91,20.14
2026-06-06 06:49:52.868,0.4,1.7,0.5,1.7,0,430,7.91,20.14
2026-06-06 06:49:53.372,0.4,1.7,0.5,1.8,0,439,7.91,20.01
2026-06-06 06:49:53.871,0.4,1.7,0.5,1.8,0,430,7.91,20.14
2026-06-06 06:49:54.382,0.4,1.7,0.5,1.7,0,430,7.91,20.14
2026-06-06 06:49:54.867,0.4,1.7,0.5,1.7,0,427,7.91,20.19
2026-06-06 06:49:55.368,0.4,1.7,0.5,1.6,0,429,7.91,20.16
2026-06-06 06:49:55.863,0.4,1.7,0.4,1.4,0,429,7.91,20.16
2026-06-06 06:49:56.364,0.4,1.7,0.5,1.3,0,430,7.91,20.14
2026-06-06 06:49:56.848,0.4,1.7,0.5,1.1,0,428,7.91,20.17
2026-06-06 06:49:57.337,0.4,1.7,0.5,1.1,0,430,7.91,20.14
2026-06-06 06:49:57.860,0.4,1.7,0.5,1.0,1,431,7.90,20.13
2026-06-06 06:49:58.358,0.4,1.7,0.5,1.0,7,430,7.81,20.14
2026-06-06 06:49:58.866,0.4,1.7,0.6,1.0,13,429,7.72,20.16
2026-06-06 06:49:59.361,0.4,1.7,0.6,1.0,14,426,7.71,20.20
2026-06-06 06:49:59.875,0.4,1.7,0.7,0.9,8,432,7.79,20.11
2026-06-06 06:50:00.367,0.4,1.7,0.8,0.8,11,431,7.75,20.13
2026-06-06 06:50:01.039,0.4,1.7,0.8,0.8,11,431,7.75,20.13
2026-06-06 06:50:01.373,0.4,1.7,0.9,0.8,25,431,7.54,20.13
2026-06-06 06:50:01.373,0.4,1.7,1.0,0.8,14,429,7.71,20.16
2026-06-06 06:50:01.870,0.4,1.7,1.1,0.8,3,439,7.87,20.01
2026-06-06 06:50:02.384,0.4,1.7,1.1,0.8,1,430,7.90,20.14
2026-06-06 06:50:02.890,0.4,1.7,1.2,0.8,1,429,7.90,20.16
2026-06-06 06:50:03.348,0.4,1.7,1.2,0.8,0,430,7.91,20.14
2026-06-06 06:50:03.870,0.4,1.7,1.1,0.9,0,429,7.91,20.16
2026-06-06 06:50:04.369,0.4,1.7,1.2,0.9,1,430,7.90,20.14
2026-06-06 06:50:04.870,0.4,1.7,1.2,0.9,9,430,7.78,20.14
2026-06-06 06:50:05.366,0.4,1.7,1.3,1.0,2,427,7.88,20.19
2026-06-06 06:50:05.872,0.5,1.7,1.3,1.2,27,430,7.51,20.14
2026-06-06 06:50:06.368,0.5,1.7,1.3,1.2,46,431,7.24,20.13
2026-06-06 06:50:06.866,0.5,1.7,1.3,1.3,43,431,7.28,20.13
2026-06-06 06:50:07.366,0.6,1.7,1.3,1.3,71,429,6.87,20.16
2026-06-06 06:50:07.866,0.7,1.7,1.2,1.3,161,431,5.55,20.13
2026-06-06 06:50:08.347,0.9,1.7,1.1,1.3,245,430,4.32,20.14
2026-06-06 06:50:08.837,1.0,1.7,1.1,1.2,320,430,3.22,20.14
2026-06-06 06:50:09.369,1.0,1.7,1.1,1.2,341,431,2.92,20.13
2026-06-06 06:50:09.869,1.0,1.7,1.1,1.1,345,430,2.86,20.14
2026-06-06 06:50:10.351,0.9,1.7,1.1,1.0,326,430,3.13,20.14
2026-06-06 06:50:10.849,0.9,1.7,1.1,1.0,309,429,3.38,20.16
2026-06-06 06:50:11.351,0.9,1.7,1.1,1.0,283,430,3.76,20.14
2026-06-06 06:50:11.856,0.9,1.7,1.1,1.2,257,430,4.15,20.14
2026-06-06 06:50:12.351,0.8,1.7,1.2,1.2,255,429,4.17,20.16
2026-06-06 06:50:12.852,0.8,1.7,1.3,1.4,241,430,4.38,20.14
2026-06-06 06:50:13.349,0.8,1.7,1.5,1.4,246,410,4.31,20.43
2026-06-06 06:50:13.849,0.8,1.7,1.5,1.4,227,441,4.58,19.98
2026-06-06 06:50:14.354,0.7,1.7,1.5,1.4,192,393,5.10,20.68
2026-06-06 06:50:14.850,0.7,1.7,1.7,1.4,163,431,5.52,20.13
2026-06-06 06:50:15.350,0.6,1.7,1.8,1.4,160,428,5.57,20.17
2026-06-06 06:50:15.862,0.6,1.7,1.9,1.3,109,429,6.31,20.16
2026-06-06 06:50:16.346,0.5,1.7,1.9,1.2,93,430,6.55,20.14
2026-06-06 06:50:17.360,0.4,1.7,1.8,1.2,51,430,7.16,20.14
2026-06-06 06:50:17.360,0.4,1.7,1.7,1.2,29,430,7.49,20.14
2026-06-06 06:50:17.860,0.5,1.7,1.6,1.3,28,429,7.50,20.16
2026-06-06 06:50:18.359,0.4,1.7,1.7,1.4,43,430,7.28,20.14
2026-06-06 06:50:18.867,0.4,1.7,1.6,1.4,13,430,7.72,20.14
2026-06-06 06:50:19.367,0.4,1.7,1.4,1.6,0,377,7.91,20.92
2026-06-06 06:50:19.870,0.4,1.7,1.3,1.7,1,428,7.90,20.17
2026-06-06 06:50:20.385,0.4,1.7,1.1,1.7,0,438,7.91,20.02
2026-06-06 06:50:20.856,0.4,1.7,1.0,1.8,0,430,7.91,20.14
2026-06-06 06:50:21.389,0.4,1.7,1.0,1.9,0,431,7.91,20.13
2026-06-06 06:50:21.869,0.4,1.7,0.8,1.8,0,429,7.91,20.16
2026-06-06 06:50:22.352,0.4,1.7,0.9,1.8,0,431,7.91,20.13
2026-06-06 06:50:22.886,0.4,1.7,0.9,1.9,0,429,7.91,20.16
2026-06-06 06:50:23.385,0.4,1.7,0.8,1.9,1,430,7.90,20.14
2026-06-06 06:50:23.870,0.5,1.7,0.7,1.8,3,441,7.87,19.98
2026-06-06 06:50:24.369,0.5,1.7,0.6,1.8,45,428,7.25,20.17
2026-06-06 06:50:24.854,0.5,1.7,0.5,1.8,57,431,7.08,20.13
2026-06-06 06:50:25.368,0.5,1.7,0.6,1.8,39,429,7.34,20.16
2026-06-06 06:50:25.868,0.4,1.7,0.6,1.7,27,437,7.51,20.04
2026-06-06 06:50:26.353,0.4,1.7,0.5,1.6,17,429,7.66,20.16
2026-06-06 06:50:26.887,0.4,1.7,0.5,1.5,4,439,7.85,20.01
2026-06-06 06:50:27.354,0.4,1.7,0.5,1.4,2,424,7.88,20.23
2026-06-06 06:50:27.868,0.4,1.7,0.5,1.3,0,429,7.91,20.16
2026-06-06 06:50:28.368,0.4,1.7,0.5,1.3,0,429,7.91,20.16
2026-06-06 06:50:28.840,0.4,1.7,0.5,1.3,0,429,7.91,20.16
2026-06-06 06:50:29.340,0.4,1.7,0.6,1.3,0,430,7.91,20.14
2026-06-06 06:50:29.872,0.4,1.7,0.7,1.2,0,428,7.91,20.17
2026-06-06 06:50:30.366,0.4,1.7,0.8,1.3,0,429,7.91,20.16
2026-06-06 06:50:30.859,0.4,1.7,0.9,1.3,0,428,7.91,20.17
2026-06-06 06:50:31.370,0.4,1.7,0.9,1.3,0,431,7.91,20.13
2026-06-06 06:50:31.867,0.4,1.7,0.8,1.3,0,431,7.91,20.13
2026-06-06 06:50:32.350,0.4,1.7,0.9,1.4,0,431,7.91,20.13
2026-06-06 06:50:32.855,0.4,1.7,1.0,1.4,0,430,7.91,20.14
2026-06-06 06:50:33.371,0.4,1.7,1.0,1.4,0,430,7.91,20.14
2026-06-06 06:50:33.868,0.4,1.7,1.1,1.4,0,430,7.91,20.14
2026-06-06 06:50:34.331,0.4,1.7,1.2,1.4,0,430,7.91,20.14
2026-06-06 06:50:35.337,0.4,1.7,1.2,1.4,0,426,7.91,20.20
2026-06-06 06:50:35.337,0.4,1.7,1.3,1.3,0,440,7.91,20.00
2026-06-06 06:50:35.843,0.4,1.7,1.3,1.3,0,431,7.91,20.13
2026-06-06 06:50:36.350,0.4,1.7,1.4,1.2,0,432,7.91,20.11
2026-06-06 06:50:37.337,0.5,1.7,1.4,1.2,16,431,7.68,20.13
2026-06-06 06:50:37.338,0.5,1.7,1.5,1.4,33,430,7.43,20.14
2026-06-06 06:50:38.382,0.4,1.7,1.5,1.5,40,430,7.32,20.14
2026-06-06 06:50:38.382,0.4,1.7,1.4,1.6,24,430,7.56,20.14
2026-06-06 06:50:38.882,0.4,1.7,1.4,1.6,19,441,7.63,19.98
2026-06-06 06:50:39.381,0.4,1.7,1.4,1.7,4,429,7.85,20.16
2026-06-06 06:50:39.868,0.4,1.7,1.4,1.7,0,429,7.91,20.16
2026-06-06 06:50:40.336,0.4,1.7,1.4,1.8,0,440,7.91,20.00
2026-06-06 06:50:40.870,0.4,1.7,1.4,1.7,2,430,7.88,20.14
2026-06-06 06:50:41.368,0.4,1.7,1.5,1.6,3,440,7.87,20.00
2026-06-06 06:50:41.870,0.4,1.7,1.6,1.5,1,430,7.90,20.14
2026-06-06 06:50:42.347,0.4,1.7,1.4,1.4,0,431,7.91,20.13
2026-06-06 06:50:42.834,0.4,1.7,1.3,1.5,3,431,7.87,20.13
2026-06-06 06:50:43.364,0.4,1.7,1.2,1.4,5,428,7.84,20.17
2026-06-06 06:50:43.866,0.4,1.7,1.2,1.4,0,431,7.91,20.13
2026-06-06 06:50:44.365,0.4,1.7,1.1,1.4,0,429,7.91,20.16
2026-06-06 06:50:44.838,0.4,1.7,1.1,1.3,0,431,7.91,20.13
2026-06-06 06:50:45.337,0.4,1.7,1.1,1.3,6,430,7.82,20.14
2026-06-06 06:50:45.846,0.4,1.7,1.2,1.2,6,430,7.82,20.14
2026-06-06 06:50:46.375,0.4,1.7,1.2,1.2,0,427,7.91,20.19
2026-06-06 06:50:46.837,0.4,1.7,1.1,1.2,0,430,7.91,20.14
2026-06-06 06:50:47.337,0.4,1.7,1.1,1.2,0,438,7.91,20.02
2026-06-06 06:50:47.829,0.4,1.7,1.1,1.2,0,439,7.91,20.01
2026-06-06 06:50:48.336,0.4,1.7,1.0,1.2,4,426,7.85,20.20
2026-06-06 06:50:48.839,0.4,1.7,1.0,1.1,7,430,7.81,20.14
2026-06-06 06:50:49.370,0.4,1.7,0.9,1.1,4,430,7.85,20.14
2026-06-06 06:50:49.870,0.4,1.7,0.8,1.2,0,440,7.91,20.00
2026-06-06 06:50:50.352,0.4,1.7,0.8,1.4,2,430,7.88,20.14
2026-06-06 06:50:50.867,0.5,1.7,0.8,1.4,18,430,7.65,20.14
2026-06-06 06:50:51.368,0.5,1.7,0.8,1.4,25,429,7.54,20.16
2026-06-06 06:50:51.868,0.4,1.7,0.8,1.4,25,437,7.54,20.04
2026-06-06 06:50:52.366,0.4,1.7,0.8,1.4,5,430,7.84,20.14
2026-06-06 06:50:52.874,0.4,1.7,0.7,1.6,2,430,7.88,20.14
2026-06-06 06:50:53.859,0.4,1.7,0.7,1.6,0,437,7.91,20.04
2026-06-06 06:50:53.860,0.4,1.7,0.7,1.7,0,429,7.91,20.16
2026-06-06 06:50:54.868,0.4,1.7,0.6,1.9,9,429,7.78,20.16
2026-06-06 06:50:54.870,0.4,1.7,0.6,1.9,10,430,7.76,20.14
2026-06-06 06:50:55.367,0.4,1.7,0.7,2.0,0,440,7.91,20.00
2026-06-06 06:50:55.838,0.4,1.7,0.9,2.1,1,429,7.90,20.16
2026-06-06 06:50:56.382,0.4,1.7,1.0,2.1,14,431,7.71,20.13
2026-06-06 06:50:56.882,0.6,1.7,1.0,2.0,37,439,7.37,20.01
2026-06-06 06:50:57.379,0.7,1.7,1.2,1.9,121,431,6.14,20.13
2026-06-06 06:50:57.884,0.7,1.7,1.3,1.9,150,430,5.71,20.14
2026-06-06 06:50:58.339,0.7,1.7,1.2,1.9,155,431,5.64,20.13
2026-06-06 06:50:58.888,0.7,1.7,1.0,1.9,181,429,5.26,20.16
2026-06-06 06:50:59.385,0.7,1.7,0.9,2.0,169,428,5.43,20.17
2026-06-06 06:51:00.353,0.6,1.7,0.9,2.1,144,439,5.80,20.01
2026-06-06 06:51:00.355,0.6,1.7,0.8,2.0,120,437,6.15,20.04
2026-06-06 06:51:00.868,0.6,1.7,0.8,1.7,111,439,6.28,20.01
2026-06-06 06:51:01.370,0.5,1.7,0.9,1.5,96,430,6.50,20.14
2026-06-06 06:51:01.867,0.5,1.7,1.1,1.4,70,430,6.88,20.14
2026-06-06 06:51:02.372,0.4,1.7,1.1,1.2,40,432,7.32,20.11
2026-06-06 06:51:02.867,0.4,1.7,1.2,1.3,40,432,7.32,20.11
2026-06-06 06:51:03.368,0.4,1.7,1.2,1.3,12,429,7.73,20.16
2026-06-06 06:51:03.854,0.4,1.7,1.1,1.3,12,431,7.73,20.13
2026-06-06 06:51:04.366,0.4,1.7,1.1,1.1,0,430,7.91,20.14
2026-06-06 06:51:04.837,0.4,1.7,1.2,1.0,4,430,7.85,20.14
2026-06-06 06:51:05.367,0.5,1.7,1.3,0.9,31,440,7.46,20.00
2026-06-06 06:51:05.868,0.5,1.7,1.3,0.8,31,440,7.46,20.00
2026-06-06 06:51:06.365,0.5,1.7,1.3,0.8,64,430,6.97,20.14
2026-06-06 06:51:06.867,0.6,1.7,1.2,0.9,71,431,6.87,20.13
2026-06-06 06:51:07.368,0.6,1.7,1.2,1.1,104,431,6.39,20.13
2026-06-06 06:51:07.868,0.6,1.7,1.1,1.2,125,430,6.08,20.14
2026-06-06 06:51:08.366,0.5,1.7,1.0,1.2,102,429,6.42,20.16
2026-06-06 06:51:08.867,0.5,1.7,1.0,1.2,63,428,6.99,20.17
2026-06-06 06:51:09.367,0.5,1.7,1.1,1.1,63,428,6.99,20.17
2026-06-06 06:51:09.866,0.4,1.7,1.0,1.1,37,431,7.37,20.13
2026-06-06 06:51:10.365,0.4,1.7,1.1,0.9,16,427,7.68,20.19
2026-06-06 06:51:10.830,0.4,1.7,1.1,0.9,3,430,7.87,20.14
2026-06-06 06:51:11.367,0.4,1.7,1.0,1.0,5,428,7.84,20.17
2026-06-06 06:51:11.867,0.4,1.7,1.1,1.0,1,431,7.90,20.13
2026-06-06 06:51:12.366,0.4,1.7,1.1,1.0,1,431,7.90,20.13
2026-06-06 06:51:12.872,0.4,1.7,1.1,1.2,0,429,7.91,20.16
2026-06-06 06:51:13.370,0.4,1.7,1.1,1.4,0,439,7.91,20.01
2026-06-06 06:51:13.866,0.4,1.7,1.2,1.4,1,430,7.90,20.14
2026-06-06 06:51:14.367,0.5,1.7,1.2,1.3,13,430,7.72,20.14
2026-06-06 06:51:14.838,0.5,1.7,1.3,1.3,63,430,6.99,20.14
2026-06-06 06:51:15.359,0.5,1.7,1.4,1.3,74,432,6.83,20.11
2026-06-06 06:51:16.341,0.5,1.7,1.5,1.4,64,431,6.97,20.13
2026-06-06 06:51:16.342,0.5,1.7,1.7,1.5,43,431,7.28,20.13
2026-06-06 06:51:16.837,0.5,1.7,1.8,1.4,35,429,7.40,20.16
2026-06-06 06:51:17.332,0.4,1.7,1.8,1.5,36,432,7.38,20.11
2026-06-06 06:51:17.831,0.4,1.7,1.7,1.6,19,431,7.63,20.13
2026-06-06 06:51:18.393,0.4,1.7,1.7,1.7,4,438,7.85,20.02
2026-06-06 06:51:18.847,0.4,1.7,1.7,1.7,0,427,7.91,20.19
2026-06-06 06:51:19.367,0.4,1.7,1.7,1.6,0,430,7.91,20.14
2026-06-06 06:51:19.870,0.4,1.7,1.7,1.6,2,429,7.88,20.16
2026-06-06 06:51:20.836,0.5,1.7,1.7,1.5,6,443,7.82,19.95
2026-06-06 06:51:20.837,0.5,1.7,1.9,1.4,6,443,7.82,19.95
2026-06-06 06:51:21.331,0.5,1.7,1.9,1.4,41,430,7.31,20.14
2026-06-06 06:51:21.836,0.5,1.7,1.9,1.5,41,430,7.31,20.14
2026-06-06 06:51:22.339,0.5,1.7,1.9,1.5,45,429,7.25,20.16
2026-06-06 06:51:22.841,0.5,1.7,1.9,1.6,59,431,7.05,20.13
2026-06-06 06:51:23.365,0.5,1.7,1.8,1.7,59,431,7.05,20.13
2026-06-06 06:51:23.886,0.5,1.7,1.7,1.6,46,431,7.24,20.13
2026-06-06 06:51:24.366,0.5,1.7,1.6,1.6,46,444,7.24,19.94
2026-06-06 06:51:24.867,0.4,1.7,1.4,1.6,36,430,7.38,20.14
2026-06-06 06:51:25.556,0.4,1.7,1.4,1.6,36,430,7.38,20.14
2026-06-06 06:51:25.867,0.4,1.7,1.3,1.6,12,437,7.73,20.04
2026-06-06 06:51:25.868,0.4,1.7,1.1,1.6,2,430,7.88,20.14
2026-06-06 06:51:26.364,0.4,1.7,1.0,1.6,8,430,7.79,20.14
2026-06-06 06:51:26.865,0.4,1.7,1.0,1.7,8,430,7.79,20.14
2026-06-06 06:51:27.363,0.5,1.7,0.9,1.8,26,430,7.53,20.14
2026-06-06 06:51:28.362,0.6,1.7,0.8,1.8,63,427,6.99,20.19
2026-06-06 06:51:28.362,0.8,1.7,0.8,1.8,132,441,5.98,19.98
2026-06-06 06:51:28.838,0.9,1.7,0.7,1.7,241,431,4.38,20.13
2026-06-06 06:51:29.344,0.9,1.7,0.7,1.8,304,430,3.46,20.14
2026-06-06 06:51:29.840,0.9,1.7,0.7,1.7,304,430,3.46,20.14
2026-06-06 06:51:30.342,1.0,1.7,0.7,1.8,344,440,2.87,20.00
2026-06-06 06:51:30.854,1.1,1.7,0.6,1.9,353,431,2.74,20.13
2026-06-06 06:51:31.338,1.1,1.7,0.7,1.9,390,429,2.20,20.16
2026-06-06 06:51:31.867,1.1,1.7,0.7,1.9,400,429,2.05,20.16
2026-06-06 06:51:32.385,1.1,1.7,0.8,2.0,398,445,2.08,19.92
2026-06-06 06:51:32.853,1.2,1.7,0.8,2.0,433,430,1.57,20.14
2026-06-06 06:51:33.355,1.3,1.7,0.9,1.9,489,431,0.75,20.13
2026-06-06 06:51:33.885,1.4,1.7,0.9,1.8,525,430,0.22,20.14
2026-06-06 06:51:34.354,1.5,1.7,0.9,1.7,605,430,-0.95,20.14
2026-06-06 06:51:34.838,1.5,1.7,0.9,1.7,680,430,-2.05,20.14
2026-06-06 06:51:35.339,1.4,1.7,0.9,1.8,660,430,-1.76,20.14
2026-06-06 06:51:35.837,1.3,1.7,0.9,1.8,584,431,-0.64,20.13
2026-06-06 06:51:36.391,1.2,1.7,0.8,1.8,510,413,0.44,20.39
2026-06-06 06:51:36.867,1.2,1.7,0.9,1.7,463,430,1.13,20.14
2026-06-06 06:51:37.338,1.2,1.7,1.0,1.7,465,411,1.10,20.42
2026-06-06 06:51:37.889,1.2,1.7,1.0,1.6,483,428,0.83,20.17
2026-06-06 06:51:38.350,1.2,1.7,1.0,1.6,475,430,0.95,20.14
2026-06-06 06:51:38.851,1.2,1.7,1.0,1.7,464,430,1.11,20.14
2026-06-06 06:51:39.354,1.2,1.7,0.9,1.7,469,430,1.04,20.14
2026-06-06 06:51:39.852,1.1,1.7,0.8,1.6,439,431,1.48,20.13
2026-06-06 06:51:40.351,1.0,1.7,0.8,1.5,394,430,2.14,20.14
2026-06-06 06:51:40.850,1.0,1.7,0.6,1.5,361,431,2.62,20.13
2026-06-06 06:51:41.350,0.9,1.7,0.6,1.4,325,430,3.15,20.14
2026-06-06 06:51:41.865,0.9,1.7,0.6,1.5,293,428,3.62,20.17
2026-06-06 06:51:42.368,0.8,1.7,0.6,1.5,271,430,3.94,20.14
2026-06-06 06:51:42.865,0.7,1.7,0.6,1.5,228,430,4.57,20.14
2026-06-06 06:51:43.367,0.7,1.7,0.6,1.4,190,429,5.13,20.16
2026-06-06 06:51:43.854,0.7,1.7,0.6,1.3,171,440,5.41,20.00
2026-06-06 06:51:44.361,0.6,1.7,0.6,1.3,149,430,5.73,20.14
2026-06-06 06:51:44.867,0.6,1.7,0.6,1.3,126,430,6.06,20.14
2026-06-06 06:51:45.359,0.6,1.7,0.6,1.3,99,438,6.46,20.02
2026-06-06 06:51:45.859,0.5,1.7,0.6,1.2,82,428,6.71,20.17
2026-06-06 06:51:46.359,0.5,1.7,0.6,1.3,61,430,7.02,20.14
2026-06-06 06:51:47.389,0.4,1.7,0.6,1.4,34,441,7.41,19.98
2026-06-06 06:51:47.391,0.4,1.7,0.6,1.4,12,430,7.73,20.14
2026-06-06 06:51:47.838,0.4,1.7,0.6,1.3,2,437,7.88,20.04
2026-06-06 06:51:48.342,0.4,1.7,0.6,1.3,1,431,7.90,20.13
2026-06-06 06:51:48.838,0.4,1.7,0.7,1.4,1,431,7.90,20.13
2026-06-06 06:51:49.339,0.4,1.7,0.8,1.6,1,430,7.90,20.14
2026-06-06 06:51:49.838,0.4,1.7,0.8,1.6,0,429,7.91,20.16
2026-06-06 06:51:50.334,0.4,1.7,0.8,1.5,0,437,7.91,20.04
2026-06-06 06:51:50.831,0.4,1.7,0.8,1.5,0,431,7.91,20.13
2026-06-06 06:51:51.360,0.4,1.7,0.8,1.6,0,431,7.91,20.13
2026-06-06 06:51:51.877,0.4,1.7,0.8,1.7,0,431,7.91,20.13
2026-06-06 06:51:52.334,0.4,1.7,0.8,1.7,0,431,7.91,20.13
2026-06-06 06:51:52.842,0.4,1.7,0.8,1.7,0,431,7.91,20.13
2026-06-06 06:51:53.349,0.5,1.7,0.8,1.7,33,441,7.43,19.98
2026-06-06 06:51:53.839,0.5,1.7,0.0,1.7,50,430,7.18,20.14
2026-06-06 06:51:54.887,0.6,1.7,0.0,1.7,68,431,6.91,20.13
2026-06-06 06:51:54.887,0.7,1.7,0.0,1.6,114,430,6.24,20.14
2026-06-06 06:51:55.368,0.7,1.7,0.0,1.6,157,431,5.61,20.13
2026-06-06 06:51:55.869,0.6,1.7,0.0,1.6,143,430,5.82,20.14
2026-06-06 06:51:56.364,0.7,1.7,0.0,1.5,136,430,5.92,20.14
2026-06-06 06:51:56.832,0.7,1.7,0.0,1.4,171,430,5.41,20.14
2026-06-06 06:51:57.396,0.8,1.7,0.0,1.3,207,430,4.88,20.14
2026-06-06 06:51:57.860,0.9,1.7,0.0,1.2,252,430,4.22,20.14
2026-06-06 06:51:58.333,0.8,1.7,0.0,1.1,268,430,3.98,20.14
2026-06-06 06:51:58.854,0.8,1.7,1.8,1.1,268,430,3.98,20.14
2026-06-06 06:51:59.348,0.8,1.7,1.8,1.0,264,429,4.04,20.16
2026-06-06 06:51:59.848,0.8,1.7,1.8,1.0,258,430,4.13,20.14
2026-06-06 06:52:00.349,0.8,1.7,1.8,0.9,248,408,4.28,20.46
2026-06-06 06:52:00.832,0.8,1.7,0.0,0.9,248,408,4.28,20.46
2026-06-06 06:52:01.332,0.9,1.7,1.8,0.9,275,431,3.88,20.13
2026-06-06 06:52:01.908,0.9,1.7,1.7,0.9,275,431,3.88,20.13
2026-06-06 06:52:02.361,1.0,1.7,1.7,1.0,339,431,2.94,20.13
2026-06-06 06:52:02.861,1.1,1.7,1.7,1.1,373,438,2.45,20.02
2026-06-06 06:52:03.837,1.3,1.7,1.8,1.1,424,430,1.70,20.14
2026-06-06 06:52:03.837,1.4,1.7,2.0,1.1,539,431,0.01,20.13
2026-06-06 06:52:04.332,1.6,1.7,2.1,1.2,602,430,-0.91,20.14
2026-06-06 06:52:04.867,1.8,1.7,2.2,1.2,737,431,-2.89,20.13
2026-06-06 06:52:05.358,1.8,1.7,2.3,1.3,842,429,-4.42,20.16
2026-06-06 06:52:05.867,1.9,1.7,2.3,1.4,874,429,-4.89,20.16
2026-06-06 06:52:06.338,1.9,1.7,2.3,1.4,910,429,-5.42,20.16
2026-06-06 06:52:06.885,1.9,1.7,2.3,1.4,881,430,-5.00,20.14
2026-06-06 06:52:07.368,1.7,1.7,2.2,1.5,865,430,-4.76,20.14
2026-06-06 06:52:08.054,1.5,1.9,1.9,1.5,865,430,-4.76,20.14
2026-06-06 06:52:08.367,1.5,1.9,2.3,1.4,750,430,-3.08,20.14
2026-06-06 06:52:08.367,1.5,1.9,2.2,1.4,664,429,-1.82,20.16
2026-06-06 06:52:08.866,1.4,1.9,2.0,1.5,664,428,-1.82,20.17
2026-06-06 06:52:09.357,1.4,1.9,2.0,1.4,608,429,-1.00,20.16
2026-06-06 06:52:09.869,1.4,1.9,2.0,1.4,583,429,-0.63,20.16
2026-06-06 06:52:10.366,1.4,1.9,2.0,1.5,583,429,-0.63,20.16
2026-06-06 06:52:10.869,1.3,1.9,1.9,1.5,554,428,-0.21,20.17
2026-06-06 06:52:11.867,1.3,1.9,1.9,1.6,536,425,0.06,20.21
2026-06-06 06:52:11.868,1.2,1.9,1.8,1.7,536,400,0.06,20.58
2026-06-06 06:52:12.349,1.1,1.9,1.8,1.7,478,428,0.91,20.17
2026-06-06 06:52:12.883,1.0,1.9,1.8,1.9,420,424,1.76,20.23
2026-06-06 06:52:13.381,0.9,1.9,1.9,2.0,359,424,2.65,20.23
2026-06-06 06:52:13.879,0.9,1.9,2.0,2.0,312,425,3.34,20.21
2026-06-06 06:52:14.346,0.8,1.9,2.1,2.2,273,424,3.91,20.23
2026-06-06 06:52:14.860,0.8,1.9,2.2,2.3,247,429,4.29,20.16
2026-06-06 06:52:15.386,0.8,1.9,2.2,2.4,247,415,4.29,20.36
2026-06-06 06:52:15.855,0.9,1.9,2.3,2.4,268,425,3.98,20.21
2026-06-06 06:52:16.870,1.0,1.9,2.4,2.6,308,414,3.40,20.38
2026-06-06 06:52:16.871,0.9,1.9,2.4,2.6,344,415,2.87,20.36
2026-06-06 06:52:17.351,1.0,1.9,2.5,2.6,327,415,3.12,20.36
2026-06-06 06:52:17.849,1.2,1.9,2.6,2.7,389,424,2.21,20.23
2026-06-06 06:52:18.358,1.2,1.9,2.6,2.9,456,411,1.23,20.42
2026-06-06 06:52:18.868,1.2,1.9,2.7,2.9,471,412,1.01,20.41
2026-06-06 06:52:19.369,1.3,1.9,2.6,2.9,469,413,1.04,20.39
2026-06-06 06:52:19.887,1.4,1.9,2.5,2.9,562,413,-0.32,20.39
2026-06-06 06:52:20.380,1.4,1.9,2.3,2.9,615,425,-1.10,20.21
2026-06-06 06:52:20.861,1.4,1.9,2.1,2.8,577,414,-0.54,20.38
2026-06-06 06:52:21.337,1.6,1.9,2.1,2.7,654,413,-1.67,20.39
2026-06-06 06:52:21.861,1.6,1.9,2.1,2.3,712,412,-2.52,20.41
2026-06-06 06:52:22.362,1.5,1.9,2.1,2.1,708,414,-2.46,20.38
2026-06-06 06:52:22.863,1.4,1.9,2.1,2.0,660,414,-1.76,20.38
2026-06-06 06:52:23.368,1.4,1.9,0.0,1.6,660,414,-1.76,20.38
2026-06-06 06:52:24.383,1.4,1.9,0.0,1.6,660,414,-1.76,20.38
2026-06-06 06:52:24.384,1.4,1.9,0.0,1.7,660,414,-1.76,20.38
2026-06-06 06:52:24.869,1.2,1.9,0.0,1.8,489,413,0.75,20.39
2026-06-06 06:52:25.365,1.2,1.9,0.0,1.9,489,413,0.75,20.39
2026-06-06 06:52:25.857,1.2,1.9,0.0,2.0,489,413,0.75,20.39
2026-06-06 06:52:26.367,1.2,1.9,2.6,2.1,489,413,0.75,20.39
2026-06-06 06:52:26.839,1.1,1.9,2.6,2.1,467,412,1.07,20.41
2026-06-06 06:52:27.385,1.1,1.9,2.4,2.1,413,414,1.86,20.38
2026-06-06 06:52:27.886,1.0,1.9,2.4,2.1,389,409,2.21,20.45
2026-06-06 06:52:28.382,0.9,1.9,2.4,2.2,346,379,2.84,20.89
2026-06-06 06:52:28.862,0.9,1.9,2.4,2.2,307,422,3.41,20.26
2026-06-06 06:52:29.367,0.9,1.9,0.0,2.1,307,422,3.41,20.26
2026-06-06 06:52:29.868,0.9,1.9,0.0,2.1,307,422,3.41,20.26
2026-06-06 06:52:30.364,1.2,1.9,0.0,2.1,481,413,0.86,20.39
2026-06-06 06:52:30.863,1.2,1.9,0.0,2.2,500,413,0.59,20.39
2026-06-06 06:52:31.349,1.2,1.9,0.0,2.2,500,412,0.59,20.41
2026-06-06 06:52:31.847,1.2,1.9,0.0,2.1,474,414,0.97,20.38
2026-06-06 06:52:32.348,1.3,1.9,2.6,2.0,499,412,0.60,20.41
2026-06-06 06:52:32.848,1.3,1.9,2.8,2.0,532,413,0.12,20.39
2026-06-06 06:52:33.330,1.3,1.9,2.6,2.0,534,416,0.09,20.35
2026-06-06 06:52:33.834,1.3,1.9,2.3,2.0,571,412,-0.45,20.41
2026-06-06 06:52:34.346,1.3,1.9,2.0,2.0,543,392,-0.04,20.70
2026-06-06 06:52:34.861,1.2,1.9,1.9,1.9,529,413,0.16,20.39
2026-06-06 06:52:35.367,1.2,1.9,2.0,1.9,486,413,0.79,20.39
2026-06-06 06:52:35.858,1.1,1.9,2.0,1.9,462,414,1.14,20.38
2026-06-06 06:52:36.367,1.1,1.9,2.1,1.9,433,414,1.57,20.38
2026-06-06 06:52:36.873,1.1,1.9,2.1,1.9,385,413,2.27,20.39
2026-06-06 06:52:37.369,1.1,1.9,2.2,1.8,386,421,2.26,20.27
2026-06-06 06:52:37.887,1.1,1.9,2.2,1.8,412,415,1.88,20.36
2026-06-06 06:52:38.383,1.1,1.9,2.2,1.7,414,412,1.85,20.41
2026-06-06 06:52:38.885,1.1,1.9,2.3,1.7,398,413,2.08,20.39
2026-06-06 06:52:39.385,1.2,1.9,2.3,1.6,451,413,1.30,20.39
2026-06-06 06:52:40.911,1.4,1.9,2.4,1.7,521,413,0.28,20.39
2026-06-06 06:52:40.912,1.3,1.9,2.5,1.7,603,425,-0.92,20.21
2026-06-06 06:52:40.915,1.2,1.9,2.5,1.8,540,413,0.00,20.39
2026-06-06 06:52:41.357,1.2,1.9,2.5,2.0,473,414,0.98,20.38
2026-06-06 06:52:41.859,1.1,1.9,2.5,2.2,445,412,1.39,20.41
2026-06-06 06:52:42.365,1.0,1.9,2.5,2.2,393,413,2.15,20.39
2026-06-06 06:52:42.833,1.0,1.9,2.5,2.2,358,413,2.67,20.39
2026-06-06 06:52:43.334,0.8,1.9,2.3,2.3,310,414,3.37,20.38
2026-06-06 06:52:43.839,0.8,1.9,2.2,2.3,243,415,4.35,20.36
2026-06-06 06:52:44.376,1.0,1.9,2.3,2.3,255,412,4.17,20.41
2026-06-06 06:52:44.847,1.1,1.9,2.4,2.2,356,414,2.70,20.38
2026-06-06 06:52:45.369,1.2,1.9,2.5,2.2,432,411,1.58,20.42
2026-06-06 06:52:45.882,1.3,1.9,2.5,2.2,490,409,0.73,20.45
2026-06-06 06:52:46.366,1.3,1.9,2.4,2.2,525,412,0.22,20.41
2026-06-06 06:52:46.867,1.2,1.9,2.6,2.1,505,412,0.51,20.41
2026-06-06 06:52:47.367,1.2,1.9,2.7,2.1,485,411,0.81,20.42
2026-06-06 06:52:47.885,1.2,1.9,2.8,2.1,464,411,1.11,20.42
2026-06-06 06:52:48.382,1.2,1.9,3.0,2.1,452,415,1.29,20.36
2026-06-06 06:52:48.879,1.2,1.9,2.9,2.3,489,412,0.75,20.41
2026-06-06 06:52:49.382,1.4,1.9,2.8,2.3,521,414,0.28,20.38
2026-06-06 06:52:49.853,1.5,1.9,2.9,2.3,632,412,-1.35,20.41
2026-06-06 06:52:50.360,1.6,1.9,2.9,2.3,699,415,-2.33,20.36
2026-06-06 06:52:50.870,1.5,1.9,2.9,2.2,700,412,-2.34,20.41
2026-06-06 06:52:51.369,1.5,1.9,2.7,2.3,653,413,-1.66,20.39
2026-06-06 06:52:51.864,1.4,1.9,2.6,2.3,660,416,-1.76,20.35
2026-06-06 06:52:52.350,1.4,1.9,2.6,2.2,660,416,-1.76,20.35
2026-06-06 06:52:52.868,1.4,1.9,2.7,2.2,660,416,-1.76,20.35
2026-06-06 06:52:53.367,1.4,1.9,2.7,2.3,660,416,-1.76,20.35
2026-06-06 06:52:53.868,1.2,1.9,2.7,2.3,532,411,0.12,20.42
2026-06-06 06:52:54.367,1.3,1.9,2.7,2.2,492,414,0.70,20.38
2026-06-06 06:52:54.859,1.3,1.9,0.0,2.1,522,424,0.26,20.23
2026-06-06 06:52:55.358,1.3,1.9,0.0,2.0,556,413,-0.23,20.39
2026-06-06 06:52:55.859,1.4,1.9,0.0,2.0,540,412,0.00,20.41
2026-06-06 06:52:56.373,1.3,1.9,0.0,2.0,552,413,-0.18,20.39
2026-06-06 06:52:56.867,1.3,1.9,0.0,1.8,552,413,-0.18,20.39
2026-06-06 06:52:57.366,1.1,1.9,0.0,2.0,482,410,0.85,20.43
2026-06-06 06:52:57.885,1.1,1.9,0.0,2.1,482,410,0.85,20.43
2026-06-06 06:52:58.349,1.1,1.9,0.0,2.0,482,410,0.85,20.43
2026-06-06 06:52:58.839,1.6,1.9,0.0,2.0,644,414,-1.52,20.38
2026-06-06 06:52:59.338,1.5,1.9,0.0,2.0,689,413,-2.18,20.39
2026-06-06 06:52:59.838,1.6,1.9,0.0,1.9,695,425,-2.27,20.21
2026-06-06 06:53:00.382,1.6,1.9,0.0,1.8,695,425,-2.27,20.21
2026-06-06 06:53:00.882,1.6,1.9,0.0,1.6,728,413,-2.75,20.39
2026-06-06 06:53:01.365,1.4,1.9,0.0,1.6,666,412,-1.85,20.41
2026-06-06 06:53:01.862,1.3,1.9,0.0,1.6,581,414,-0.60,20.38
2026-06-06 06:53:02.366,1.3,1.9,2.4,1.6,581,414,-0.60,20.38
2026-06-06 06:53:02.853,1.1,1.9,2.4,1.7,449,414,1.33,20.38
2026-06-06 06:53:03.369,1.0,1.9,2.2,1.7,380,413,2.34,20.39
2026-06-06 06:53:03.871,0.9,1.9,2.2,1.8,325,409,3.15,20.45
2026-06-06 06:53:04.381,0.9,1.9,2.2,1.9,306,423,3.43,20.24
2026-06-06 06:53:04.867,0.9,1.9,2.2,2.0,293,414,3.62,20.38
2026-06-06 06:53:05.365,0.9,1.9,2.1,2.1,305,412,3.44,20.41
2026-06-06 06:53:05.865,1.0,1.9,2.0,2.2,308,412,3.40,20.41
2026-06-06 06:53:06.364,0.9,1.9,1.9,2.2,330,414,3.08,20.38
2026-06-06 06:53:07.336,0.9,1.9,1.9,2.1,312,424,3.34,20.23
2026-06-06 06:53:07.336,0.9,1.9,1.8,2.0,312,424,3.34,20.23
2026-06-06 06:53:07.838,0.9,1.9,1.8,2.0,263,412,4.06,20.41
2026-06-06 06:53:08.333,0.9,1.9,1.7,1.8,269,413,3.97,20.39
2026-06-06 06:53:08.867,0.8,1.9,1.5,1.7,261,414,4.09,20.38
2026-06-06 06:53:09.384,0.8,1.9,1.4,1.4,247,412,4.29,20.41
2026-06-06 06:53:09.883,0.8,1.9,1.4,1.2,223,414,4.64,20.38
2026-06-06 06:53:10.347,0.8,1.9,1.3,1.0,223,414,4.64,20.38
2026-06-06 06:53:10.894,0.8,1.9,1.3,0.9,223,414,4.64,20.38
2026-06-06 06:53:11.357,0.7,1.9,1.2,0.8,160,413,5.57,20.39
2026-06-06 06:53:11.858,0.7,1.9,1.2,0.8,164,413,5.51,20.39
2026-06-06 06:53:12.365,0.7,1.9,1.2,0.8,164,413,5.51,20.39
2026-06-06 06:53:12.867,0.7,1.9,1.1,0.8,155,414,5.64,20.38
2026-06-06 06:53:13.838,0.6,1.9,1.1,0.8,149,414,5.73,20.38
2026-06-06 06:53:13.839,0.6,1.9,1.1,0.8,142,413,5.83,20.39
2026-06-06 06:53:14.337,0.6,1.9,1.1,0.8,134,414,5.95,20.38
2026-06-06 06:53:14.884,0.6,1.9,1.1,0.7,118,414,6.18,20.38
2026-06-06 06:53:15.368,0.6,1.9,1.1,0.8,98,413,6.47,20.39
2026-06-06 06:53:16.366,0.5,1.9,1.0,0.8,76,412,6.80,20.41
2026-06-06 06:53:16.367,0.5,1.9,1.0,0.9,49,415,7.19,20.36
2026-06-06 06:53:16.866,0.4,1.9,0.9,1.0,32,411,7.44,20.42
2026-06-06 06:53:17.358,0.4,1.9,0.8,1.0,8,413,7.79,20.39
2026-06-06 06:53:17.860,0.4,1.9,0.8,1.0,3,413,7.87,20.39
2026-06-06 06:53:18.380,0.4,1.9,0.7,0.9,1,413,7.90,20.39
2026-06-06 06:53:18.830,0.4,1.9,0.6,0.8,0,414,7.91,20.38
2026-06-06 06:53:19.337,0.4,1.9,0.5,0.7,0,413,7.91,20.39
2026-06-06 06:53:20.328,0.4,1.9,0.5,0.7,1,414,7.90,20.38
2026-06-06 06:53:20.382,0.5,1.9,0.5,0.6,18,413,7.65,20.39
2026-06-06 06:53:20.839,0.4,1.9,0.5,0.6,28,414,7.50,20.38
2026-06-06 06:53:21.383,0.4,1.9,0.5,0.5,17,414,7.66,20.38
2026-06-06 06:53:21.884,0.4,1.9,0.5,0.5,1,413,7.90,20.39
2026-06-06 06:53:22.383,0.4,1.9,0.5,0.5,0,411,7.91,20.42
2026-06-06 06:53:22.855,0.4,1.9,0.5,0.4,0,413,7.91,20.39
2026-06-06 06:53:23.350,0.4,1.9,0.5,0.4,0,414,7.91,20.38
2026-06-06 06:53:23.848,0.4,1.9,0.0,0.4,0,423,7.91,20.24
2026-06-06 06:53:24.362,0.4,1.9,0.0,0.4,1,425,7.90,20.21
2026-06-06 06:53:24.830,0.4,1.9,0.0,0.4,1,413,7.90,20.39
2026-06-06 06:53:25.361,0.4,1.9,0.0,0.5,1,413,7.90,20.39
2026-06-06 06:53:25.863,0.4,1.9,0.0,0.5,1,413,7.90,20.39
2026-06-06 06:53:26.858,0.6,1.9,0.0,0.5,88,412,6.62,20.41
2026-06-06 06:53:26.859,0.6,1.9,0.0,0.5,88,412,6.62,20.41
2026-06-06 06:53:27.824,0.6,1.9,0.0,0.5,123,414,6.11,20.38
2026-06-06 06:53:27.886,0.6,1.9,0.0,0.6,106,413,6.36,20.39
2026-06-06 06:53:28.336,0.6,1.9,0.0,0.6,88,424,6.62,20.23
2026-06-06 06:53:29.381,0.5,1.9,0.0,0.5,88,412,6.62,20.41
2026-06-06 06:53:29.381,0.5,1.9,0.0,0.5,72,412,6.86,20.41
2026-06-06 06:53:29.880,0.5,1.9,0.0,0.5,63,415,6.99,20.36
2026-06-06 06:53:30.381,0.4,1.9,0.0,0.5,51,413,7.16,20.39
2026-06-06 06:53:30.878,0.4,1.9,0.0,0.4,51,413,7.16,20.39
2026-06-06 06:53:31.363,0.4,1.9,0.0,0.4,1,411,7.90,20.42
2026-06-06 06:53:31.861,0.4,1.9,0.0,0.4,1,411,7.90,20.42
2026-06-06 06:53:32.365,0.4,1.9,0.0,0.4,1,415,7.90,20.36
2026-06-06 06:53:32.882,0.4,1.9,0.5,0.4,0,413,7.91,20.39
2026-06-06 06:53:33.380,0.4,1.9,0.5,0.4,0,414,7.91,20.38
2026-06-06 06:53:33.860,0.4,1.9,0.5,0.4,0,412,7.91,20.41
2026-06-06 06:53:34.359,0.4,1.9,0.5,0.4,0,412,7.91,20.41
2026-06-06 06:53:34.867,0.4,1.9,0.5,0.4,0,410,7.91,20.43
2026-06-06 06:53:35.383,0.4,1.9,0.4,0.4,0,413,7.91,20.39
2026-06-06 06:53:35.880,0.4,1.9,0.4,0.4,0,414,7.91,20.38
2026-06-06 06:53:36.334,0.4,1.9,0.4,0.4,0,414,7.91,20.38
2026-06-06 06:53:36.837,0.4,1.9,0.4,0.4,0,413,7.91,20.39
2026-06-06 06:53:37.364,0.4,1.9,0.4,0.4,0,413,7.91,20.39
2026-06-06 06:53:37.837,0.4,1.9,0.4,0.4,0,413,7.91,20.39
2026-06-06 06:53:38.350,0.4,1.9,0.4,0.4,0,414,7.91,20.38
2026-06-06 06:53:39.366,0.4,1.9,0.4,0.4,0,413,7.91,20.39
2026-06-06 06:53:39.366,0.4,1.9,0.4,0.4,0,383,7.91,20.83
2026-06-06 06:53:39.865,0.4,1.9,0.4,0.4,0,415,7.91,20.36
2026-06-06 06:53:40.335,0.4,1.9,0.4,0.4,0,413,7.91,20.39
2026-06-06 06:53:40.838,0.4,1.9,0.4,0.4,0,414,7.91,20.38
2026-06-06 06:53:41.340,0.4,1.9,0.4,0.4,0,413,7.91,20.39
2026-06-06 06:53:41.866,0.4,1.9,0.4,0.4,0,395,7.91,20.65
2026-06-06 06:53:42.334,0.4,1.9,0.4,0.4,0,414,7.91,20.38
2026-06-06 06:53:42.885,0.4,1.9,0.4,0.4,0,414,7.91,20.38
2026-06-06 06:53:43.380,0.4,1.9,0.4,0.4,0,412,7.91,20.41
2026-06-06 06:53:43.882,0.4,1.9,0.4,0.4,0,414,7.91,20.38
2026-06-06 06:53:44.335,0.4,1.9,0.4,0.4,0,413,7.91,20.39
2026-06-06 06:53:44.857,0.4,1.9,0.4,0.4,0,413,7.91,20.39
2026-06-06 06:53:45.353,0.4,1.9,0.4,0.4,0,413,7.91,20.39
2026-06-06 06:53:45.846,0.4,1.9,0.4,0.4,0,414,7.91,20.38
2026-06-06 06:53:46.366,0.4,1.9,0.4,0.4,0,411,7.91,20.42
2026-06-06 06:53:46.886,0.4,1.9,0.4,0.4,0,412,7.91,20.41
2026-06-06 06:53:47.363,0.4,1.9,0.4,0.4,0,414,7.91,20.38
2026-06-06 06:53:47.838,0.4,1.9,0.4,0.4,0,413,7.91,20.39
2026-06-06 06:53:48.333,0.4,1.9,0.4,0.4,0,410,7.91,20.43
2026-06-06 06:53:49.087,0.4,1.9,0.4,0.4,0,410,7.91,20.43
2026-06-06 06:53:49.337,0.4,1.9,0.5,0.4,3,412,7.87,20.41
2026-06-06 06:53:49.835,0.5,1.9,0.5,0.4,20,413,7.62,20.39
2026-06-06 06:53:49.896,0.6,1.9,0.5,0.4,74,415,6.83,20.36
2026-06-06 06:53:50.332,0.6,1.9,0.5,0.4,103,415,6.40,20.36
2026-06-06 06:53:50.867,0.5,1.9,0.5,0.4,98,413,6.47,20.39
2026-06-06 06:53:51.338,0.5,1.9,0.5,0.4,80,412,6.74,20.41
2026-06-06 06:53:51.836,0.5,1.9,0.5,0.4,59,414,7.05,20.38
2026-06-06 06:53:52.334,0.4,1.9,0.5,0.4,33,413,7.43,20.39
2026-06-06 06:53:52.835,0.4,1.9,0.5,0.4,33,413,7.43,20.39
2026-06-06 06:53:53.332,0.4,1.9,0.5,0.4,12,412,7.73,20.41
2026-06-06 06:53:54.999,0.4,1.9,0.5,0.4,12,412,7.73,20.41
2026-06-06 06:53:55.002,0.4,1.9,0.0,0.4,12,412,7.73,20.41
2026-06-06 06:53:55.003,0.4,1.9,0.0,0.4,4,413,7.85,20.39
2026-06-06 06:53:55.366,0.4,1.9,0.0,0.4,0,414,7.91,20.38
2026-06-06 06:53:55.867,0.4,1.9,0.0,0.4,1,412,7.90,20.41
2026-06-06 06:53:56.362,0.6,1.9,0.7,0.4,18,413,7.65,20.39
2026-06-06 06:53:57.051,0.7,1.9,0.7,0.4,18,413,7.65,20.39
2026-06-06 06:53:57.337,0.7,1.9,0.7,0.4,125,424,6.08,20.23
2026-06-06 06:53:57.337,0.8,1.9,0.7,0.4,205,414,4.91,20.38
2026-06-06 06:53:57.829,0.8,1.9,0.7,0.4,205,414,4.91,20.38
2026-06-06 06:53:58.366,0.8,1.9,0.4,0.4,205,414,4.91,20.38
2026-06-06 06:53:58.871,0.5,1.9,0.5,0.4,123,424,6.11,20.23
2026-06-06 06:53:59.348,0.5,1.9,0.5,0.4,123,424,6.11,20.23
2026-06-06 06:53:59.884,0.6,1.9,0.5,0.4,73,421,6.84,20.27
2026-06-06 06:54:00.380,0.6,1.9,0.5,0.4,126,413,6.06,20.39
2026-06-06 06:54:00.857,0.7,1.9,0.5,0.4,145,412,5.79,20.41
2026-06-06 06:54:01.380,0.6,1.9,0.5,0.4,151,411,5.70,20.42
2026-06-06 06:54:01.838,0.6,1.9,0.5,0.4,143,413,5.82,20.39
2026-06-06 06:54:02.340,0.6,1.9,0.0,0.4,134,414,5.95,20.38
2026-06-06 06:54:02.839,0.6,1.9,1.0,0.4,134,414,5.95,20.38
2026-06-06 06:54:03.335,0.6,1.9,1.1,0.4,141,413,5.84,20.39
2026-06-06 06:54:03.833,0.6,1.9,1.1,0.5,126,414,6.06,20.38
2026-06-06 06:54:04.338,0.6,1.9,1.2,0.5,115,412,6.23,20.41
2026-06-06 06:54:04.888,0.5,1.9,1.2,0.4,99,393,6.46,20.68
2026-06-06 06:54:05.397,0.5,1.9,1.1,0.4,80,424,6.74,20.23
2026-06-06 06:54:05.837,0.5,1.9,1.1,0.4,77,412,6.78,20.41
2026-06-06 06:54:06.391,0.5,1.9,1.0,0.4,72,412,6.86,20.41
2026-06-06 06:54:06.841,0.5,1.9,0.9,0.4,73,414,6.84,20.38
2026-06-06 06:54:07.369,0.5,1.9,0.9,0.4,59,413,7.05,20.39
2026-06-06 06:54:07.868,0.4,1.9,0.9,0.4,40,414,7.32,20.38
2026-06-06 06:54:08.366,0.4,1.9,0.9,0.4,22,394,7.59,20.67
2026-06-06 06:54:08.867,0.4,1.9,0.9,0.4,8,413,7.79,20.39
2026-06-06 06:54:09.329,0.4,1.9,0.9,0.4,3,413,7.87,20.39
2026-06-06 06:54:10.337,0.4,1.9,0.9,0.4,0,413,7.91,20.39
2026-06-06 06:54:10.400,0.4,1.9,0.9,0.4,0,413,7.91,20.39
2026-06-06 06:54:10.837,0.4,1.9,0.9,0.4,0,429,7.91,20.16
2026-06-06 06:54:11.338,0.4,1.9,0.9,0.5,1,413,7.90,20.39
2026-06-06 06:54:11.836,0.4,1.9,0.8,0.5,0,399,7.91,20.60
2026-06-06 06:54:12.376,0.4,1.9,0.8,0.5,0,416,7.91,20.35
2026-06-06 06:54:12.842,0.4,1.9,0.7,0.5,0,412,7.91,20.41
2026-06-06 06:54:13.881,0.4,1.9,0.7,0.5,2,414,7.88,20.38
2026-06-06 06:54:13.882,0.4,1.9,0.7,0.5,6,413,7.82,20.39
2026-06-06 06:54:14.381,0.4,1.9,0.7,0.5,4,413,7.85,20.39
2026-06-06 06:54:15.067,0.4,0.6,0.6,0.5,4,413,7.85,20.39
2026-06-06 06:54:15.377,0.4,0.6,0.6,0.5,13,414,7.72,20.38
2026-06-06 06:54:15.378,0.4,0.6,0.6,0.5,20,413,7.62,20.39
2026-06-06 06:54:15.880,0.4,0.6,0.6,0.5,4,413,7.85,20.39
2026-06-06 06:54:16.380,0.4,0.6,0.6,0.4,0,413,7.91,20.39
2026-06-06 06:54:16.859,0.4,0.6,0.6,0.4,0,422,7.91,20.26
2026-06-06 06:54:17.366,0.4,0.6,0.6,0.4,0,413,7.91,20.39
2026-06-06 06:54:17.848,0.4,0.6,0.5,0.5,0,414,7.91,20.38
2026-06-06 06:54:18.351,0.4,0.6,0.5,0.5,12,414,7.73,20.38
2026-06-06 06:54:18.852,0.4,0.6,0.5,0.5,0,413,7.91,20.39
2026-06-06 06:54:19.413,0.4,0.6,0.5,0.5,0,423,7.91,20.24
2026-06-06 06:54:19.828,0.4,0.6,0.5,0.6,0,411,7.91,20.42
2026-06-06 06:54:20.364,0.4,0.6,0.5,0.6,4,410,7.85,20.43
2026-06-06 06:54:20.875,0.4,0.6,0.6,0.6,4,413,7.85,20.39
2026-06-06 06:54:21.368,0.4,0.6,0.6,0.6,5,412,7.84,20.41
2026-06-06 06:54:21.867,0.5,0.6,0.6,0.6,16,413,7.68,20.39
2026-06-06 06:54:22.369,0.5,0.6,0.5,0.5,34,414,7.41,20.38
2026-06-06 06:54:22.868,0.5,0.6,0.5,0.5,42,414,7.29,20.38
2026-06-06 06:54:23.367,0.5,0.6,0.5,0.5,44,416,7.27,20.35
2026-06-06 06:54:23.864,0.4,0.6,0.5,0.4,27,416,7.51,20.35
2026-06-06 06:54:24.366,0.4,0.6,0.4,0.4,17,412,7.66,20.41
2026-06-06 06:54:24.850,0.4,0.6,0.4,0.4,22,413,7.59,20.39
2026-06-06 06:54:25.347,0.4,0.6,0.4,0.4,12,414,7.73,20.38
2026-06-06 06:54:25.877,0.4,0.6,0.4,0.4,1,413,7.90,20.39
2026-06-06 06:54:26.337,0.4,0.6,0.4,0.4,0,414,7.91,20.38
2026-06-06 06:54:26.859,0.4,0.6,0.4,0.4,0,425,7.91,20.21
2026-06-06 06:54:27.339,0.4,0.6,0.4,0.4,0,413,7.91,20.39
2026-06-06 06:54:27.857,0.4,0.6,0.4,0.4,0,413,7.91,20.39
2026-06-06 06:54:28.351,0.4,0.6,0.5,0.5,0,423,7.91,20.24
2026-06-06 06:54:29.688,0.4,0.4,0.4,0.5,0,423,7.91,20.24
2026-06-06 06:54:29.690,0.4,0.4,0.5,0.4,0,414,7.91,20.38
2026-06-06 06:54:29.692,0.4,0.4,0.4,0.4,0,413,7.91,20.39
2026-06-06 06:54:29.867,0.4,0.4,0.4,0.4,1,414,7.90,20.38
2026-06-06 06:54:30.841,0.4,0.4,0.4,0.4,0,424,7.91,20.23
2026-06-06 06:54:30.842,0.4,0.4,0.4,0.4,0,425,7.91,20.21
2026-06-06 06:54:31.385,0.4,0.4,0.5,0.5,0,412,7.91,20.41
2026-06-06 06:54:31.881,0.4,0.4,0.5,0.5,0,426,7.91,20.20
2026-06-06 06:54:32.380,0.4,0.4,0.5,0.6,0,426,7.91,20.20
2026-06-06 06:54:32.860,0.4,0.4,0.5,0.7,0,414,7.91,20.38
2026-06-06 06:54:33.357,0.4,0.4,0.5,0.9,0,413,7.91,20.39
2026-06-06 06:54:33.859,0.4,0.4,0.6,0.9,0,412,7.91,20.41
2026-06-06 06:54:34.369,0.4,0.4,0.6,1.1,0,412,7.91,20.41
2026-06-06 06:54:34.865,0.4,0.4,0.6,1.3,1,414,7.90,20.38
2026-06-06 06:54:35.365,0.4,0.4,0.5,1.3,0,413,7.91,20.39
2026-06-06 06:54:35.864,0.4,0.4,0.5,1.3,0,414,7.91,20.38
2026-06-06 06:54:36.367,0.4,0.4,0.5,1.3,0,415,7.91,20.36
2026-06-06 06:54:36.860,0.4,0.4,0.5,1.3,0,414,7.91,20.38
2026-06-06 06:54:37.337,0.4,0.4,0.5,1.3,0,412,7.91,20.41
2026-06-06 06:54:37.838,0.4,0.4,0.6,1.2,0,414,7.91,20.38
2026-06-06 06:54:38.334,0.4,0.4,0.7,1.0,0,414,7.91,20.38
2026-06-06 06:54:38.842,0.4,0.4,0.7,1.0,0,414,7.91,20.38
2026-06-06 06:54:39.388,0.4,0.4,0.7,1.0,0,413,7.91,20.39
2026-06-06 06:54:39.868,0.4,0.4,0.7,0.9,0,412,7.91,20.41
2026-06-06 06:54:40.367,0.4,0.4,0.7,0.8,0,412,7.91,20.41
2026-06-06 06:54:40.837,0.4,0.4,0.6,0.7,0,413,7.91,20.39
2026-06-06 06:54:41.368,0.4,0.4,0.6,0.6,0,414,7.91,20.38
2026-06-06 06:54:41.870,0.4,0.4,0.6,0.6,0,424,7.91,20.23
2026-06-06 06:54:42.366,0.4,0.4,0.6,0.5,0,413,7.91,20.39
2026-06-06 06:54:42.867,0.4,0.4,0.6,0.5,0,414,7.91,20.38
2026-06-06 06:54:43.866,0.4,0.4,0.5,0.5,0,413,7.91,20.39
2026-06-06 06:54:43.868,0.4,0.4,0.5,0.4,0,413,7.91,20.39
2026-06-06 06:54:44.334,0.4,0.4,0.5,0.4,0,413,7.91,20.39
2026-06-06 06:54:44.837,0.4,0.4,0.4,0.4,0,411,7.91,20.42
2026-06-06 06:54:45.342,0.4,0.4,0.4,0.4,3,413,7.87,20.39
2026-06-06 06:54:45.841,0.4,0.4,0.4,0.4,0,415,7.91,20.36
2026-06-06 06:54:46.351,0.4,0.4,0.4,0.4,0,411,7.91,20.42
2026-06-06 06:54:46.830,0.4,0.4,0.4,0.4,0,412,7.91,20.41
2026-06-06 06:54:47.357,0.4,0.4,0.4,0.4,1,424,7.90,20.23
2026-06-06 06:54:47.830,0.4,0.4,0.4,0.4,5,414,7.84,20.38
2026-06-06 06:54:48.335,0.5,0.4,0.5,0.4,15,413,7.69,20.39
2026-06-06 06:54:48.838,0.5,0.4,0.5,0.4,32,414,7.44,20.38
2026-06-06 06:54:49.344,0.5,0.4,0.5,0.4,36,413,7.38,20.39
2026-06-06 06:54:49.858,0.4,0.4,0.5,0.4,35,416,7.40,20.35
2026-06-06 06:54:50.339,0.4,0.4,0.5,0.4,12,416,7.73,20.35
2026-06-06 06:54:50.854,0.4,0.4,0.5,0.4,0,414,7.91,20.38
2026-06-06 06:54:51.353,0.4,0.4,0.6,0.4,0,414,7.91,20.38
2026-06-06 06:54:51.867,0.4,0.4,0.6,0.4,0,412,7.91,20.41
2026-06-06 06:54:52.367,0.4,0.4,0.6,0.4,0,413,7.91,20.39
2026-06-06 06:54:52.842,0.4,0.4,0.6,0.4,0,411,7.91,20.42
2026-06-06 06:54:53.367,0.4,0.4,0.6,0.4,0,411,7.91,20.42
2026-06-06 06:54:53.841,0.4,0.4,0.6,0.4,0,411,7.91,20.42
2026-06-06 06:54:54.367,0.4,0.4,0.7,0.4,0,411,7.91,20.42
2026-06-06 06:54:54.867,0.4,0.4,0.7,0.4,0,0,7.91,26.44
2026-06-06 06:54:55.367,0.4,0.4,0.8,0.4,5,413,7.84,20.39
2026-06-06 06:54:55.867,0.4,0.4,0.9,0.4,1,413,7.90,20.39
2026-06-06 06:54:56.368,0.4,0.4,0.9,0.4,9,413,7.78,20.39
2026-06-06 06:54:56.866,0.5,0.4,0.9,0.4,23,413,7.57,20.39
2026-06-06 06:54:57.367,0.6,0.4,0.9,0.4,70,416,6.88,20.35
2026-06-06 06:54:57.868,0.5,0.4,0.9,0.4,85,413,6.67,20.39
2026-06-06 06:54:58.367,0.5,0.4,0.8,0.4,77,414,6.78,20.38
2026-06-06 06:54:58.867,0.5,0.4,0.8,0.4,58,413,7.06,20.39
2026-06-06 06:54:59.337,0.5,0.4,0.8,0.4,38,414,7.35,20.38
2026-06-06 06:54:59.879,0.5,0.4,0.7,0.4,45,413,7.25,20.39
2026-06-06 06:55:00.379,0.5,0.4,0.8,0.4,61,412,7.02,20.41
2026-06-06 06:55:00.838,0.6,0.4,0.8,0.4,65,412,6.96,20.41
2026-06-06 06:55:01.336,0.5,0.4,0.7,0.4,91,413,6.58,20.39
2026-06-06 06:55:01.837,0.5,0.4,0.6,0.4,82,424,6.71,20.23
2026-06-06 06:55:02.351,0.6,0.4,0.6,0.4,59,413,7.05,20.39
2026-06-06 06:55:02.838,0.6,0.4,0.5,0.4,59,413,7.05,20.39
2026-06-06 06:55:03.368,0.6,0.4,0.6,0.4,59,413,7.05,20.39
2026-06-06 06:55:03.868,0.9,0.4,0.6,0.4,260,412,4.10,20.41
2026-06-06 06:55:04.366,0.9,0.4,0.5,0.4,308,414,3.40,20.38
2026-06-06 06:55:04.852,0.9,0.4,0.5,0.4,303,425,3.47,20.21
2026-06-06 06:55:05.351,1.0,0.4,0.5,0.4,301,414,3.50,20.38
2026-06-06 06:55:05.849,0.9,0.4,0.6,0.4,321,414,3.21,20.38
2026-06-06 06:55:06.587,0.8,0.5,0.5,0.4,321,414,3.21,20.38
2026-06-06 06:55:06.858,0.8,0.5,0.6,0.4,303,414,3.47,20.38
2026-06-06 06:55:06.859,0.8,0.5,0.6,0.4,260,424,4.10,20.23
2026-06-06 06:55:07.367,0.7,0.5,0.7,0.4,218,413,4.72,20.39
2026-06-06 06:55:07.869,0.7,0.5,0.7,0.4,182,413,5.24,20.39
2026-06-06 06:55:08.333,0.6,0.5,0.8,0.4,154,413,5.65,20.39
2026-06-06 06:55:09.368,0.6,0.5,0.9,0.4,128,413,6.04,20.39
2026-06-06 06:55:09.368,0.6,0.5,0.9,0.4,109,412,6.31,20.41
2026-06-06 06:55:09.846,0.6,0.5,1.0,0.4,94,412,6.53,20.41
2026-06-06 06:55:10.367,0.6,0.5,1.0,0.4,90,414,6.59,20.38
2026-06-06 06:55:10.867,0.6,0.5,1.2,0.4,103,413,6.40,20.39
2026-06-06 06:55:11.359,0.7,0.5,1.2,0.4,122,412,6.12,20.41
2026-06-06 06:55:11.860,0.7,0.5,1.2,0.4,144,414,5.80,20.38
2026-06-06 06:55:12.367,0.7,0.5,1.1,0.4,168,412,5.45,20.41
2026-06-06 06:55:12.869,0.8,0.5,1.0,0.4,185,412,5.20,20.41
2026-06-06 06:55:13.366,0.8,0.5,0.9,0.4,213,410,4.79,20.43
2026-06-06 06:55:13.867,0.8,0.5,0.8,0.4,244,413,4.34,20.39
2026-06-06 06:55:14.354,0.9,0.5,0.7,0.4,262,414,4.07,20.38
2026-06-06 06:55:14.838,1.0,0.5,0.6,0.4,289,410,3.68,20.43
2026-06-06 06:55:15.334,0.9,0.5,0.6,0.4,320,414,3.22,20.38
2026-06-06 06:55:15.832,0.9,0.5,0.5,0.4,305,413,3.44,20.39
2026-06-06 06:55:16.334,0.9,0.5,0.5,0.4,284,413,3.75,20.39
2026-06-06 06:55:16.837,0.8,0.5,0.5,0.4,261,412,4.09,20.41
2026-06-06 06:55:17.357,0.8,0.5,0.5,0.4,242,415,4.37,20.36
2026-06-06 06:55:17.867,0.8,0.5,0.4,0.4,247,412,4.29,20.41
2026-06-06 06:55:18.340,0.8,0.5,0.4,0.4,239,414,4.41,20.38
2026-06-06 06:55:18.839,0.7,0.5,0.4,0.4,209,412,4.85,20.41
2026-06-06 06:55:19.358,0.7,0.5,0.4,0.4,186,412,5.19,20.41
2026-06-06 06:55:19.847,0.7,0.5,0.4,0.4,159,414,5.58,20.38
2026-06-06 06:55:20.338,0.7,0.5,0.5,0.4,154,413,5.65,20.39
2026-06-06 06:55:21.037,0.7,0.5,0.5,0.4,154,413,5.65,20.39
2026-06-06 06:55:21.336,0.7,0.5,0.5,0.4,162,414,5.54,20.38
2026-06-06 06:55:21.336,0.7,0.5,0.5,0.4,171,414,5.41,20.38
2026-06-06 06:55:21.866,0.7,0.5,0.5,0.4,161,414,5.55,20.38
2026-06-06 06:55:22.367,0.7,0.5,0.5,0.4,157,413,5.61,20.39
2026-06-06 06:55:22.870,0.7,0.5,0.4,0.4,172,413,5.39,20.39
2026-06-06 06:55:23.340,0.6,0.5,0.4,0.4,163,415,5.52,20.36
2026-06-06 06:55:23.868,0.6,0.5,0.4,0.4,132,413,5.98,20.39
2026-06-06 06:55:24.366,0.6,0.5,0.4,0.4,101,412,6.43,20.41
2026-06-06 06:55:24.863,0.6,0.5,0.4,0.4,98,412,6.47,20.41
2026-06-06 06:55:25.364,0.6,0.5,0.4,0.4,120,412,6.15,20.41
2026-06-06 06:55:25.867,0.5,0.5,0.4,0.4,102,414,6.42,20.38
2026-06-06 06:55:26.362,0.5,0.5,0.4,0.4,77,413,6.78,20.39
2026-06-06 06:55:26.870,0.5,0.5,0.4,0.4,59,415,7.05,20.36
2026-06-06 06:55:27.367,0.5,0.5,0.4,0.4,38,413,7.35,20.39
2026-06-06 06:55:28.367,0.5,0.5,0.4,0.4,38,413,7.35,20.39
2026-06-06 06:55:28.368,0.4,0.5,0.4,0.4,7,412,7.81,20.41
2026-06-06 06:55:28.867,0.4,0.5,0.4,0.4,7,412,7.81,20.41
2026-06-06 06:55:29.367,0.4,0.5,0.5,0.4,0,411,7.91,20.42
2026-06-06 06:55:29.854,0.4,0.5,0.5,0.4,0,411,7.91,20.42
2026-06-06 06:55:30.371,0.4,0.5,0.5,0.4,0,411,7.91,20.42
2026-06-06 06:55:30.858,0.4,0.5,0.4,0.4,0,411,7.91,20.42
2026-06-06 06:55:31.333,0.4,0.5,0.5,0.4,1,414,7.90,20.38
2026-06-06 06:55:31.833,0.4,0.5,0.4,0.4,2,426,7.88,20.20
2026-06-06 06:55:32.379,0.5,0.5,0.4,0.4,30,397,7.47,20.62
2026-06-06 06:55:32.867,0.5,0.5,0.4,0.4,64,391,6.97,20.71
2026-06-06 06:55:33.367,0.6,0.5,0.4,0.4,77,424,6.78,20.23
2026-06-06 06:55:33.867,0.6,0.5,0.4,0.4,102,412,6.42,20.41
2026-06-06 06:55:34.367,0.5,0.5,0.4,0.4,102,413,6.42,20.39
2026-06-06 06:55:34.867,0.5,0.5,0.4,0.4,78,413,6.77,20.39
2026-06-06 06:55:35.364,0.5,0.5,0.4,0.4,56,414,7.09,20.38
2026-06-06 06:55:35.865,0.5,0.5,0.4,0.4,36,413,7.38,20.39
2026-06-06 06:55:36.367,0.5,0.5,0.4,0.4,40,415,7.32,20.36
2026-06-06 06:55:36.864,0.5,0.5,0.4,0.4,39,414,7.34,20.38
2026-06-06 06:55:37.350,0.5,0.5,0.4,0.4,54,424,7.12,20.23
2026-06-06 06:55:37.867,0.5,0.5,0.4,0.4,62,424,7.00,20.23
2026-06-06 06:55:38.360,0.5,0.5,0.4,0.4,56,411,7.09,20.42
2026-06-06 06:55:38.866,0.5,0.5,0.4,0.4,50,414,7.18,20.38
2026-06-06 06:55:39.368,0.5,0.5,0.4,0.5,45,412,7.25,20.41
2026-06-06 06:55:39.878,0.5,0.5,0.4,0.5,46,412,7.24,20.41
2026-06-06 06:55:40.365,0.5,0.5,0.4,0.5,37,415,7.37,20.36
2026-06-06 06:55:40.868,0.4,0.5,0.4,0.5,28,424,7.50,20.23
2026-06-06 06:55:41.369,0.4,0.5,0.4,0.5,4,412,7.85,20.41
2026-06-06 06:55:41.868,0.4,0.5,0.4,0.5,0,425,7.91,20.21
2026-06-06 06:55:42.365,0.4,0.5,0.4,0.5,0,414,7.91,20.38
2026-06-06 06:55:42.887,0.4,0.5,0.4,0.6,0,412,7.91,20.41
2026-06-06 06:55:43.340,0.4,0.5,0.4,0.6,0,411,7.91,20.42
2026-06-06 06:55:43.870,0.4,0.5,0.4,0.6,0,414,7.91,20.38
2026-06-06 06:55:44.351,0.4,0.5,0.4,0.6,0,412,7.91,20.41
2026-06-06 06:55:44.854,0.4,0.5,0.4,0.5,0,413,7.91,20.39
2026-06-06 06:55:45.350,0.4,0.5,0.4,0.5,3,412,7.87,20.41
2026-06-06 06:55:45.850,0.4,0.5,0.4,0.4,1,413,7.90,20.39
2026-06-06 06:55:46.352,0.4,0.5,0.4,0.4,4,413,7.85,20.39
2026-06-06 06:55:46.851,0.4,0.5,0.4,0.4,0,414,7.91,20.38
2026-06-06 06:55:47.349,0.4,0.5,0.4,0.4,0,414,7.91,20.38
2026-06-06 06:55:47.845,0.4,0.5,0.4,0.4,0,412,7.91,20.41
2026-06-06 06:55:48.380,0.4,0.5,0.4,0.4,0,413,7.91,20.39
2026-06-06 06:55:48.836,0.4,0.5,0.4,0.4,0,414,7.91,20.38
2026-06-06 06:55:49.349,0.4,0.5,0.4,0.4,0,427,7.91,20.19
2026-06-06 06:55:49.842,0.4,0.5,0.4,0.4,0,413,7.91,20.39
2026-06-06 06:55:50.335,0.4,0.5,0.4,0.4,0,413,7.91,20.39
2026-06-06 06:55:50.837,0.4,0.5,0.4,0.4,0,414,7.91,20.38
2026-06-06 06:55:51.336,0.4,0.5,0.4,0.4,0,414,7.91,20.38
2026-06-06 06:55:51.842,0.4,0.5,0.4,0.4,0,413,7.91,20.39
2026-06-06 06:55:52.334,0.4,0.5,0.4,0.4,0,413,7.91,20.39
2026-06-06 06:55:52.840,0.4,0.5,0.4,0.4,0,413,7.91,20.39
2026-06-06 06:55:53.339,0.4,0.5,0.4,0.4,0,412,7.91,20.41
2026-06-06 06:55:53.838,0.4,0.5,0.4,0.4,0,424,7.91,20.23
2026-06-06 06:55:54.366,0.4,0.5,0.4,0.4,0,413,7.91,20.39
2026-06-06 06:55:54.855,0.4,0.5,0.4,0.4,0,413,7.91,20.39
2026-06-06 06:55:55.341,0.4,0.5,0.4,0.4,0,414,7.91,20.38
2026-06-06 06:55:55.838,0.4,0.5,0.4,0.4,0,428,7.91,20.17
2026-06-06 06:55:56.341,0.4,0.5,0.4,0.4,0,425,7.91,20.21
2026-06-06 06:55:56.839,0.4,0.5,0.4,0.4,0,414,7.91,20.38
2026-06-06 06:55:57.559,0.4,0.4,0.4,0.4,0,414,7.91,20.38
2026-06-06 06:55:57.853,0.4,0.4,0.4,0.4,0,414,7.91,20.38
2026-06-06 06:55:57.854,0.4,0.4,0.4,0.4,0,412,7.91,20.41
2026-06-06 06:55:58.339,0.4,0.4,0.4,0.4,0,423,7.91,20.24
2026-06-06 06:55:58.843,0.4,0.4,0.4,0.4,0,413,7.91,20.39
2026-06-06 06:55:59.342,0.4,0.4,0.5,0.4,0,411,7.91,20.42
2026-06-06 06:55:59.887,0.4,0.4,0.4,0.4,0,413,7.91,20.39
2026-06-06 06:56:00.381,0.4,0.4,0.4,0.4,0,424,7.91,20.23
2026-06-06 06:56:00.837,0.4,0.4,0.4,0.4,0,413,7.91,20.39
2026-06-06 06:56:01.357,0.4,0.4,0.4,0.4,0,413,7.91,20.39
2026-06-06 06:56:01.861,0.4,0.4,0.4,0.4,0,413,7.91,20.39
2026-06-06 06:56:02.360,0.4,0.4,0.4,0.4,0,413,7.91,20.39
2026-06-06 06:56:02.858,0.4,0.4,0.4,0.4,0,414,7.91,20.38
2026-06-06 06:56:03.367,0.4,0.4,0.4,0.4,0,413,7.91,20.39
2026-06-06 06:56:03.866,0.4,0.4,0.4,0.4,0,412,7.91,20.41
2026-06-06 06:56:04.330,0.4,0.4,0.4,0.4,0,413,7.91,20.39
2026-06-06 06:56:04.843,0.4,0.4,0.4,0.4,0,412,7.91,20.41
2026-06-06 06:56:05.343,0.4,0.4,0.5,0.4,0,413,7.91,20.39
2026-06-06 06:56:05.855,0.4,0.4,0.5,0.4,0,413,7.91,20.39
2026-06-06 06:56:06.368,0.4,0.4,0.5,0.4,0,416,7.91,20.35
2026-06-06 06:56:07.349,0.4,0.4,0.5,0.4,0,413,7.91,20.39
2026-06-06 06:56:07.350,0.4,0.4,0.5,0.4,0,414,7.91,20.38
2026-06-06 06:56:07.868,0.4,0.4,0.4,0.4,0,414,7.91,20.38
2026-06-06 06:56:08.366,0.4,0.4,0.4,0.4,0,414,7.91,20.38
2026-06-06 06:56:08.885,0.4,0.4,0.4,0.4,0,412,7.91,20.41
2026-06-06 06:56:09.367,0.4,0.4,0.4,0.5,0,413,7.91,20.39
2026-06-06 06:56:09.869,0.4,0.4,0.4,0.4,0,414,7.91,20.38
2026-06-06 06:56:10.368,0.4,0.4,0.4,0.5,0,412,7.91,20.41
2026-06-06 06:56:10.869,0.4,0.4,0.4,0.5,0,411,7.91,20.42
2026-06-06 06:56:11.370,0.4,0.4,0.4,0.4,0,413,7.91,20.39
2026-06-06 06:56:11.868,0.4,0.4,0.4,0.4,0,413,7.91,20.39
2026-06-06 06:56:12.359,0.4,0.4,0.4,0.4,0,413,7.91,20.39
2026-06-06 06:56:12.868,0.4,0.4,0.4,0.4,0,424,7.91,20.23
2026-06-06 06:56:13.366,0.4,0.4,0.4,0.4,1,414,7.90,20.38
2026-06-06 06:56:13.867,0.4,0.4,0.4,0.4,0,412,7.91,20.41
2026-06-06 06:56:14.367,0.4,0.4,0.4,0.4,0,423,7.91,20.24
2026-06-06 06:56:14.838,0.4,0.4,0.4,0.4,0,414,7.91,20.38
2026-06-06 06:56:15.367,0.4,0.4,0.4,0.4,0,415,7.91,20.36
2026-06-06 06:56:15.838,0.4,0.4,0.4,0.4,0,414,7.91,20.38
2026-06-06 06:56:16.333,0.4,0.4,0.5,0.4,0,424,7.91,20.23
2026-06-06 06:56:16.880,0.4,0.4,0.5,0.4,0,413,7.91,20.39
2026-06-06 06:56:17.380,0.4,0.4,0.5,0.4,2,413,7.88,20.39
2026-06-06 06:56:17.854,0.4,0.4,0.5,0.4,8,413,7.79,20.39
2026-06-06 06:56:18.366,0.4,0.4,0.5,0.4,2,412,7.88,20.41
2026-06-06 06:56:18.867,0.4,0.4,0.5,0.4,0,414,7.91,20.38
2026-06-06 06:56:19.342,0.4,0.4,0.5,0.4,2,414,7.88,20.38
2026-06-06 06:56:19.856,0.4,0.4,0.5,0.4,0,413,7.91,20.39
2026-06-06 06:56:20.370,0.4,0.4,0.5,0.4,0,414,7.91,20.38
2026-06-06 06:56:20.839,0.4,0.4,0.5,0.4,1,414,7.90,20.38
2026-06-06 06:56:21.343,0.4,0.4,0.5,0.4,0,414,7.91,20.38
2026-06-06 06:56:21.838,0.4,0.4,0.5,0.4,0,412,7.91,20.41
2026-06-06 06:56:22.347,0.4,0.4,0.4,0.4,1,414,7.90,20.38
2026-06-06 06:56:22.841,0.4,0.4,0.4,0.4,0,413,7.91,20.39
2026-06-06 06:56:23.343,0.4,0.4,0.4,0.4,0,412,7.91,20.41
2026-06-06 06:56:23.873,0.4,0.4,0.4,0.4,0,412,7.91,20.41
2026-06-06 06:56:24.376,0.4,0.4,0.4,0.4,0,412,7.91,20.41
2026-06-06 06:56:25.339,0.4,0.4,0.4,0.4,0,412,7.91,20.41
2026-06-06 06:56:25.339,0.4,0.4,0.5,0.4,0,415,7.91,20.36
2026-06-06 06:56:26.392,0.4,0.4,0.5,0.4,0,414,7.91,20.38
2026-06-06 06:56:26.392,0.4,0.4,0.4,0.4,0,414,7.91,20.38
2026-06-06 06:56:26.879,0.4,0.4,0.5,0.4,0,414,7.91,20.38
2026-06-06 06:56:27.378,0.4,0.4,0.5,0.4,0,414,7.91,20.38
2026-06-06 06:56:27.846,0.4,0.4,0.4,0.4,0,414,7.91,20.38
2026-06-06 06:56:28.386,0.4,0.4,0.5,0.4,0,414,7.91,20.38
2026-06-06 06:56:28.863,0.4,0.4,0.5,0.4,0,0,7.91,26.44
2026-06-06 06:56:29.364,0.5,0.4,0.5,0.4,33,413,7.43,20.39
2026-06-06 06:56:29.857,0.4,0.4,0.4,0.4,44,411,7.27,20.42
2026-06-06 06:56:30.381,0.4,0.4,0.4,0.4,19,423,7.63,20.24
2026-06-06 06:56:30.880,0.4,0.4,0.4,0.4,2,413,7.88,20.39
2026-06-06 06:56:31.567,0.4,0.4,0.4,0.4,2,413,7.88,20.39
2026-06-06 06:56:31.882,0.4,0.4,0.4,0.4,2,413,7.88,20.39
2026-06-06 06:56:31.882,0.4,0.4,0.4,0.4,3,414,7.87,20.38
2026-06-06 06:56:32.381,0.5,0.4,0.4,0.4,11,414,7.75,20.38
2026-06-06 06:56:32.883,0.5,0.4,0.4,0.4,11,414,7.75,20.38
2026-06-06 06:56:33.381,0.5,0.4,0.4,0.4,11,414,7.75,20.38
2026-06-06 06:56:33.881,0.4,0.4,0.4,0.4,20,413,7.62,20.39
2026-06-06 06:56:34.379,0.4,0.4,0.4,0.4,14,414,7.71,20.38
2026-06-06 06:56:34.893,0.4,0.4,0.4,0.4,11,413,7.75,20.39
2026-06-06 06:56:35.360,0.4,0.4,0.4,0.4,10,428,7.76,20.17
2026-06-06 06:56:35.858,0.4,0.4,0.4,0.4,16,413,7.68,20.39
2026-06-06 06:56:36.366,0.4,0.4,0.4,0.4,11,413,7.75,20.39
2026-06-06 06:56:37.388,0.4,0.4,0.4,0.4,9,414,7.78,20.38
2026-06-06 06:56:37.389,0.4,0.4,0.4,0.4,2,413,7.88,20.39
2026-06-06 06:56:37.854,0.4,0.4,0.4,0.4,0,414,7.91,20.38
2026-06-06 06:56:38.351,0.4,0.4,0.4,0.4,0,414,7.91,20.38
2026-06-06 06:56:38.842,0.4,0.4,0.4,0.4,0,413,7.91,20.39
2026-06-06 06:56:39.367,0.4,0.4,0.4,0.4,0,412,7.91,20.41
2026-06-06 06:56:39.868,0.4,0.4,0.4,0.4,0,413,7.91,20.39
2026-06-06 06:56:40.367,0.4,0.4,0.4,0.4,0,413,7.91,20.39
2026-06-06 06:56:40.854,0.4,0.4,0.4,0.4,0,423,7.91,20.24
2026-06-06 06:56:41.355,0.4,0.4,0.4,0.4,0,414,7.91,20.38
2026-06-06 06:56:41.870,0.4,0.4,0.4,0.4,0,413,7.91,20.39
2026-06-06 06:56:42.339,0.4,0.4,0.4,0.4,1,414,7.90,20.38
2026-06-06 06:56:42.855,0.4,0.4,0.4,0.4,0,413,7.91,20.39
2026-06-06 06:56:43.354,0.4,0.4,0.4,0.4,0,430,7.91,20.14
2026-06-06 06:56:43.847,0.4,0.4,0.4,0.4,0,413,7.91,20.39
2026-06-06 06:56:44.396,0.4,0.4,0.4,0.4,0,412,7.91,20.41
2026-06-06 06:56:44.901,0.4,0.4,0.4,0.4,0,414,7.91,20.38
2026-06-06 06:56:45.399,0.4,0.4,0.4,0.4,0,413,7.91,20.39
2026-06-06 06:56:45.897,0.4,0.4,0.4,0.4,0,413,7.91,20.39
2026-06-06 06:56:46.398,0.4,0.4,0.4,0.4,0,413,7.91,20.39
2026-06-06 06:56:46.886,0.4,0.4,0.4,0.4,0,414,7.91,20.38
2026-06-06 06:56:47.381,0.4,0.4,0.4,0.4,0,413,7.91,20.39
2026-06-06 06:56:47.886,0.4,0.4,0.4,0.4,0,414,7.91,20.38
2026-06-06 06:56:48.389,0.4,0.4,0.4,0.5,0,413,7.91,20.39
2026-06-06 06:56:48.975,0.4,0.4,0.4,0.4,0,414,7.91,20.38
2026-06-06 06:56:49.853,0.4,0.4,0.4,0.4,0,414,7.91,20.38
2026-06-06 06:56:49.854,0.4,0.4,0.4,0.4,0,415,7.91,20.36
2026-06-06 06:56:50.376,0.4,0.4,0.4,0.4,0,415,7.91,20.36
2026-06-06 06:56:50.887,0.4,0.4,0.4,0.4,0,425,7.91,20.21
2026-06-06 06:56:51.337,0.4,0.4,0.4,0.4,0,422,7.91,20.26
2026-06-06 06:56:51.880,0.4,0.4,0.4,0.4,0,412,7.91,20.41
2026-06-06 06:56:52.867,0.4,0.4,0.4,0.4,0,414,7.91,20.38
2026-06-06 06:56:52.867,0.4,0.4,0.4,0.4,0,414,7.91,20.38
2026-06-06 06:56:53.397,0.4,0.4,0.4,0.4,0,415,7.91,20.36
2026-06-06 06:56:53.900,0.4,0.4,0.4,0.4,0,412,7.91,20.41
2026-06-06 06:56:54.399,0.4,0.4,0.5,0.4,0,414,7.91,20.38
2026-06-06 06:56:54.896,0.4,0.4,0.5,0.4,0,414,7.91,20.38
2026-06-06 06:56:55.382,0.4,0.4,0.5,0.4,0,413,7.91,20.39
2026-06-06 06:56:55.883,0.4,0.4,0.6,0.5,0,412,7.91,20.41
2026-06-06 06:56:56.384,0.4,0.4,0.6,0.5,0,412,7.91,20.41
2026-06-06 06:56:56.882,0.4,0.4,0.6,0.5,0,413,7.91,20.39
2026-06-06 06:56:57.382,0.4,0.4,0.6,0.5,0,413,7.91,20.39
2026-06-06 06:56:57.882,0.4,0.4,0.6,0.5,0,413,7.91,20.39
2026-06-06 06:56:58.401,0.4,0.4,0.6,0.4,0,413,7.91,20.39
2026-06-06 06:56:59.053,0.4,0.4,0.6,0.4,0,413,7.91,20.39
2026-06-06 06:56:59.397,0.4,0.4,0.5,0.4,0,413,7.91,20.39
2026-06-06 06:56:59.397,0.4,0.4,0.5,0.4,0,0,7.91,26.44
2026-06-06 06:56:59.898,0.4,0.4,0.6,0.4,0,0,7.91,26.44
2026-06-06 06:57:00.354,0.4,0.4,0.6,0.5,0,414,7.91,20.38
2026-06-06 06:57:00.847,0.4,0.4,0.6,0.5,0,414,7.91,20.38
2026-06-06 06:57:01.380,0.4,0.4,0.6,0.6,0,414,7.91,20.38
2026-06-06 06:57:01.888,0.4,0.4,0.6,0.6,0,413,7.91,20.39
2026-06-06 06:57:02.398,0.4,0.4,0.7,0.6,0,414,7.91,20.38
2026-06-06 06:57:02.897,0.4,0.4,0.7,0.7,0,412,7.91,20.41
2026-06-06 06:57:03.394,0.4,0.4,0.7,0.9,0,412,7.91,20.41
2026-06-06 06:57:03.858,0.4,0.4,0.7,0.9,0,412,7.91,20.41
2026-06-06 06:57:04.366,0.4,0.4,0.7,1.0,0,413,7.91,20.39
2026-06-06 06:57:04.886,0.4,0.4,0.6,1.0,0,413,7.91,20.39
2026-06-06 06:57:05.365,0.4,0.4,0.7,1.0,0,413,7.91,20.39
2026-06-06 06:57:06.367,0.4,0.4,0.7,1.0,1,412,7.90,20.41
2026-06-06 06:57:06.367,0.4,0.4,0.6,1.0,0,414,7.91,20.38
2026-06-06 06:57:06.869,0.4,0.4,0.6,1.0,0,413,7.91,20.39
2026-06-06 06:57:07.380,0.4,0.4,0.6,0.9,1,414,7.90,20.38
2026-06-06 06:57:07.866,0.4,0.4,0.6,0.9,5,422,7.84,20.26
2026-06-06 06:57:08.362,0.4,0.4,0.6,0.9,10,414,7.76,20.38
2026-06-06 06:57:08.878,0.4,0.4,0.6,0.8,2,424,7.88,20.23
2026-06-06 06:57:09.368,0.4,0.4,0.6,0.8,1,414,7.90,20.38
2026-06-06 06:57:09.866,0.4,0.4,0.5,0.7,1,415,7.90,20.36
2026-06-06 06:57:10.369,0.4,0.4,0.5,0.7,0,413,7.91,20.39
2026-06-06 06:57:10.880,0.4,0.4,0.5,0.6,0,392,7.91,20.70
2026-06-06 06:57:11.367,0.4,0.4,0.5,0.6,0,413,7.91,20.39
2026-06-06 06:57:11.867,0.4,0.4,0.5,0.5,0,392,7.91,20.70
2026-06-06 06:57:12.368,0.4,0.4,0.5,0.5,0,414,7.91,20.38
2026-06-06 06:57:12.864,0.4,0.4,0.4,0.4,0,413,7.91,20.39
2026-06-06 06:57:13.367,0.4,0.4,0.4,0.4,0,412,7.91,20.41
2026-06-06 06:57:13.926,0.4,0.4,0.5,0.4,0,411,7.91,20.42
2026-06-06 06:57:14.381,0.4,0.4,0.5,0.4,0,424,7.91,20.23
2026-06-06 06:57:14.873,0.4,0.4,0.5,0.4,2,416,7.88,20.35
2026-06-06 06:57:15.416,0.4,0.4,0.5,0.5,18,413,7.65,20.39
2026-06-06 06:57:15.853,0.5,0.4,0.6,0.5,23,414,7.57,20.38
2026-06-06 06:57:16.413,0.5,0.4,0.6,0.6,35,413,7.40,20.39
2026-06-06 06:57:16.909,0.4,0.4,0.6,0.7,33,414,7.43,20.38
2026-06-06 06:57:17.883,0.4,0.4,0.5,0.7,23,413,7.57,20.39
2026-06-06 06:57:17.883,0.4,0.4,0.5,0.8,17,413,7.66,20.39
2026-06-06 06:57:18.383,0.4,0.4,0.5,0.7,11,429,7.75,20.16
2026-06-06 06:57:18.883,0.4,0.4,0.5,0.7,5,412,7.84,20.41
2026-06-06 06:57:19.383,0.4,0.4,0.5,0.7,10,414,7.76,20.38
2026-06-06 06:57:19.860,0.4,0.4,0.5,0.7,15,412,7.69,20.41
2026-06-06 06:57:20.355,0.4,0.4,0.4,0.8,14,415,7.71,20.36
2026-06-06 06:57:20.894,0.4,0.4,0.4,0.8,11,424,7.75,20.23
2026-06-06 06:57:21.369,0.4,0.4,0.4,0.8,1,423,7.90,20.24
2026-06-06 06:57:22.411,0.4,0.4,0.4,0.9,1,423,7.90,20.24
2026-06-06 06:57:22.412,0.4,0.4,0.4,0.8,0,413,7.91,20.39
2026-06-06 06:57:22.893,0.4,0.4,0.4,0.8,0,413,7.91,20.39
2026-06-06 06:57:23.360,0.4,0.4,0.4,0.7,0,413,7.91,20.39
2026-06-06 06:57:23.876,0.4,0.4,0.4,0.7,0,415,7.91,20.36
2026-06-06 06:57:24.416,0.4,0.4,0.4,0.7,0,414,7.91,20.38
2026-06-06 06:57:24.904,0.4,0.4,0.4,0.6,1,413,7.90,20.39
2026-06-06 06:57:25.400,0.4,0.4,0.4,0.6,0,414,7.91,20.38
2026-06-06 06:57:25.897,0.4,0.4,0.4,0.6,0,422,7.91,20.26
2026-06-06 06:57:26.393,0.4,0.4,0.4,0.6,0,414,7.91,20.38
2026-06-06 06:57:26.861,0.4,0.4,0.4,0.5,0,413,7.91,20.39
2026-06-06 06:57:27.403,0.4,0.4,0.4,0.5,0,413,7.91,20.39
2026-06-06 06:57:27.903,0.4,0.4,0.4,0.4,0,414,7.91,20.38
2026-06-06 06:57:28.399,0.4,0.4,0.5,0.4,0,413,7.91,20.39
2026-06-06 06:57:28.899,0.4,0.4,0.5,0.4,0,414,7.91,20.38
2026-06-06 06:57:29.423,0.4,0.4,0.5,0.4,0,412,7.91,20.41
2026-06-06 06:57:30.381,0.4,0.4,0.5,0.4,0,412,7.91,20.41
2026-06-06 06:57:30.382,0.4,0.4,0.5,0.4,0,412,7.91,20.41
2026-06-06 06:57:30.911,0.4,0.4,0.0,0.4,0,412,7.91,20.41
2026-06-06 06:57:31.396,0.4,0.4,0.0,0.4,0,412,7.91,20.41
2026-06-06 06:57:32.398,0.4,0.4,0.0,0.4,0,413,7.91,20.39
2026-06-06 06:57:32.399,0.4,0.4,0.0,0.4,0,414,7.91,20.38
2026-06-06 06:57:32.899,0.4,0.4,0.0,0.4,0,424,7.91,20.23
2026-06-06 06:57:33.397,0.4,0.4,0.0,0.4,0,413,7.91,20.39
2026-06-06 06:57:33.898,0.4,0.4,0.0,0.4,0,413,7.91,20.39
2026-06-06 06:57:34.397,0.4,0.4,0.0,0.4,0,413,7.91,20.39
2026-06-06 06:57:34.896,0.4,0.4,0.5,0.4,0,410,7.91,20.43
2026-06-06 06:57:35.419,0.4,0.4,0.4,0.4,0,414,7.91,20.38
2026-06-06 06:57:35.886,0.4,0.4,0.4,0.4,0,413,7.91,20.39
2026-06-06 06:57:36.383,0.4,0.4,0.4,0.4,1,413,7.90,20.39
2026-06-06 06:57:36.885,0.4,0.4,0.4,0.4,0,413,7.91,20.39
2026-06-06 06:57:37.375,0.4,0.4,0.4,0.4,0,424,7.91,20.23
2026-06-06 06:57:37.903,0.4,0.4,0.4,0.4,0,413,7.91,20.39
2026-06-06 06:57:38.384,0.4,0.4,0.5,0.4,0,413,7.91,20.39
2026-06-06 06:57:38.885,0.4,0.4,0.5,0.4,0,414,7.91,20.38
2026-06-06 06:57:39.381,0.4,0.4,0.5,0.4,0,414,7.91,20.38
2026-06-06 06:57:39.878,0.4,0.4,0.5,0.4,0,413,7.91,20.39
2026-06-06 06:57:40.414,0.4,0.4,0.6,0.4,0,412,7.91,20.41
2026-06-06 06:57:40.907,0.4,0.4,0.6,0.4,0,415,7.91,20.36
2026-06-06 06:57:41.423,0.4,0.4,0.6,0.4,0,428,7.91,20.17
2026-06-06 06:57:41.904,0.4,0.4,0.6,0.4,0,409,7.91,20.45
2026-06-06 06:57:42.382,0.4,0.4,0.7,0.4,0,413,7.91,20.39
2026-06-06 06:57:42.882,0.4,0.4,0.7,0.4,0,413,7.91,20.39
2026-06-06 06:57:43.384,0.4,0.4,0.7,0.4,0,412,7.91,20.41
2026-06-06 06:57:43.902,0.4,0.4,0.6,0.4,0,414,7.91,20.38
2026-06-06 06:57:44.919,0.4,0.4,0.6,0.4,0,412,7.91,20.41
2026-06-06 06:57:44.920,0.4,0.4,0.5,0.4,0,413,7.91,20.39
2026-06-06 06:57:45.402,0.4,0.4,0.5,0.4,0,412,7.91,20.41
2026-06-06 06:57:45.905,0.4,0.4,0.5,0.4,0,412,7.91,20.41
2026-06-06 06:57:46.398,0.4,0.4,0.5,0.4,0,411,7.91,20.42
2026-06-06 06:57:46.894,0.4,0.4,0.5,0.4,0,427,7.91,20.19
2026-06-06 06:57:47.419,0.4,0.4,0.5,0.4,0,412,7.91,20.41
2026-06-06 06:57:48.383,0.4,0.4,0.5,0.4,0,426,7.91,20.20
2026-06-06 06:57:48.384,0.4,0.4,0.6,0.4,0,414,7.91,20.38
2026-06-06 06:57:48.881,0.4,0.4,0.6,0.4,0,412,7.91,20.41
2026-06-06 06:57:49.380,0.4,0.4,0.6,0.4,0,423,7.91,20.24
2026-06-06 06:57:49.878,0.4,0.4,0.6,0.4,0,413,7.91,20.39
2026-06-06 06:57:50.382,0.4,0.4,0.6,0.4,0,414,7.91,20.38
2026-06-06 06:57:50.910,0.4,0.4,0.5,0.4,0,414,7.91,20.38
2026-06-06 06:57:51.382,0.4,0.4,0.5,0.4,0,412,7.91,20.41
2026-06-06 06:57:51.883,0.4,0.4,0.5,0.4,0,412,7.91,20.41
2026-06-06 06:57:52.380,0.4,0.4,0.5,0.4,0,413,7.91,20.39
2026-06-06 06:57:52.911,0.4,0.4,0.5,0.4,1,414,7.90,20.38
2026-06-06 06:57:53.403,0.4,0.4,0.5,0.4,0,426,7.91,20.20
2026-06-06 06:57:53.884,0.4,0.4,0.5,0.4,1,413,7.90,20.39
2026-06-06 06:57:54.382,0.4,0.4,0.5,0.4,3,381,7.87,20.86
2026-06-06 06:57:54.879,0.4,0.4,0.5,0.4,3,381,7.87,20.86
2026-06-06 06:57:55.422,0.4,0.4,0.5,0.4,3,381,7.87,20.86
2026-06-06 06:57:55.889,0.4,0.4,0.5,0.4,3,381,7.87,20.86
2026-06-06 06:57:56.431,0.4,0.4,0.0,0.4,0,0,7.91,26.44
2026-06-06 06:57:56.929,0.4,0.4,0.0,0.4,0,412,7.91,20.41
2026-06-06 06:57:57.429,0.4,0.4,0.0,0.4,0,412,7.91,20.41
2026-06-06 06:57:57.892,0.4,0.4,0.0,0.4,0,412,7.91,20.41
2026-06-06 06:57:58.432,0.4,0.4,0.0,0.4,0,413,7.91,20.39
2026-06-06 06:57:58.935,0.4,0.4,0.0,0.4,0,413,7.91,20.39
2026-06-06 06:57:59.433,0.4,0.4,0.0,0.4,0,414,7.91,20.38
2026-06-06 06:57:59.917,0.4,0.4,0.0,0.4,0,413,7.91,20.39
2026-06-06 06:58:00.413,0.4,0.4,0.0,0.4,0,414,7.91,20.38
2026-06-06 06:58:00.894,0.4,0.4,0.0,0.4,0,414,7.91,20.38
2026-06-06 06:58:01.423,0.4,0.4,0.0,0.4,0,414,7.91,20.38
2026-06-06 06:58:01.886,0.4,0.4,0.0,0.4,0,413,7.91,20.39
2026-06-06 06:58:02.429,0.4,0.4,0.0,0.4,0,414,7.91,20.38
2026-06-06 06:58:02.927,0.4,0.4,0.0,0.4,0,413,7.91,20.39
2026-06-06 06:58:03.425,0.4,0.4,0.0,0.4,0,413,7.91,20.39
2026-06-06 06:58:03.912,0.4,0.4,0.0,0.4,0,391,7.91,20.71
2026-06-06 06:58:04.389,0.4,0.4,0.0,0.4,0,415,7.91,20.36
2026-06-06 06:58:04.888,0.4,0.4,0.6,0.4,0,413,7.91,20.39
2026-06-06 06:58:05.430,0.4,0.4,0.6,0.4,0,413,7.91,20.39
2026-06-06 06:58:05.930,0.4,0.4,0.5,0.4,0,413,7.91,20.39
2026-06-06 06:58:06.430,0.4,0.4,0.5,0.4,0,413,7.91,20.39
2026-06-06 06:58:06.926,0.4,0.4,0.4,0.4,0,413,7.91,20.39
2026-06-06 06:58:07.389,0.4,0.4,0.5,0.4,0,428,7.91,20.17
2026-06-06 06:58:07.905,0.4,0.4,0.5,0.4,0,413,7.91,20.39
2026-06-06 06:58:08.382,0.4,0.4,0.4,0.4,0,424,7.91,20.23
2026-06-06 06:58:08.882,0.4,0.4,0.4,0.4,0,424,7.91,20.23
2026-06-06 06:58:09.385,0.4,0.4,0.4,0.4,0,412,7.91,20.41
2026-06-06 06:58:10.444,0.4,0.4,0.4,0.4,0,413,7.91,20.39
2026-06-06 06:58:10.446,0.4,0.4,0.4,0.4,0,411,7.91,20.42
2026-06-06 06:58:11.139,0.4,0.4,0.4,0.4,0,411,7.91,20.42
2026-06-06 06:58:11.387,0.4,0.4,0.4,0.4,0,413,7.91,20.39
2026-06-06 06:58:11.388,0.4,0.4,0.4,0.5,0,413,7.91,20.39
2026-06-06 06:58:11.945,0.4,0.4,0.4,0.6,0,422,7.91,20.26
2026-06-06 06:58:12.432,0.4,0.4,0.4,0.6,0,409,7.91,20.45
2026-06-06 06:58:12.924,0.4,0.4,0.4,0.6,0,414,7.91,20.38
2026-06-06 06:58:13.386,0.4,0.4,0.4,0.6,0,414,7.91,20.38
2026-06-06 06:58:13.917,0.4,0.4,0.4,0.6,0,413,7.91,20.39
2026-06-06 06:58:14.414,0.4,0.4,0.4,0.7,0,413,7.91,20.39
2026-06-06 06:58:14.911,0.4,0.4,0.4,0.7,0,413,7.91,20.39
2026-06-06 06:58:15.408,0.4,0.4,0.4,0.6,0,423,7.91,20.24
2026-06-06 06:58:15.931,0.4,0.4,0.4,0.6,0,415,7.91,20.36
2026-06-06 06:58:16.402,0.4,0.4,0.4,0.6,0,414,7.91,20.38
2026-06-06 06:58:16.894,0.4,0.4,0.4,0.6,0,413,7.91,20.39
2026-06-06 06:58:17.410,0.4,0.4,0.4,0.6,0,414,7.91,20.38
2026-06-06 06:58:17.927,0.4,0.4,0.4,0.6,0,412,7.91,20.41
2026-06-06 06:58:18.420,0.4,0.4,0.4,0.6,0,411,7.91,20.42
2026-06-06 06:58:18.899,0.4,0.4,0.4,0.6,0,414,7.91,20.38
2026-06-06 06:58:19.445,0.4,0.4,0.4,0.6,0,412,7.91,20.41
2026-06-06 06:58:19.945,0.4,0.4,0.4,0.6,0,413,7.91,20.39
2026-06-06 06:58:20.445,0.4,0.4,0.5,0.6,0,422,7.91,20.26
2026-06-06 06:58:20.922,0.4,0.4,0.5,0.5,0,413,7.91,20.39
2026-06-06 06:58:21.407,0.4,0.4,0.6,0.5,0,413,7.91,20.39
2026-06-06 06:58:21.932,0.4,0.4,0.7,0.5,0,413,7.91,20.39
2026-06-06 06:58:22.413,0.4,0.4,0.7,0.4,0,426,7.91,20.20
2026-06-06 06:58:22.912,0.4,0.4,0.7,0.4,0,414,7.91,20.38
2026-06-06 06:58:23.409,0.4,0.4,0.7,0.4,0,411,7.91,20.42
2026-06-06 06:58:23.904,0.4,0.4,0.7,0.4,1,413,7.90,20.39
2026-06-06 06:58:24.418,0.4,0.4,0.7,0.4,0,414,7.91,20.38
2026-06-06 06:58:24.900,0.4,0.4,0.7,0.4,0,414,7.91,20.38
2026-06-06 06:58:25.431,0.4,0.4,0.7,0.5,0,413,7.91,20.39
2026-06-06 06:58:26.430,0.4,0.4,0.7,0.5,0,413,7.91,20.39
2026-06-06 06:58:26.431,0.4,0.4,0.7,0.6,0,413,7.91,20.39
2026-06-06 06:58:26.924,0.4,0.4,0.0,0.6,0,413,7.91,20.39
2026-06-06 06:58:27.431,0.4,0.4,0.4,0.7,0,414,7.91,20.38
2026-06-06 06:58:27.946,0.4,0.4,0.4,0.7,0,414,7.91,20.38
2026-06-06 06:58:28.403,0.4,0.4,0.4,0.7,0,413,7.91,20.39
2026-06-06 06:58:28.911,0.4,0.4,0.4,0.7,0,414,7.91,20.38
2026-06-06 06:58:29.399,0.4,0.4,0.0,0.6,0,413,7.91,20.39
2026-06-06 06:58:29.935,0.4,0.4,0.0,0.6,0,412,7.91,20.41
2026-06-06 06:58:30.405,0.4,0.4,0.0,0.6,0,412,7.91,20.41
2026-06-06 06:58:30.933,0.4,0.4,0.0,0.5,0,412,7.91,20.41
2026-06-06 06:58:31.396,0.4,0.4,0.0,0.5,0,412,7.91,20.41
2026-06-06 06:58:31.929,0.4,0.4,0.0,0.5,0,0,7.91,26.44
2026-06-06 06:58:32.414,0.4,0.4,0.0,0.5,0,422,7.91,20.26
2026-06-06 06:58:32.911,0.4,0.4,0.0,0.4,0,424,7.91,20.23
2026-06-06 06:58:33.436,0.4,0.4,0.0,0.4,0,413,7.91,20.39
2026-06-06 06:58:33.931,0.4,0.4,0.0,0.4,0,408,7.91,20.46
2026-06-06 06:58:34.437,0.4,0.4,0.0,0.4,0,408,7.91,20.46
2026-06-06 06:58:34.902,0.4,0.4,0.0,0.4,0,408,7.91,20.46
2026-06-06 06:58:35.416,0.4,0.4,0.0,0.4,0,412,7.91,20.41
2026-06-06 06:58:36.414,0.4,0.4,0.4,0.4,0,413,7.91,20.39
2026-06-06 06:58:36.416,0.4,0.4,0.4,0.4,0,411,7.91,20.42
2026-06-06 06:58:36.909,0.4,0.4,0.4,0.4,0,414,7.91,20.38
2026-06-06 06:58:37.419,0.4,0.4,0.4,0.4,0,412,7.91,20.41
2026-06-06 06:58:37.910,0.4,0.4,0.4,0.5,0,412,7.91,20.41
2026-06-06 06:58:38.414,0.4,0.4,0.4,0.5,1,414,7.90,20.38
2026-06-06 06:58:38.943,0.4,0.4,0.4,0.5,1,415,7.90,20.36
2026-06-06 06:58:39.447,0.4,0.4,0.4,0.5,1,413,7.90,20.39
2026-06-06 06:58:39.936,0.4,0.4,0.4,0.5,1,413,7.90,20.39
2026-06-06 06:58:40.416,0.4,0.4,0.4,0.5,0,414,7.91,20.38
2026-06-06 06:58:40.899,0.4,0.4,0.4,0.5,0,413,7.91,20.39
2026-06-06 06:58:41.459,0.4,0.4,0.4,0.5,0,414,7.91,20.38
2026-06-06 06:58:41.951,0.4,0.4,0.5,0.4,2,411,7.88,20.42
2026-06-06 06:58:42.415,0.4,0.4,0.5,0.4,0,412,7.91,20.41
2026-06-06 06:58:42.937,0.4,0.4,0.6,0.4,0,413,7.91,20.39
2026-06-06 06:58:43.415,0.4,0.4,0.6,0.4,1,412,7.90,20.41
2026-06-06 06:58:44.452,0.4,0.4,0.6,0.4,1,413,7.90,20.39
2026-06-06 06:58:44.452,0.4,0.4,0.6,0.4,3,413,7.87,20.39
2026-06-06 06:58:44.905,0.4,0.4,0.6,0.4,7,412,7.81,20.41
2026-06-06 06:58:45.419,0.4,0.4,0.6,0.4,1,423,7.90,20.24
2026-06-06 06:58:45.961,0.4,0.4,0.6,0.4,0,412,7.91,20.41
2026-06-06 06:58:46.457,0.4,0.4,0.5,0.4,1,415,7.90,20.36
2026-06-06 06:58:46.939,0.4,0.4,0.5,0.4,0,414,7.91,20.38
2026-06-06 06:58:47.455,0.4,0.4,0.5,0.4,0,413,7.91,20.39
2026-06-06 06:58:47.925,0.4,0.4,0.4,0.4,0,414,7.91,20.38
2026-06-06 06:58:48.431,0.4,0.4,0.4,0.4,0,414,7.91,20.38
2026-06-06 06:58:48.927,0.4,0.4,0.4,0.4,2,414,7.88,20.38
2026-06-06 06:58:49.405,0.4,0.4,0.4,0.4,18,411,7.65,20.42
2026-06-06 06:58:49.935,0.4,0.4,0.4,0.4,10,423,7.76,20.24
2026-06-06 06:58:50.403,0.4,0.4,0.4,0.4,1,413,7.90,20.39
2026-06-06 06:58:50.910,0.4,0.4,0.4,0.4,0,413,7.91,20.39
2026-06-06 06:58:51.442,0.4,0.4,0.4,0.4,0,414,7.91,20.38
2026-06-06 06:58:51.929,0.4,0.4,0.4,0.4,0,413,7.91,20.39
2026-06-06 06:58:52.431,0.4,0.4,0.4,0.4,0,411,7.91,20.42
2026-06-06 06:58:52.926,0.4,0.4,0.4,0.4,0,413,7.91,20.39
2026-06-06 06:58:53.416,0.4,0.4,0.4,0.4,0,414,7.91,20.38
2026-06-06 06:58:53.909,0.4,0.4,0.4,0.4,0,414,7.91,20.38
2026-06-06 06:58:54.622,0.4,0.4,0.4,0.4,0,414,7.91,20.38
2026-06-06 06:58:54.905,0.4,0.4,0.4,0.4,0,413,7.91,20.39
2026-06-06 06:58:54.958,0.4,0.4,0.4,0.4,0,412,7.91,20.41
2026-06-06 06:58:55.422,0.4,0.4,0.4,0.4,0,411,7.91,20.42
2026-06-06 06:58:55.911,0.4,0.4,0.4,0.4,0,414,7.91,20.38
2026-06-06 06:58:56.415,0.4,0.4,0.4,0.4,0,414,7.91,20.38
2026-06-06 06:58:56.942,0.4,0.4,0.0,0.4,0,412,7.91,20.41
2026-06-06 06:58:57.421,0.4,0.4,0.0,0.4,0,413,7.91,20.39
2026-06-06 06:58:57.942,0.4,0.4,0.0,0.4,0,413,7.91,20.39
2026-06-06 06:58:58.443,0.4,0.4,0.0,0.4,0,413,7.91,20.39
2026-06-06 06:58:58.925,0.4,0.4,0.4,0.4,0,413,7.91,20.39
2026-06-06 06:58:59.470,0.4,0.4,0.4,0.4,0,423,7.91,20.24
2026-06-06 06:58:59.921,0.4,0.4,0.4,0.4,0,423,7.91,20.24
2026-06-06 06:59:00.450,0.4,0.4,0.4,0.4,0,413,7.91,20.39
2026-06-06 06:59:00.942,0.4,0.4,0.4,0.4,0,413,7.91,20.39
2026-06-06 06:59:01.447,0.4,0.4,0.4,0.4,0,413,7.91,20.39
2026-06-06 06:59:01.946,0.4,0.4,0.5,0.4,0,413,7.91,20.39
2026-06-06 06:59:02.432,0.4,0.4,0.5,0.4,0,414,7.91,20.38
2026-06-06 06:59:02.926,0.4,0.4,0.5,0.4,0,427,7.91,20.19
2026-06-06 06:59:03.428,0.4,0.4,0.5,0.4,0,414,7.91,20.38
2026-06-06 06:59:03.950,0.4,0.4,0.5,0.4,0,414,7.91,20.38
2026-06-06 06:59:04.430,0.4,0.4,0.5,0.4,0,412,7.91,20.41
2026-06-06 06:59:05.452,0.4,0.4,0.5,0.4,0,412,7.91,20.41
2026-06-06 06:59:05.453,0.4,0.4,0.6,0.4,0,425,7.91,20.21
2026-06-06 06:59:05.968,0.4,0.4,0.6,0.4,1,424,7.90,20.23
2026-06-06 06:59:06.461,0.4,0.4,0.6,0.4,1,414,7.90,20.38
2026-06-06 06:59:06.958,0.4,0.4,0.6,0.4,4,414,7.85,20.38
2026-06-06 06:59:07.460,0.5,0.4,0.6,0.4,7,413,7.81,20.39
2026-06-06 06:59:07.956,0.4,0.4,0.6,0.4,25,414,7.54,20.38
2026-06-06 06:59:08.431,0.4,0.4,0.6,0.4,15,410,7.69,20.43
2026-06-06 06:59:08.921,0.4,0.4,0.5,0.4,18,414,7.65,20.38
2026-06-06 06:59:09.452,0.4,0.4,0.4,0.4,16,412,7.68,20.41
2026-06-06 06:59:09.935,0.4,0.4,0.4,0.4,11,415,7.75,20.36
2026-06-06 06:59:10.415,0.4,0.4,0.4,0.4,7,431,7.81,20.13
2026-06-06 06:59:10.974,0.5,0.4,0.4,0.4,6,413,7.82,20.39
2026-06-06 06:59:11.474,0.5,0.4,0.4,0.4,34,414,7.41,20.38
2026-06-06 06:59:11.951,0.5,0.4,0.5,0.4,42,414,7.29,20.38
2026-06-06 06:59:12.430,0.5,0.4,0.5,0.4,47,414,7.22,20.38
2026-06-06 06:59:12.926,0.4,0.4,0.5,0.4,47,415,7.22,20.36
2026-06-06 06:59:13.478,0.4,0.4,0.4,0.4,30,414,7.47,20.38
2026-06-06 06:59:13.966,0.4,0.4,0.4,0.4,7,412,7.81,20.41
2026-06-06 06:59:14.440,0.4,0.4,0.4,0.4,1,427,7.90,20.19
2026-06-06 06:59:14.943,0.4,0.4,0.4,0.4,22,412,7.59,20.41
2026-06-06 06:59:15.437,0.4,0.4,0.5,0.4,12,414,7.73,20.38
2026-06-06 06:59:15.967,0.4,0.4,0.4,0.4,1,413,7.90,20.39
2026-06-06 06:59:16.435,0.5,0.4,0.4,0.4,13,413,7.72,20.39
2026-06-06 06:59:16.927,0.5,0.4,0.5,0.4,48,413,7.21,20.39
2026-06-06 06:59:17.478,0.5,0.4,0.5,0.4,49,412,7.19,20.41
2026-06-06 06:59:17.976,0.5,0.4,0.5,0.4,51,413,7.16,20.39
2026-06-06 06:59:18.473,0.5,0.4,0.4,0.4,48,414,7.21,20.38
2026-06-06 06:59:18.958,0.5,0.4,0.4,0.4,48,414,7.21,20.38
2026-06-06 06:59:19.439,0.4,0.4,0.4,0.4,30,416,7.47,20.35
2026-06-06 06:59:19.968,0.4,0.4,0.4,0.4,11,425,7.75,20.21
2026-06-06 06:59:20.446,0.4,0.4,0.4,0.4,0,413,7.91,20.39
2026-06-06 06:59:20.943,0.4,0.4,0.4,0.4,0,413,7.91,20.39
2026-06-06 06:59:21.445,0.4,0.4,0.4,0.4,0,426,7.91,20.20
2026-06-06 06:59:21.924,0.4,0.4,0.4,0.4,0,414,7.91,20.38
2026-06-06 06:59:22.462,0.4,0.4,0.4,0.4,0,415,7.91,20.36
2026-06-06 06:59:22.958,0.4,0.4,0.4,0.4,0,413,7.91,20.39
2026-06-06 06:59:23.463,0.4,0.4,0.4,0.4,0,413,7.91,20.39
2026-06-06 06:59:23.958,0.4,0.4,0.4,0.4,0,415,7.91,20.36
2026-06-06 06:59:24.469,0.4,0.4,0.4,0.4,0,424,7.91,20.23
2026-06-06 06:59:24.952,0.4,0.4,0.5,0.4,0,413,7.91,20.39
2026-06-06 06:59:25.962,0.4,0.4,0.5,0.4,0,412,7.91,20.41
2026-06-06 06:59:25.962,0.4,0.4,0.5,0.4,0,422,7.91,20.26
2026-06-06 06:59:26.458,0.4,0.4,0.5,0.4,0,422,7.91,20.26
2026-06-06 06:59:26.956,0.4,0.4,0.4,0.4,0,422,7.91,20.26
2026-06-06 06:59:27.455,0.4,0.4,0.4,0.4,0,411,7.91,20.42
2026-06-06 06:59:27.934,0.4,0.4,0.4,0.4,0,413,7.91,20.39
2026-06-06 06:59:28.428,0.4,0.4,0.4,0.4,0,413,7.91,20.39
2026-06-06 06:59:28.926,0.4,0.4,0.4,0.4,0,412,7.91,20.41
2026-06-06 06:59:29.429,0.4,0.4,0.4,0.4,0,410,7.91,20.43
2026-06-06 06:59:29.967,0.4,0.4,0.4,0.4,0,415,7.91,20.36
2026-06-06 06:59:30.447,0.4,0.4,0.4,0.4,0,424,7.91,20.23
2026-06-06 06:59:30.942,0.4,0.4,0.4,0.4,0,413,7.91,20.39
2026-06-06 06:59:31.432,0.4,0.4,0.4,0.4,0,415,7.91,20.36
2026-06-06 06:59:31.959,0.4,0.4,0.4,0.4,0,414,7.91,20.38
2026-06-06 06:59:32.446,0.4,0.4,0.4,0.4,0,414,7.91,20.38
2026-06-06 06:59:32.952,0.4,0.4,0.4,0.4,0,413,7.91,20.39
2026-06-06 06:59:33.448,0.4,0.4,0.4,0.5,0,414,7.91,20.38
2026-06-06 06:59:33.976,0.4,0.4,0.4,0.4,0,414,7.91,20.38
2026-06-06 06:59:34.474,0.4,0.4,0.4,0.4,0,414,7.91,20.38
2026-06-06 06:59:34.938,0.4,0.4,0.4,0.4,0,414,7.91,20.38
2026-06-06 06:59:35.463,0.4,0.4,0.4,0.4,0,413,7.91,20.39
2026-06-06 06:59:35.943,0.4,0.4,0.4,0.4,0,414,7.91,20.38
2026-06-06 06:59:36.473,0.4,0.4,0.4,0.4,0,413,7.91,20.39
2026-06-06 06:59:36.932,0.4,0.4,0.5,0.4,0,413,7.91,20.39
2026-06-06 06:59:37.462,0.4,0.4,0.5,0.4,0,416,7.91,20.35
2026-06-06 06:59:37.958,0.4,0.4,0.6,0.4,0,412,7.91,20.41
2026-06-06 06:59:38.455,0.4,0.4,0.6,0.4,0,414,7.91,20.38
2026-06-06 06:59:39.484,0.4,0.4,0.7,0.4,0,413,7.91,20.39
2026-06-06 06:59:39.485,0.4,0.4,0.7,0.4,0,423,7.91,20.24
2026-06-06 06:59:39.950,0.4,0.4,0.7,0.4,0,414,7.91,20.38
2026-06-06 06:59:40.480,0.4,0.4,0.7,0.4,0,413,7.91,20.39
2026-06-06 06:59:40.975,0.4,0.4,0.7,0.4,0,413,7.91,20.39
2026-06-06 06:59:41.478,0.4,0.4,0.7,0.4,0,408,7.91,20.46
2026-06-06 06:59:41.975,0.4,0.4,0.6,0.4,0,415,7.91,20.36
2026-06-06 06:59:42.462,0.4,0.4,0.6,0.4,0,413,7.91,20.39
2026-06-06 06:59:42.942,0.4,0.4,0.6,0.4,0,425,7.91,20.21
2026-06-06 06:59:43.486,0.4,0.4,0.5,0.4,0,415,7.91,20.36
2026-06-06 06:59:43.937,0.4,0.4,0.5,0.4,0,391,7.91,20.71
2026-06-06 06:59:44.463,0.4,0.4,0.5,0.4,0,414,7.91,20.38
2026-06-06 06:59:44.943,0.4,0.4,0.4,0.4,0,414,7.91,20.38
2026-06-06 06:59:45.444,0.4,0.4,0.4,0.4,0,413,7.91,20.39
2026-06-06 06:59:46.440,0.4,0.4,0.4,0.4,0,413,7.91,20.39
2026-06-06 06:59:46.441,0.4,0.4,0.4,0.4,0,412,7.91,20.41
2026-06-06 06:59:46.975,0.4,0.4,0.4,0.4,0,413,7.91,20.39
2026-06-06 06:59:47.452,0.4,0.4,0.4,0.4,0,414,7.91,20.38
2026-06-06 06:59:47.980,0.4,0.4,0.4,0.4,0,426,7.91,20.20
2026-06-06 06:59:48.463,0.4,0.4,0.4,0.4,0,413,7.91,20.39
2026-06-06 06:59:48.958,0.4,0.4,0.4,0.4,0,413,7.91,20.39
2026-06-06 06:59:49.458,0.4,0.4,0.4,0.4,0,411,7.91,20.42
2026-06-06 06:59:49.939,0.4,0.4,0.4,0.4,0,414,7.91,20.38
2026-06-06 06:59:50.479,0.4,0.4,0.4,0.4,0,414,7.91,20.38
2026-06-06 06:59:50.943,0.4,0.4,0.4,0.4,0,414,7.91,20.38
2026-06-06 06:59:51.463,0.4,0.4,0.4,0.4,0,413,7.91,20.39
2026-06-06 06:59:51.947,0.4,0.4,0.4,0.4,0,397,7.91,20.62
2026-06-06 06:59:52.442,0.4,0.4,0.4,0.4,0,414,7.91,20.38
2026-06-06 06:59:53.453,0.4,0.4,0.4,0.4,0,405,7.91,20.51
2026-06-06 06:59:53.454,0.4,0.4,0.4,0.4,0,413,7.91,20.39
2026-06-06 06:59:54.463,0.4,0.4,0.4,0.4,0,414,7.91,20.38
2026-06-06 06:59:54.464,0.4,0.4,0.4,0.4,0,413,7.91,20.39
2026-06-06 06:59:54.958,0.4,0.4,0.4,0.4,0,414,7.91,20.38
2026-06-06 06:59:55.459,0.4,0.4,0.4,0.4,0,414,7.91,20.38
2026-06-06 06:59:55.958,0.4,0.4,0.5,0.4,0,412,7.91,20.41
2026-06-06 06:59:56.959,0.4,0.4,0.5,0.4,0,412,7.91,20.41
2026-06-06 06:59:56.960,0.4,0.4,0.4,0.4,0,412,7.91,20.41
2026-06-06 06:59:57.446,0.4,0.4,0.4,0.4,0,412,7.91,20.41
2026-06-06 06:59:58.007,0.4,0.4,0.4,0.4,0,413,7.91,20.39
2026-06-06 06:59:58.494,0.4,0.4,0.4,0.4,0,412,7.91,20.41
2026-06-06 06:59:58.970,0.4,0.4,0.4,0.4,0,415,7.91,20.36
2026-06-06 06:59:59.485,0.4,0.4,0.4,0.4,0,413,7.91,20.39
2026-06-06 06:59:59.950,0.4,0.4,0.4,0.4,0,411,7.91,20.42
2026-06-06 07:00:00.480,0.4,0.4,0.4,0.4,0,414,7.91,20.38
2026-06-06 07:00:00.975,0.4,0.4,0.5,0.4,1,424,7.90,20.23
2026-06-06 07:00:01.465,0.4,0.4,0.5,0.4,0,414,7.91,20.38
2026-06-06 07:00:01.975,0.4,0.4,0.5,0.4,0,414,7.91,20.38
2026-06-06 07:00:02.477,0.4,0.4,0.5,0.4,0,412,7.91,20.41
2026-06-06 07:00:02.974,0.4,0.4,0.5,0.4,0,414,7.91,20.38
2026-06-06 07:00:03.454,0.4,0.4,0.5,0.4,0,423,7.91,20.24
2026-06-06 07:00:03.967,0.4,0.4,0.5,0.4,0,413,7.91,20.39
2026-06-06 07:00:04.494,0.4,0.4,0.4,0.4,0,414,7.91,20.38
2026-06-06 07:00:04.981,0.4,0.4,0.4,0.4,0,414,7.91,20.38
2026-06-06 07:00:05.451,0.4,0.4,0.4,0.4,0,421,7.91,20.27
2026-06-06 07:00:05.994,0.4,0.4,0.4,0.4,0,421,7.91,20.27
2026-06-06 07:00:06.492,0.4,0.4,0.5,0.4,0,415,7.91,20.36
2026-06-06 07:00:06.990,0.4,0.4,0.5,0.4,0,412,7.91,20.41
2026-06-06 07:00:07.492,0.4,0.4,0.5,0.4,0,413,7.91,20.39
2026-06-06 07:00:07.956,0.4,0.4,0.5,0.4,0,413,7.91,20.39
2026-06-06 07:00:08.677,0.4,0.4,0.5,0.4,0,413,7.91,20.39
2026-06-06 07:00:08.990,0.4,0.4,0.5,0.4,3,413,7.87,20.39
2026-06-06 07:00:08.991,0.4,0.4,0.5,0.4,0,413,7.91,20.39
2026-06-06 07:00:09.487,0.4,0.4,0.5,0.4,1,413,7.90,20.39
2026-06-06 07:00:09.968,0.4,0.4,0.5,0.4,0,414,7.91,20.38
2026-06-06 07:00:10.510,0.4,0.4,0.5,0.4,1,413,7.90,20.39
2026-06-06 07:00:10.995,0.4,0.4,0.5,0.4,0,409,7.91,20.45
2026-06-06 07:00:11.482,0.4,0.4,0.5,0.4,0,409,7.91,20.45
2026-06-06 07:00:12.510,0.4,0.4,0.5,0.4,0,413,7.91,20.39
2026-06-06 07:00:12.511,0.4,0.4,0.5,0.4,0,411,7.91,20.42
2026-06-06 07:00:13.005,0.4,0.4,0.5,0.4,0,414,7.91,20.38
2026-06-06 07:00:13.497,0.4,0.4,0.4,0.4,0,413,7.91,20.39
2026-06-06 07:00:13.965,0.4,0.4,0.4,0.4,9,411,7.78,20.42
2026-06-06 07:00:14.461,0.5,0.4,0.4,0.4,41,412,7.31,20.41
2026-06-06 07:00:14.958,0.5,0.4,0.5,0.4,35,410,7.40,20.43
2026-06-06 07:00:15.455,0.5,0.4,0.5,0.4,35,410,7.40,20.43
2026-06-06 07:00:15.982,0.4,0.4,0.4,0.4,3,424,7.87,20.23
2026-06-06 07:00:16.464,0.4,0.4,0.4,0.4,1,413,7.90,20.39
2026-06-06 07:00:16.957,0.4,0.4,0.5,0.4,1,409,7.90,20.45
2026-06-06 07:00:17.459,0.4,0.4,0.5,0.4,2,411,7.88,20.42
2026-06-06 07:00:17.987,0.4,0.4,0.5,0.4,1,414,7.90,20.38
2026-06-06 07:00:18.462,0.4,0.4,0.5,0.5,0,414,7.91,20.38
2026-06-06 07:00:18.953,0.4,0.4,0.5,0.4,0,423,7.91,20.24
2026-06-06 07:00:19.473,0.4,0.4,0.5,0.4,0,423,7.91,20.24
2026-06-06 07:00:20.467,0.4,0.4,0.5,0.4,15,412,7.69,20.41
2026-06-06 07:00:20.467,0.5,0.4,0.5,0.4,28,413,7.50,20.39
2026-06-06 07:00:20.958,0.5,0.4,0.4,0.4,28,413,7.50,20.39
2026-06-06 07:00:21.495,0.4,0.4,0.4,0.4,22,413,7.59,20.39
2026-06-06 07:00:21.976,0.4,0.4,0.5,0.4,18,414,7.65,20.38
2026-06-06 07:00:22.510,0.5,0.4,0.5,0.4,20,412,7.62,20.41
2026-06-06 07:00:23.008,0.4,0.4,0.5,0.4,21,412,7.60,20.41
2026-06-06 07:00:23.509,0.4,0.4,0.5,0.4,8,413,7.79,20.39
2026-06-06 07:00:24.004,0.4,0.4,0.4,0.4,0,413,7.91,20.39
2026-06-06 07:00:24.461,0.4,0.4,0.4,0.4,1,397,7.90,20.62
2026-06-06 07:00:25.007,0.4,0.4,0.4,0.4,1,400,7.90,20.58
2026-06-06 07:00:25.496,0.4,0.4,0.4,0.4,0,414,7.91,20.38
2026-06-06 07:00:25.977,0.4,0.4,0.4,0.4,0,414,7.91,20.38
2026-06-06 07:00:26.454,0.4,0.4,0.4,0.4,0,413,7.91,20.39
2026-06-06 07:00:26.980,0.4,0.4,0.4,0.4,0,413,7.91,20.39
2026-06-06 07:00:27.467,0.4,0.4,0.4,0.4,0,407,7.91,20.48
2026-06-06 07:00:27.998,0.4,0.4,0.4,0.4,0,406,7.91,20.49
2026-06-06 07:00:28.494,0.4,0.4,0.4,0.4,0,406,7.91,20.49
2026-06-06 07:00:29.492,0.4,0.4,0.4,0.4,0,407,7.91,20.48
2026-06-06 07:00:29.492,0.4,0.4,0.4,0.4,0,407,7.91,20.48
2026-06-06 07:00:29.968,0.4,0.4,0.4,0.4,1,407,7.90,20.48
2026-06-06 07:00:30.511,0.4,0.4,0.4,0.4,5,400,7.84,20.58
2026-06-06 07:00:30.998,0.4,0.4,0.4,0.4,5,406,7.84,20.49
2026-06-06 07:00:31.482,0.4,0.4,0.4,0.4,1,407,7.90,20.48
2026-06-06 07:00:32.010,0.4,0.4,0.4,0.4,1,407,7.90,20.48
2026-06-06 07:00:32.508,0.4,0.4,0.4,0.4,0,400,7.91,20.58
2026-06-06 07:00:33.005,0.4,0.4,0.4,0.4,0,411,7.91,20.42
2026-06-06 07:00:33.505,0.4,0.4,0.4,0.4,1,399,7.90,20.60
2026-06-06 07:00:33.981,0.4,0.4,0.4,0.4,0,409,7.91,20.45
2026-06-06 07:00:34.469,0.4,0.4,0.4,0.4,0,408,7.91,20.46
2026-06-06 07:00:34.997,0.4,0.4,0.4,0.4,0,408,7.91,20.46
2026-06-06 07:00:35.495,0.4,0.4,0.4,0.4,0,408,7.91,20.46
2026-06-06 07:00:35.990,0.4,0.4,0.4,0.4,0,414,7.91,20.38
2026-06-06 07:00:36.478,0.4,0.4,0.4,0.4,0,408,7.91,20.46
2026-06-06 07:00:36.959,0.4,0.4,0.4,0.4,0,407,7.91,20.48
2026-06-06 07:00:37.482,0.4,0.4,0.4,0.4,0,408,7.91,20.46
2026-06-06 07:00:37.966,0.4,0.4,0.4,0.4,0,393,7.91,20.68
2026-06-06 07:00:38.461,0.4,0.4,0.4,0.4,0,407,7.91,20.48
2026-06-06 07:00:39.018,0.4,0.4,0.4,0.4,0,407,7.91,20.48
2026-06-06 07:00:39.491,0.4,0.4,0.4,0.4,0,408,7.91,20.46
2026-06-06 07:00:39.983,0.4,0.4,0.4,0.4,0,409,7.91,20.45
2026-06-06 07:00:40.510,0.4,0.4,0.4,0.5,0,409,7.91,20.45
2026-06-06 07:00:40.991,0.4,0.4,0.4,0.5,0,408,7.91,20.46
2026-06-06 07:00:41.527,0.4,0.4,0.4,0.5,0,408,7.91,20.46
2026-06-06 07:00:42.507,0.4,0.4,0.4,0.5,5,408,7.84,20.46
2026-06-06 07:00:42.507,0.5,0.4,0.4,0.5,22,408,7.59,20.46
2026-06-06 07:00:42.990,0.5,0.4,0.4,0.5,61,407,7.02,20.48
2026-06-06 07:00:43.517,0.6,0.4,0.4,0.4,87,408,6.64,20.46
2026-06-06 07:00:43.997,0.6,0.4,0.4,0.4,111,409,6.28,20.45
2026-06-06 07:00:44.997,0.6,0.4,0.4,0.5,124,410,6.09,20.43
2026-06-06 07:00:44.998,0.6,0.4,0.4,0.5,127,410,6.05,20.43
2026-06-06 07:00:45.481,0.6,0.4,0.4,0.5,132,411,5.98,20.42
2026-06-06 07:00:45.968,0.7,0.4,0.4,0.5,145,411,5.79,20.42
2026-06-06 07:00:46.510,0.6,0.4,0.4,0.5,150,410,5.71,20.43
2026-06-06 07:00:47.494,0.6,0.4,0.4,0.5,138,410,5.89,20.43
2026-06-06 07:00:47.495,0.6,0.4,0.4,0.4,132,409,5.98,20.45
2026-06-06 07:00:47.992,0.6,0.4,0.4,0.4,119,409,6.17,20.45
2026-06-06 07:00:48.471,0.6,0.4,0.4,0.5,104,411,6.39,20.42
2026-06-06 07:00:48.997,0.5,0.4,0.4,0.5,82,411,6.71,20.42
2026-06-06 07:00:49.481,0.5,0.4,0.4,0.5,62,411,7.00,20.42
2026-06-06 07:00:50.010,0.5,0.4,0.4,0.5,39,409,7.34,20.45
2026-06-06 07:00:50.494,0.4,0.4,0.4,0.5,22,411,7.59,20.42
2026-06-06 07:00:50.989,0.4,0.4,0.4,0.5,9,412,7.78,20.41
2026-06-06 07:00:51.487,0.4,0.4,0.4,0.5,0,411,7.91,20.42
2026-06-06 07:00:51.994,0.4,0.4,0.4,0.4,0,411,7.91,20.42
2026-06-06 07:00:52.526,0.4,0.4,0.4,0.4,0,411,7.91,20.42
2026-06-06 07:00:53.009,0.4,0.4,0.4,0.5,0,412,7.91,20.41
2026-06-06 07:00:53.510,0.4,0.4,0.4,0.5,0,412,7.91,20.41
2026-06-06 07:00:54.008,0.4,0.4,0.5,0.6,0,412,7.91,20.41
2026-06-06 07:00:54.509,0.4,0.4,0.5,0.7,0,410,7.91,20.43
2026-06-06 07:00:55.006,0.4,0.4,0.5,0.8,0,412,7.91,20.41
2026-06-06 07:00:55.485,0.4,0.4,0.6,0.9,3,411,7.87,20.42
2026-06-06 07:00:56.015,0.4,0.4,0.7,0.9,6,423,7.82,20.24
2026-06-06 07:00:56.496,0.4,0.4,0.8,0.9,9,411,7.78,20.42
2026-06-06 07:00:56.978,0.4,0.4,0.9,0.9,13,413,7.72,20.39
2026-06-06 07:00:57.477,0.5,0.4,1.0,0.9,26,413,7.53,20.39
2026-06-06 07:00:57.975,0.5,0.4,1.1,0.8,33,414,7.43,20.38
2026-06-06 07:00:58.500,0.4,0.4,1.1,0.7,22,411,7.59,20.42
2026-06-06 07:00:58.975,0.4,0.4,1.1,0.7,17,413,7.66,20.39
2026-06-06 07:00:59.526,0.4,0.4,1.1,0.7,17,413,7.66,20.39
2026-06-06 07:01:00.024,0.4,0.4,1.1,0.7,17,413,7.66,20.39
2026-06-06 07:01:00.522,0.4,0.4,1.1,0.8,17,413,7.66,20.39
2026-06-06 07:01:01.019,0.4,0.4,1.2,0.8,23,413,7.57,20.39
2026-06-06 07:01:01.515,0.4,0.4,1.3,0.8,6,413,7.82,20.39
2026-06-06 07:01:01.996,0.4,0.4,1.2,0.8,2,411,7.88,20.42
2026-06-06 07:01:02.491,0.4,0.4,1.1,0.9,12,412,7.73,20.41
2026-06-06 07:01:02.990,0.5,0.4,1.1,0.9,28,412,7.50,20.41
2026-06-06 07:01:03.474,0.4,0.4,1.1,0.9,25,414,7.54,20.38
2026-06-06 07:01:04.014,0.4,0.4,1.0,0.9,20,413,7.62,20.39
2026-06-06 07:01:04.492,0.4,0.4,0.9,0.8,4,414,7.85,20.38
2026-06-06 07:01:05.034,0.4,0.4,0.8,0.8,7,412,7.81,20.41
2026-06-06 07:01:05.514,0.4,0.4,0.7,0.8,11,413,7.75,20.39
2026-06-06 07:01:05.996,0.4,0.4,0.9,0.8,11,413,7.75,20.39
2026-06-06 07:01:06.526,0.5,0.4,0.9,0.8,21,413,7.60,20.39
2026-06-06 07:01:07.022,0.4,0.4,1.0,0.8,13,413,7.72,20.39
2026-06-06 07:01:07.522,0.4,0.4,1.1,0.7,1,412,7.90,20.41
2026-06-06 07:01:08.019,0.4,0.4,1.1,0.7,0,413,7.91,20.39
2026-06-06 07:01:08.502,0.4,0.4,1.1,0.7,1,410,7.90,20.43
2026-06-06 07:01:09.006,0.4,0.4,1.0,0.7,0,413,7.91,20.39
2026-06-06 07:01:09.534,0.4,0.4,0.9,0.7,0,413,7.91,20.39
2026-06-06 07:01:10.010,0.4,0.4,0.8,0.6,0,415,7.91,20.36
2026-06-06 07:01:10.494,0.4,0.4,0.8,0.6,0,414,7.91,20.38
2026-06-06 07:01:10.991,0.4,0.4,0.7,0.6,2,414,7.88,20.38
2026-06-06 07:01:11.486,0.4,0.4,0.7,0.6,5,412,7.84,20.41
2026-06-06 07:01:12.012,0.4,0.4,0.6,0.6,12,412,7.73,20.41
2026-06-06 07:01:12.493,0.4,0.4,0.5,0.6,12,412,7.73,20.41
2026-06-06 07:01:12.990,0.5,0.4,0.5,0.6,33,412,7.43,20.41
2026-06-06 07:01:13.491,0.4,0.4,0.5,0.6,28,414,7.50,20.38
2026-06-06 07:01:13.983,0.4,0.4,0.5,0.5,11,412,7.75,20.41
2026-06-06 07:01:14.510,0.4,0.4,0.4,0.5,0,412,7.91,20.41
2026-06-06 07:01:14.990,0.4,0.4,0.4,0.5,0,414,7.91,20.38
2026-06-06 07:01:15.529,0.4,0.4,0.4,0.4,0,413,7.91,20.39
2026-06-06 07:01:15.998,0.4,0.4,0.5,0.4,0,413,7.91,20.39
2026-06-06 07:01:16.542,0.4,0.4,0.5,0.4,0,412,7.91,20.41
2026-06-06 07:01:17.039,0.4,0.4,0.4,0.4,1,414,7.90,20.38
2026-06-06 07:01:17.534,0.4,0.4,0.5,0.4,0,412,7.91,20.41
2026-06-06 07:01:18.003,0.4,0.4,0.5,0.5,0,430,7.91,20.14
2026-06-06 07:01:18.543,0.4,0.4,0.5,0.4,0,414,7.91,20.38
2026-06-06 07:01:19.039,0.4,0.4,0.5,0.4,0,412,7.91,20.41
2026-06-06 07:01:19.538,0.4,0.4,0.5,0.4,0,414,7.91,20.38
2026-06-06 07:01:20.015,0.4,0.4,0.5,0.4,0,412,7.91,20.41
2026-06-06 07:01:20.494,0.4,0.4,0.5,0.4,0,415,7.91,20.36
2026-06-06 07:01:21.032,0.4,0.4,0.6,0.4,0,400,7.91,20.58
2026-06-06 07:01:22.030,0.4,0.4,0.6,0.4,0,411,7.91,20.42
2026-06-06 07:01:22.031,0.4,0.4,0.6,0.4,0,414,7.91,20.38
2026-06-06 07:01:22.990,0.4,0.4,0.6,0.4,0,413,7.91,20.39
2026-06-06 07:01:22.991,0.4,0.4,0.6,0.4,0,414,7.91,20.38
2026-06-06 07:01:23.492,0.4,0.4,0.6,0.4,0,413,7.91,20.39
2026-06-06 07:01:23.989,0.4,0.4,0.6,0.4,0,413,7.91,20.39
2026-06-06 07:01:24.489,0.4,0.4,0.6,0.4,0,413,7.91,20.39
2026-06-06 07:01:25.006,0.4,0.4,0.6,0.4,0,413,7.91,20.39
2026-06-06 07:01:25.536,0.4,0.4,0.6,0.4,0,413,7.91,20.39
2026-06-06 07:01:25.999,0.4,0.4,0.6,0.4,0,413,7.91,20.39
2026-06-06 07:01:26.490,0.4,0.4,0.6,0.4,0,411,7.91,20.42
2026-06-06 07:01:27.031,0.4,0.4,0.6,0.5,0,411,7.91,20.42
2026-06-06 07:01:27.514,0.4,0.4,0.6,0.5,0,411,7.91,20.42
2026-06-06 07:01:27.996,0.4,0.4,0.6,0.5,0,411,7.91,20.42
2026-06-06 07:01:28.493,0.4,0.4,0.6,0.4,0,0,7.91,26.44
2026-06-06 07:01:29.038,0.4,0.4,0.6,0.4,0,414,7.91,20.38
2026-06-06 07:01:29.543,0.4,0.4,0.6,0.4,0,413,7.91,20.39
2026-06-06 07:01:30.037,0.4,0.4,0.6,0.4,0,414,7.91,20.38
2026-06-06 07:01:30.517,0.4,0.4,0.6,0.4,0,414,7.91,20.38
2026-06-06 07:01:31.505,0.4,0.4,0.6,0.4,0,413,7.91,20.39
2026-06-06 07:01:31.506,0.4,0.4,0.5,0.4,0,413,7.91,20.39
2026-06-06 07:01:31.990,0.4,0.4,0.5,0.4,0,413,7.91,20.39
2026-06-06 07:01:32.718,0.4,0.4,0.4,0.4,0,413,7.91,20.39
2026-06-06 07:01:33.037,0.4,0.4,0.5,0.4,0,423,7.91,20.24
2026-06-06 07:01:33.039,0.4,0.4,0.5,0.4,0,414,7.91,20.38
2026-06-06 07:01:33.517,0.4,0.4,0.5,0.4,0,413,7.91,20.39
2026-06-06 07:01:34.047,0.4,0.4,0.5,0.4,0,413,7.91,20.39
2026-06-06 07:01:34.510,0.4,0.4,0.4,0.4,0,413,7.91,20.39
2026-06-06 07:01:34.997,0.4,0.4,0.4,0.4,0,413,7.91,20.39
2026-06-06 07:01:35.496,0.4,0.4,0.4,0.4,0,413,7.91,20.39
2026-06-06 07:01:36.030,0.4,0.4,0.4,0.4,0,414,7.91,20.38
2026-06-06 07:01:36.526,0.4,0.4,0.4,0.4,0,412,7.91,20.41
2026-06-06 07:01:37.011,0.4,0.4,0.4,0.4,0,414,7.91,20.38
2026-06-06 07:01:37.507,0.4,0.4,0.4,0.4,0,414,7.91,20.38
2026-06-06 07:01:38.034,0.4,0.4,0.4,0.4,0,415,7.91,20.36
2026-06-06 07:01:38.511,0.4,0.4,0.4,0.4,0,413,7.91,20.39
2026-06-06 07:01:39.000,0.4,0.4,0.4,0.4,0,413,7.91,20.39
2026-06-06 07:01:39.544,0.4,0.4,0.4,0.4,0,413,7.91,20.39
2026-06-06 07:01:40.014,0.4,0.4,0.4,0.4,0,413,7.91,20.39
2026-06-06 07:01:41.040,0.4,0.4,0.4,0.4,0,422,7.91,20.26
2026-06-06 07:01:41.040,0.4,0.4,0.4,0.4,0,414,7.91,20.38
2026-06-06 07:01:41.543,0.4,0.4,0.4,0.4,0,413,7.91,20.39
2026-06-06 07:01:42.010,0.4,0.4,0.4,0.4,0,412,7.91,20.41
2026-06-06 07:01:42.557,0.4,0.4,0.4,0.4,0,413,7.91,20.39
2026-06-06 07:01:43.039,0.4,0.4,0.4,0.4,0,414,7.91,20.38
2026-06-06 07:01:43.542,0.4,0.4,0.4,0.4,0,416,7.91,20.35
2026-06-06 07:01:44.038,0.4,0.4,0.4,0.4,0,416,7.91,20.35
2026-06-06 07:01:44.519,0.4,0.4,0.4,0.4,0,413,7.91,20.39
2026-06-06 07:01:45.053,0.4,0.4,0.4,0.4,2,412,7.88,20.41
2026-06-06 07:01:45.519,0.4,0.4,0.4,0.4,0,414,7.91,20.38
2026-06-06 07:01:46.510,0.4,0.4,0.4,0.4,0,414,7.91,20.38
2026-06-06 07:01:46.511,0.4,0.4,0.4,0.4,0,414,7.91,20.38
2026-06-06 07:01:47.021,0.4,0.4,0.4,0.4,0,412,7.91,20.41
2026-06-06 07:01:48.056,0.4,0.4,0.4,0.4,0,412,7.91,20.41
2026-06-06 07:01:48.056,0.4,0.4,0.4,0.4,0,413,7.91,20.39
2026-06-06 07:01:48.555,0.4,0.4,0.4,0.4,0,411,7.91,20.42
2026-06-06 07:01:49.055,0.4,0.4,0.4,0.4,1,412,7.90,20.41
2026-06-06 07:01:49.553,0.4,0.4,0.4,0.4,1,413,7.90,20.39
2026-06-06 07:01:50.052,0.4,0.4,0.4,0.5,0,411,7.91,20.42
2026-06-06 07:01:50.527,0.4,0.4,0.4,0.5,0,411,7.91,20.42
2026-06-06 07:01:51.045,0.4,0.4,0.4,0.5,0,414,7.91,20.38
2026-06-06 07:01:51.534,0.4,0.4,0.4,0.5,0,429,7.91,20.16
2026-06-06 07:01:52.041,0.4,0.4,0.4,0.4,0,440,7.91,20.00
2026-06-06 07:01:52.537,0.4,0.4,0.4,0.4,0,477,7.91,19.45
2026-06-06 07:01:53.037,0.4,0.4,0.4,0.5,0,478,7.91,19.44
2026-06-06 07:01:53.535,0.4,0.4,0.4,0.5,0,479,7.91,19.42
2026-06-06 07:01:54.062,0.4,0.4,0.4,0.5,0,488,7.91,19.29
2026-06-06 07:01:54.551,0.4,0.4,0.4,0.5,0,478,7.91,19.44
2026-06-06 07:01:55.038,0.4,0.4,0.4,0.6,0,478,7.91,19.44
2026-06-06 07:01:55.508,0.4,0.4,0.4,0.6,0,477,7.91,19.45
2026-06-06 07:01:56.046,0.4,0.4,0.4,0.6,0,489,7.91,19.28
2026-06-06 07:01:56.510,0.4,0.4,0.4,0.6,0,476,7.91,19.47
2026-06-06 07:01:57.023,0.4,0.4,0.5,0.6,0,480,7.91,19.41
2026-06-06 07:01:57.523,0.4,0.4,0.5,0.6,0,478,7.91,19.44
2026-06-06 07:01:58.009,0.4,0.4,0.5,0.6,0,478,7.91,19.44
2026-06-06 07:01:58.505,0.4,0.4,0.5,0.7,0,478,7.91,19.44
2026-06-06 07:01:59.007,0.4,0.4,0.5,0.8,0,478,7.91,19.44
2026-06-06 07:01:59.506,0.4,0.4,0.5,0.8,0,478,7.91,19.44
2026-06-06 07:02:00.014,0.4,0.4,0.5,0.9,0,478,7.91,19.44
2026-06-06 07:02:01.037,0.4,0.4,0.5,1.0,0,489,7.91,19.28
2026-06-06 07:02:01.089,0.4,0.4,0.5,1.0,0,489,7.91,19.28
2026-06-06 07:02:01.525,0.4,0.4,0.5,1.1,0,478,7.91,19.44
2026-06-06 07:02:02.526,0.4,0.4,0.5,1.1,0,479,7.91,19.42
2026-06-06 07:02:02.527,0.4,0.4,0.5,1.0,0,479,7.91,19.42
2026-06-06 07:02:03.010,0.4,0.4,0.5,1.0,0,487,7.91,19.31
2026-06-06 07:02:03.509,0.4,0.4,0.5,1.0,0,487,7.91,19.31
2026-06-06 07:02:04.017,0.4,0.4,0.6,1.0,0,487,7.91,19.31
2026-06-06 07:02:04.516,0.4,0.4,0.6,1.0,0,478,7.91,19.44
2026-06-06 07:02:05.015,0.4,0.4,0.7,1.0,0,479,7.91,19.42
2026-06-06 07:02:05.513,0.4,0.4,0.7,1.1,0,478,7.91,19.44
2026-06-06 07:02:06.068,0.4,0.4,0.7,1.1,0,478,7.91,19.44
2026-06-06 07:02:06.565,0.4,0.4,0.7,1.1,0,477,7.91,19.45
2026-06-06 07:02:07.058,0.4,0.4,0.7,1.1,0,472,7.91,19.53
2026-06-06 07:02:07.556,0.4,0.4,0.7,1.0,0,478,7.91,19.44
2026-06-06 07:02:08.051,0.4,0.4,0.7,1.0,0,478,7.91,19.44
2026-06-06 07:02:08.549,0.4,0.4,0.8,1.0,0,477,7.91,19.45
2026-06-06 07:02:09.063,0.4,0.4,0.8,0.9,0,478,7.91,19.44
2026-06-06 07:02:09.560,0.4,0.4,0.9,0.9,0,487,7.91,19.31
2026-06-06 07:02:10.056,0.4,0.4,0.9,0.8,0,479,7.91,19.42
2026-06-06 07:02:10.552,0.4,0.4,1.0,0.8,0,478,7.91,19.44
2026-06-06 07:02:11.054,0.4,0.4,1.0,0.7,0,478,7.91,19.44
2026-06-06 07:02:11.550,0.4,0.4,1.0,0.7,0,478,7.91,19.44
2026-06-06 07:02:12.044,0.4,0.4,1.1,0.6,0,479,7.91,19.42
2026-06-06 07:02:13.040,0.4,0.4,1.1,0.6,0,476,7.91,19.47
2026-06-06 07:02:13.041,0.4,0.4,1.1,0.6,0,480,7.91,19.41
2026-06-06 07:02:13.542,0.4,0.4,1.2,0.6,0,459,7.91,19.72
2026-06-06 07:02:14.039,0.4,0.4,1.2,0.6,0,478,7.91,19.44
2026-06-06 07:02:14.539,0.4,0.4,1.2,0.6,0,479,7.91,19.42
2026-06-06 07:02:15.531,0.4,0.4,1.2,0.6,0,478,7.91,19.44
2026-06-06 07:02:15.532,0.4,0.4,1.1,0.6,0,488,7.91,19.29
2026-06-06 07:02:16.027,0.4,0.4,1.1,0.6,0,479,7.91,19.42
2026-06-06 07:02:16.525,0.4,0.4,1.1,0.6,0,478,7.91,19.44
2026-06-06 07:02:17.025,0.4,0.4,1.0,0.6,0,487,7.91,19.31
2026-06-06 07:02:17.523,0.4,0.4,1.0,0.6,0,487,7.91,19.31
2026-06-06 07:02:18.076,0.4,0.4,1.0,0.7,0,475,7.91,19.48
2026-06-06 07:02:18.574,0.4,0.4,1.1,0.8,0,476,7.91,19.47
2026-06-06 07:02:19.072,0.4,0.4,1.1,0.9,0,476,7.91,19.47
2026-06-06 07:02:19.569,0.4,0.4,1.0,0.9,0,478,7.91,19.44
2026-06-06 07:02:20.067,0.4,0.4,1.0,0.9,0,478,7.91,19.44
2026-06-06 07:02:20.567,0.4,0.4,0.9,0.9,0,480,7.91,19.41
2026-06-06 07:02:21.048,0.4,0.4,0.8,0.9,0,478,7.91,19.44
2026-06-06 07:02:21.531,0.4,0.4,0.8,0.8,0,489,7.91,19.28
2026-06-06 07:02:22.077,0.4,0.4,0.8,0.8,0,479,7.91,19.42
2026-06-06 07:02:23.079,0.4,0.4,0.8,0.7,0,488,7.91,19.29
2026-06-06 07:02:23.080,0.4,0.4,0.8,0.6,0,487,7.91,19.31
2026-06-06 07:02:23.576,0.4,0.4,0.8,0.6,0,478,7.91,19.44
2026-06-06 07:02:24.074,0.4,0.4,0.7,0.5,0,478,7.91,19.44
2026-06-06 07:02:24.573,0.4,0.4,0.7,0.5,0,477,7.91,19.45
2026-06-06 07:02:25.073,0.4,0.4,0.7,0.5,0,489,7.91,19.28
2026-06-06 07:02:25.567,0.4,0.4,0.7,0.5,0,477,7.91,19.45
2026-06-06 07:02:26.065,0.4,0.4,0.6,0.5,0,478,7.91,19.44
2026-06-06 07:02:26.569,0.4,0.4,0.6,0.4,0,478,7.91,19.44
2026-06-06 07:02:27.088,0.4,0.4,0.6,0.4,0,477,7.91,19.45
2026-06-06 07:02:27.562,0.4,0.4,0.6,0.4,0,477,7.91,19.45
2026-06-06 07:02:28.029,0.4,0.4,0.6,0.4,0,477,7.91,19.45
2026-06-06 07:02:28.541,0.4,0.4,0.6,0.4,0,477,7.91,19.45
2026-06-06 07:02:29.039,0.4,0.4,0.5,0.4,0,477,7.91,19.45
2026-06-06 07:02:29.551,0.4,0.4,0.5,0.4,0,0,7.91,26.44
2026-06-06 07:02:30.031,0.4,0.4,0.5,0.4,0,479,7.91,19.42
2026-06-06 07:02:30.539,0.4,0.4,0.5,0.4,0,478,7.91,19.44
2026-06-06 07:02:31.036,0.4,0.4,0.4,0.4,0,479,7.91,19.42
2026-06-06 07:02:31.574,0.4,0.4,0.4,0.4,0,479,7.91,19.42
2026-06-06 07:02:32.061,0.4,0.4,0.4,0.4,0,489,7.91,19.28
2026-06-06 07:02:32.529,0.4,0.4,0.4,0.4,0,478,7.91,19.44
2026-06-06 07:02:33.038,0.4,0.4,0.4,0.4,0,478,7.91,19.44
2026-06-06 07:02:33.528,0.4,0.4,0.4,0.4,0,488,7.91,19.29
2026-06-06 07:02:34.072,0.4,0.4,0.4,0.4,0,478,7.91,19.44
2026-06-06 07:02:34.571,0.4,0.4,0.4,0.4,0,477,7.91,19.45
2026-06-06 07:02:35.069,0.4,0.4,0.4,0.4,0,478,7.91,19.44
2026-06-06 07:02:35.569,0.4,0.4,0.4,0.4,0,477,7.91,19.45
2026-06-06 07:02:36.570,0.4,0.4,0.4,0.4,0,478,7.91,19.44
2026-06-06 07:02:36.570,0.4,0.4,0.4,0.4,0,478,7.91,19.44
2026-06-06 07:02:37.086,0.4,0.4,0.4,0.4,0,480,7.91,19.41
2026-06-06 07:02:37.525,0.4,0.4,0.5,0.4,0,455,7.91,19.78
2026-06-06 07:02:38.062,0.4,0.4,0.5,0.4,0,480,7.91,19.41
2026-06-06 07:02:38.545,0.4,0.4,0.5,0.5,0,478,7.91,19.44
2026-06-06 07:02:39.086,0.4,0.4,0.5,0.5,2,478,7.88,19.44
2026-06-06 07:02:39.587,0.4,0.4,0.5,0.5,9,488,7.78,19.29
2026-06-06 07:02:40.586,0.4,0.4,0.4,0.5,3,478,7.87,19.44
2026-06-06 07:02:40.586,0.4,0.4,0.4,0.6,0,477,7.91,19.45
2026-06-06 07:02:41.087,0.4,0.4,0.4,0.6,2,478,7.88,19.44
2026-06-06 07:02:41.525,0.4,0.4,0.4,0.7,8,478,7.79,19.44
2026-06-06 07:02:42.071,0.5,0.4,0.4,0.7,15,478,7.69,19.44
2026-06-06 07:02:42.553,0.5,0.4,0.4,0.8,51,478,7.16,19.44
2026-06-06 07:02:43.053,0.5,0.4,0.4,0.8,70,478,6.88,19.44
2026-06-06 07:02:43.551,0.5,0.4,0.4,0.9,79,478,6.75,19.44
2026-06-06 07:02:44.553,0.5,0.4,0.4,1.1,72,472,6.86,19.53
2026-06-06 07:02:44.553,0.6,0.4,0.4,1.2,73,477,6.84,19.45
2026-06-06 07:02:45.054,0.6,0.4,0.4,1.3,84,478,6.68,19.44
2026-06-06 07:02:45.553,0.6,0.4,0.4,1.3,84,478,6.68,19.44
2026-06-06 07:02:46.542,0.5,0.4,0.4,1.3,78,478,6.77,19.44
2026-06-06 07:02:46.542,0.5,0.4,0.4,1.2,62,477,7.00,19.45
2026-06-06 07:02:47.065,0.5,0.4,0.4,1.3,44,477,7.27,19.45
2026-06-06 07:02:47.531,0.5,0.4,0.5,1.3,42,479,7.29,19.42
2026-06-06 07:02:48.058,0.5,0.4,0.5,1.4,48,478,7.21,19.44
2026-06-06 07:02:48.543,0.5,0.4,0.5,1.3,47,480,7.22,19.41
2026-06-06 07:02:49.067,0.5,0.4,0.5,1.3,55,477,7.10,19.45
2026-06-06 07:02:49.558,0.5,0.4,0.5,1.4,65,477,6.96,19.45
2026-06-06 07:02:50.043,0.5,0.4,0.6,1.3,62,487,7.00,19.31
2026-06-06 07:02:50.569,0.5,0.4,0.7,1.2,78,486,6.77,19.32
2026-06-06 07:02:51.054,0.5,0.4,0.9,1.1,82,479,6.71,19.42
2026-06-06 07:02:51.561,0.5,0.4,1.0,1.1,78,489,6.77,19.28
2026-06-06 07:02:52.047,0.5,0.4,1.0,1.1,65,478,6.96,19.44
2026-06-06 07:02:52.590,0.5,0.4,1.0,1.1,58,460,7.06,19.70
2026-06-06 07:02:53.088,0.5,0.4,1.1,1.1,54,478,7.12,19.44
2026-06-06 07:02:53.571,0.5,0.4,1.1,1.2,53,478,7.13,19.44
2026-06-06 07:02:54.071,0.5,0.4,1.1,1.2,57,477,7.08,19.45
2026-06-06 07:02:54.569,0.5,0.4,1.1,1.2,67,478,6.93,19.44
2026-06-06 07:02:55.067,0.6,0.4,1.2,1.2,93,487,6.55,19.31
2026-06-06 07:02:55.567,0.6,0.4,1.3,1.1,112,478,6.27,19.44
2026-06-06 07:02:56.068,0.6,0.4,1.4,1.2,127,478,6.05,19.44
2026-06-06 07:02:56.556,0.6,0.4,1.5,1.2,127,477,6.05,19.45
2026-06-06 07:02:57.039,0.6,0.4,1.4,1.2,128,478,6.04,19.44
2026-06-06 07:02:57.568,0.6,0.4,1.4,1.1,124,474,6.09,19.50
2026-06-06 07:02:58.046,0.6,0.4,1.3,1.0,124,474,6.09,19.50
2026-06-06 07:02:58.535,0.6,0.4,1.3,1.0,124,474,6.09,19.50
2026-06-06 07:02:59.055,0.6,0.4,1.3,0.9,140,479,5.86,19.42
2026-06-06 07:02:59.549,0.7,0.4,1.4,0.9,150,479,5.71,19.42
2026-06-06 07:03:00.089,0.7,0.4,1.3,0.9,150,479,5.71,19.42
2026-06-06 07:03:00.587,0.7,0.4,1.2,0.9,150,479,5.71,19.42
2026-06-06 07:03:01.086,0.6,0.4,1.2,0.9,130,488,6.01,19.29
2026-06-06 07:03:01.582,0.6,0.4,1.2,0.8,130,488,6.01,19.29
2026-06-06 07:03:02.085,0.6,0.4,1.3,0.8,130,488,6.01,19.29
2026-06-06 07:03:02.583,0.6,0.4,1.4,0.8,130,488,6.01,19.29
2026-06-06 07:03:03.082,0.6,0.4,1.3,0.8,0,0,7.91,26.44
2026-06-06 07:03:03.582,0.6,0.4,1.3,0.8,0,0,7.91,26.44
2026-06-06 07:03:04.078,0.7,0.4,1.4,0.8,142,479,5.83,19.42
2026-06-06 07:03:04.584,0.6,0.4,1.4,0.9,139,479,5.87,19.42
2026-06-06 07:03:05.083,0.6,0.4,1.5,0.8,133,478,5.96,19.44
2026-06-06 07:03:05.564,0.6,0.4,1.6,0.8,120,479,6.15,19.42
2026-06-06 07:03:06.084,0.6,0.4,1.5,0.9,120,479,6.15,19.42
2026-06-06 07:03:06.557,0.6,0.4,1.4,0.9,94,478,6.53,19.44
2026-06-06 07:03:07.084,0.5,0.4,1.2,1.0,78,478,6.77,19.44
2026-06-06 07:03:07.567,0.5,0.4,1.1,1.0,59,492,7.05,19.23
2026-06-06 07:03:08.090,0.5,0.4,1.0,1.0,59,492,7.05,19.23
2026-06-06 07:03:08.585,0.5,0.4,0.9,1.0,31,478,7.46,19.44
2026-06-06 07:03:09.086,0.4,0.4,0.8,0.9,17,478,7.66,19.44
2026-06-06 07:03:09.581,0.4,0.4,0.8,0.9,3,479,7.87,19.42
2026-06-06 07:03:10.046,0.4,0.4,0.7,0.8,0,479,7.91,19.42
2026-06-06 07:03:10.584,0.4,0.4,0.6,0.8,0,478,7.91,19.44
2026-06-06 07:03:11.080,0.4,0.4,0.6,0.9,0,477,7.91,19.45
2026-06-06 07:03:11.583,0.4,0.4,0.5,0.9,0,478,7.91,19.44
2026-06-06 07:03:12.057,0.4,0.4,0.5,0.8,0,486,7.91,19.32
2026-06-06 07:03:12.556,0.4,0.4,0.5,0.8,0,491,7.91,19.25
2026-06-06 07:03:13.102,0.4,0.4,0.6,0.8,0,478,7.91,19.44
2026-06-06 07:03:13.579,0.4,0.4,0.6,0.8,1,478,7.90,19.44
2026-06-06 07:03:14.102,0.4,0.4,0.6,0.8,3,477,7.87,19.45
2026-06-06 07:03:14.602,0.4,0.4,0.5,0.9,0,489,7.91,19.28
2026-06-06 07:03:15.097,0.4,0.4,0.5,0.9,0,479,7.91,19.42
2026-06-06 07:03:15.597,0.4,0.4,0.6,0.9,0,486,7.91,19.32
2026-06-06 07:03:16.051,0.4,0.4,0.7,0.8,0,479,7.91,19.42
2026-06-06 07:03:16.570,0.4,0.4,0.7,0.8,0,477,7.91,19.45
2026-06-06 07:03:17.076,0.4,0.4,0.8,0.7,0,479,7.91,19.42
2026-06-06 07:03:17.567,0.4,0.4,0.8,0.7,0,489,7.91,19.28
2026-06-06 07:03:18.049,0.4,0.4,0.8,0.6,0,486,7.91,19.32
2026-06-06 07:03:18.552,0.4,0.4,1.1,0.6,1,477,7.90,19.45
2026-06-06 07:03:19.084,0.4,0.4,1.2,0.6,1,478,7.90,19.44
2026-06-06 07:03:19.572,0.4,0.4,1.4,0.6,11,478,7.75,19.44
2026-06-06 07:03:20.101,0.4,0.4,1.4,0.6,1,476,7.90,19.47
2026-06-06 07:03:20.785,0.4,0.9,0.9,0.6,1,476,7.90,19.47
2026-06-06 07:03:21.082,0.4,0.9,1.3,0.6,0,479,7.91,19.42
2026-06-06 07:03:21.082,0.4,0.9,1.3,0.6,0,478,7.91,19.44
2026-06-06 07:03:21.566,0.4,0.9,1.3,0.7,1,480,7.90,19.41
2026-06-06 07:03:22.053,0.4,0.9,1.2,0.7,0,478,7.91,19.44
2026-06-06 07:03:22.594,0.4,0.9,1.2,0.8,0,477,7.91,19.45
2026-06-06 07:03:23.070,0.4,0.9,1.2,0.8,0,478,7.91,19.44
2026-06-06 07:03:23.572,0.4,0.9,1.2,0.8,0,478,7.91,19.44
2026-06-06 07:03:24.067,0.4,0.9,1.2,1.0,4,479,7.85,19.42
2026-06-06 07:03:24.549,0.4,0.9,1.1,1.0,12,479,7.73,19.42
2026-06-06 07:03:25.081,0.5,0.9,1.1,1.1,24,477,7.56,19.45
2026-06-06 07:03:25.598,0.5,0.9,1.1,1.1,63,458,6.99,19.73
2026-06-06 07:03:26.111,0.6,0.9,1.1,1.2,100,478,6.45,19.44
2026-06-06 07:03:26.576,0.6,0.9,1.1,1.1,127,478,6.05,19.44
2026-06-06 07:03:27.055,0.6,0.9,1.1,1.1,127,478,6.05,19.44
2026-06-06 07:03:27.559,0.6,0.9,0.0,1.1,127,478,6.05,19.44
2026-06-06 07:03:28.053,0.7,0.9,0.0,1.0,140,490,5.86,19.26
2026-06-06 07:03:28.596,0.7,0.9,0.0,1.0,140,490,5.86,19.26
2026-06-06 07:03:29.070,0.6,0.9,0.0,0.9,121,477,6.14,19.45
2026-06-06 07:03:29.559,0.6,0.9,0.0,0.8,121,478,6.14,19.44
2026-06-06 07:03:30.102,0.6,0.9,0.0,0.8,121,478,6.14,19.44
2026-06-06 07:03:30.599,0.6,0.9,0.0,0.8,121,478,6.14,19.44
2026-06-06 07:03:31.088,0.6,0.9,0.0,0.8,100,478,6.45,19.44
2026-06-06 07:03:31.565,0.6,0.9,1.3,0.8,107,478,6.34,19.44
2026-06-06 07:03:32.111,0.6,0.9,1.2,0.8,125,479,6.08,19.42
2026-06-06 07:03:32.561,0.6,0.9,1.2,0.8,125,479,6.08,19.42
2026-06-06 07:03:33.093,0.7,0.9,1.3,0.9,162,479,5.54,19.42
2026-06-06 07:03:33.575,0.7,0.9,1.3,0.8,175,478,5.35,19.44
2026-06-06 07:03:34.056,0.8,0.9,1.2,0.8,205,409,4.91,20.45
2026-06-06 07:03:34.615,0.8,0.9,1.2,0.8,221,478,4.67,19.44
2026-06-06 07:03:35.113,0.8,0.9,1.2,0.8,221,478,4.67,19.44
2026-06-06 07:03:35.596,0.8,0.9,1.2,0.8,221,478,4.67,19.44
2026-06-06 07:03:36.092,0.8,0.9,1.2,0.8,221,478,4.67,19.44
2026-06-06 07:03:36.557,0.8,0.9,1.2,0.8,0,0,7.91,26.44
2026-06-06 07:03:37.071,0.6,0.9,1.2,0.7,99,478,6.46,19.44
2026-06-06 07:03:37.573,0.6,0.9,0.0,0.7,99,478,6.46,19.44
2026-06-06 07:03:38.069,0.6,0.9,1.0,0.7,99,478,6.46,19.44
2026-06-06 07:03:38.568,0.4,0.9,1.0,0.6,29,479,7.49,19.42
2026-06-06 07:03:39.068,0.4,0.9,1.0,0.6,14,477,7.71,19.45
2026-06-06 07:03:39.567,0.4,0.9,1.0,0.6,7,479,7.81,19.42
2026-06-06 07:03:40.108,0.4,0.9,1.0,0.6,5,486,7.84,19.32
2026-06-06 07:03:40.558,0.4,0.9,1.0,0.6,5,486,7.84,19.32
2026-06-06 07:03:41.071,0.4,0.9,0.9,0.6,0,488,7.91,19.29
2026-06-06 07:03:41.570,0.4,0.9,0.9,0.6,0,478,7.91,19.44
2026-06-06 07:03:42.072,0.4,0.9,0.9,0.6,0,478,7.91,19.44
2026-06-06 07:03:42.569,0.4,0.9,0.9,0.7,1,480,7.90,19.41
2026-06-06 07:03:43.067,0.4,0.9,0.9,0.7,1,480,7.90,19.41
2026-06-06 07:03:43.614,0.4,0.9,0.8,0.7,1,462,7.90,19.67
2026-06-06 07:03:44.079,0.4,0.9,0.7,0.8,1,477,7.90,19.45
2026-06-06 07:03:44.608,0.4,0.9,0.8,0.9,4,477,7.85,19.45
2026-06-06 07:03:45.086,0.4,0.9,0.8,0.9,4,477,7.85,19.45
2026-06-06 07:03:45.582,0.4,0.9,0.8,0.9,4,478,7.85,19.44
2026-06-06 07:03:46.110,0.4,0.9,0.8,0.9,4,478,7.85,19.44
2026-06-06 07:03:46.591,0.4,0.9,0.0,0.9,10,477,7.76,19.45
2026-06-06 07:03:47.070,0.4,0.9,0.0,0.9,20,487,7.62,19.31
2026-06-06 07:03:47.564,0.4,0.9,0.0,0.9,22,492,7.59,19.23
2026-06-06 07:03:48.079,0.4,0.9,0.7,0.9,22,492,7.59,19.23
2026-06-06 07:03:48.593,0.5,0.9,0.7,0.9,37,478,7.37,19.44
2026-06-06 07:03:49.070,0.5,0.9,0.8,0.9,41,478,7.31,19.44
2026-06-06 07:03:49.615,0.5,0.9,0.8,0.9,43,477,7.28,19.45
2026-06-06 07:03:50.119,0.5,0.9,0.9,0.9,52,477,7.15,19.45
2026-06-06 07:03:50.614,0.5,0.9,1.0,0.8,48,478,7.21,19.44
2026-06-06 07:03:51.102,0.5,0.9,1.1,0.8,58,477,7.06,19.45
2026-06-06 07:03:51.580,0.5,0.9,1.2,0.8,56,479,7.09,19.42
2026-06-06 07:03:52.084,0.5,0.9,1.3,0.9,47,478,7.22,19.44
2026-06-06 07:03:52.563,0.5,0.9,1.4,0.8,47,478,7.22,19.44
2026-06-06 07:03:53.091,0.5,0.9,1.4,0.8,36,478,7.38,19.44
2026-06-06 07:03:53.566,0.4,0.9,1.5,0.8,23,479,7.57,19.42
2026-06-06 07:03:54.118,0.4,0.9,1.7,0.7,20,489,7.62,19.28
2026-06-06 07:03:54.617,0.5,0.9,1.7,0.7,26,478,7.53,19.44
2026-06-06 07:03:55.112,0.5,0.9,1.6,0.7,29,478,7.49,19.44
2026-06-06 07:03:55.596,0.5,0.9,1.6,0.7,38,479,7.35,19.42
2026-06-06 07:03:56.123,0.5,0.9,1.4,0.7,50,472,7.18,19.53
2026-06-06 07:03:56.593,0.5,0.9,1.4,0.6,47,479,7.22,19.42
2026-06-06 07:03:57.086,0.5,0.9,1.5,0.6,46,478,7.24,19.44
2026-06-06 07:03:57.583,0.4,0.9,1.5,0.6,37,476,7.37,19.47
2026-06-06 07:03:58.592,0.4,0.9,1.4,0.6,37,476,7.37,19.47
2026-06-06 07:03:58.593,0.4,0.9,1.3,0.6,18,477,7.65,19.45
2026-06-06 07:03:59.079,0.4,0.9,1.3,0.6,13,486,7.72,19.32
2026-06-06 07:03:59.565,0.4,0.9,1.3,0.7,1,477,7.90,19.45
2026-06-06 07:04:00.105,0.4,0.9,1.2,0.7,0,480,7.91,19.41
2026-06-06 07:04:00.588,0.4,0.9,1.1,0.7,0,478,7.91,19.44
2026-06-06 07:04:01.071,0.4,0.9,1.0,0.7,0,479,7.91,19.42
2026-06-06 07:04:01.598,0.4,0.9,0.9,0.6,0,479,7.91,19.42
2026-06-06 07:04:02.091,0.4,0.9,0.8,0.6,0,478,7.91,19.44
2026-06-06 07:04:03.118,0.4,0.9,0.7,0.5,3,478,7.87,19.44
2026-06-06 07:04:03.119,0.4,0.9,0.7,0.6,3,479,7.87,19.42
2026-06-06 07:04:03.615,0.4,0.9,0.7,0.6,0,478,7.91,19.44
2026-06-06 07:04:04.110,0.4,0.9,0.7,0.7,0,478,7.91,19.44
2026-06-06 07:04:04.574,0.4,0.9,0.7,0.7,0,478,7.91,19.44
2026-06-06 07:04:05.108,0.4,0.9,0.7,0.7,0,478,7.91,19.44
2026-06-06 07:04:05.579,0.4,0.9,0.7,0.6,0,478,7.91,19.44
2026-06-06 07:04:06.120,0.4,0.9,0.7,0.6,0,0,7.91,26.44
2026-06-06 07:04:07.117,0.4,0.9,0.7,0.6,0,0,7.91,26.44
2026-06-06 07:04:07.117,0.4,0.9,0.8,0.5,0,0,7.91,26.44
2026-06-06 07:04:07.804,0.4,0.9,0.8,0.5,0,0,7.91,26.44
2026-06-06 07:04:08.116,0.4,0.9,0.9,0.5,0,0,7.91,26.44
2026-06-06 07:04:08.117,0.4,0.9,1.0,0.5,11,490,7.75,19.26
2026-06-06 07:04:08.590,0.5,0.9,1.0,0.5,17,477,7.66,19.45
2026-06-06 07:04:09.134,0.5,0.9,1.1,0.6,17,477,7.66,19.45
2026-06-06 07:04:09.631,0.5,0.9,1.0,0.7,44,478,7.27,19.44
2026-06-06 07:04:10.132,0.5,0.9,1.1,0.7,50,477,7.18,19.45
2026-06-06 07:04:10.628,0.5,0.9,1.1,0.6,49,489,7.19,19.28
2026-06-06 07:04:11.095,0.5,0.9,1.1,0.6,51,478,7.16,19.44
2026-06-06 07:04:11.580,0.5,0.9,1.1,0.7,64,477,6.97,19.45
2026-06-06 07:04:12.109,0.6,0.9,1.1,0.7,73,489,6.84,19.28
2026-06-06 07:04:12.576,0.6,0.9,1.2,0.7,90,492,6.59,19.23
2026-06-06 07:04:13.103,0.6,0.9,1.2,0.7,100,478,6.45,19.44
2026-06-06 07:04:13.581,0.6,0.9,1.2,0.8,114,487,6.24,19.31
2026-06-06 07:04:14.123,0.6,0.9,1.2,0.8,118,478,6.18,19.44
2026-06-06 07:04:14.615,0.6,0.9,1.1,0.7,129,478,6.02,19.44
2026-06-06 07:04:15.095,0.6,0.9,1.1,0.7,131,478,5.99,19.44
2026-06-06 07:04:15.610,0.6,0.9,1.1,0.7,127,477,6.05,19.45
2026-06-06 07:04:16.077,0.6,0.9,1.1,0.7,122,478,6.12,19.44
2026-06-06 07:04:17.101,0.6,0.9,1.0,0.7,121,479,6.14,19.42
2026-06-06 07:04:17.102,0.6,0.9,0.8,0.8,108,478,6.33,19.44
2026-06-06 07:04:17.596,0.5,0.9,0.7,0.8,89,476,6.61,19.47
2026-06-06 07:04:18.111,0.5,0.9,0.7,0.8,67,485,6.93,19.34
2026-06-06 07:04:18.590,0.5,0.9,0.7,0.9,43,478,7.28,19.44
2026-06-06 07:04:19.119,0.4,0.9,0.7,0.8,34,478,7.41,19.44
2026-06-06 07:04:19.617,0.4,0.9,0.6,0.8,13,478,7.72,19.44
2026-06-06 07:04:20.116,0.4,0.9,0.6,0.8,0,477,7.91,19.45
2026-06-06 07:04:20.598,0.4,0.9,0.6,0.8,0,479,7.91,19.42
2026-06-06 07:04:21.118,0.4,0.9,0.6,0.8,0,477,7.91,19.45
2026-06-06 07:04:21.582,0.4,0.9,0.7,0.8,0,476,7.91,19.47
2026-06-06 07:04:22.122,0.4,0.9,0.8,0.8,0,477,7.91,19.45
2026-06-06 07:04:22.601,0.4,0.9,0.8,0.8,1,478,7.90,19.44
2026-06-06 07:04:23.136,0.4,0.9,0.8,0.7,4,477,7.85,19.45
2026-06-06 07:04:23.614,0.4,0.9,0.9,0.7,3,478,7.87,19.44
2026-06-06 07:04:24.103,0.4,0.9,0.9,0.7,1,479,7.90,19.42
2026-06-06 07:04:24.589,0.5,0.9,0.9,0.7,15,478,7.69,19.44
2026-06-06 07:04:25.138,0.5,0.9,0.9,0.7,31,477,7.46,19.45
2026-06-06 07:04:25.634,0.5,0.9,0.9,0.6,46,479,7.24,19.42
2026-06-06 07:04:26.129,0.5,0.9,0.8,0.6,48,478,7.21,19.44
2026-06-06 07:04:27.086,0.5,0.9,0.8,0.6,70,478,6.88,19.44
2026-06-06 07:04:27.086,0.5,0.9,0.8,0.7,78,479,6.77,19.42
2026-06-06 07:04:27.588,0.5,0.9,0.8,0.7,77,478,6.78,19.44
2026-06-06 07:04:28.086,0.5,0.9,0.8,0.7,73,475,6.84,19.48
2026-06-06 07:04:28.596,0.5,0.9,0.9,0.6,69,475,6.90,19.48
2026-06-06 07:04:29.126,0.5,0.9,0.9,0.6,60,476,7.03,19.47
2026-06-06 07:04:29.598,0.5,0.9,0.9,0.6,56,475,7.09,19.48
2026-06-06 07:04:30.616,0.5,0.9,0.9,0.6,47,474,7.22,19.50
2026-06-06 07:04:30.617,0.5,0.9,0.9,0.6,47,474,7.22,19.50
2026-06-06 07:04:31.114,0.5,0.9,0.9,0.5,42,477,7.29,19.45
2026-06-06 07:04:31.640,0.5,0.9,0.8,0.5,47,475,7.22,19.48
2026-06-06 07:04:32.098,0.5,0.9,0.8,0.5,54,475,7.12,19.48
2026-06-06 07:04:32.588,0.6,0.9,0.8,0.5,76,475,6.80,19.48
2026-06-06 07:04:33.134,0.6,0.9,0.7,0.5,96,475,6.50,19.48
2026-06-06 07:04:33.630,0.6,0.9,0.7,0.6,109,485,6.31,19.34
2026-06-06 07:04:34.127,0.6,0.9,0.7,0.6,109,485,6.31,19.34
2026-06-06 07:04:34.614,0.6,0.9,0.6,0.5,128,474,6.04,19.50
2026-06-06 07:04:35.095,0.6,0.9,0.6,0.5,124,475,6.09,19.48
2026-06-06 07:04:35.595,0.6,0.9,0.6,0.5,132,456,5.98,19.76
2026-06-06 07:04:36.120,0.6,0.9,0.6,0.5,136,491,5.92,19.25
2026-06-06 07:04:36.620,0.6,0.9,0.6,0.0,143,477,5.82,19.45
2026-06-06 07:04:37.102,0.7,0.9,0.6,0.0,142,476,5.83,19.47
2026-06-06 07:04:37.597,0.7,0.9,0.6,0.0,153,474,5.67,19.50
2026-06-06 07:04:38.142,0.7,0.9,0.6,0.0,168,475,5.45,19.48
2026-06-06 07:04:38.588,0.7,0.9,0.6,0.4,175,474,5.35,19.50
2026-06-06 07:04:39.103,0.7,0.9,0.7,0.4,160,474,5.57,19.50
2026-06-06 07:04:39.637,0.7,0.9,0.7,0.4,162,476,5.54,19.47
2026-06-06 07:04:40.135,0.7,0.9,0.8,0.5,157,476,5.61,19.47
2026-06-06 07:04:40.592,0.6,0.9,0.8,0.5,151,477,5.70,19.45
2026-06-06 07:04:41.104,0.6,0.9,0.9,0.5,132,475,5.98,19.48
2026-06-06 07:04:41.598,0.6,0.9,1.0,0.5,124,475,6.09,19.48
2026-06-06 07:04:42.126,0.7,0.9,1.0,0.5,132,474,5.98,19.50
2026-06-06 07:04:42.629,0.7,0.9,1.1,0.6,149,475,5.73,19.48
2026-06-06 07:04:43.134,0.7,0.9,1.0,0.5,163,476,5.52,19.47
2026-06-06 07:04:43.620,0.7,0.9,1.0,0.5,166,476,5.48,19.47
2026-06-06 07:04:44.101,0.7,0.9,1.0,0.6,169,474,5.43,19.50
2026-06-06 07:04:44.598,0.7,0.9,1.1,0.7,162,476,5.54,19.47
2026-06-06 07:04:45.107,0.7,0.9,1.1,0.8,155,474,5.64,19.50
2026-06-06 07:04:45.607,0.6,0.9,1.1,0.9,145,474,5.79,19.50
2026-06-06 07:04:46.118,0.6,0.9,1.1,1.0,129,476,6.02,19.47
2026-06-06 07:04:46.612,0.6,0.9,1.1,1.1,116,476,6.21,19.47
2026-06-06 07:04:47.126,0.6,0.9,1.1,1.0,103,490,6.40,19.26
2026-06-06 07:04:47.612,0.6,0.9,1.2,1.0,97,474,6.49,19.50
2026-06-06 07:04:48.105,0.5,0.9,1.3,1.0,88,474,6.62,19.50
2026-06-06 07:04:48.616,0.5,0.9,1.2,0.9,78,478,6.77,19.44
2026-06-06 07:04:49.146,0.6,0.9,1.2,0.9,81,475,6.72,19.48
2026-06-06 07:04:49.644,0.6,0.9,1.2,0.9,98,474,6.47,19.50
2026-06-06 07:04:50.145,0.6,0.9,1.2,0.9,97,478,6.49,19.44
2026-06-06 07:04:50.637,0.6,0.9,1.2,0.8,105,475,6.37,19.48
2026-06-06 07:04:51.102,0.6,0.9,1.1,0.8,113,478,6.25,19.44
2026-06-06 07:04:52.097,0.6,0.9,1.1,0.7,122,475,6.12,19.48
2026-06-06 07:04:52.158,0.7,0.9,1.2,0.7,142,474,5.83,19.50
2026-06-06 07:04:52.610,0.7,0.9,1.2,0.7,166,473,5.48,19.51
2026-06-06 07:04:53.109,0.7,0.9,1.2,0.7,177,476,5.32,19.47
2026-06-06 07:04:53.620,0.7,0.9,1.2,0.6,170,478,5.42,19.44
2026-06-06 07:04:54.615,0.7,0.9,1.2,0.6,165,475,5.49,19.48
2026-06-06 07:04:54.616,0.7,0.9,1.1,0.6,161,476,5.55,19.47
2026-06-06 07:04:55.114,0.7,0.9,1.0,0.5,150,475,5.71,19.48
2026-06-06 07:04:55.599,0.6,0.9,1.0,0.5,151,475,5.70,19.48
2026-06-06 07:04:56.138,0.6,0.9,1.1,0.6,149,475,5.73,19.48
2026-06-06 07:04:56.647,0.7,0.9,1.1,0.6,145,477,5.79,19.45
2026-06-06 07:04:57.136,0.7,0.9,1.1,0.6,147,474,5.76,19.50
2026-06-06 07:04:57.645,0.7,0.9,1.0,0.7,148,475,5.74,19.48
2026-06-06 07:04:58.117,0.7,0.9,1.0,0.8,148,475,5.74,19.48
2026-06-06 07:04:58.617,0.7,0.9,1.0,0.8,150,474,5.71,19.50
2026-06-06 07:04:59.116,0.7,0.9,1.0,0.8,150,474,5.71,19.50
2026-06-06 07:04:59.614,0.7,0.9,1.0,0.8,150,474,5.71,19.50
2026-06-06 07:05:00.117,0.7,0.9,1.1,0.8,150,474,5.71,19.50
2026-06-06 07:05:00.620,0.7,0.9,1.1,0.8,168,478,5.45,19.44
2026-06-06 07:05:01.119,0.7,0.9,1.2,0.8,169,475,5.43,19.48
2026-06-06 07:05:01.648,0.7,0.9,1.2,0.7,163,474,5.52,19.50
2026-06-06 07:05:02.118,0.7,0.9,1.2,0.7,159,474,5.58,19.50
2026-06-06 07:05:02.618,0.7,0.9,1.2,0.7,160,475,5.57,19.48
2026-06-06 07:05:03.117,0.7,0.9,1.2,0.7,157,490,5.61,19.26
2026-06-06 07:05:03.619,0.6,0.9,1.2,0.0,144,477,5.80,19.45
2026-06-06 07:05:04.116,0.6,0.9,1.2,0.0,127,474,6.05,19.50
2026-06-06 07:05:04.658,0.6,0.9,1.3,0.0,114,474,6.24,19.50
2026-06-06 07:05:05.111,0.6,0.9,1.4,0.0,103,473,6.40,19.51
2026-06-06 07:05:06.111,0.6,0.9,1.4,0.8,107,474,6.34,19.50
2026-06-06 07:05:06.111,0.6,0.9,1.4,0.8,106,475,6.36,19.48
2026-06-06 07:05:06.636,0.6,0.9,1.3,0.8,112,472,6.27,19.53
2026-06-06 07:05:07.117,0.6,0.9,1.3,0.8,112,472,6.27,19.53
2026-06-06 07:05:07.646,0.6,0.9,1.4,0.8,131,474,5.99,19.50
2026-06-06 07:05:08.147,0.6,0.9,1.2,0.0,141,475,5.84,19.48
2026-06-06 07:05:08.632,0.7,0.9,1.1,0.8,141,476,5.84,19.47
2026-06-06 07:05:09.129,0.6,0.9,1.2,0.8,144,474,5.80,19.50
2026-06-06 07:05:09.627,0.6,0.9,1.3,0.8,141,473,5.84,19.51
2026-06-06 07:05:10.137,0.7,0.9,1.2,0.8,145,475,5.79,19.48
2026-06-06 07:05:10.646,0.6,0.9,1.2,0.9,147,474,5.76,19.50
2026-06-06 07:05:11.138,0.6,0.9,1.0,0.9,134,477,5.95,19.45
2026-06-06 07:05:11.636,0.6,0.9,0.9,1.0,127,476,6.05,19.47
2026-06-06 07:05:12.118,0.6,0.9,0.8,1.0,129,475,6.02,19.48
2026-06-06 07:05:12.618,0.6,0.9,0.7,0.9,128,474,6.04,19.50
2026-06-06 07:05:13.118,0.6,0.9,0.7,0.9,128,474,6.04,19.50
2026-06-06 07:05:13.614,0.6,0.9,0.8,0.8,125,475,6.08,19.48
2026-06-06 07:05:14.117,0.6,0.9,0.9,0.8,117,475,6.20,19.48
2026-06-06 07:05:14.853,0.6,0.9,0.9,0.8,117,475,6.20,19.48
2026-06-06 07:05:15.134,0.6,0.9,1.0,0.8,106,473,6.36,19.51
2026-06-06 07:05:15.136,0.6,0.9,1.1,0.8,100,474,6.45,19.50
2026-06-06 07:05:15.629,0.6,0.9,1.2,0.7,98,475,6.47,19.48
2026-06-06 07:05:16.115,0.6,0.9,1.2,0.7,111,475,6.28,19.48
2026-06-06 07:05:16.612,0.7,0.9,1.2,0.8,131,473,5.99,19.51
2026-06-06 07:05:17.118,0.7,0.9,1.2,0.9,156,475,5.62,19.48
2026-06-06 07:05:17.632,0.7,0.9,1.2,0.9,180,476,5.27,19.47
2026-06-06 07:05:18.137,0.7,0.9,1.2,1.0,186,477,5.19,19.45
2026-06-06 07:05:18.649,0.7,0.9,1.2,1.0,181,475,5.26,19.48
2026-06-06 07:05:19.147,0.7,0.9,1.1,1.1,183,472,5.23,19.53
2026-06-06 07:05:19.646,0.7,0.9,1.1,1.1,185,473,5.20,19.51
2026-06-06 07:05:20.138,0.7,0.9,1.1,1.1,189,474,5.14,19.50
2026-06-06 07:05:21.138,0.7,0.9,1.1,1.0,187,477,5.17,19.45
2026-06-06 07:05:21.139,0.7,0.9,1.1,0.9,185,475,5.20,19.48
2026-06-06 07:05:21.614,0.7,0.9,1.0,0.9,199,476,5.00,19.47
2026-06-06 07:05:22.117,0.8,0.9,1.0,0.9,210,477,4.83,19.45
2026-06-06 07:05:22.662,0.8,0.9,1.0,0.9,224,473,4.63,19.51
2026-06-06 07:05:23.110,0.8,0.9,1.0,0.9,224,474,4.63,19.50
2026-06-06 07:05:23.614,0.8,0.9,1.1,0.9,224,475,4.63,19.48
2026-06-06 07:05:24.165,0.8,0.9,1.1,1.0,234,475,4.48,19.48
2026-06-06 07:05:24.639,0.8,0.9,1.1,0.9,234,475,4.48,19.48
2026-06-06 07:05:25.140,0.8,0.9,1.2,0.9,245,474,4.32,19.50
2026-06-06 07:05:25.638,0.8,0.9,1.2,0.9,246,476,4.31,19.47
2026-06-06 07:05:26.164,0.8,0.9,1.2,0.9,255,474,4.17,19.50
2026-06-06 07:05:26.658,0.8,0.9,1.2,0.9,257,455,4.15,19.78
2026-06-06 07:05:27.167,0.8,0.9,1.1,0.9,259,474,4.12,19.50
2026-06-06 07:05:27.670,0.8,0.9,1.1,0.9,259,474,4.12,19.50
2026-06-06 07:05:28.115,0.8,0.9,1.0,0.9,238,474,4.42,19.50
2026-06-06 07:05:28.618,0.8,0.9,0.9,0.9,238,474,4.42,19.50
2026-06-06 07:05:29.114,0.8,0.9,0.9,0.9,238,474,4.42,19.50
2026-06-06 07:05:29.614,0.8,0.9,0.8,0.9,238,474,4.42,19.50
2026-06-06 07:05:30.167,0.7,0.9,0.8,0.0,186,478,5.19,19.44
2026-06-06 07:05:30.664,0.7,0.9,0.7,0.0,186,478,5.19,19.44
2026-06-06 07:05:31.168,0.7,0.9,0.7,0.0,186,478,5.19,19.44
2026-06-06 07:05:31.614,0.6,0.9,0.6,0.0,131,474,5.99,19.50
2026-06-06 07:05:32.161,0.6,0.9,0.5,0.0,131,474,5.99,19.50
2026-06-06 07:05:32.662,0.6,0.9,0.5,0.0,131,474,5.99,19.50
2026-06-06 07:05:33.166,0.6,0.9,0.5,0.0,131,474,5.99,19.50
2026-06-06 07:05:34.117,0.5,0.9,0.6,0.0,90,476,6.59,19.47
2026-06-06 07:05:34.171,0.5,0.9,0.6,0.0,90,476,6.59,19.47
2026-06-06 07:05:34.668,0.5,0.9,0.6,0.0,90,476,6.59,19.47
2026-06-06 07:05:35.167,0.6,0.9,0.7,0.0,106,474,6.36,19.50
2026-06-06 07:05:35.662,0.6,0.9,0.8,0.0,126,474,6.06,19.50
2026-06-06 07:05:36.119,0.7,0.9,0.8,0.0,141,474,5.84,19.50
2026-06-06 07:05:36.647,0.7,0.9,0.8,0.0,164,474,5.51,19.50
2026-06-06 07:05:37.177,0.7,0.9,0.8,0.0,169,475,5.43,19.48
2026-06-06 07:05:37.678,0.7,0.9,0.8,0.0,188,474,5.16,19.50
2026-06-06 07:05:38.180,0.7,0.9,0.8,0.0,194,473,5.07,19.51
2026-06-06 07:05:38.617,0.7,0.9,0.7,0.0,195,474,5.05,19.50
2026-06-06 07:05:39.177,0.7,0.9,0.7,1.1,190,473,5.13,19.51
2026-06-06 07:05:39.632,0.8,0.9,0.7,1.1,209,474,4.85,19.50
2026-06-06 07:05:40.137,0.7,0.9,0.7,1.2,214,476,4.78,19.47
2026-06-06 07:05:40.639,0.7,0.9,0.7,1.1,202,477,4.95,19.45
2026-06-06 07:05:41.149,0.7,0.9,0.6,1.1,193,477,5.08,19.45
2026-06-06 07:05:41.646,0.7,0.9,0.6,1.1,175,477,5.35,19.45
2026-06-06 07:05:42.178,0.7,0.9,0.6,1.1,164,474,5.51,19.50
2026-06-06 07:05:42.677,0.7,0.9,0.6,1.2,155,471,5.64,19.54
2026-06-06 07:05:43.159,0.6,0.9,0.6,1.2,140,462,5.86,19.67
2026-06-06 07:05:43.664,0.6,0.9,0.7,1.1,120,459,6.15,19.72
2026-06-06 07:05:44.168,0.5,0.9,0.8,1.0,98,461,6.47,19.69
2026-06-06 07:05:44.670,0.5,0.9,0.9,0.9,84,460,6.68,19.70
2026-06-06 07:05:45.168,0.5,0.9,1.0,0.9,76,459,6.80,19.72
2026-06-06 07:05:45.677,0.5,0.9,1.1,0.9,59,218,7.05,23.25
2026-06-06 07:05:46.177,0.5,0.9,1.1,0.8,55,205,7.10,23.44
2026-06-06 07:05:46.676,0.5,0.9,1.1,0.8,52,205,7.15,23.44
2026-06-06 07:05:47.158,0.5,0.9,1.1,0.8,52,205,7.15,23.44
2026-06-06 07:05:47.676,0.4,0.9,1.1,0.8,32,591,7.44,17.78
2026-06-06 07:05:48.140,0.5,0.9,1.0,0.8,18,616,7.65,17.42
2026-06-06 07:05:48.640,0.4,0.9,1.0,0.9,24,617,7.56,17.40
2026-06-06 07:05:49.137,0.4,0.9,1.1,0.9,23,860,7.57,13.84
2026-06-06 07:05:49.647,0.4,0.9,1.0,0.9,4,876,7.85,13.61
2026-06-06 07:05:50.177,0.5,0.9,1.0,0.9,9,889,7.78,13.42
2026-06-06 07:05:50.635,0.5,0.9,1.0,0.9,32,856,7.44,13.90
2026-06-06 07:05:51.177,0.5,0.9,0.9,0.8,43,777,7.28,15.06
2026-06-06 07:05:51.663,0.5,0.9,0.9,0.8,63,682,6.99,16.45
2026-06-06 07:05:52.161,0.5,0.9,0.9,0.8,67,603,6.93,17.61
2026-06-06 07:05:52.664,0.5,0.9,0.9,0.7,64,601,6.97,17.64
2026-06-06 07:05:53.162,0.5,0.9,0.9,0.7,64,714,6.97,15.98
2026-06-06 07:05:53.664,0.5,0.9,0.8,0.7,73,842,6.84,14.11
2026-06-06 07:05:54.158,0.6,0.9,0.8,0.8,81,841,6.72,14.12
2026-06-06 07:05:54.669,0.6,0.9,0.8,0.8,111,701,6.28,16.17
2026-06-06 07:05:55.177,0.7,0.9,0.8,0.8,144,666,5.80,16.68
2026-06-06 07:05:55.664,0.6,0.9,0.7,0.9,138,665,5.89,16.70
2026-06-06 07:05:56.163,0.6,0.9,0.6,0.9,120,632,6.15,17.18
2026-06-06 07:05:57.143,0.5,0.9,0.6,0.9,96,661,6.50,16.76
2026-06-06 07:05:57.143,0.5,0.9,0.6,1.0,71,681,6.87,16.46
2026-06-06 07:05:57.636,0.5,0.9,0.6,1.1,47,678,7.22,16.51
2026-06-06 07:05:58.147,0.5,0.9,0.6,1.1,26,668,7.53,16.66
2026-06-06 07:05:58.647,0.5,0.9,0.5,1.2,35,668,7.40,16.66
2026-06-06 07:05:59.146,0.5,0.9,0.5,1.2,35,668,7.40,16.66
2026-06-06 07:05:59.663,0.5,0.9,0.5,1.2,35,668,7.40,16.66
2026-06-06 07:06:00.177,0.5,0.9,0.5,1.2,35,668,7.40,16.66
2026-06-06 07:06:00.633,0.5,0.9,0.6,0.0,42,717,7.29,15.94
2026-06-06 07:06:01.131,0.5,0.9,0.6,0.0,43,812,7.28,14.55
2026-06-06 07:06:01.663,0.5,0.9,0.6,0.0,32,841,7.44,14.12
2026-06-06 07:06:02.176,0.5,0.9,0.7,0.0,32,841,7.44,14.12
2026-06-06 07:06:02.677,0.4,0.9,0.7,0.0,25,843,7.54,14.09
2026-06-06 07:06:03.132,0.4,0.9,0.7,0.0,25,843,7.54,14.09
2026-06-06 07:06:04.177,0.4,0.9,0.8,0.0,25,843,7.54,14.09
2026-06-06 07:06:04.177,0.4,0.9,0.8,0.0,12,828,7.73,14.31
2026-06-06 07:06:04.694,0.4,0.9,0.8,0.0,12,828,7.73,14.31
2026-06-06 07:06:05.174,0.4,0.9,0.8,0.0,22,843,7.59,14.09
2026-06-06 07:06:05.858,0.4,0.9,0.8,0.0,22,843,7.59,14.09
2026-06-06 07:06:06.147,0.4,0.9,0.8,0.0,16,845,7.68,14.06
2026-06-06 07:06:06.147,0.4,0.9,0.8,0.0,16,845,7.68,14.06
2026-06-06 07:06:06.664,0.4,0.9,0.9,0.0,16,845,7.68,14.06
2026-06-06 07:06:07.161,0.4,0.9,0.8,0.0,16,845,7.68,14.06
2026-06-06 07:06:07.662,0.4,0.9,0.8,0.0,0,0,7.91,26.44
2026-06-06 07:06:08.148,0.4,0.9,0.8,1.0,0,843,7.91,14.09
2026-06-06 07:06:09.177,0.4,0.9,0.8,1.0,1,844,7.90,14.08
2026-06-06 07:06:09.177,0.4,0.9,0.8,0.9,4,844,7.85,14.08
2026-06-06 07:06:09.695,0.4,0.9,0.8,0.9,1,848,7.90,14.02
2026-06-06 07:06:10.647,0.4,0.9,0.8,0.8,0,845,7.91,14.06
2026-06-06 07:06:10.648,0.4,0.9,0.8,0.8,0,845,7.91,14.06
2026-06-06 07:06:11.148,0.4,0.9,0.8,0.8,0,845,7.91,14.06
2026-06-06 07:06:11.646,0.4,0.9,0.8,0.8,0,845,7.91,14.06
2026-06-06 07:06:12.189,0.4,0.9,0.8,0.8,4,857,7.85,13.89
2026-06-06 07:06:12.698,0.4,0.9,0.8,0.9,4,857,7.85,13.89
2026-06-06 07:06:13.147,0.4,0.9,0.8,0.9,2,854,7.88,13.93
2026-06-06 07:06:13.678,0.4,0.9,0.8,0.8,0,844,7.91,14.08
2026-06-06 07:06:14.178,0.4,0.9,0.8,0.8,0,845,7.91,14.06
2026-06-06 07:06:14.677,0.4,0.9,0.9,0.8,0,855,7.91,13.92
2026-06-06 07:06:15.167,0.4,0.9,0.9,0.8,0,847,7.91,14.03
2026-06-06 07:06:15.669,0.4,0.9,0.9,0.8,3,846,7.87,14.05
2026-06-06 07:06:16.148,0.4,0.9,0.9,0.8,2,846,7.88,14.05
2026-06-06 07:06:16.697,0.4,0.9,0.9,0.8,7,846,7.81,14.05
2026-06-06 07:06:17.194,0.5,0.9,1.1,0.8,19,847,7.63,14.03
2026-06-06 07:06:17.664,0.5,0.9,1.1,0.9,27,846,7.51,14.05
2026-06-06 07:06:18.669,0.4,0.9,1.2,0.9,31,847,7.46,14.03
2026-06-06 07:06:18.669,0.5,0.9,1.2,0.9,25,847,7.54,14.03
2026-06-06 07:06:19.177,0.4,0.9,1.2,0.8,21,847,7.60,14.03
2026-06-06 07:06:19.678,0.5,0.9,1.2,0.9,22,853,7.59,13.95
2026-06-06 07:06:20.170,0.5,0.9,1.1,0.9,29,840,7.49,14.14
2026-06-06 07:06:20.671,0.5,0.9,1.0,0.9,31,847,7.46,14.03
2026-06-06 07:06:21.147,0.5,0.9,1.0,0.9,34,848,7.41,14.02
2026-06-06 07:06:21.693,0.4,0.9,0.9,0.8,28,847,7.50,14.03
2026-06-06 07:06:22.177,0.4,0.9,0.9,0.7,11,854,7.75,13.93
2026-06-06 07:06:22.677,0.4,0.9,0.8,0.6,0,845,7.91,14.06
2026-06-06 07:06:23.159,0.4,0.9,0.8,0.6,0,841,7.91,14.12
2026-06-06 07:06:23.665,0.4,0.9,0.7,0.5,0,839,7.91,14.15
2026-06-06 07:06:24.155,0.4,0.9,0.7,0.5,0,830,7.91,14.28
2026-06-06 07:06:24.650,0.4,0.9,0.6,0.4,0,748,7.91,15.48
2026-06-06 07:06:25.146,0.4,0.9,0.7,0.4,0,762,7.91,15.28
2026-06-06 07:06:25.695,0.4,0.9,0.8,0.4,0,830,7.91,14.28
2026-06-06 07:06:26.197,0.4,0.9,1.0,0.4,0,840,7.91,14.14
2026-06-06 07:06:26.647,0.4,0.9,1.0,0.4,0,832,7.91,14.25
2026-06-06 07:06:27.147,0.4,0.9,1.0,0.4,0,842,7.91,14.11
2026-06-06 07:06:27.688,0.4,0.9,0.9,0.4,0,844,7.91,14.08
2026-06-06 07:06:28.147,0.4,0.9,0.9,0.4,1,842,7.90,14.11
2026-06-06 07:06:28.648,0.4,0.9,0.9,0.4,1,842,7.90,14.11
2026-06-06 07:06:29.168,0.4,0.9,0.9,0.4,0,842,7.91,14.11
2026-06-06 07:06:29.677,0.4,0.9,1.0,0.4,0,845,7.91,14.06
2026-06-06 07:06:30.168,0.4,0.9,1.1,0.4,0,845,7.91,14.06
2026-06-06 07:06:30.664,0.4,0.9,1.1,0.4,0,842,7.91,14.11
2026-06-06 07:06:31.198,0.4,0.9,1.1,0.4,0,843,7.91,14.09
2026-06-06 07:06:31.694,0.4,0.9,1.1,0.4,0,843,7.91,14.09
2026-06-06 07:06:32.147,0.4,0.9,1.1,0.5,0,843,7.91,14.09
2026-06-06 07:06:32.647,0.4,0.9,1.1,0.5,0,842,7.91,14.11
2026-06-06 07:06:33.150,0.4,0.9,1.1,0.5,0,846,7.91,14.05
2026-06-06 07:06:33.694,0.4,0.9,0.0,0.5,0,842,7.91,14.11
2026-06-06 07:06:34.192,0.4,0.9,1.2,0.5,0,842,7.91,14.11
2026-06-06 07:06:34.668,0.4,0.9,1.1,0.5,0,845,7.91,14.06
2026-06-06 07:06:35.167,0.4,0.9,1.0,0.5,0,845,7.91,14.06
2026-06-06 07:06:35.677,0.4,0.9,1.0,0.5,0,845,7.91,14.06
2026-06-06 07:06:36.178,0.4,0.9,1.0,0.6,0,845,7.91,14.06
2026-06-06 07:06:36.677,0.4,0.9,0.9,0.6,0,845,7.91,14.06
2026-06-06 07:06:37.176,0.4,0.9,0.9,0.6,0,845,7.91,14.06
2026-06-06 07:06:37.677,0.4,0.9,0.9,0.7,0,845,7.91,14.06
2026-06-06 07:06:38.677,0.4,0.9,0.6,0.8,0,843,7.91,14.09
2026-06-06 07:06:38.678,0.4,0.9,0.7,0.9,2,856,7.88,13.90
2026-06-06 07:06:39.176,0.4,0.9,0.7,1.0,2,858,7.88,13.87
2026-06-06 07:06:39.675,0.4,0.9,0.7,1.0,0,858,7.91,13.87
2026-06-06 07:06:40.198,0.4,0.9,0.8,1.1,1,857,7.90,13.89
2026-06-06 07:06:40.700,0.4,0.9,0.8,1.1,4,857,7.85,13.89
2026-06-06 07:06:41.200,0.4,0.9,0.9,1.1,1,847,7.90,14.03
2026-06-06 07:06:41.706,0.4,0.9,0.9,1.2,2,847,7.88,14.03
2026-06-06 07:06:42.178,0.4,0.9,0.9,1.2,3,847,7.87,14.03
2026-06-06 07:06:42.696,0.4,0.9,0.8,1.4,1,856,7.90,13.90
2026-06-06 07:06:43.189,0.4,0.9,0.8,1.4,1,846,7.90,14.05
2026-06-06 07:06:43.658,0.4,0.9,0.8,1.3,0,855,7.91,13.92
2026-06-06 07:06:44.170,0.4,0.9,1.0,1.2,0,848,7.91,14.02
2026-06-06 07:06:44.697,0.4,0.9,1.2,1.1,1,848,7.90,14.02
2026-06-06 07:06:45.177,0.4,0.9,1.3,0.9,0,855,7.91,13.92
2026-06-06 07:06:45.679,0.4,0.9,1.3,0.9,0,848,7.91,14.02
2026-06-06 07:06:46.176,0.4,0.9,1.4,0.9,0,847,7.91,14.03
2026-06-06 07:06:46.675,0.4,0.9,1.4,0.8,0,784,7.91,14.96
2026-06-06 07:06:47.158,0.4,0.9,1.4,0.8,0,848,7.91,14.02
2026-06-06 07:06:48.170,0.4,0.9,1.4,0.9,0,855,7.91,13.92
2026-06-06 07:06:48.170,0.4,0.9,1.4,1.0,0,856,7.91,13.90
2026-06-06 07:06:48.670,0.4,0.9,1.4,1.0,0,848,7.91,14.02
2026-06-06 07:06:49.178,0.4,0.9,1.3,1.0,1,857,7.90,13.89
2026-06-06 07:06:49.699,0.4,0.9,1.3,1.0,1,857,7.90,13.89
2026-06-06 07:06:50.177,0.4,0.9,1.2,0.9,0,855,7.91,13.92
2026-06-06 07:06:50.676,0.4,0.9,1.1,0.9,1,857,7.90,13.89
2026-06-06 07:06:51.171,0.4,0.9,1.0,0.9,0,858,7.91,13.87
2026-06-06 07:06:51.672,0.4,0.9,0.9,1.0,0,856,7.91,13.90
2026-06-06 07:06:52.170,0.4,0.9,0.8,0.9,0,791,7.91,14.85
2026-06-06 07:06:52.668,0.4,0.9,0.8,0.9,0,745,7.91,15.53
2026-06-06 07:06:53.162,0.4,0.9,0.8,0.9,0,663,7.91,16.73
2026-06-06 07:06:53.667,0.4,0.9,0.9,1.0,0,556,7.91,18.30
2026-06-06 07:06:54.198,0.4,0.9,0.9,1.0,0,489,7.91,19.28
2026-06-06 07:06:54.677,0.4,0.9,1.0,1.0,1,430,7.90,20.14
2026-06-06 07:06:55.169,0.4,0.9,1.0,1.0,0,445,7.91,19.92
2026-06-06 07:06:55.673,0.4,0.9,1.0,1.0,0,446,7.91,19.91
2026-06-06 07:06:56.165,0.4,0.9,0.9,0.9,0,445,7.91,19.92
2026-06-06 07:06:56.670,0.4,0.9,1.0,0.9,0,457,7.91,19.75
2026-06-06 07:06:57.169,0.4,0.9,1.0,0.8,0,447,7.91,19.89
2026-06-06 07:06:57.676,0.4,0.9,1.1,0.9,0,445,7.91,19.92
2026-06-06 07:06:58.169,0.4,0.9,1.1,0.9,0,458,7.91,19.73
2026-06-06 07:06:58.677,0.4,0.9,1.1,1.0,6,459,7.82,19.72
2026-06-06 07:06:59.178,0.5,0.9,1.1,1.0,17,457,7.66,19.75
2026-06-06 07:06:59.677,0.4,0.9,1.1,1.0,25,456,7.54,19.76
2026-06-06 07:07:00.176,0.4,0.9,1.1,1.0,18,458,7.65,19.73
2026-06-06 07:07:00.721,0.4,0.9,0.0,1.0,18,458,7.65,19.73
2026-06-06 07:07:01.188,0.4,0.9,0.0,1.0,0,471,7.91,19.54
2026-06-06 07:07:01.706,0.4,0.9,1.2,1.0,0,475,7.91,19.48
2026-06-06 07:07:02.177,0.4,0.9,1.2,1.0,1,476,7.90,19.47
2026-06-06 07:07:02.707,0.4,0.9,1.2,0.9,0,464,7.91,19.64
2026-06-06 07:07:03.193,0.4,0.9,1.2,0.9,1,472,7.90,19.53
2026-06-06 07:07:03.667,0.4,0.9,0.0,1.0,0,472,7.91,19.53
2026-06-06 07:07:04.168,0.4,0.9,0.9,1.0,1,472,7.90,19.53
2026-06-06 07:07:04.668,0.4,0.9,0.8,1.0,0,442,7.91,19.97
2026-06-06 07:07:05.206,0.4,0.9,0.8,1.0,0,472,7.91,19.53
2026-06-06 07:07:05.678,0.4,0.9,0.7,1.0,1,473,7.90,19.51
2026-06-06 07:07:06.198,0.4,0.9,0.7,1.0,1,473,7.90,19.51
2026-06-06 07:07:06.721,0.4,0.9,0.7,1.0,3,474,7.87,19.50
2026-06-06 07:07:07.189,0.4,0.9,0.9,0.9,1,474,7.90,19.50
2026-06-06 07:07:07.721,0.4,0.9,1.0,0.9,0,463,7.91,19.66
2026-06-06 07:07:08.228,0.4,0.9,1.0,0.8,0,472,7.91,19.53
2026-06-06 07:07:08.728,0.4,0.9,1.0,0.8,0,472,7.91,19.53
2026-06-06 07:07:09.167,0.4,0.9,1.0,0.8,0,471,7.91,19.54
2026-06-06 07:07:09.668,0.4,0.9,1.0,0.7,0,472,7.91,19.53
2026-06-06 07:07:10.177,0.4,0.9,1.0,0.7,0,472,7.91,19.53
2026-06-06 07:07:10.678,0.4,0.9,1.0,0.6,0,464,7.91,19.64
2026-06-06 07:07:11.226,0.4,0.9,0.9,0.6,0,462,7.91,19.67
2026-06-06 07:07:11.695,0.4,0.9,0.9,0.6,0,471,7.91,19.54
2026-06-06 07:07:12.227,0.4,0.9,0.9,0.6,0,472,7.91,19.53
2026-06-06 07:07:12.712,0.4,0.9,0.9,0.6,0,471,7.91,19.54
2026-06-06 07:07:13.207,0.4,0.9,0.8,0.7,0,471,7.91,19.54
2026-06-06 07:07:13.708,0.4,0.9,0.8,0.7,0,472,7.91,19.53
2026-06-06 07:07:14.176,0.4,0.9,0.8,0.7,4,471,7.85,19.54
2026-06-06 07:07:14.707,0.4,0.9,0.8,0.7,4,478,7.85,19.44
2026-06-06 07:07:15.207,0.4,0.9,0.8,0.6,0,472,7.91,19.53
2026-06-06 07:07:15.710,0.4,0.9,0.7,0.6,0,471,7.91,19.54
2026-06-06 07:07:16.207,0.5,0.9,0.7,0.6,4,442,7.85,19.97
2026-06-06 07:07:16.708,0.5,0.9,0.7,0.6,33,464,7.43,19.64
2026-06-06 07:07:17.188,0.5,0.9,0.6,0.6,51,472,7.16,19.53
2026-06-06 07:07:17.694,0.5,0.9,0.6,0.7,56,472,7.09,19.53
2026-06-06 07:07:18.198,0.5,0.9,0.6,0.7,76,471,6.80,19.54
2026-06-06 07:07:18.697,0.5,0.9,0.7,0.7,79,472,6.75,19.53
2026-06-06 07:07:19.198,0.6,0.9,0.6,0.7,83,470,6.69,19.56
2026-06-06 07:07:19.707,0.6,0.9,0.6,0.7,94,457,6.53,19.75
2026-06-06 07:07:20.194,0.7,0.9,0.6,0.7,119,472,6.17,19.53
2026-06-06 07:07:20.689,0.7,0.9,0.6,0.7,119,472,6.17,19.53
2026-06-06 07:07:21.188,0.7,0.9,0.6,0.7,180,472,5.27,19.53
2026-06-06 07:07:21.926,0.7,0.6,0.6,0.7,180,472,5.27,19.53
2026-06-06 07:07:22.204,0.7,0.6,0.6,0.6,166,471,5.48,19.54
2026-06-06 07:07:22.204,0.6,0.6,0.5,0.6,154,472,5.65,19.53
2026-06-06 07:07:22.701,0.7,0.6,0.5,0.6,148,473,5.74,19.51
2026-06-06 07:07:23.198,0.6,0.6,0.5,0.6,145,463,5.79,19.66
2026-06-06 07:07:23.699,0.6,0.6,0.5,0.6,138,471,5.89,19.54
2026-06-06 07:07:24.177,0.6,0.6,0.5,0.6,130,473,6.01,19.51
2026-06-06 07:07:24.698,0.6,0.6,0.6,0.6,118,463,6.18,19.66
2026-06-06 07:07:25.197,0.6,0.6,0.6,0.6,98,472,6.47,19.53
2026-06-06 07:07:25.698,0.6,0.6,0.6,0.6,95,471,6.52,19.54
2026-06-06 07:07:26.177,0.6,0.6,0.6,0.6,100,470,6.45,19.56
2026-06-06 07:07:27.228,0.5,0.6,0.7,0.6,93,472,6.55,19.53
2026-06-06 07:07:27.229,0.5,0.6,0.7,0.6,80,471,6.74,19.54
2026-06-06 07:07:27.742,0.5,0.6,0.8,0.6,68,463,6.91,19.66
2026-06-06 07:07:28.206,0.5,0.6,0.8,0.6,68,463,6.91,19.66
2026-06-06 07:07:28.694,0.5,0.6,0.9,0.6,49,471,7.19,19.54
2026-06-06 07:07:29.694,0.5,0.6,1.0,0.5,49,471,7.19,19.54
2026-06-06 07:07:29.694,0.4,0.6,1.0,0.5,16,463,7.68,19.66
2026-06-06 07:07:30.200,0.4,0.6,1.1,0.5,16,463,7.68,19.66
2026-06-06 07:07:30.706,0.4,0.6,1.1,0.5,16,463,7.68,19.66
2026-06-06 07:07:31.177,0.4,0.6,1.2,0.4,16,463,7.68,19.66
2026-06-06 07:07:31.738,0.4,0.6,1.2,0.4,25,472,7.54,19.53
2026-06-06 07:07:32.193,0.4,0.6,1.1,0.4,25,472,7.54,19.53
2026-06-06 07:07:32.727,0.4,0.6,1.1,0.4,5,471,7.84,19.54
2026-06-06 07:07:33.210,0.4,0.6,1.0,0.4,0,470,7.91,19.56
2026-06-06 07:07:33.705,0.4,0.6,1.0,0.4,1,461,7.90,19.69
2026-06-06 07:07:34.190,0.5,0.6,0.8,0.4,12,473,7.73,19.51
2026-06-06 07:07:34.696,0.5,0.6,0.8,0.4,12,473,7.73,19.51
2026-06-06 07:07:35.198,0.4,0.6,0.8,0.4,23,474,7.57,19.50
2026-06-06 07:07:36.192,0.4,0.6,0.6,0.4,23,476,7.57,19.47
2026-06-06 07:07:36.192,0.4,0.6,0.6,0.4,11,476,7.75,19.47
2026-06-06 07:07:36.692,0.4,0.6,0.6,0.4,0,474,7.91,19.50
2026-06-06 07:07:37.189,0.4,0.6,0.5,0.4,0,474,7.91,19.50
2026-06-06 07:07:37.685,0.4,0.6,0.5,0.5,0,455,7.91,19.78
2026-06-06 07:07:38.225,0.4,0.6,0.5,0.5,0,473,7.91,19.51
2026-06-06 07:07:39.206,0.4,0.6,0.5,0.6,0,474,7.91,19.50
2026-06-06 07:07:39.206,0.4,0.6,0.4,0.6,0,473,7.91,19.51
2026-06-06 07:07:39.718,0.4,0.6,0.5,0.6,0,474,7.91,19.50
2026-06-06 07:07:40.245,0.4,0.6,0.5,0.7,0,474,7.91,19.50
2026-06-06 07:07:40.707,0.4,0.6,0.5,0.8,0,473,7.91,19.51
2026-06-06 07:07:41.241,0.4,0.6,0.5,0.9,0,473,7.91,19.51
2026-06-06 07:07:41.738,0.4,0.6,0.5,0.9,0,474,7.91,19.50
2026-06-06 07:07:42.197,0.4,0.6,0.5,0.9,0,474,7.91,19.50
2026-06-06 07:07:42.743,0.4,0.6,0.6,0.9,0,474,7.91,19.50
2026-06-06 07:07:43.239,0.4,0.6,0.6,0.9,0,474,7.91,19.50
2026-06-06 07:07:43.739,0.4,0.6,0.6,0.9,1,474,7.90,19.50
2026-06-06 07:07:44.220,0.4,0.6,0.6,0.9,8,472,7.79,19.53
2026-06-06 07:07:44.730,0.4,0.6,0.6,0.8,6,478,7.82,19.44
2026-06-06 07:07:45.196,0.4,0.6,0.6,0.8,10,475,7.76,19.48
2026-06-06 07:07:45.737,0.4,0.6,0.6,0.8,13,474,7.72,19.50
2026-06-06 07:07:46.198,0.5,0.6,0.6,0.7,22,474,7.59,19.50
2026-06-06 07:07:46.708,0.5,0.6,0.6,0.8,37,474,7.37,19.50
2026-06-06 07:07:47.207,0.5,0.6,0.6,0.9,31,473,7.46,19.51
2026-06-06 07:07:47.707,0.5,0.6,0.6,0.9,28,473,7.50,19.51
2026-06-06 07:07:48.728,0.5,0.6,0.6,1.0,37,475,7.37,19.48
2026-06-06 07:07:48.729,0.5,0.6,0.5,1.0,40,474,7.32,19.50
2026-06-06 07:07:49.207,0.5,0.6,0.5,0.9,41,472,7.31,19.53
2026-06-06 07:07:49.698,0.4,0.6,0.5,0.9,36,475,7.38,19.48
2026-06-06 07:07:50.207,0.4,0.6,0.5,0.8,15,473,7.69,19.51
2026-06-06 07:07:50.706,0.4,0.6,0.5,0.8,1,474,7.90,19.50
2026-06-06 07:07:51.194,0.4,0.6,0.5,0.8,1,474,7.90,19.50
2026-06-06 07:07:51.695,0.4,0.6,0.5,0.7,0,474,7.91,19.50
2026-06-06 07:07:52.241,0.4,0.6,0.5,0.6,0,473,7.91,19.51
2026-06-06 07:07:52.743,0.4,0.6,0.5,0.6,0,473,7.91,19.51
2026-06-06 07:07:53.689,0.4,0.6,0.5,0.7,0,474,7.91,19.50
2026-06-06 07:07:53.744,0.4,0.6,0.5,0.7,1,474,7.90,19.50
2026-06-06 07:07:54.230,0.4,0.6,0.4,0.8,0,473,7.91,19.51
2026-06-06 07:07:54.692,0.4,0.6,0.4,0.9,0,475,7.91,19.48
2026-06-06 07:07:55.219,0.4,0.6,0.4,1.0,0,474,7.91,19.50
2026-06-06 07:07:55.729,0.4,0.6,0.4,1.0,0,474,7.91,19.50
2026-06-06 07:07:56.225,0.4,0.6,0.4,0.9,0,474,7.91,19.50
2026-06-06 07:07:56.699,0.4,0.6,0.4,0.9,0,474,7.91,19.50
2026-06-06 07:07:57.197,0.4,0.6,0.4,0.9,0,473,7.91,19.51
2026-06-06 07:07:57.695,0.4,0.6,0.4,0.9,0,473,7.91,19.51
2026-06-06 07:07:58.239,0.4,0.6,0.4,0.8,0,473,7.91,19.51
2026-06-06 07:07:58.740,0.4,0.6,0.5,0.8,1,474,7.90,19.50
2026-06-06 07:07:59.197,0.4,0.6,0.5,0.8,3,474,7.87,19.50
2026-06-06 07:07:59.709,0.4,0.6,0.5,0.8,3,474,7.87,19.50
2026-06-06 07:08:00.201,0.4,0.6,0.6,0.7,3,474,7.87,19.50
2026-06-06 07:08:00.728,0.4,0.6,0.6,0.7,3,474,7.87,19.50
2026-06-06 07:08:01.206,0.4,0.6,0.6,0.6,4,473,7.85,19.51
2026-06-06 07:08:01.724,0.4,0.6,0.7,0.6,0,474,7.91,19.50
2026-06-06 07:08:02.228,0.4,0.6,0.7,0.6,0,474,7.91,19.50
2026-06-06 07:08:02.727,0.4,0.6,0.7,0.5,0,472,7.91,19.53
2026-06-06 07:08:03.230,0.4,0.6,0.9,0.5,0,473,7.91,19.51
2026-06-06 07:08:03.742,0.4,0.6,0.9,0.5,0,473,7.91,19.51
2026-06-06 07:08:04.242,0.4,0.6,0.9,0.5,0,473,7.91,19.51
2026-06-06 07:08:04.743,0.4,0.6,0.9,0.5,0,473,7.91,19.51
2026-06-06 07:08:05.239,0.4,0.6,1.0,0.5,0,472,7.91,19.53
2026-06-06 07:08:05.752,0.4,0.6,1.1,0.4,0,473,7.91,19.51
2026-06-06 07:08:06.197,0.4,0.6,1.3,0.4,0,474,7.91,19.50
2026-06-06 07:08:06.712,0.4,0.6,1.4,0.4,1,474,7.90,19.50
2026-06-06 07:08:07.257,0.4,0.6,1.5,0.5,3,474,7.87,19.50
2026-06-06 07:08:07.945,0.4,0.6,1.5,0.5,3,474,7.87,19.50
2026-06-06 07:08:08.237,0.4,0.6,1.5,0.5,2,473,7.88,19.51
2026-06-06 07:08:08.238,0.4,0.6,1.5,0.5,2,473,7.88,19.51
2026-06-06 07:08:08.730,0.5,0.6,1.6,0.5,34,473,7.41,19.51
2026-06-06 07:08:09.230,0.5,0.6,1.6,0.5,46,477,7.24,19.45
2026-06-06 07:08:09.742,0.5,0.6,1.6,0.5,49,473,7.19,19.51
2026-06-06 07:08:10.244,0.5,0.6,1.4,0.5,52,473,7.15,19.51
2026-06-06 07:08:10.742,0.5,0.6,1.4,0.6,53,472,7.13,19.53
2026-06-06 07:08:11.428,0.5,0.9,0.9,0.6,53,472,7.13,19.53
2026-06-06 07:08:11.739,0.5,0.9,1.3,0.5,55,473,7.10,19.51
2026-06-06 07:08:11.740,0.5,0.9,1.3,0.5,48,474,7.21,19.50
2026-06-06 07:08:12.226,0.5,0.9,1.3,0.5,40,473,7.32,19.51
2026-06-06 07:08:12.728,0.4,0.9,1.2,0.6,28,475,7.50,19.48
2026-06-06 07:08:13.258,0.4,0.9,1.1,0.5,10,474,7.76,19.50
2026-06-06 07:08:13.759,0.4,0.9,1.0,0.5,0,473,7.91,19.51
2026-06-06 07:08:14.256,0.4,0.9,0.9,0.5,0,473,7.91,19.51
2026-06-06 07:08:14.752,0.4,0.9,0.9,0.5,0,473,7.91,19.51
2026-06-06 07:08:15.221,0.4,0.9,0.8,0.5,0,474,7.91,19.50
2026-06-06 07:08:15.717,0.4,0.9,0.8,0.4,0,474,7.91,19.50
2026-06-06 07:08:16.226,0.4,0.9,0.7,0.4,0,474,7.91,19.50
2026-06-06 07:08:16.757,0.4,0.9,0.7,0.4,0,463,7.91,19.66
2026-06-06 07:08:17.241,0.4,0.9,0.7,0.4,2,472,7.88,19.53
2026-06-06 07:08:17.719,0.5,0.9,0.6,0.4,18,462,7.65,19.67
2026-06-06 07:08:18.228,0.5,0.9,0.7,0.4,50,472,7.18,19.53
2026-06-06 07:08:18.729,0.6,0.9,0.6,0.4,71,473,6.87,19.51
2026-06-06 07:08:19.228,0.6,0.9,0.6,0.4,94,473,6.53,19.51
2026-06-06 07:08:19.725,0.5,0.9,0.6,0.4,99,473,6.46,19.51
2026-06-06 07:08:20.229,0.5,0.9,0.6,0.4,87,476,6.64,19.47
2026-06-06 07:08:20.727,0.5,0.9,0.6,0.4,76,475,6.80,19.48
2026-06-06 07:08:21.242,0.5,0.9,0.6,0.4,63,472,6.99,19.53
2026-06-06 07:08:21.742,0.5,0.9,0.6,0.5,56,474,7.09,19.50
2026-06-06 07:08:22.239,0.5,0.9,0.6,0.5,45,474,7.25,19.50
2026-06-06 07:08:22.721,0.5,0.9,0.6,0.5,44,473,7.27,19.51
2026-06-06 07:08:23.249,0.5,0.9,0.5,0.5,45,475,7.25,19.48
2026-06-06 07:08:23.746,0.5,0.9,0.5,0.5,61,473,7.02,19.51
2026-06-06 07:08:24.239,0.5,0.9,0.5,0.5,68,478,6.91,19.44
2026-06-06 07:08:24.737,0.6,0.9,0.5,0.5,75,473,6.81,19.51
2026-06-06 07:08:25.247,0.6,0.9,0.5,0.5,91,472,6.58,19.53
2026-06-06 07:08:25.726,0.6,0.9,0.5,0.5,91,472,6.58,19.53
2026-06-06 07:08:26.238,0.6,0.9,0.4,0.5,124,476,6.09,19.47
2026-06-06 07:08:26.728,0.6,0.9,0.4,0.5,125,473,6.08,19.51
2026-06-06 07:08:27.276,0.6,0.9,0.4,0.5,108,472,6.33,19.53
2026-06-06 07:08:27.708,0.5,0.9,0.5,0.5,91,472,6.58,19.53
2026-06-06 07:08:28.207,0.5,0.9,0.5,0.4,77,473,6.78,19.51
2026-06-06 07:08:28.771,0.5,0.9,0.5,0.4,63,474,6.99,19.50
2026-06-06 07:08:29.208,0.5,0.9,0.5,0.4,51,474,7.16,19.50
2026-06-06 07:08:29.708,0.4,0.9,0.5,0.4,28,473,7.50,19.51
2026-06-06 07:08:30.269,0.4,0.9,0.5,0.4,14,475,7.71,19.48
2026-06-06 07:08:30.771,0.4,0.9,0.5,0.4,8,472,7.79,19.53
2026-06-06 07:08:31.273,0.4,0.9,0.5,0.5,5,473,7.84,19.51
2026-06-06 07:08:31.770,0.4,0.9,0.6,0.5,3,472,7.87,19.53
2026-06-06 07:08:32.220,0.4,0.9,0.6,0.5,2,473,7.88,19.51
2026-06-06 07:08:32.727,0.4,0.9,0.6,0.5,6,474,7.82,19.50
2026-06-06 07:08:33.231,0.4,0.9,0.6,0.6,6,474,7.82,19.50
2026-06-06 07:08:33.726,0.4,0.9,0.6,0.6,6,474,7.82,19.50
2026-06-06 07:08:34.226,0.4,0.9,0.6,0.6,6,474,7.82,19.50
2026-06-06 07:08:34.721,0.4,0.9,0.6,0.6,8,473,7.79,19.51
2026-06-06 07:08:35.254,0.4,0.9,0.7,0.6,0,473,7.91,19.51
2026-06-06 07:08:35.738,0.4,0.9,0.7,0.6,0,473,7.91,19.51
2026-06-06 07:08:36.256,0.4,0.9,0.7,0.5,0,473,7.91,19.51
2026-06-06 07:08:36.757,0.4,0.9,0.7,0.5,0,473,7.91,19.51
2026-06-06 07:08:37.227,0.4,0.9,0.7,0.5,0,473,7.91,19.51
2026-06-06 07:08:37.755,0.4,0.9,0.8,0.5,2,472,7.88,19.53
2026-06-06 07:08:38.223,0.4,0.9,0.8,0.6,2,472,7.88,19.53
2026-06-06 07:08:38.727,0.4,0.9,0.9,0.7,0,473,7.91,19.51
2026-06-06 07:08:39.227,0.4,0.9,0.9,0.8,1,476,7.90,19.47
2026-06-06 07:08:39.742,0.4,0.9,1.0,0.8,8,472,7.79,19.53
2026-06-06 07:08:40.238,0.4,0.9,1.0,1.0,8,473,7.79,19.51
2026-06-06 07:08:40.722,0.4,0.9,1.1,1.1,9,477,7.78,19.45
2026-06-06 07:08:41.229,0.4,0.9,1.1,1.2,16,473,7.68,19.51
2026-06-06 07:08:41.773,0.4,0.9,1.1,1.2,24,473,7.56,19.51
2026-06-06 07:08:42.254,0.4,0.9,1.2,1.3,22,471,7.59,19.54
2026-06-06 07:08:42.725,0.4,0.9,1.2,1.3,16,476,7.68,19.47
2026-06-06 07:08:43.268,0.4,0.9,1.2,1.3,2,474,7.88,19.50
2026-06-06 07:08:43.727,0.4,0.9,1.2,1.4,0,473,7.91,19.51
2026-06-06 07:08:44.241,0.4,0.9,1.3,1.4,0,473,7.91,19.51
2026-06-06 07:08:44.718,0.4,0.9,1.4,1.3,4,474,7.85,19.50
2026-06-06 07:08:45.227,0.4,0.9,1.4,1.2,17,472,7.66,19.53
2026-06-06 07:08:45.740,0.5,0.9,1.4,1.1,23,473,7.57,19.51
2026-06-06 07:08:46.226,0.5,0.9,1.4,1.1,43,473,7.28,19.51
2026-06-06 07:08:46.759,0.5,0.9,1.4,1.2,62,472,7.00,19.53
2026-06-06 07:08:47.228,0.5,0.9,1.4,1.2,71,473,6.87,19.51
2026-06-06 07:08:47.773,0.5,0.9,1.5,1.2,61,472,7.02,19.53
2026-06-06 07:08:48.252,0.5,0.9,1.4,1.2,52,473,7.15,19.51
2026-06-06 07:08:48.724,0.5,0.9,1.4,1.2,53,476,7.13,19.47
2026-06-06 07:08:49.271,0.6,0.9,1.3,1.2,73,472,6.84,19.53
2026-06-06 07:08:49.776,0.6,0.9,1.2,1.2,97,472,6.49,19.53
2026-06-06 07:08:50.224,0.6,0.9,1.2,1.1,120,474,6.15,19.50
2026-06-06 07:08:50.725,0.6,0.9,1.1,1.0,120,474,6.15,19.50
2026-06-06 07:08:51.488,0.7,0.9,1.1,1.0,120,474,6.15,19.50
2026-06-06 07:08:51.744,0.7,0.9,1.1,1.0,152,479,5.68,19.42
2026-06-06 07:08:51.746,0.7,0.9,1.0,1.2,150,473,5.71,19.51
2026-06-06 07:08:52.254,0.7,0.9,0.9,1.3,160,475,5.57,19.48
2026-06-06 07:08:52.726,0.7,0.9,0.9,1.3,163,473,5.52,19.51
2026-06-06 07:08:53.230,0.7,0.9,0.9,1.3,157,471,5.61,19.54
2026-06-06 07:08:53.728,0.7,0.9,1.0,1.3,168,473,5.45,19.51
2026-06-06 07:08:54.238,0.7,0.9,1.0,1.3,178,472,5.30,19.53
2026-06-06 07:08:54.778,0.8,0.9,1.1,1.5,196,475,5.04,19.48
2026-06-06 07:08:55.228,0.7,0.9,1.1,1.5,209,473,4.85,19.51
2026-06-06 07:08:55.727,0.7,0.9,1.1,1.6,193,473,5.08,19.51
2026-06-06 07:08:56.270,0.7,0.9,1.2,1.7,178,458,5.30,19.73
2026-06-06 07:08:56.732,0.7,0.9,1.3,1.5,164,444,5.51,19.94
2026-06-06 07:08:57.277,0.8,0.9,1.4,1.3,177,442,5.32,19.97
2026-06-06 07:08:57.774,0.8,0.9,1.5,1.2,205,443,4.91,19.95
2026-06-06 07:08:58.283,0.8,0.9,1.6,1.2,219,444,4.70,19.94
2026-06-06 07:08:58.757,0.7,0.9,1.8,1.1,211,443,4.82,19.95
2026-06-06 07:08:59.264,0.7,0.9,2.0,1.0,188,445,5.16,19.92
2026-06-06 07:08:59.774,0.7,0.9,1.9,1.1,178,444,5.30,19.94
2026-06-06 07:09:00.270,0.8,0.9,2.0,1.0,186,442,5.19,19.97
2026-06-06 07:09:00.727,0.8,0.9,1.9,1.0,186,442,5.19,19.97
2026-06-06 07:09:01.246,1.0,0.9,1.8,1.1,315,429,3.30,20.16
2026-06-06 07:09:01.775,1.1,0.9,1.5,1.2,372,446,2.46,19.91
2026-06-06 07:09:02.259,1.1,0.9,1.2,1.2,411,445,1.89,19.92
2026-06-06 07:09:02.948,1.1,0.9,1.2,1.2,411,445,1.89,19.92
2026-06-06 07:09:03.228,1.1,0.9,0.9,1.3,411,445,1.89,19.92
2026-06-06 07:09:03.287,1.1,0.9,0.8,1.2,411,445,1.89,19.92
2026-06-06 07:09:03.771,1.1,0.9,0.7,1.2,408,443,1.93,19.95
2026-06-06 07:09:04.286,1.1,0.9,0.7,1.2,391,443,2.18,19.95
2026-06-06 07:09:04.758,1.0,0.9,0.7,1.2,396,445,2.11,19.92
2026-06-06 07:09:05.244,1.0,0.9,0.7,1.2,377,443,2.39,19.95
2026-06-06 07:09:05.737,1.0,0.9,0.6,1.2,367,442,2.53,19.97
2026-06-06 07:09:06.238,0.9,0.9,0.6,1.2,339,443,2.94,19.95
2026-06-06 07:09:06.757,0.8,0.9,0.5,0.0,290,445,3.66,19.92
2026-06-06 07:09:07.252,0.8,0.9,0.5,0.0,290,445,3.66,19.92
2026-06-06 07:09:07.781,0.8,0.9,0.5,1.1,197,444,5.02,19.94
2026-06-06 07:09:08.286,0.7,0.9,0.5,1.0,206,444,4.89,19.94
2026-06-06 07:09:08.758,0.7,0.9,0.5,1.0,195,444,5.05,19.94
2026-06-06 07:09:09.254,0.7,0.9,0.5,1.0,195,444,5.05,19.94
2026-06-06 07:09:09.744,0.7,0.9,0.4,0.7,195,444,5.05,19.94
2026-06-06 07:09:10.257,0.7,0.9,0.4,0.7,195,444,5.05,19.94
2026-06-06 07:09:10.741,0.7,0.9,0.5,0.7,0,0,7.91,26.44
2026-06-06 07:09:11.272,0.7,0.9,0.5,0.8,0,0,7.91,26.44
2026-06-06 07:09:11.734,0.7,0.9,0.4,0.8,185,440,5.20,20.00
2026-06-06 07:09:12.255,0.7,0.9,0.4,0.7,185,440,5.20,20.00
2026-06-06 07:09:12.762,0.7,0.9,0.4,0.7,158,442,5.60,19.97
2026-06-06 07:09:13.276,0.6,0.9,0.4,0.7,147,455,5.76,19.78
2026-06-06 07:09:13.741,0.6,0.9,0.4,0.7,137,442,5.90,19.97
2026-06-06 07:09:14.242,0.6,0.9,0.4,0.7,131,443,5.99,19.95
2026-06-06 07:09:14.773,0.6,0.9,0.4,0.7,120,443,6.15,19.95
2026-06-06 07:09:15.269,0.6,0.9,0.4,0.7,106,443,6.36,19.95
2026-06-06 07:09:15.753,0.5,0.9,0.4,0.7,97,445,6.49,19.92
2026-06-06 07:09:16.255,0.5,0.9,0.4,0.7,84,444,6.68,19.94
2026-06-06 07:09:16.803,0.5,0.9,0.4,0.6,72,444,6.86,19.94
2026-06-06 07:09:17.258,0.5,0.9,0.4,0.6,66,442,6.94,19.97
2026-06-06 07:09:17.818,0.5,0.9,0.4,0.6,55,445,7.10,19.92
2026-06-06 07:09:18.245,0.5,0.9,0.4,0.6,43,443,7.28,19.95
2026-06-06 07:09:18.771,0.4,0.9,0.4,0.5,29,445,7.49,19.92
2026-06-06 07:09:19.248,0.4,0.9,0.4,0.5,26,443,7.53,19.95
2026-06-06 07:09:19.786,0.4,0.9,0.4,0.5,8,443,7.79,19.95
2026-06-06 07:09:20.282,0.4,0.9,0.5,0.5,0,443,7.91,19.95
2026-06-06 07:09:20.788,0.4,0.9,0.5,0.5,0,441,7.91,19.98
2026-06-06 07:09:21.276,0.4,0.9,0.5,0.4,0,443,7.91,19.95
2026-06-06 07:09:21.758,0.4,0.9,0.5,0.5,0,440,7.91,20.00
2026-06-06 07:09:22.288,0.4,0.9,0.5,0.5,0,447,7.91,19.89
2026-06-06 07:09:22.787,0.4,0.9,0.5,0.5,0,440,7.91,20.00
2026-06-06 07:09:23.290,0.4,0.9,0.5,0.6,0,443,7.91,19.95
2026-06-06 07:09:23.757,0.4,0.9,0.5,0.6,0,445,7.91,19.92
2026-06-06 07:09:24.286,0.4,0.9,0.6,0.6,0,445,7.91,19.92
2026-06-06 07:09:24.776,0.4,0.9,0.6,0.6,0,431,7.91,20.13
2026-06-06 07:09:25.786,0.4,0.9,0.6,0.6,0,443,7.91,19.95
2026-06-06 07:09:25.787,0.4,0.9,0.6,0.6,0,444,7.91,19.94
2026-06-06 07:09:26.286,0.4,0.9,0.6,0.6,0,443,7.91,19.95
2026-06-06 07:09:26.805,0.4,0.9,0.6,0.6,0,430,7.91,20.14
2026-06-06 07:09:27.299,0.4,0.9,0.6,0.6,0,438,7.91,20.02
2026-06-06 07:09:27.758,0.4,0.9,0.7,0.7,0,439,7.91,20.01
2026-06-06 07:09:28.263,0.4,0.9,0.7,0.7,0,441,7.91,19.98
2026-06-06 07:09:28.757,0.4,0.9,0.8,0.8,1,431,7.90,20.13
2026-06-06 07:09:29.277,0.4,0.9,0.9,0.8,0,439,7.91,20.01
2026-06-06 07:09:29.958,0.4,0.9,0.9,0.8,0,439,7.91,20.01
2026-06-06 07:09:30.254,0.4,0.9,1.0,0.8,0,439,7.91,20.01
2026-06-06 07:09:30.255,0.4,0.9,1.1,0.8,0,439,7.91,20.01
2026-06-06 07:09:30.804,0.4,0.9,1.1,0.8,0,430,7.91,20.14
2026-06-06 07:09:31.279,0.4,0.9,1.1,0.8,0,442,7.91,19.97
2026-06-06 07:09:31.790,0.4,0.9,1.1,0.8,0,442,7.91,19.97
2026-06-06 07:09:32.286,0.4,0.9,1.1,0.0,0,442,7.91,19.97
2026-06-06 07:09:32.787,0.4,0.9,1.1,0.0,0,442,7.91,19.97
2026-06-06 07:09:33.287,0.4,0.9,1.1,0.0,4,439,7.85,20.01
2026-06-06 07:09:33.787,0.4,0.9,1.1,0.0,9,432,7.78,20.11
2026-06-06 07:09:34.281,0.5,0.9,1.1,1.3,11,431,7.75,20.13
2026-06-06 07:09:34.786,0.5,0.9,1.1,1.3,29,438,7.49,20.02
2026-06-06 07:09:35.304,0.5,0.9,1.2,1.3,47,440,7.22,20.00
2026-06-06 07:09:35.800,0.5,0.9,1.2,1.3,62,408,7.00,20.46
2026-06-06 07:09:36.282,0.5,0.9,1.4,1.3,62,408,7.00,20.46
2026-06-06 07:09:36.806,0.5,0.9,1.5,0.0,62,408,7.00,20.46
2026-06-06 07:09:37.308,0.6,0.9,1.6,0.0,121,432,6.14,20.11
2026-06-06 07:09:37.787,0.6,0.9,1.6,0.0,115,432,6.23,20.11
2026-06-06 07:09:38.284,0.6,0.9,1.6,0.0,122,441,6.12,19.98
2026-06-06 07:09:38.833,0.6,0.9,1.5,0.6,121,431,6.14,20.13
2026-06-06 07:09:39.281,0.6,0.9,1.4,0.6,110,438,6.30,20.02
2026-06-06 07:09:39.799,0.6,0.9,1.5,0.6,114,429,6.24,20.16
2026-06-06 07:09:40.286,0.6,0.9,1.5,0.6,120,432,6.15,20.11
2026-06-06 07:09:40.776,0.6,0.9,1.5,0.6,109,431,6.31,20.13
2026-06-06 07:09:41.288,0.6,0.9,1.4,0.6,91,440,6.58,20.00
2026-06-06 07:09:41.758,0.6,0.9,1.4,0.6,87,432,6.64,20.11
2026-06-06 07:09:42.255,0.6,0.9,1.3,0.7,93,440,6.55,20.00
2026-06-06 07:09:42.755,0.6,0.9,1.3,0.7,118,431,6.18,20.13
2026-06-06 07:09:43.287,0.6,0.9,1.2,0.7,141,432,5.84,20.11
2026-06-06 07:09:43.774,0.6,0.9,1.1,0.7,141,432,5.84,20.11
2026-06-06 07:09:44.270,0.6,0.9,1.1,0.7,120,439,6.15,20.01
2026-06-06 07:09:44.808,0.5,0.9,1.1,0.7,106,447,6.36,19.89
2026-06-06 07:09:45.251,0.5,0.9,1.1,0.8,83,439,6.69,20.01
2026-06-06 07:09:45.806,0.5,0.9,1.2,0.8,71,439,6.87,20.01
2026-06-06 07:09:46.287,0.5,0.9,1.3,0.8,55,429,7.10,20.16
2026-06-06 07:09:46.804,0.5,0.9,1.3,0.8,54,432,7.12,20.11
2026-06-06 07:09:47.298,0.5,0.9,1.2,0.9,54,432,7.12,20.11
2026-06-06 07:09:47.760,0.4,0.9,1.2,0.9,35,438,7.40,20.02
2026-06-06 07:09:48.257,0.4,0.9,1.2,0.9,35,438,7.40,20.02
2026-06-06 07:09:48.817,0.4,0.9,1.1,0.9,14,431,7.71,20.13
2026-06-06 07:09:49.278,0.4,0.9,1.0,0.9,11,431,7.75,20.13
2026-06-06 07:09:49.777,0.4,0.9,0.9,0.9,11,431,7.75,20.13
2026-06-06 07:09:50.286,0.4,0.9,0.9,0.9,15,439,7.69,20.01
2026-06-06 07:09:50.771,0.4,0.9,0.9,0.9,14,431,7.71,20.13
2026-06-06 07:09:51.251,0.4,0.9,1.0,0.9,6,430,7.82,20.14
2026-06-06 07:09:51.807,0.4,0.9,1.0,1.0,7,430,7.81,20.14
2026-06-06 07:09:52.254,0.4,0.9,1.2,1.1,1,431,7.90,20.13
2026-06-06 07:09:52.809,0.4,0.9,1.1,1.2,0,439,7.91,20.01
2026-06-06 07:09:53.302,0.4,0.9,1.1,1.2,0,430,7.91,20.14
2026-06-06 07:09:53.775,0.4,0.9,1.1,1.1,1,439,7.90,20.01
2026-06-06 07:09:54.256,0.4,0.9,1.1,1.1,0,439,7.91,20.01
2026-06-06 07:09:54.756,0.4,0.9,1.1,1.1,0,429,7.91,20.16
2026-06-06 07:09:55.264,0.4,0.9,1.0,1.1,0,431,7.91,20.13
2026-06-06 07:09:55.788,0.4,0.9,0.9,1.1,0,430,7.91,20.14
2026-06-06 07:09:56.271,0.4,0.9,0.8,1.2,0,432,7.91,20.11
2026-06-06 07:09:56.787,0.4,0.9,0.8,1.2,0,431,7.91,20.13
2026-06-06 07:09:57.257,0.4,0.9,0.9,1.1,0,438,7.91,20.02
2026-06-06 07:09:57.789,0.4,0.9,1.0,1.1,1,439,7.90,20.01
2026-06-06 07:09:58.266,0.4,0.9,1.0,1.0,13,438,7.72,20.02
2026-06-06 07:09:58.787,0.5,0.9,0.9,0.9,25,430,7.54,20.14
2026-06-06 07:09:59.275,0.5,0.9,0.9,0.8,35,430,7.40,20.14
2026-06-06 07:09:59.776,0.4,0.9,0.9,0.7,33,443,7.43,19.95
2026-06-06 07:10:00.270,0.4,0.9,0.9,0.6,20,432,7.62,20.11
2026-06-06 07:10:00.769,0.4,0.9,0.9,0.6,20,432,7.62,20.11
2026-06-06 07:10:01.299,0.4,0.9,0.9,0.6,3,440,7.87,20.00
2026-06-06 07:10:01.758,0.4,0.9,0.9,0.6,3,440,7.87,20.00
2026-06-06 07:10:02.310,0.4,0.9,0.9,0.0,9,431,7.78,20.13
2026-06-06 07:10:02.788,0.4,0.9,0.9,0.0,4,439,7.85,20.01
2026-06-06 07:10:03.287,0.4,0.9,0.9,0.5,2,438,7.88,20.02
2026-06-06 07:10:03.787,0.4,0.9,0.9,0.5,1,431,7.90,20.13
2026-06-06 07:10:04.303,0.4,0.9,0.9,0.5,8,431,7.79,20.13
2026-06-06 07:10:04.802,0.4,0.9,0.8,0.4,8,431,7.79,20.13
2026-06-06 07:10:05.309,0.4,0.9,0.8,0.4,16,438,7.68,20.02
2026-06-06 07:10:05.761,0.4,0.9,0.8,0.4,16,438,7.68,20.02
2026-06-06 07:10:06.287,0.4,0.9,0.7,0.4,16,438,7.68,20.02
2026-06-06 07:10:06.778,0.4,0.9,0.7,0.0,16,438,7.68,20.02
2026-06-06 07:10:07.281,0.4,0.9,0.7,0.0,10,431,7.76,20.13
2026-06-06 07:10:07.779,0.4,0.9,0.6,0.0,18,431,7.65,20.13
2026-06-06 07:10:08.318,0.4,0.9,0.6,0.0,25,431,7.54,20.13
2026-06-06 07:10:08.815,0.4,0.9,0.5,0.0,14,430,7.71,20.14
2026-06-06 07:10:09.319,0.4,0.9,0.5,0.0,14,430,7.71,20.14
2026-06-06 07:10:09.802,0.4,0.9,0.5,0.0,14,430,7.71,20.14
2026-06-06 07:10:10.304,0.4,0.9,0.5,0.0,14,430,7.71,20.14
2026-06-06 07:10:10.785,0.4,0.9,0.4,0.0,0,439,7.91,20.01
2026-06-06 07:10:11.287,0.4,0.9,0.4,0.5,0,440,7.91,20.00
2026-06-06 07:10:11.789,0.4,0.9,0.4,0.5,0,439,7.91,20.01
2026-06-06 07:10:12.284,0.4,0.9,0.4,0.5,0,430,7.91,20.14
2026-06-06 07:10:12.787,0.4,0.9,0.4,0.5,0,432,7.91,20.11
2026-06-06 07:10:13.287,0.4,0.9,0.4,0.5,0,442,7.91,19.97
2026-06-06 07:10:13.787,0.4,0.9,0.4,0.4,0,440,7.91,20.00
2026-06-06 07:10:14.290,0.4,0.9,0.4,0.5,0,439,7.91,20.01
2026-06-06 07:10:14.817,0.4,0.9,0.4,0.5,1,443,7.90,19.95
2026-06-06 07:10:15.288,0.4,0.9,0.4,0.5,10,442,7.76,19.97
2026-06-06 07:10:15.787,0.5,0.9,0.5,0.6,16,553,7.68,18.34
2026-06-06 07:10:16.314,0.5,0.9,0.5,0.6,28,748,7.50,15.48
2026-06-06 07:10:16.807,0.5,0.9,0.5,0.6,52,813,7.15,14.53
2026-06-06 07:10:17.496,0.5,0.9,0.5,0.6,52,813,7.15,14.53
2026-06-06 07:10:17.787,0.5,0.9,0.5,0.7,66,877,6.94,13.59
2026-06-06 07:10:17.789,0.5,0.9,0.5,0.7,66,877,6.94,13.59
2026-06-06 07:10:18.283,0.6,0.9,0.5,0.9,84,603,6.68,17.61
2026-06-06 07:10:18.777,0.6,0.9,0.5,0.9,84,457,6.68,19.75
2026-06-06 07:10:19.287,0.6,0.9,0.5,0.9,89,348,6.61,21.34
2026-06-06 07:10:19.787,0.6,0.9,0.5,0.8,89,398,6.61,20.61
2026-06-06 07:10:20.286,0.6,0.9,0.5,0.7,88,413,6.62,20.39
2026-06-06 07:10:20.785,0.6,0.9,0.5,0.7,90,447,6.59,19.89
2026-06-06 07:10:21.307,0.6,0.9,0.5,0.7,110,496,6.30,19.17
2026-06-06 07:10:21.810,0.6,0.9,0.5,0.7,131,491,5.99,19.25
2026-06-06 07:10:22.310,0.7,0.9,0.5,0.7,145,495,5.79,19.19
2026-06-06 07:10:22.787,0.7,0.9,0.5,0.6,145,495,5.79,19.19
2026-06-06 07:10:23.317,0.6,0.9,0.5,0.6,145,495,5.79,19.19
2026-06-06 07:10:23.808,0.7,0.9,0.5,0.6,142,502,5.83,19.09
2026-06-06 07:10:24.325,0.7,0.9,0.5,0.6,147,496,5.76,19.17
2026-06-06 07:10:24.817,0.7,0.9,0.5,0.6,153,537,5.67,18.57
2026-06-06 07:10:25.299,0.7,0.9,0.5,0.6,159,714,5.58,15.98
2026-06-06 07:10:25.798,0.7,0.9,0.5,0.6,178,880,5.30,13.55
2026-06-06 07:10:26.309,0.7,0.9,0.6,0.6,180,886,5.27,13.46
2026-06-06 07:10:26.786,0.7,0.9,0.6,0.6,174,758,5.36,15.34
2026-06-06 07:10:27.331,0.7,0.9,0.6,0.6,166,507,5.48,19.01
2026-06-06 07:10:27.780,0.7,0.9,0.7,0.6,164,459,5.51,19.72
2026-06-06 07:10:28.277,0.7,0.9,0.7,0.6,164,459,5.51,19.72
2026-06-06 07:10:28.787,0.7,0.9,0.9,0.7,174,505,5.36,19.04
2026-06-06 07:10:29.334,0.7,0.9,0.9,0.7,191,504,5.11,19.06
2026-06-06 07:10:29.833,0.7,0.9,0.9,0.7,191,505,5.11,19.04
2026-06-06 07:10:30.287,0.7,0.9,0.9,0.6,176,507,5.33,19.01
2026-06-06 07:10:30.830,0.7,0.9,1.0,0.6,176,507,5.33,19.01
2026-06-06 07:10:31.287,0.6,0.9,1.0,0.6,144,506,5.80,19.03
2026-06-06 07:10:31.789,0.6,0.9,1.0,0.6,123,506,6.11,19.03
2026-06-06 07:10:32.286,0.6,0.9,1.0,0.0,108,506,6.33,19.03
2026-06-06 07:10:32.787,0.6,0.9,1.1,0.0,103,505,6.40,19.04
2026-06-06 07:10:33.327,0.6,0.9,1.1,0.4,118,506,6.18,19.03
2026-06-06 07:10:33.794,0.6,0.9,0.9,0.4,126,505,6.06,19.04
2026-06-06 07:10:34.306,0.6,0.9,0.9,0.4,126,505,6.06,19.04
2026-06-06 07:10:34.838,0.6,0.9,0.9,0.4,126,505,6.06,19.04
2026-06-06 07:10:35.287,0.6,0.9,0.9,0.4,126,505,6.06,19.04
2026-06-06 07:10:35.838,0.5,0.9,0.9,0.4,93,604,6.55,17.59
2026-06-06 07:10:36.315,0.5,0.9,0.9,0.4,78,620,6.77,17.36
2026-06-06 07:10:36.783,0.5,0.9,0.8,0.4,68,623,6.91,17.31
2026-06-06 07:10:37.288,0.5,0.9,0.8,0.4,55,632,7.10,17.18
2026-06-06 07:10:37.816,0.5,0.9,0.8,0.4,45,636,7.25,17.12
2026-06-06 07:10:38.287,0.5,0.9,0.8,0.4,45,636,7.25,17.12
2026-06-06 07:10:38.817,0.5,0.9,0.8,0.4,31,635,7.46,17.14
2026-06-06 07:10:39.307,0.4,0.9,0.7,0.5,27,634,7.51,17.15
2026-06-06 07:10:39.808,0.4,0.9,0.7,0.4,27,634,7.51,17.15
2026-06-06 07:10:40.336,0.4,0.9,0.7,0.4,27,634,7.51,17.15
2026-06-06 07:10:40.829,0.4,0.9,0.7,0.4,0,634,7.91,17.15
2026-06-06 07:10:41.280,0.4,0.9,0.7,0.5,0,634,7.91,17.15
2026-06-06 07:10:41.818,0.4,0.9,0.6,0.5,0,634,7.91,17.15
2026-06-06 07:10:42.318,0.4,0.9,0.6,0.6,0,633,7.91,17.17
2026-06-06 07:10:42.817,0.4,0.9,0.6,0.6,0,632,7.91,17.18
2026-06-06 07:10:43.299,0.4,0.9,0.6,0.7,0,632,7.91,17.18
2026-06-06 07:10:43.806,0.4,0.9,0.6,0.7,0,632,7.91,17.18
2026-06-06 07:10:44.317,0.4,0.9,0.5,0.7,0,633,7.91,17.17
2026-06-06 07:10:44.804,0.4,0.9,0.5,0.8,0,633,7.91,17.17
2026-06-06 07:10:45.303,0.4,0.9,0.5,0.8,0,634,7.91,17.15
2026-06-06 07:10:45.817,0.4,0.9,0.5,0.8,0,631,7.91,17.20
2026-06-06 07:10:46.285,0.4,0.9,0.5,0.8,0,623,7.91,17.31
2026-06-06 07:10:46.837,0.4,0.9,0.6,1.0,0,620,7.91,17.36
2026-06-06 07:10:47.287,0.4,0.9,0.6,1.0,0,635,7.91,17.14
2026-06-06 07:10:47.786,0.4,0.9,0.6,1.1,1,633,7.90,17.17
2026-06-06 07:10:48.286,0.4,0.9,0.6,1.2,0,632,7.91,17.18
2026-06-06 07:10:48.830,0.4,0.9,0.6,1.2,0,633,7.91,17.17
2026-06-06 07:10:49.353,0.4,0.9,0.6,1.2,3,634,7.87,17.15
2026-06-06 07:10:49.784,0.4,0.9,0.6,1.3,2,635,7.88,17.14
2026-06-06 07:10:50.286,0.4,0.9,0.6,1.4,7,632,7.81,17.18
2026-06-06 07:10:50.788,0.4,0.9,0.8,1.5,3,632,7.87,17.18
2026-06-06 07:10:51.830,0.4,0.9,0.8,1.5,8,637,7.79,17.11
2026-06-06 07:10:51.831,0.5,0.9,0.9,1.5,15,630,7.69,17.21
2026-06-06 07:10:52.342,0.5,0.9,1.1,1.5,21,632,7.60,17.18
2026-06-06 07:10:52.806,0.5,0.9,1.2,1.6,36,632,7.38,17.18
2026-06-06 07:10:53.288,0.5,0.9,1.4,1.5,46,635,7.24,17.14
2026-06-06 07:10:53.787,0.5,0.9,1.5,1.5,46,635,7.24,17.14
2026-06-06 07:10:54.346,0.5,0.9,1.5,1.5,65,632,6.96,17.18
2026-06-06 07:10:54.841,0.5,0.9,1.6,1.6,65,632,6.96,17.18
2026-06-06 07:10:55.339,0.5,0.9,1.7,1.6,56,633,7.09,17.17
2026-06-06 07:10:55.818,0.5,0.9,1.8,1.5,44,635,7.27,17.14
2026-06-06 07:10:56.316,0.5,0.9,1.8,1.5,38,632,7.35,17.18
2026-06-06 07:10:56.786,0.5,0.9,1.8,1.5,38,632,7.35,17.18
2026-06-06 07:10:57.354,0.5,0.9,1.7,1.5,54,632,7.12,17.18
2026-06-06 07:10:57.847,0.5,0.9,1.6,1.4,54,632,7.12,17.18
2026-06-06 07:10:58.345,0.6,0.9,1.4,1.4,95,632,6.52,17.18
2026-06-06 07:10:58.807,0.6,0.9,1.3,1.4,113,633,6.25,17.17
2026-06-06 07:10:59.317,0.6,0.9,1.3,1.4,125,630,6.08,17.21
2026-06-06 07:10:59.817,0.6,0.9,1.3,1.4,126,632,6.06,17.18
2026-06-06 07:11:00.348,0.6,0.9,1.3,1.4,121,634,6.14,17.15
2026-06-06 07:11:00.830,0.6,0.9,1.2,1.4,111,632,6.28,17.18
2026-06-06 07:11:01.347,0.6,0.9,1.2,1.4,95,633,6.52,17.17
2026-06-06 07:11:01.819,0.6,0.9,1.2,1.4,95,633,6.52,17.17
2026-06-06 07:11:02.317,0.6,0.9,1.2,1.4,77,635,6.78,17.14
2026-06-06 07:11:02.819,0.6,0.9,0.0,1.5,90,633,6.59,17.17
2026-06-06 07:11:03.316,0.6,0.9,0.0,1.4,90,633,6.59,17.17
2026-06-06 07:11:03.828,0.6,0.9,0.0,1.3,102,632,6.42,17.18
2026-06-06 07:11:04.508,0.6,1.2,1.2,1.3,102,632,6.42,17.18
2026-06-06 07:11:04.788,0.6,1.2,1.2,1.3,102,632,6.42,17.18
2026-06-06 07:11:04.854,0.6,1.2,1.2,1.2,102,632,6.42,17.18
2026-06-06 07:11:05.348,0.7,1.2,1.2,1.1,134,633,5.95,17.17
2026-06-06 07:11:05.809,0.7,1.2,1.2,1.1,149,633,5.73,17.17
2026-06-06 07:11:06.350,0.7,1.2,0.0,1.2,149,633,5.73,17.17
2026-06-06 07:11:06.848,0.7,1.2,0.0,1.3,149,633,5.73,17.17
2026-06-06 07:11:07.337,0.8,1.2,0.0,1.3,225,631,4.61,17.20
2026-06-06 07:11:07.818,0.8,1.2,0.0,1.4,233,633,4.50,17.17
2026-06-06 07:11:08.335,0.8,1.2,0.0,1.3,233,633,4.50,17.17
2026-06-06 07:11:08.847,0.8,1.2,0.0,1.3,238,635,4.42,17.14
2026-06-06 07:11:09.316,0.8,1.2,0.0,1.3,240,632,4.39,17.18
2026-06-06 07:11:09.808,0.8,1.2,0.0,1.3,240,632,4.39,17.18
2026-06-06 07:11:10.302,0.8,1.2,0.0,1.3,237,635,4.44,17.14
2026-06-06 07:11:11.338,0.8,1.2,1.3,1.3,237,635,4.44,17.14
2026-06-06 07:11:11.338,0.8,1.2,1.3,1.2,229,632,4.56,17.18
2026-06-06 07:11:11.800,0.7,1.2,1.3,1.1,228,632,4.57,17.18
2026-06-06 07:11:12.303,0.7,1.2,1.3,1.1,207,633,4.88,17.17
2026-06-06 07:11:12.811,0.7,1.2,1.4,1.0,180,634,5.27,17.15
2026-06-06 07:11:13.353,0.7,1.2,1.6,1.0,154,633,5.65,17.17
2026-06-06 07:11:13.850,0.6,1.2,1.6,1.0,152,632,5.68,17.18
2026-06-06 07:11:14.329,0.6,1.2,1.6,1.1,142,623,5.83,17.31
2026-06-06 07:11:14.839,0.6,1.2,1.6,1.3,123,633,6.11,17.17
2026-06-06 07:11:15.331,0.7,1.2,1.6,1.4,123,632,6.11,17.18
2026-06-06 07:11:15.840,0.8,1.2,1.6,1.4,159,631,5.58,17.20
2026-06-06 07:11:16.347,0.8,1.2,1.6,1.3,200,636,4.98,17.12
2026-06-06 07:11:16.818,0.8,1.2,1.6,1.3,232,634,4.51,17.15
2026-06-06 07:11:17.308,0.8,1.2,1.5,1.2,232,632,4.51,17.18
2026-06-06 07:11:17.817,0.8,1.2,1.5,1.1,259,632,4.12,17.18
2026-06-06 07:11:18.802,0.8,1.2,1.4,1.2,256,632,4.16,17.18
2026-06-06 07:11:18.864,0.8,1.2,1.4,1.2,256,631,4.16,17.20
2026-06-06 07:11:19.853,0.8,1.2,1.5,1.2,256,631,4.16,17.20
2026-06-06 07:11:19.854,0.8,1.2,1.5,1.1,258,632,4.13,17.18
2026-06-06 07:11:20.347,0.8,1.2,1.5,1.1,257,631,4.15,17.20
2026-06-06 07:11:21.347,0.8,1.2,1.6,1.0,241,633,4.38,17.17
2026-06-06 07:11:21.347,0.8,1.2,1.5,1.0,234,631,4.48,17.20
2026-06-06 07:11:21.838,0.8,1.2,1.5,1.0,235,632,4.47,17.18
2026-06-06 07:11:22.335,0.8,1.2,1.4,1.1,240,623,4.39,17.31
2026-06-06 07:11:22.808,0.8,1.2,1.3,1.1,228,631,4.57,17.20
2026-06-06 07:11:23.358,0.8,1.2,1.3,1.0,220,630,4.69,17.21
2026-06-06 07:11:23.815,0.8,1.2,1.4,1.0,220,630,4.69,17.21
2026-06-06 07:11:24.340,0.8,1.2,1.5,1.1,220,630,4.69,17.21
2026-06-06 07:11:24.816,0.8,1.2,1.7,1.3,225,632,4.61,17.18
2026-06-06 07:11:25.339,0.8,1.2,1.8,1.4,237,632,4.44,17.18
2026-06-06 07:11:25.856,0.8,1.2,1.9,1.4,237,632,4.44,17.18
2026-06-06 07:11:26.321,0.8,1.2,2.0,1.5,239,633,4.41,17.17
2026-06-06 07:11:26.818,0.8,1.2,1.9,1.5,248,632,4.28,17.18
2026-06-06 07:11:27.317,0.8,1.2,2.0,1.5,236,633,4.45,17.17
2026-06-06 07:11:27.854,0.8,1.2,2.1,1.5,238,632,4.42,17.18
2026-06-06 07:11:28.356,0.7,1.2,1.8,1.5,217,632,4.73,17.18
2026-06-06 07:11:28.848,0.8,1.2,1.5,1.5,208,632,4.86,17.18
2026-06-06 07:11:29.336,0.8,1.2,1.3,1.4,209,633,4.85,17.17
2026-06-06 07:11:29.831,0.8,1.2,1.1,1.4,240,620,4.39,17.36
2026-06-06 07:11:30.334,0.8,1.2,1.2,1.4,259,632,4.12,17.18
2026-06-06 07:11:30.867,0.9,1.2,1.3,1.4,255,632,4.17,17.18
2026-06-06 07:11:31.365,0.9,1.2,1.4,1.3,255,632,4.17,17.18
2026-06-06 07:11:31.862,0.9,1.2,1.4,1.3,255,632,4.17,17.18
2026-06-06 07:11:32.336,0.9,1.2,1.4,1.2,255,632,4.17,17.18
2026-06-06 07:11:32.839,0.8,1.2,1.6,1.1,265,633,4.03,17.17
2026-06-06 07:11:33.318,0.8,1.2,1.7,1.1,217,632,4.73,17.18
2026-06-06 07:11:33.827,0.8,1.2,1.7,1.2,224,637,4.63,17.11
2026-06-06 07:11:34.334,0.8,1.2,1.7,1.2,237,632,4.44,17.18
2026-06-06 07:11:34.841,0.8,1.2,1.7,1.1,237,632,4.44,17.18
2026-06-06 07:11:35.317,0.8,1.2,1.7,1.1,242,632,4.37,17.18
2026-06-06 07:11:35.818,0.8,1.2,1.7,1.1,253,633,4.20,17.17
2026-06-06 07:11:36.818,0.8,1.2,1.6,1.3,262,632,4.07,17.18
2026-06-06 07:11:36.878,0.8,1.2,1.6,1.5,262,632,4.07,17.18
2026-06-06 07:11:37.329,0.8,1.2,1.6,1.6,253,622,4.20,17.33
2026-06-06 07:11:38.347,0.8,1.2,1.6,1.6,235,631,4.47,17.20
2026-06-06 07:11:38.348,0.8,1.2,1.6,1.5,217,634,4.73,17.15
2026-06-06 07:11:38.830,0.8,1.2,1.6,1.5,217,634,4.73,17.15
2026-06-06 07:11:39.363,0.8,1.2,1.5,1.4,224,633,4.63,17.17
2026-06-06 07:11:39.867,0.8,1.2,1.5,1.3,225,632,4.61,17.18
2026-06-06 07:11:40.851,0.8,1.2,1.3,1.2,225,632,4.61,17.18
2026-06-06 07:11:40.851,0.7,1.2,1.3,1.2,204,631,4.92,17.20
2026-06-06 07:11:41.337,0.7,1.2,1.3,1.3,188,634,5.16,17.15
2026-06-06 07:11:41.836,0.6,1.2,1.2,1.3,167,633,5.46,17.17
2026-06-06 07:11:42.367,0.6,1.2,1.2,1.4,145,632,5.79,17.18
2026-06-06 07:11:42.848,0.6,1.2,1.2,1.3,133,632,5.96,17.18
2026-06-06 07:11:43.337,0.6,1.2,1.2,1.1,114,633,6.24,17.17
2026-06-06 07:11:43.826,0.6,1.2,1.3,1.0,109,634,6.31,17.15
2026-06-06 07:11:44.318,0.6,1.2,1.3,1.1,111,632,6.28,17.18
2026-06-06 07:11:44.881,0.6,1.2,1.3,1.1,111,632,6.28,17.18
2026-06-06 07:11:45.316,0.6,1.2,1.2,1.0,103,635,6.40,17.14
2026-06-06 07:11:45.855,0.6,1.2,1.1,1.0,103,635,6.40,17.14
2026-06-06 07:11:46.367,0.6,1.2,1.1,0.9,105,633,6.37,17.17
2026-06-06 07:11:46.849,0.6,1.2,1.1,0.9,113,631,6.25,17.20
2026-06-06 07:11:47.367,0.6,1.2,1.1,0.9,133,635,5.96,17.14
2026-06-06 07:11:47.859,0.6,1.2,1.1,0.9,127,634,6.05,17.15
2026-06-06 07:11:48.318,0.6,1.2,1.1,0.9,126,623,6.06,17.31
2026-06-06 07:11:48.862,0.6,1.2,1.0,0.9,116,622,6.21,17.33
2026-06-06 07:11:49.368,0.6,1.2,1.0,0.9,111,632,6.28,17.18
2026-06-06 07:11:49.838,0.6,1.2,1.1,0.9,111,632,6.28,17.18
2026-06-06 07:11:50.318,0.5,1.2,1.2,0.9,85,631,6.67,17.20
2026-06-06 07:11:50.839,0.5,1.2,1.3,0.9,74,635,6.83,17.14
2026-06-06 07:11:51.341,0.5,1.2,1.3,1.0,74,635,6.83,17.14
2026-06-06 07:11:52.350,0.5,1.2,1.3,1.0,72,634,6.86,17.15
2026-06-06 07:11:52.350,0.5,1.2,1.3,1.1,66,632,6.94,17.18
2026-06-06 07:11:52.872,0.5,1.2,1.4,1.1,61,632,7.02,17.18
2026-06-06 07:11:53.317,0.5,1.2,1.3,1.0,58,633,7.06,17.17
2026-06-06 07:11:53.878,0.5,1.2,1.3,1.0,58,633,7.06,17.17
2026-06-06 07:11:54.335,0.5,1.2,1.2,1.0,50,633,7.18,17.17
2026-06-06 07:11:54.841,0.5,1.2,1.1,1.2,54,634,7.12,17.15
2026-06-06 07:11:55.369,0.5,1.2,1.1,1.2,56,632,7.09,17.18
2026-06-06 07:11:55.856,0.5,1.2,1.1,1.2,55,637,7.10,17.11
2026-06-06 07:11:56.370,0.5,1.2,1.2,1.2,62,633,7.00,17.17
2026-06-06 07:11:56.830,0.5,1.2,1.2,1.1,62,633,7.00,17.17
2026-06-06 07:11:57.341,0.6,1.2,1.3,1.0,95,635,6.52,17.14
2026-06-06 07:11:57.836,0.6,1.2,1.3,1.0,107,633,6.34,17.17
2026-06-06 07:11:58.332,0.6,1.2,1.3,0.8,125,633,6.08,17.17
2026-06-06 07:11:58.838,0.6,1.2,1.4,0.7,139,632,5.87,17.18
2026-06-06 07:11:59.342,0.7,1.2,1.4,0.6,155,632,5.64,17.18
2026-06-06 07:11:59.847,0.7,1.2,1.5,0.6,172,633,5.39,17.17
2026-06-06 07:12:00.334,0.7,1.2,1.4,0.6,172,633,5.39,17.17
2026-06-06 07:12:00.839,0.8,1.2,1.4,0.6,219,634,4.70,17.15
2026-06-06 07:12:01.384,0.8,1.2,1.3,0.6,217,632,4.73,17.18
2026-06-06 07:12:01.879,0.7,1.2,1.4,0.7,208,632,4.86,17.18
2026-06-06 07:12:02.335,0.8,1.2,1.4,0.7,217,632,4.73,17.18
2026-06-06 07:12:02.837,0.8,1.2,1.4,0.7,227,632,4.58,17.18
2026-06-06 07:12:03.367,0.8,1.2,1.4,0.7,239,632,4.41,17.18
2026-06-06 07:12:04.366,0.8,1.2,0.0,0.7,232,633,4.51,17.17
2026-06-06 07:12:04.367,0.8,1.2,0.0,0.7,240,633,4.39,17.17
2026-06-06 07:12:04.836,0.8,1.2,1.4,0.8,240,633,4.39,17.17
2026-06-06 07:12:05.359,0.8,1.2,1.4,0.8,240,633,4.39,17.17
2026-06-06 07:12:05.869,0.8,1.2,1.3,0.9,240,633,4.39,17.17
2026-06-06 07:12:06.348,0.8,1.2,1.3,1.0,254,632,4.19,17.18
2026-06-06 07:12:06.872,0.8,1.2,1.2,1.0,226,631,4.60,17.20
2026-06-06 07:12:07.337,0.7,1.2,1.2,0.9,199,632,5.00,17.18
2026-06-06 07:12:07.869,0.7,1.2,1.0,0.9,199,632,5.00,17.18
2026-06-06 07:12:08.886,0.7,1.2,1.0,0.9,189,632,5.14,17.18
2026-06-06 07:12:08.887,0.7,1.2,1.0,0.9,198,630,5.01,17.21
2026-06-06 07:12:09.382,0.7,1.2,1.4,0.9,187,631,5.17,17.20
2026-06-06 07:12:09.859,0.7,1.2,1.4,0.9,187,631,5.17,17.20
2026-06-06 07:12:10.366,0.7,1.2,1.4,0.9,164,632,5.51,17.18
2026-06-06 07:12:10.870,0.7,1.2,1.4,0.9,153,633,5.67,17.17
2026-06-06 07:12:11.351,0.6,1.2,1.6,0.9,147,631,5.76,17.20
2026-06-06 07:12:12.341,0.7,1.2,1.6,0.8,145,631,5.79,17.20
2026-06-06 07:12:12.401,0.7,1.2,1.6,0.8,151,633,5.70,17.17
2026-06-06 07:12:12.838,0.7,1.2,1.5,0.8,151,624,5.70,17.30
2026-06-06 07:12:13.368,0.7,1.2,1.4,0.8,156,635,5.62,17.14
2026-06-06 07:12:14.353,0.7,1.2,1.4,0.8,159,623,5.58,17.31
2026-06-06 07:12:14.354,0.7,1.2,1.3,0.8,181,633,5.26,17.17
2026-06-06 07:12:14.852,0.7,1.2,1.3,0.8,191,631,5.11,17.20
2026-06-06 07:12:15.348,0.7,1.2,1.2,0.9,172,624,5.39,17.30
2026-06-06 07:12:15.851,0.6,1.2,1.2,0.9,145,633,5.79,17.17
2026-06-06 07:12:16.348,0.6,1.2,1.1,0.8,127,635,6.05,17.14
2026-06-06 07:12:16.833,0.6,1.2,1.0,0.7,127,632,6.05,17.18
2026-06-06 07:12:17.359,0.6,1.2,1.0,0.7,121,631,6.14,17.20
2026-06-06 07:12:17.868,0.6,1.2,0.9,0.6,130,633,6.01,17.17
2026-06-06 07:12:18.382,0.6,1.2,0.9,0.6,140,632,5.86,17.18
2026-06-06 07:12:18.839,0.6,1.2,0.9,0.5,142,633,5.83,17.17
2026-06-06 07:12:19.338,0.6,1.2,0.8,0.5,141,632,5.84,17.18
2026-06-06 07:12:19.878,0.6,1.2,0.8,0.5,121,632,6.14,17.18
2026-06-06 07:12:20.382,0.6,1.2,0.7,0.5,120,632,6.15,17.18
2026-06-06 07:12:20.857,0.7,1.2,0.7,0.5,143,632,5.82,17.18
2026-06-06 07:12:21.368,0.7,1.2,0.7,0.5,155,632,5.64,17.18
2026-06-06 07:12:21.868,0.7,1.2,0.6,0.5,152,632,5.68,17.18
2026-06-06 07:12:22.366,0.7,1.2,0.6,0.6,149,633,5.73,17.17
2026-06-06 07:12:22.887,0.7,1.2,0.6,0.6,170,632,5.42,17.18
2026-06-06 07:12:23.341,0.8,1.2,0.6,0.7,212,637,4.80,17.11
2026-06-06 07:12:23.868,0.8,1.2,0.6,0.7,232,622,4.51,17.33
2026-06-06 07:12:24.349,0.8,1.2,0.6,0.7,250,632,4.25,17.18
2026-06-06 07:12:24.873,0.8,1.2,0.6,0.7,254,631,4.19,17.20
2026-06-06 07:12:25.337,0.8,1.2,0.6,0.7,254,633,4.19,17.17
2026-06-06 07:12:25.837,0.9,1.2,0.6,0.8,258,633,4.13,17.17
2026-06-06 07:12:26.398,0.8,1.2,0.6,1.0,259,634,4.12,17.15
2026-06-06 07:12:26.858,0.8,1.2,0.8,1.1,259,634,4.12,17.15
2026-06-06 07:12:27.556,0.8,1.0,1.0,1.1,259,634,4.12,17.15
2026-06-06 07:12:27.867,0.8,1.0,0.9,1.2,259,634,4.12,17.15
2026-06-06 07:12:27.868,0.9,1.0,1.1,1.2,265,621,4.03,17.34
2026-06-06 07:12:28.364,0.9,1.0,1.2,1.2,308,632,3.40,17.18
2026-06-06 07:12:28.892,0.9,1.0,1.4,1.1,310,633,3.37,17.17
2026-06-06 07:12:29.339,0.9,1.0,1.6,1.0,310,633,3.37,17.17
2026-06-06 07:12:29.896,0.9,1.0,1.7,1.0,298,633,3.54,17.17
2026-06-06 07:12:30.359,0.9,1.0,1.8,0.9,273,633,3.91,17.17
2026-06-06 07:12:30.887,0.8,1.0,1.7,0.9,248,636,4.28,17.12
2026-06-06 07:12:31.359,0.8,1.0,1.8,0.9,231,633,4.53,17.17
2026-06-06 07:12:32.352,0.8,1.0,1.8,0.9,243,634,4.35,17.15
2026-06-06 07:12:32.414,0.8,1.0,1.8,0.9,229,634,4.56,17.15
2026-06-06 07:12:32.883,0.8,1.0,1.8,0.9,229,634,4.56,17.15
2026-06-06 07:12:33.369,0.8,1.0,1.8,1.0,229,634,4.56,17.15
2026-06-06 07:12:33.870,0.8,1.0,0.0,1.0,229,634,4.56,17.15
2026-06-06 07:12:34.398,0.8,1.0,1.1,1.0,0,0,7.91,26.44
2026-06-06 07:12:34.895,1.1,1.0,1.1,1.0,421,632,1.74,17.18
2026-06-06 07:12:35.369,1.1,1.0,1.0,1.0,400,632,2.05,17.18
2026-06-06 07:12:35.871,1.0,1.0,0.9,1.0,374,634,2.43,17.15
2026-06-06 07:12:36.376,1.0,1.0,0.9,1.0,348,633,2.81,17.17
2026-06-06 07:12:36.895,0.9,1.0,0.9,0.9,318,632,3.25,17.18
2026-06-06 07:12:37.361,0.9,1.0,0.9,0.9,318,632,3.25,17.18
2026-06-06 07:12:37.859,0.9,1.0,0.9,0.8,310,633,3.37,17.17
2026-06-06 07:12:38.367,0.9,1.0,0.8,0.8,299,633,3.53,17.17
2026-06-06 07:12:38.853,0.9,1.0,0.8,0.9,284,633,3.75,17.17
2026-06-06 07:12:39.387,0.8,1.0,0.8,0.9,257,632,4.15,17.18
2026-06-06 07:12:39.887,0.8,1.0,0.7,1.0,243,633,4.35,17.17
2026-06-06 07:12:40.415,0.8,1.0,0.7,1.1,243,633,4.35,17.17
2026-06-06 07:12:40.887,0.8,1.0,0.6,1.2,243,633,4.35,17.17
2026-06-06 07:12:41.391,0.8,1.0,0.6,1.2,243,633,4.35,17.17
2026-06-06 07:12:41.851,0.7,1.0,0.5,1.2,163,622,5.52,17.33
2026-06-06 07:12:42.382,0.7,1.0,0.5,1.1,163,622,5.52,17.33
2026-06-06 07:12:42.869,0.6,1.0,0.5,1.0,110,632,6.30,17.18
2026-06-06 07:12:43.361,0.5,1.0,0.4,0.9,85,632,6.67,17.18
2026-06-06 07:12:43.897,0.5,1.0,0.4,0.9,61,632,7.02,17.18
2026-06-06 07:12:44.399,0.5,1.0,0.4,0.9,41,632,7.31,17.18
2026-06-06 07:12:44.899,0.4,1.0,0.4,0.9,16,633,7.68,17.17
2026-06-06 07:12:45.394,0.4,1.0,0.4,0.9,4,632,7.85,17.18
2026-06-06 07:12:45.898,0.4,1.0,0.4,0.9,2,631,7.88,17.20
2026-06-06 07:12:46.382,0.4,1.0,0.4,0.9,8,631,7.79,17.20
2026-06-06 07:12:46.879,0.4,1.0,0.4,0.9,14,634,7.71,17.15
2026-06-06 07:12:47.397,0.4,1.0,0.4,1.0,12,632,7.73,17.18
2026-06-06 07:12:47.853,0.4,1.0,0.4,1.2,12,632,7.73,17.18
2026-06-06 07:12:48.349,0.4,1.0,0.4,1.2,15,631,7.69,17.20
2026-06-06 07:12:48.893,0.4,1.0,0.4,1.3,7,633,7.81,17.17
2026-06-06 07:12:49.369,0.4,1.0,0.4,1.2,1,632,7.90,17.18
2026-06-06 07:12:49.871,0.4,1.0,0.4,1.2,0,631,7.91,17.20
2026-06-06 07:12:50.395,0.4,1.0,0.4,1.2,0,632,7.91,17.18
2026-06-06 07:12:50.890,0.4,1.0,0.4,1.3,0,632,7.91,17.18
2026-06-06 07:12:51.853,0.4,1.0,0.4,1.2,0,623,7.91,17.31
2026-06-06 07:12:51.914,0.4,1.0,0.5,1.2,0,623,7.91,17.31
2026-06-06 07:12:52.407,0.4,1.0,0.5,1.2,4,630,7.85,17.21
2026-06-06 07:12:52.869,0.4,1.0,0.5,1.1,4,630,7.85,17.21
2026-06-06 07:12:53.398,0.4,1.0,0.5,1.2,4,630,7.85,17.21
2026-06-06 07:12:53.857,0.6,1.0,0.5,1.1,78,631,6.77,17.20
2026-06-06 07:12:54.350,0.6,1.0,0.5,1.0,89,632,6.61,17.18
2026-06-06 07:12:54.911,0.6,1.0,0.5,0.9,102,632,6.42,17.18
2026-06-06 07:12:55.410,0.6,1.0,0.5,0.9,102,634,6.42,17.15
2026-06-06 07:12:55.867,0.6,1.0,0.6,0.8,109,622,6.31,17.33
2026-06-06 07:12:56.409,0.6,1.0,0.6,0.7,105,622,6.37,17.33
2026-06-06 07:12:56.868,0.6,1.0,0.6,0.7,105,622,6.37,17.33
2026-06-06 07:12:57.414,0.5,1.0,0.6,0.8,79,621,6.75,17.34
2026-06-06 07:12:57.902,0.5,1.0,0.6,0.8,67,621,6.93,17.34
2026-06-06 07:12:58.369,0.5,1.0,0.6,0.8,63,638,6.99,17.09
2026-06-06 07:12:58.864,0.5,1.0,0.8,0.9,64,624,6.97,17.30
2026-06-06 07:12:59.369,0.5,1.0,0.9,0.9,65,624,6.96,17.30
2026-06-06 07:12:59.865,0.5,1.0,1.1,0.9,60,607,7.03,17.55
2026-06-06 07:13:00.382,0.5,1.0,1.1,0.9,51,604,7.16,17.59
2026-06-06 07:13:00.898,0.5,1.0,1.1,0.8,37,606,7.37,17.56
2026-06-06 07:13:01.381,0.5,1.0,1.1,0.8,37,606,7.37,17.56
2026-06-06 07:13:01.887,0.5,1.0,1.1,0.8,31,605,7.46,17.58
2026-06-06 07:13:02.415,0.4,1.0,1.1,0.8,7,544,7.81,18.47
2026-06-06 07:13:02.887,0.4,1.0,1.1,0.8,7,544,7.81,18.47
2026-06-06 07:13:03.397,0.4,1.0,1.0,0.7,0,234,7.91,23.01
2026-06-06 07:13:03.897,0.4,1.0,1.0,0.7,0,221,7.91,23.20
2026-06-06 07:13:04.368,0.4,1.0,0.9,0.7,1,252,7.90,22.75
2026-06-06 07:13:04.864,0.4,1.0,0.8,0.6,1,252,7.90,22.75
2026-06-06 07:13:05.367,0.4,1.0,0.7,0.6,1,252,7.90,22.75
2026-06-06 07:13:05.868,0.4,1.0,0.6,0.6,1,252,7.90,22.75
2026-06-06 07:13:06.416,0.4,1.0,0.6,0.6,0,0,7.91,26.44
2026-06-06 07:13:06.894,0.4,1.0,0.7,0.6,0,0,7.91,26.44
2026-06-06 07:13:07.398,0.4,1.0,0.7,0.6,0,0,7.91,26.44
2026-06-06 07:13:07.867,0.5,1.0,0.7,0.7,55,777,7.10,15.06
2026-06-06 07:13:08.363,0.5,1.0,0.7,0.7,68,671,6.91,16.61
2026-06-06 07:13:08.891,0.6,1.0,0.7,0.6,82,607,6.71,17.55
2026-06-06 07:13:09.389,0.6,1.0,0.7,0.6,82,607,6.71,17.55
2026-06-06 07:13:09.897,0.6,1.0,0.9,0.6,82,607,6.71,17.55
2026-06-06 07:13:10.397,0.6,1.0,1.0,0.5,82,607,6.71,17.55
2026-06-06 07:13:10.869,0.7,1.0,1.0,0.4,155,569,5.64,18.11
2026-06-06 07:13:11.418,0.7,1.0,1.0,0.4,155,569,5.64,18.11
2026-06-06 07:13:11.870,0.6,1.0,1.0,0.5,142,570,5.83,18.09
2026-06-06 07:13:12.408,0.7,1.0,1.1,0.5,178,571,5.30,18.08
2026-06-06 07:13:12.869,0.8,1.0,1.1,0.4,232,575,4.51,18.02
2026-06-06 07:13:13.368,0.9,1.0,1.1,0.4,263,570,4.06,18.09
2026-06-06 07:13:13.897,0.9,1.0,1.1,0.4,287,572,3.71,18.06
2026-06-06 07:13:14.413,1.0,1.0,1.1,0.4,331,571,3.06,18.08
2026-06-06 07:13:14.910,1.0,1.0,1.1,0.4,331,571,3.06,18.08
2026-06-06 07:13:15.369,1.0,1.0,1.1,0.4,331,572,3.06,18.06
2026-06-06 07:13:15.913,0.9,1.0,1.1,0.4,328,572,3.11,18.06
2026-06-06 07:13:16.408,0.9,1.0,1.1,0.4,318,571,3.25,18.08
2026-06-06 07:13:16.869,0.9,1.0,1.0,0.4,318,571,3.25,18.08
2026-06-06 07:13:17.383,0.9,1.0,0.9,0.5,307,571,3.41,18.08
2026-06-06 07:13:17.881,0.9,1.0,1.0,0.5,298,568,3.54,18.12
2026-06-06 07:13:18.380,0.9,1.0,1.0,0.5,294,538,3.60,18.56
2026-06-06 07:13:19.428,0.9,1.0,1.0,0.5,280,538,3.81,18.56
2026-06-06 07:13:19.428,0.8,1.0,1.0,0.5,252,537,4.22,18.57
2026-06-06 07:13:19.867,0.8,1.0,1.0,0.5,252,537,4.22,18.57
2026-06-06 07:13:20.398,0.7,1.0,1.0,0.5,198,537,5.01,18.57
2026-06-06 07:13:20.895,0.7,1.0,1.0,0.6,179,535,5.29,18.60
2026-06-06 07:13:21.417,0.7,1.0,0.9,0.7,165,540,5.49,18.53
2026-06-06 07:13:21.917,0.7,1.0,0.8,0.8,154,538,5.65,18.56
2026-06-06 07:13:22.366,0.6,1.0,0.8,1.0,141,537,5.84,18.57
2026-06-06 07:13:22.913,0.6,1.0,0.9,1.2,129,536,6.02,18.59
2026-06-06 07:13:23.411,0.6,1.0,1.1,1.2,124,539,6.09,18.54
2026-06-06 07:13:23.867,0.6,1.0,1.3,1.3,130,538,6.01,18.56
2026-06-06 07:13:24.382,0.6,1.0,1.4,1.5,127,537,6.05,18.57
2026-06-06 07:13:24.920,0.6,1.0,1.5,1.5,127,537,6.05,18.57
2026-06-06 07:13:25.368,0.6,1.0,1.5,1.5,114,536,6.24,18.59
2026-06-06 07:13:25.887,0.6,1.0,1.5,1.4,123,538,6.11,18.56
2026-06-06 07:13:26.381,0.6,1.0,1.5,1.4,123,538,6.11,18.56
2026-06-06 07:13:26.919,0.6,1.0,1.5,1.3,123,538,6.11,18.56
2026-06-06 07:13:27.368,0.6,1.0,1.5,1.3,144,536,5.80,18.59
2026-06-06 07:13:27.929,0.6,1.0,1.5,1.3,140,537,5.86,18.57
2026-06-06 07:13:28.415,0.7,1.0,1.4,1.4,161,537,5.55,18.57
2026-06-06 07:13:28.921,0.7,1.0,1.3,1.4,161,537,5.55,18.57
2026-06-06 07:13:30.130,0.7,1.0,1.2,1.4,171,536,5.41,18.59
2026-06-06 07:13:30.377,0.7,1.0,1.2,1.3,171,536,5.41,18.59
2026-06-06 07:13:30.377,0.7,1.0,1.2,1.3,179,536,5.29,18.59
2026-06-06 07:13:30.438,0.7,1.0,1.2,1.3,193,535,5.08,18.60
2026-06-06 07:13:30.898,0.8,1.0,1.2,1.1,212,525,4.80,18.75
2026-06-06 07:13:31.395,0.8,1.0,1.1,1.0,226,540,4.60,18.53
2026-06-06 07:13:31.920,0.8,1.0,1.1,0.8,248,536,4.28,18.59
2026-06-06 07:13:32.382,0.8,1.0,1.1,0.7,257,536,4.15,18.59
2026-06-06 07:13:32.897,0.8,1.0,1.1,0.6,252,536,4.22,18.59
2026-06-06 07:13:33.399,0.9,1.0,1.1,0.6,281,538,3.79,18.56
2026-06-06 07:13:33.894,0.9,1.0,1.1,0.6,281,538,3.79,18.56
2026-06-06 07:13:34.398,1.0,1.0,1.1,0.5,335,523,3.00,18.78
2026-06-06 07:13:34.928,1.0,1.0,1.1,0.5,335,523,3.00,18.78
2026-06-06 07:13:35.410,1.0,1.0,1.1,0.5,370,537,2.49,18.57
2026-06-06 07:13:35.887,1.0,1.0,1.1,0.5,385,537,2.27,18.57
2026-06-06 07:13:36.397,1.0,1.0,1.0,0.4,370,538,2.49,18.56
2026-06-06 07:13:36.942,0.9,1.0,0.8,0.4,330,539,3.08,18.54
2026-06-06 07:13:37.387,0.9,1.0,0.8,0.4,299,535,3.53,18.60
2026-06-06 07:13:37.897,0.9,1.0,0.8,0.4,299,535,3.53,18.60
2026-06-06 07:13:38.398,0.9,1.0,0.7,0.4,299,535,3.53,18.60
2026-06-06 07:13:38.910,0.9,1.0,0.8,0.4,299,535,3.53,18.60
2026-06-06 07:13:39.392,0.9,1.0,0.9,0.4,0,0,7.91,26.44
2026-06-06 07:13:39.914,0.9,1.0,1.1,0.4,0,0,7.91,26.44
2026-06-06 07:13:40.389,0.7,1.0,1.1,0.4,167,541,5.46,18.52
2026-06-06 07:13:40.898,0.6,1.0,1.1,0.5,132,537,5.98,18.57
2026-06-06 07:13:41.427,0.6,1.0,1.1,0.5,99,536,6.46,18.59
2026-06-06 07:13:41.913,0.5,1.0,1.1,0.5,70,537,6.88,18.57
2026-06-06 07:13:42.398,0.5,1.0,1.1,0.6,70,537,6.88,18.57
2026-06-06 07:13:42.897,0.4,1.0,1.1,0.6,31,512,7.46,18.94
2026-06-06 07:13:43.414,0.4,1.0,1.0,0.6,12,536,7.73,18.59
2026-06-06 07:13:43.911,0.4,1.0,0.9,0.6,1,537,7.90,18.57
2026-06-06 07:13:44.398,0.4,1.0,0.9,0.5,0,552,7.91,18.35
2026-06-06 07:13:44.882,0.4,1.0,0.8,0.5,0,539,7.91,18.54
2026-06-06 07:13:45.383,0.4,1.0,0.8,0.5,1,538,7.90,18.56
2026-06-06 07:13:45.879,0.4,1.0,0.8,0.5,2,537,7.88,18.57
2026-06-06 07:13:46.397,0.4,1.0,0.8,0.5,2,537,7.88,18.57
2026-06-06 07:13:46.894,0.5,1.0,0.8,0.5,31,537,7.46,18.57
2026-06-06 07:13:47.382,0.5,1.0,0.8,0.5,50,540,7.18,18.53
2026-06-06 07:13:47.917,0.5,1.0,0.9,0.5,50,540,7.18,18.53
2026-06-06 07:13:48.413,0.5,1.0,0.9,0.4,68,537,6.91,18.57
2026-06-06 07:13:48.887,0.5,1.0,0.8,0.4,68,536,6.91,18.59
2026-06-06 07:13:49.397,0.5,1.0,0.8,0.4,66,536,6.94,18.59
2026-06-06 07:13:49.898,0.5,1.0,0.8,0.4,66,536,6.94,18.59
2026-06-06 07:13:50.427,0.5,1.0,0.8,0.4,57,537,7.08,18.57
2026-06-06 07:13:50.915,0.5,1.0,0.8,0.5,46,536,7.24,18.59
2026-06-06 07:13:51.414,0.5,1.0,0.8,0.5,51,538,7.16,18.56
2026-06-06 07:13:51.912,0.5,1.0,0.8,0.6,51,538,7.16,18.56
2026-06-06 07:13:52.411,0.5,1.0,0.8,0.6,66,538,6.94,18.56
2026-06-06 07:13:52.935,0.5,1.0,0.8,0.5,66,538,6.94,18.56
2026-06-06 07:13:53.415,0.5,1.0,0.8,0.5,62,537,7.00,18.57
2026-06-06 07:13:53.897,0.5,1.0,0.9,0.4,58,538,7.06,18.56
2026-06-06 07:13:54.382,0.5,1.0,0.9,0.4,52,538,7.15,18.56
2026-06-06 07:13:54.926,0.5,1.0,1.0,0.4,50,538,7.18,18.56
2026-06-06 07:13:55.426,0.4,1.0,1.1,0.4,35,536,7.40,18.59
2026-06-06 07:13:55.887,0.5,1.0,1.1,0.5,31,536,7.46,18.59
2026-06-06 07:13:56.424,0.5,1.0,1.2,0.6,46,536,7.24,18.59
2026-06-06 07:13:56.926,0.5,1.0,1.2,0.7,55,537,7.10,18.57
2026-06-06 07:13:57.427,0.6,1.0,1.2,0.7,79,537,6.75,18.57
2026-06-06 07:13:57.927,0.6,1.0,1.2,0.6,120,542,6.15,18.50
2026-06-06 07:13:58.397,0.7,1.0,1.3,0.6,168,537,5.45,18.57
2026-06-06 07:13:58.942,0.8,1.0,1.2,0.7,168,537,5.45,18.57
2026-06-06 07:13:59.417,0.8,1.0,1.2,0.7,168,537,5.45,18.57
2026-06-06 07:13:59.911,0.8,1.0,1.2,0.7,256,509,4.16,18.98
2026-06-06 07:14:00.410,0.8,1.0,1.2,0.7,236,538,4.45,18.56
2026-06-06 07:14:00.921,0.8,1.0,1.2,0.8,227,528,4.58,18.71
2026-06-06 07:14:01.621,0.7,0.9,0.9,0.8,227,528,4.58,18.71
2026-06-06 07:14:01.927,0.7,0.9,1.1,0.8,197,536,5.02,18.59
2026-06-06 07:14:01.928,0.7,0.9,1.0,0.8,175,539,5.35,18.54
2026-06-06 07:14:02.428,0.7,0.9,1.0,0.9,155,536,5.64,18.59
2026-06-06 07:14:02.926,0.7,0.9,1.0,0.9,155,539,5.64,18.54
2026-06-06 07:14:03.389,0.7,0.9,1.1,0.9,155,536,5.64,18.59
2026-06-06 07:14:03.948,0.6,0.9,1.1,1.0,135,538,5.93,18.56
2026-06-06 07:14:04.447,0.6,0.9,1.2,0.9,115,536,6.23,18.59
2026-06-06 07:14:04.941,0.6,0.9,1.3,0.9,96,536,6.50,18.59
2026-06-06 07:14:05.417,0.5,0.9,1.2,0.9,74,538,6.83,18.56
2026-06-06 07:14:06.107,0.5,0.9,1.2,0.9,74,538,6.83,18.56
2026-06-06 07:14:06.397,0.5,0.9,1.2,0.8,64,536,6.97,18.59
2026-06-06 07:14:06.398,0.5,0.9,1.1,0.8,57,536,7.08,18.59
2026-06-06 07:14:06.892,0.5,0.9,1.1,0.9,57,536,7.08,18.59
2026-06-06 07:14:07.390,0.5,0.9,1.0,0.9,57,536,7.08,18.59
2026-06-06 07:14:07.900,0.5,0.9,0.9,0.9,43,537,7.28,18.57
2026-06-06 07:14:08.442,0.5,0.9,0.8,0.9,43,537,7.28,18.57
2026-06-06 07:14:08.917,0.4,0.9,0.9,0.9,26,553,7.53,18.34
2026-06-06 07:14:09.419,0.4,0.9,1.0,0.9,5,537,7.84,18.57
2026-06-06 07:14:09.918,0.4,0.9,1.1,0.9,5,537,7.84,18.57
2026-06-06 07:14:10.427,0.4,0.9,1.1,0.9,5,537,7.84,18.57
2026-06-06 07:14:10.909,0.4,0.9,1.1,0.9,5,537,7.84,18.57
2026-06-06 07:14:11.420,0.4,0.9,1.0,0.9,0,0,7.91,26.44
2026-06-06 07:14:11.920,0.4,0.9,1.0,0.9,0,0,7.91,26.44
2026-06-06 07:14:12.427,0.4,0.9,1.0,0.8,0,0,7.91,26.44
2026-06-06 07:14:12.911,0.4,0.9,1.0,0.8,0,0,7.91,26.44
2026-06-06 07:14:13.409,0.4,0.9,1.0,0.8,0,537,7.91,18.57
2026-06-06 07:14:13.927,0.4,0.9,1.0,0.8,0,536,7.91,18.59
2026-06-06 07:14:14.447,0.4,0.9,1.0,0.9,0,536,7.91,18.59
2026-06-06 07:14:14.941,0.4,0.9,0.9,0.9,0,537,7.91,18.57
2026-06-06 07:14:15.442,0.4,0.9,0.9,0.8,0,537,7.91,18.57
2026-06-06 07:14:15.907,0.4,0.9,0.9,0.8,0,537,7.91,18.57
2026-06-06 07:14:16.413,0.4,0.9,0.8,0.8,0,537,7.91,18.57
2026-06-06 07:14:16.916,0.4,0.9,0.8,0.8,0,536,7.91,18.59
2026-06-06 07:14:17.441,0.4,0.9,0.8,0.8,0,538,7.91,18.56
2026-06-06 07:14:17.905,0.4,0.9,0.8,0.8,0,537,7.91,18.57
2026-06-06 07:14:18.913,0.4,0.9,0.7,0.8,0,540,7.91,18.53
2026-06-06 07:14:18.914,0.4,0.9,0.7,0.8,0,535,7.91,18.60
2026-06-06 07:14:19.409,0.4,0.9,0.6,0.8,0,538,7.91,18.56
2026-06-06 07:14:19.924,0.4,0.9,0.6,0.8,0,537,7.91,18.57
2026-06-06 07:14:20.428,0.4,0.9,0.5,0.8,0,537,7.91,18.57
2026-06-06 07:14:20.910,0.4,0.9,0.5,0.8,0,537,7.91,18.57
2026-06-06 07:14:21.443,0.4,0.9,0.5,0.8,0,536,7.91,18.59
2026-06-06 07:14:21.928,0.4,0.9,0.5,0.8,0,536,7.91,18.59
2026-06-06 07:14:22.427,0.4,0.9,0.5,0.8,0,538,7.91,18.56
2026-06-06 07:14:23.418,0.4,0.9,0.5,0.8,0,553,7.91,18.34
2026-06-06 07:14:23.475,0.4,0.9,0.5,0.8,0,536,7.91,18.59
2026-06-06 07:14:23.913,0.4,0.9,0.5,0.7,0,537,7.91,18.57
2026-06-06 07:14:24.410,0.4,0.9,0.5,0.7,0,537,7.91,18.57
2026-06-06 07:14:24.924,0.4,0.9,0.5,0.7,0,537,7.91,18.57
2026-06-06 07:14:25.427,0.4,0.9,0.5,0.7,0,537,7.91,18.57
2026-06-06 07:14:26.409,0.4,0.9,0.5,0.7,0,538,7.91,18.56
2026-06-06 07:14:26.410,0.4,0.9,0.5,0.7,0,542,7.91,18.50
2026-06-06 07:14:26.933,0.4,0.9,0.5,0.7,0,538,7.91,18.56
2026-06-06 07:14:27.457,0.4,0.9,0.5,0.7,0,538,7.91,18.56
2026-06-06 07:14:27.945,0.4,0.9,0.5,0.8,0,538,7.91,18.56
2026-06-06 07:14:28.414,0.4,0.9,0.6,0.8,0,537,7.91,18.57
2026-06-06 07:14:28.926,0.4,0.9,0.6,0.7,0,512,7.91,18.94
2026-06-06 07:14:29.414,0.4,0.9,0.5,0.7,0,538,7.91,18.56
2026-06-06 07:14:29.947,0.4,0.9,0.5,0.7,2,537,7.88,18.57
2026-06-06 07:14:30.457,0.4,0.9,0.5,0.6,1,536,7.90,18.59
2026-06-06 07:14:30.958,0.4,0.9,0.6,0.6,1,536,7.90,18.59
2026-06-06 07:14:31.457,0.4,0.9,0.6,0.6,0,538,7.91,18.56
2026-06-06 07:14:32.417,0.4,0.9,0.7,0.6,1,539,7.90,18.54
2026-06-06 07:14:32.420,0.4,0.9,0.8,0.6,0,537,7.91,18.57
2026-06-06 07:14:32.942,0.4,0.9,0.8,0.6,0,537,7.91,18.57
2026-06-06 07:14:33.445,0.4,0.9,0.9,0.5,0,537,7.91,18.57
2026-06-06 07:14:33.918,0.5,0.9,1.0,0.6,11,538,7.75,18.56
2026-06-06 07:14:34.427,0.5,0.9,1.1,0.6,46,537,7.24,18.57
2026-06-06 07:14:34.919,0.5,0.9,1.2,0.5,65,537,6.96,18.57
2026-06-06 07:14:35.643,0.6,0.9,1.2,0.5,65,537,6.96,18.57
2026-06-06 07:14:35.947,0.6,0.9,1.2,0.5,93,540,6.55,18.53
2026-06-06 07:14:35.947,0.7,0.9,1.2,0.5,145,537,5.79,18.57
2026-06-06 07:14:36.943,0.7,0.9,1.2,0.4,168,538,5.45,18.56
2026-06-06 07:14:36.943,0.7,0.9,0.0,0.4,168,538,5.45,18.56
2026-06-06 07:14:37.426,0.7,0.9,0.0,0.4,168,538,5.45,18.56
2026-06-06 07:14:37.921,0.5,0.9,0.0,0.4,93,541,6.55,18.52
2026-06-06 07:14:38.911,0.5,0.9,1.0,0.4,72,537,6.86,18.57
2026-06-06 07:14:38.974,0.5,0.9,1.1,0.5,51,537,7.16,18.57
2026-06-06 07:14:39.418,0.5,0.9,1.1,0.6,51,537,7.16,18.57
2026-06-06 07:14:39.957,0.5,0.9,1.1,0.7,51,537,7.16,18.57
2026-06-06 07:14:40.423,0.5,0.9,1.1,0.7,51,537,7.16,18.57
2026-06-06 07:14:40.926,0.5,0.9,0.0,0.7,0,0,7.91,26.44
2026-06-06 07:14:41.427,0.5,0.9,0.0,0.7,0,0,7.91,26.44
2026-06-06 07:14:41.957,0.4,0.9,0.0,0.8,0,536,7.91,18.59
2026-06-06 07:14:42.416,0.4,0.9,0.0,0.8,0,536,7.91,18.59
2026-06-06 07:14:42.933,0.4,0.9,1.3,0.8,0,536,7.91,18.59
2026-06-06 07:14:43.417,0.4,0.9,1.3,0.7,5,537,7.84,18.57
2026-06-06 07:14:43.910,0.4,0.9,1.2,0.6,1,537,7.90,18.57
2026-06-06 07:14:44.454,0.4,0.9,1.2,0.6,0,538,7.91,18.56
2026-06-06 07:14:44.940,0.4,0.9,1.1,0.5,0,536,7.91,18.59
2026-06-06 07:14:45.447,0.4,0.9,0.9,0.5,0,536,7.91,18.59
2026-06-06 07:14:46.440,0.4,0.9,0.8,0.4,0,536,7.91,18.59
2026-06-06 07:14:46.440,0.4,0.9,0.7,0.4,0,536,7.91,18.59
2026-06-06 07:14:46.949,0.4,0.9,0.7,0.5,0,539,7.91,18.54
2026-06-06 07:14:47.450,0.4,0.9,0.6,0.5,0,538,7.91,18.56
2026-06-06 07:14:47.915,0.4,0.9,0.6,0.5,0,538,7.91,18.56
2026-06-06 07:14:48.470,0.4,0.9,0.6,0.5,0,536,7.91,18.59
2026-06-06 07:14:48.917,0.4,0.9,0.5,0.5,1,537,7.90,18.57
2026-06-06 07:14:49.417,0.4,0.9,0.6,0.5,0,537,7.91,18.57
2026-06-06 07:14:50.427,0.4,0.9,0.6,0.5,0,536,7.91,18.59
2026-06-06 07:14:50.427,0.4,0.9,0.6,0.5,0,540,7.91,18.53
2026-06-06 07:14:50.914,0.4,0.9,0.6,0.5,3,538,7.87,18.56
2026-06-06 07:14:51.413,0.4,0.9,0.6,0.6,4,537,7.85,18.57
2026-06-06 07:14:51.952,0.4,0.9,0.6,0.6,4,537,7.85,18.57
2026-06-06 07:14:52.429,0.4,0.9,0.6,0.6,6,537,7.82,18.57
2026-06-06 07:14:52.930,0.4,0.9,0.7,0.7,15,537,7.69,18.57
2026-06-06 07:14:53.416,0.4,0.9,0.7,0.7,15,537,7.69,18.57
2026-06-06 07:14:54.458,0.5,0.9,0.8,0.7,32,537,7.44,18.57
2026-06-06 07:14:54.458,0.5,0.9,0.9,0.7,33,539,7.43,18.54
2026-06-06 07:14:54.944,0.5,0.9,1.0,0.7,29,536,7.49,18.59
2026-06-06 07:14:55.422,0.5,0.9,1.1,0.7,29,536,7.49,18.59
2026-06-06 07:14:55.917,0.5,0.9,1.1,0.7,51,537,7.16,18.57
2026-06-06 07:14:56.419,0.5,0.9,1.2,0.6,51,537,7.16,18.57
2026-06-06 07:14:56.929,0.6,0.9,1.3,0.6,100,536,6.45,18.59
2026-06-06 07:14:57.427,0.6,0.9,1.3,0.6,111,536,6.28,18.59
2026-06-06 07:14:57.926,0.6,0.9,1.3,0.6,129,540,6.02,18.53
2026-06-06 07:14:58.445,0.7,0.9,1.3,0.7,169,539,5.43,18.54
2026-06-06 07:14:58.918,0.8,0.9,1.3,0.8,221,537,4.67,18.57
2026-06-06 07:14:59.420,0.8,0.9,1.3,0.9,227,538,4.58,18.56
2026-06-06 07:14:59.919,0.7,0.9,1.3,0.9,198,537,5.01,18.57
2026-06-06 07:15:00.427,0.7,0.9,1.3,1.0,171,537,5.41,18.57
2026-06-06 07:15:01.147,0.7,0.9,1.3,1.0,171,537,5.41,18.57
2026-06-06 07:15:01.445,0.7,0.9,1.3,0.9,186,538,5.19,18.56
2026-06-06 07:15:01.445,0.8,0.9,1.3,0.9,223,540,4.64,18.53
2026-06-06 07:15:01.917,0.8,0.9,1.3,1.1,236,538,4.45,18.56
2026-06-06 07:15:02.477,0.8,0.9,1.2,1.1,242,538,4.37,18.56
2026-06-06 07:15:02.927,0.8,0.9,1.2,1.0,232,543,4.51,18.49
2026-06-06 07:15:03.428,0.8,0.9,1.2,1.0,218,543,4.72,18.49
2026-06-06 07:15:03.971,0.8,0.9,1.2,1.0,218,543,4.72,18.49
2026-06-06 07:15:04.428,0.8,0.9,1.2,1.0,218,543,4.72,18.49
2026-06-06 07:15:04.927,0.8,0.9,0.0,1.0,218,543,4.72,18.49
2026-06-06 07:15:05.427,0.8,0.9,0.0,0.9,0,0,7.91,26.44
2026-06-06 07:15:05.946,0.8,0.9,0.0,0.7,0,0,7.91,26.44
2026-06-06 07:15:06.439,0.7,0.9,0.0,0.7,197,558,5.02,18.27
2026-06-06 07:15:06.958,0.7,0.9,0.0,0.7,173,558,5.38,18.27
2026-06-06 07:15:07.457,0.7,0.9,0.8,0.7,173,558,5.38,18.27
2026-06-06 07:15:07.946,0.6,0.9,0.8,0.7,123,558,6.11,18.27
2026-06-06 07:15:08.450,0.6,0.9,0.8,0.7,123,558,6.11,18.27
2026-06-06 07:15:08.957,0.5,0.9,0.9,0.8,81,558,6.72,18.27
2026-06-06 07:15:09.457,0.5,0.9,0.9,0.8,81,558,6.72,18.27
2026-06-06 07:15:09.939,0.5,0.9,0.9,0.8,80,557,6.74,18.28
2026-06-06 07:15:10.449,0.6,0.9,1.1,0.9,87,557,6.64,18.28
2026-06-06 07:15:10.946,0.5,0.9,1.1,1.0,79,558,6.75,18.27
2026-06-06 07:15:11.427,0.5,0.9,1.1,1.0,57,567,7.08,18.13
2026-06-06 07:15:11.978,0.5,0.9,1.1,1.0,57,567,7.08,18.13
2026-06-06 07:15:12.477,0.5,0.9,0.0,1.1,66,559,6.94,18.25
2026-06-06 07:15:12.958,0.5,0.9,0.0,1.2,66,559,6.94,18.25
2026-06-06 07:15:13.427,0.6,0.9,0.0,1.2,86,566,6.65,18.15
2026-06-06 07:15:13.962,0.5,0.9,1.1,1.1,88,557,6.62,18.28
2026-06-06 07:15:14.457,0.5,0.9,1.1,1.1,81,559,6.72,18.25
2026-06-06 07:15:14.970,0.6,0.9,1.2,1.1,97,560,6.49,18.24
2026-06-06 07:15:15.442,0.7,0.9,1.3,1.0,117,566,6.20,18.15
2026-06-06 07:15:15.937,0.7,0.9,1.2,1.0,171,559,5.41,18.25
2026-06-06 07:15:16.457,0.8,0.9,1.2,0.9,209,559,4.85,18.25
2026-06-06 07:15:16.939,0.7,0.9,1.2,0.9,209,568,4.85,18.12
2026-06-06 07:15:17.457,0.7,0.9,1.3,0.8,198,559,5.01,18.25
2026-06-06 07:15:17.924,0.8,0.9,1.3,0.8,217,558,4.73,18.27
2026-06-06 07:15:18.439,0.7,0.9,1.4,0.8,209,558,4.85,18.27
2026-06-06 07:15:18.950,0.7,0.9,1.3,0.7,192,559,5.10,18.25
2026-06-06 07:15:19.457,0.7,0.9,1.3,0.7,187,569,5.17,18.11
2026-06-06 07:15:19.927,0.7,0.9,1.2,0.7,165,560,5.49,18.24
2026-06-06 07:15:20.477,0.6,0.9,1.2,0.7,146,567,5.77,18.13
2026-06-06 07:15:20.944,0.6,0.9,1.1,0.7,130,559,6.01,18.25
2026-06-06 07:15:21.940,0.7,0.9,0.9,0.7,130,560,6.01,18.24
2026-06-06 07:15:21.940,0.8,0.9,0.8,0.6,163,559,5.52,18.25
2026-06-06 07:15:22.451,0.9,0.9,0.8,0.6,253,560,4.20,18.24
2026-06-06 07:15:22.974,1.0,0.9,0.7,0.6,332,568,3.05,18.12
2026-06-06 07:15:23.476,1.1,0.9,0.6,0.6,401,559,2.04,18.25
2026-06-06 07:15:23.947,1.1,0.9,0.6,0.5,401,559,2.04,18.25
2026-06-06 07:15:24.453,1.1,0.9,0.6,0.5,401,559,2.04,18.25
2026-06-06 07:15:24.954,1.1,0.9,0.5,0.5,393,566,2.15,18.15
2026-06-06 07:15:25.454,1.1,0.9,0.5,0.5,411,559,1.89,18.25
2026-06-06 07:15:25.950,1.1,0.9,0.5,0.5,411,559,1.89,18.25
2026-06-06 07:15:26.481,0.4,0.9,0.5,0.5,193,567,5.08,18.13
2026-06-06 07:15:26.955,1.0,0.9,0.4,0.5,170,567,5.42,18.13
2026-06-06 07:15:27.477,1.4,0.9,0.4,0.5,456,568,1.23,18.12
2026-06-06 07:15:27.957,1.7,0.9,0.4,0.5,660,568,-1.76,18.12
2026-06-06 07:15:28.478,2.0,0.9,0.4,0.5,859,569,-4.67,18.11
2026-06-06 07:15:28.987,1.8,0.9,0.4,0.5,889,569,-5.11,18.11
2026-06-06 07:15:29.470,1.9,0.9,0.4,0.5,893,565,-5.17,18.16
2026-06-06 07:15:29.979,1.8,0.9,0.5,0.6,840,558,-4.39,18.27
2026-06-06 07:15:30.457,1.8,0.9,0.5,0.6,840,558,-4.39,18.27
2026-06-06 07:15:30.942,1.8,0.9,0.5,0.6,840,558,-4.39,18.27
2026-06-06 07:15:31.477,2.6,0.9,0.5,0.7,1240,567,-10.25,18.13
2026-06-06 07:15:31.980,2.6,0.9,0.6,0.6,1240,567,-10.25,18.13
2026-06-06 07:15:32.457,3.4,0.9,0.6,0.6,1662,566,-16.44,18.15
2026-06-06 07:15:32.974,3.6,0.9,0.5,0.5,1789,570,-18.30,18.09
2026-06-06 07:15:33.480,3.6,0.9,0.5,0.5,1789,570,-18.30,18.09
2026-06-06 07:15:33.975,3.1,0.9,0.5,0.5,1772,589,-18.05,17.81
2026-06-06 07:15:34.480,3.0,0.9,0.5,0.7,1563,588,-14.99,17.83
2026-06-06 07:15:34.954,3.0,0.9,0.5,1.1,1563,588,-14.99,17.83
2026-06-06 07:15:35.453,3.0,0.9,0.0,1.6,1563,588,-14.99,17.83
2026-06-06 07:15:35.949,3.0,0.9,0.0,2.1,1563,588,-14.99,17.83
2026-06-06 07:15:36.495,3.0,0.9,0.0,2.7,0,0,7.91,26.44
2026-06-06 07:15:36.988,3.0,0.9,0.0,2.7,0,0,7.91,26.44
2026-06-06 07:15:37.956,3.0,0.9,2.6,2.6,0,0,7.91,26.44
2026-06-06 07:15:37.957,3.0,0.9,2.6,2.6,0,0,7.91,26.44
2026-06-06 07:15:38.477,3.3,0.9,2.6,2.6,1713,605,-17.18,17.58
2026-06-06 07:15:38.990,3.2,0.9,2.6,2.6,1698,573,-16.96,18.05
2026-06-06 07:15:39.473,3.2,0.9,0.0,2.6,1698,573,-16.96,18.05
2026-06-06 07:15:40.447,3.1,0.9,0.0,2.6,1625,589,-15.89,17.81
2026-06-06 07:15:40.447,3.1,0.9,0.0,2.4,1625,589,-15.89,17.81
2026-06-06 07:15:40.940,3.4,0.9,0.0,2.2,1809,601,-18.59,17.64
2026-06-06 07:15:41.498,3.2,0.9,0.0,2.1,1737,622,-17.53,17.33
2026-06-06 07:15:42.007,3.2,0.9,0.0,2.0,1737,622,-17.53,17.33
2026-06-06 07:15:42.479,3.2,0.9,0.0,1.9,1737,622,-17.53,17.33
2026-06-06 07:15:42.973,3.2,0.9,0.0,1.8,1737,622,-17.53,17.33
2026-06-06 07:15:43.478,2.2,0.9,0.0,1.6,1159,651,-9.07,16.90
2026-06-06 07:15:44.007,2.2,0.9,1.8,1.4,1159,651,-9.07,16.90
2026-06-06 07:15:44.506,1.5,0.9,1.5,1.3,782,651,-3.54,16.90
2026-06-06 07:15:45.191,1.2,0.9,1.5,1.3,782,651,-3.54,16.90
2026-06-06 07:15:45.478,1.2,0.9,1.5,1.3,582,653,-0.62,16.88
2026-06-06 07:15:45.479,1.0,0.9,1.1,1.0,442,650,1.44,16.92
2026-06-06 07:15:46.007,0.8,0.9,0.9,0.9,310,650,3.37,16.92
2026-06-06 07:15:46.502,0.6,0.9,0.8,0.7,170,651,5.42,16.90
2026-06-06 07:15:46.967,0.4,0.9,0.7,0.6,58,649,7.06,16.93
2026-06-06 07:15:47.961,0.5,0.9,0.6,0.5,31,648,7.46,16.95
2026-06-06 07:15:48.034,0.5,0.9,0.5,0.5,31,648,7.46,16.95
2026-06-06 07:15:48.469,0.6,0.9,0.5,0.4,82,650,6.71,16.92
2026-06-06 07:15:48.981,0.7,0.9,0.6,0.5,125,649,6.08,16.93
2026-06-06 07:15:49.456,0.7,0.9,0.7,0.5,161,647,5.55,16.96
2026-06-06 07:15:49.982,0.8,0.9,0.7,0.6,191,648,5.11,16.95
2026-06-06 07:15:51.001,0.8,0.9,0.7,0.6,191,648,5.11,16.95
2026-06-06 07:15:51.005,0.8,0.9,0.8,0.7,191,648,5.11,16.95
2026-06-06 07:15:51.475,0.8,0.9,0.8,0.8,234,648,4.48,16.95
2026-06-06 07:15:51.948,0.8,0.9,0.8,1.0,245,647,4.32,16.96
2026-06-06 07:15:52.451,0.8,0.9,0.8,1.2,245,647,4.32,16.96
2026-06-06 07:15:52.990,0.9,0.9,0.7,1.3,265,646,4.03,16.98
2026-06-06 07:15:53.488,0.8,0.9,0.7,1.4,253,648,4.20,16.95
2026-06-06 07:15:53.952,0.8,0.9,0.7,1.5,253,648,4.20,16.95
2026-06-06 07:15:54.447,0.9,0.9,0.8,1.4,287,651,3.71,16.90
2026-06-06 07:15:54.990,0.9,0.9,0.8,1.4,315,650,3.30,16.92
2026-06-06 07:15:55.448,0.9,0.9,1.0,1.4,320,648,3.22,16.95
2026-06-06 07:15:55.957,0.9,0.9,1.1,1.5,301,632,3.50,17.18
2026-06-06 07:15:56.508,0.8,0.9,1.1,1.5,270,616,3.96,17.42
2026-06-06 07:15:57.007,0.8,0.9,1.1,1.5,234,616,4.48,17.42
2026-06-06 07:15:57.477,0.7,0.9,1.1,1.5,196,606,5.04,17.56
2026-06-06 07:15:57.998,0.7,0.9,1.1,1.4,169,616,5.43,17.42
2026-06-06 07:15:58.969,0.7,0.9,1.1,1.3,150,616,5.71,17.42
2026-06-06 07:15:58.969,0.6,0.9,1.0,1.2,138,614,5.89,17.45
2026-06-06 07:15:59.481,0.6,0.9,0.9,1.2,113,558,6.25,18.27
2026-06-06 07:15:59.979,0.5,0.9,0.9,1.2,84,607,6.68,17.55
2026-06-06 07:16:00.456,0.5,0.9,0.8,1.5,63,608,6.99,17.53
2026-06-06 07:16:01.007,0.5,0.9,0.8,1.5,63,608,6.99,17.53
2026-06-06 07:16:01.457,0.5,0.9,0.7,1.6,35,615,7.40,17.43
2026-06-06 07:16:02.005,0.5,0.9,0.8,1.6,26,615,7.53,17.43
2026-06-06 07:16:02.477,0.4,0.9,0.8,1.6,21,608,7.60,17.53
2026-06-06 07:16:03.005,0.4,0.9,0.8,1.5,6,608,7.82,17.53
2026-06-06 07:16:03.451,0.4,0.9,0.8,1.5,6,608,7.82,17.53
2026-06-06 07:16:03.995,0.4,0.9,0.7,1.4,6,608,7.82,17.53
2026-06-06 07:16:04.479,0.4,0.9,0.7,1.4,0,615,7.91,17.43
2026-06-06 07:16:04.975,0.4,0.9,0.7,1.4,0,615,7.91,17.43
2026-06-06 07:16:05.499,0.4,0.9,0.7,1.3,0,607,7.91,17.55
2026-06-06 07:16:06.007,0.4,0.9,0.8,1.2,0,607,7.91,17.55
2026-06-06 07:16:06.490,0.4,0.9,0.8,1.2,2,606,7.88,17.56
2026-06-06 07:16:06.973,0.5,0.9,0.9,1.2,25,607,7.54,17.55
2026-06-06 07:16:07.479,0.5,0.9,0.9,1.2,25,607,7.54,17.55
2026-06-06 07:16:08.007,0.5,0.9,1.1,1.3,25,607,7.54,17.55
2026-06-06 07:16:08.505,0.8,0.9,1.2,1.6,169,615,5.43,17.43
2026-06-06 07:16:08.985,0.8,0.9,1.3,1.6,212,583,4.80,17.90
2026-06-06 07:16:09.492,0.8,0.9,1.4,1.7,212,583,4.80,17.90
2026-06-06 07:16:09.970,0.8,0.9,1.5,1.8,212,583,4.80,17.90
2026-06-06 07:16:10.479,0.8,0.9,1.7,1.9,250,589,4.25,17.81
2026-06-06 07:16:11.010,0.8,0.9,1.9,1.7,234,590,4.48,17.80
2026-06-06 07:16:11.973,0.8,0.9,1.9,1.3,223,583,4.64,17.90
2026-06-06 07:16:11.974,0.8,0.9,2.2,1.5,223,559,4.64,18.25
2026-06-06 07:16:12.468,0.8,0.9,2.3,1.6,224,555,4.63,18.31
2026-06-06 07:16:12.980,0.8,0.9,2.3,1.7,231,555,4.53,18.31
2026-06-06 07:16:13.457,0.8,0.9,2.3,1.6,250,555,4.25,18.31
2026-06-06 07:16:13.983,1.0,0.9,2.3,1.4,288,555,3.69,18.31
2026-06-06 07:16:14.507,1.0,0.9,2.2,1.4,337,555,2.97,18.31
2026-06-06 07:16:14.990,1.0,0.9,2.0,1.3,337,555,2.97,18.31
2026-06-06 07:16:15.477,0.9,0.9,1.8,1.2,335,554,3.00,18.33
2026-06-06 07:16:15.977,0.9,0.9,1.7,1.2,307,544,3.41,18.47
2026-06-06 07:16:16.493,0.9,0.9,1.7,1.1,307,544,3.41,18.47
2026-06-06 07:16:16.992,1.0,0.9,1.5,1.1,349,237,2.80,22.97
2026-06-06 07:16:17.473,1.1,0.9,1.7,1.0,385,237,2.27,22.97
2026-06-06 07:16:17.990,1.1,0.9,1.9,1.0,403,237,2.01,22.97
2026-06-06 07:16:18.470,1.1,0.9,1.9,1.0,407,238,1.95,22.95
2026-06-06 07:16:18.976,1.1,0.9,1.7,0.9,407,238,1.95,22.95
2026-06-06 07:16:19.478,1.1,0.9,1.7,0.8,408,238,1.93,22.95
2026-06-06 07:16:19.977,1.0,0.9,1.7,0.8,368,237,2.52,22.97
2026-06-06 07:16:20.474,0.9,0.9,1.6,0.9,325,238,3.15,22.95
2026-06-06 07:16:21.014,0.9,0.9,1.6,1.1,295,236,3.59,22.98
2026-06-06 07:16:21.510,0.9,0.9,2.3,1.1,295,236,3.59,22.98
2026-06-06 07:16:21.979,0.8,0.9,2.3,1.1,272,238,3.93,22.95
2026-06-06 07:16:22.472,0.8,0.9,2.3,1.6,257,253,4.15,22.73
2026-06-06 07:16:23.010,0.9,0.9,2.5,1.6,252,238,4.22,22.95
2026-06-06 07:16:23.509,0.9,0.9,2.4,1.6,299,238,3.53,22.95
2026-06-06 07:16:23.978,0.9,0.9,2.4,1.6,313,238,3.33,22.95
2026-06-06 07:16:24.471,0.9,0.9,2.4,1.5,313,238,3.33,22.95
2026-06-06 07:16:24.969,0.9,0.9,2.3,1.4,338,239,2.96,22.94
2026-06-06 07:16:25.481,0.9,0.9,2.3,1.4,338,236,2.96,22.98
2026-06-06 07:16:25.977,0.9,0.9,2.4,1.4,274,237,3.90,22.97
2026-06-06 07:16:26.499,0.9,0.9,2.4,1.4,286,238,3.72,22.95
2026-06-06 07:16:27.022,0.9,0.9,2.3,1.4,286,236,3.72,22.98
2026-06-06 07:16:27.507,0.9,0.9,2.3,1.4,284,238,3.75,22.95
2026-06-06 07:16:27.998,0.9,0.9,2.1,1.3,278,238,3.84,22.95
2026-06-06 07:16:28.507,0.9,0.9,2.1,1.3,275,237,3.88,22.97
2026-06-06 07:16:29.479,0.9,0.9,2.2,1.5,275,237,3.88,22.97
2026-06-06 07:16:29.479,0.8,0.9,2.1,1.8,264,237,4.04,22.97
2026-06-06 07:16:29.988,0.8,0.9,2.2,1.8,264,237,4.04,22.97
2026-06-06 07:16:30.501,0.7,0.9,2.3,1.9,204,238,4.92,22.95
2026-06-06 07:16:31.001,0.7,0.9,2.3,1.7,175,246,5.35,22.84
2026-06-06 07:16:31.464,0.7,0.9,2.0,1.7,175,246,5.35,22.84
2026-06-06 07:16:32.006,0.6,0.9,1.9,1.7,132,238,5.98,22.95
2026-06-06 07:16:32.469,0.6,0.9,1.7,1.4,117,239,6.20,22.94
2026-06-06 07:16:32.977,0.6,0.9,1.7,1.4,103,238,6.40,22.95
2026-06-06 07:16:33.476,0.6,0.9,1.3,1.4,105,238,6.37,22.95
2026-06-06 07:16:34.162,0.6,0.9,1.3,1.4,105,238,6.37,22.95
2026-06-06 07:16:34.513,0.6,0.9,1.1,1.4,105,238,6.37,22.95
2026-06-06 07:16:34.513,0.6,0.9,1.1,1.5,105,238,6.37,22.95
2026-06-06 07:16:34.990,0.5,0.9,1.1,1.5,91,237,6.58,22.97
2026-06-06 07:16:35.469,0.5,0.9,1.3,1.5,77,238,6.78,22.95
2026-06-06 07:16:36.012,0.5,0.9,1.5,1.3,77,238,6.78,22.95
2026-06-06 07:16:36.474,0.5,0.9,1.5,1.5,77,238,6.78,22.95
2026-06-06 07:16:37.018,0.5,0.9,1.7,1.5,52,238,7.15,22.95
2026-06-06 07:16:37.500,0.5,0.9,1.7,1.3,52,238,7.15,22.95
2026-06-06 07:16:38.024,0.5,0.9,1.8,1.1,52,238,7.15,22.95
2026-06-06 07:16:38.507,0.5,0.9,2.2,1.0,52,238,7.15,22.95
2026-06-06 07:16:38.994,0.5,0.9,2.2,1.0,66,237,6.94,22.97
2026-06-06 07:16:39.470,0.5,0.9,2.2,1.0,66,237,6.94,22.97
2026-06-06 07:16:39.990,0.5,0.9,2.5,1.4,64,236,6.97,22.98
2026-06-06 07:16:40.509,0.5,0.9,2.7,1.8,64,236,6.97,22.98
2026-06-06 07:16:40.988,0.5,0.9,2.7,1.8,64,236,6.97,22.98
2026-06-06 07:16:41.523,0.5,0.9,2.5,2.1,64,236,6.97,22.98
2026-06-06 07:16:42.007,0.5,0.9,2.1,1.6,0,0,7.91,26.44
2026-06-06 07:16:42.510,0.5,0.9,2.1,1.6,0,0,7.91,26.44
2026-06-06 07:16:42.990,0.5,0.9,1.4,1.6,0,0,7.91,26.44
2026-06-06 07:16:43.502,1.1,0.9,1.5,1.6,357,266,2.68,22.54
2026-06-06 07:16:44.000,1.2,0.9,1.7,1.6,439,256,1.48,22.69
2026-06-06 07:16:44.509,1.2,0.9,1.8,1.4,468,264,1.05,22.57
2026-06-06 07:16:44.992,1.1,0.9,1.8,1.4,445,256,1.39,22.69
2026-06-06 07:16:45.492,1.0,0.9,1.6,1.4,386,265,2.26,22.56
2026-06-06 07:16:45.990,0.9,0.9,1.5,1.4,337,264,2.97,22.57
2026-06-06 07:16:46.536,0.9,0.9,1.4,1.3,304,256,3.46,22.69
2026-06-06 07:16:47.012,0.9,0.9,1.2,1.3,301,263,3.50,22.59
2026-06-06 07:16:47.476,0.8,0.9,1.2,1.2,266,267,4.01,22.53
2026-06-06 07:16:48.037,0.8,0.9,1.2,1.2,237,264,4.44,22.57
2026-06-06 07:16:48.535,0.8,0.9,1.1,1.1,231,263,4.53,22.59
2026-06-06 07:16:49.037,0.8,0.9,1.1,1.1,231,263,4.53,22.59
2026-06-06 07:16:49.537,0.8,0.9,1.2,1.2,218,264,4.72,22.57
2026-06-06 07:16:49.998,0.8,0.9,1.3,1.2,218,264,4.72,22.57
2026-06-06 07:16:50.507,0.8,0.9,1.2,1.4,218,264,4.72,22.57
2026-06-06 07:16:51.022,0.8,0.9,1.2,1.3,218,264,4.72,22.57
2026-06-06 07:16:51.523,0.6,0.9,0.9,1.3,129,267,6.02,22.53
2026-06-06 07:16:51.999,0.5,0.9,0.8,1.2,95,264,6.52,22.57
2026-06-06 07:16:52.508,0.5,0.9,0.7,1.2,58,265,7.06,22.56
2026-06-06 07:16:52.989,0.5,0.9,0.6,1.2,58,265,7.06,22.56
2026-06-06 07:16:53.490,0.4,0.9,0.6,1.2,5,256,7.84,22.69
2026-06-06 07:16:53.986,0.4,0.9,0.5,1.1,0,263,7.91,22.59
2026-06-06 07:16:54.507,0.4,0.9,0.5,1.2,0,264,7.91,22.57
2026-06-06 07:16:54.996,0.4,0.9,0.5,1.2,0,264,7.91,22.57
2026-06-06 07:16:55.510,0.4,0.9,0.4,1.1,0,265,7.91,22.56
2026-06-06 07:16:56.003,0.4,0.9,0.4,1.1,0,265,7.91,22.56
2026-06-06 07:16:56.534,0.4,0.9,0.4,1.1,0,264,7.91,22.57
2026-06-06 07:16:56.998,0.4,0.9,0.4,1.0,0,266,7.91,22.54
2026-06-06 07:16:57.494,0.4,0.9,0.4,0.9,1,263,7.90,22.59
2026-06-06 07:16:58.039,0.4,0.9,0.4,0.9,2,263,7.88,22.59
2026-06-06 07:16:58.539,0.5,0.9,0.4,0.8,17,265,7.66,22.56
2026-06-06 07:16:59.040,0.4,0.9,0.4,0.7,22,264,7.59,22.57
2026-06-06 07:16:59.540,0.4,0.9,0.4,0.7,13,265,7.72,22.56
2026-06-06 07:17:00.023,0.4,0.9,0.4,0.7,12,263,7.73,22.59
2026-06-06 07:17:00.504,0.4,0.9,0.4,0.6,14,266,7.71,22.54
2026-06-06 07:17:01.038,0.5,0.9,0.4,0.6,14,268,7.71,22.51
2026-06-06 07:17:01.541,0.5,0.9,0.4,0.6,27,269,7.51,22.50
2026-06-06 07:17:02.535,0.4,0.9,0.4,0.6,26,270,7.53,22.49
2026-06-06 07:17:02.536,0.4,0.9,0.4,0.5,26,270,7.53,22.49
2026-06-06 07:17:03.009,0.4,0.9,0.4,0.5,1,269,7.90,22.50
2026-06-06 07:17:03.509,0.4,0.9,0.5,0.5,1,269,7.90,22.50
2026-06-06 07:17:03.998,0.4,0.9,0.5,0.5,7,265,7.81,22.56
2026-06-06 07:17:04.507,0.5,0.9,0.7,0.4,31,267,7.46,22.53
2026-06-06 07:17:05.009,0.4,0.9,0.7,0.4,30,280,7.47,22.34
2026-06-06 07:17:05.540,0.4,0.9,0.8,0.4,16,270,7.68,22.49
2026-06-06 07:17:06.039,0.4,0.9,0.8,0.4,16,270,7.68,22.49
2026-06-06 07:17:06.538,0.4,0.9,0.8,0.4,0,269,7.91,22.50
2026-06-06 07:17:06.988,0.5,0.9,0.8,0.4,6,270,7.82,22.49
2026-06-06 07:17:07.509,0.4,0.9,0.8,0.4,19,279,7.63,22.35
2026-06-06 07:17:08.006,0.4,0.9,0.8,0.4,11,269,7.75,22.50
2026-06-06 07:17:08.508,0.4,0.9,0.9,0.4,13,270,7.72,22.49
2026-06-06 07:17:08.988,0.5,0.9,0.9,0.4,26,268,7.53,22.51
2026-06-06 07:17:09.509,0.5,0.9,0.9,0.4,26,268,7.53,22.51
2026-06-06 07:17:10.518,0.5,0.9,1.2,0.4,54,278,7.12,22.37
2026-06-06 07:17:10.518,0.5,0.9,1.2,0.4,54,278,7.12,22.37
2026-06-06 07:17:11.037,0.6,0.9,1.2,0.4,89,270,6.61,22.49
2026-06-06 07:17:11.542,0.6,0.9,1.3,0.4,98,269,6.47,22.50
2026-06-06 07:17:12.037,0.6,0.9,1.3,0.4,98,269,6.47,22.50
2026-06-06 07:17:12.498,0.6,0.9,1.4,0.4,74,270,6.83,22.49
2026-06-06 07:17:13.521,0.6,0.9,1.4,0.4,94,269,6.53,22.50
2026-06-06 07:17:13.521,0.6,0.9,1.3,0.4,94,269,6.53,22.50
2026-06-06 07:17:14.030,0.6,0.9,1.1,0.4,94,269,6.53,22.50
2026-06-06 07:17:14.538,0.6,0.9,1.0,0.4,94,269,6.53,22.50
2026-06-06 07:17:15.038,0.7,0.9,0.9,0.4,181,268,5.26,22.51
2026-06-06 07:17:15.499,0.7,0.9,0.8,0.4,170,270,5.42,22.49
2026-06-06 07:17:16.038,0.6,0.9,0.8,0.4,153,271,5.67,22.47
2026-06-06 07:17:16.533,0.6,0.9,0.8,0.4,135,269,5.93,22.50
2026-06-06 07:17:17.040,0.6,0.9,0.8,0.5,129,269,6.02,22.50
2026-06-06 07:17:17.493,0.6,0.9,0.6,0.5,108,270,6.33,22.49
2026-06-06 07:17:17.988,0.5,0.9,0.6,0.5,87,270,6.64,22.49
2026-06-06 07:17:18.510,0.5,0.9,0.6,0.5,63,270,6.99,22.49
2026-06-06 07:17:19.508,0.5,0.9,0.7,0.6,41,266,7.31,22.54
2026-06-06 07:17:19.508,0.4,0.9,0.7,0.7,28,270,7.50,22.49
2026-06-06 07:17:20.002,0.4,0.9,0.8,0.7,5,280,7.84,22.34
2026-06-06 07:17:20.543,0.4,0.9,0.7,0.8,0,282,7.91,22.31
2026-06-06 07:17:21.038,0.4,0.9,0.7,0.8,0,284,7.91,22.28
2026-06-06 07:17:21.527,0.4,0.9,0.7,0.8,0,283,7.91,22.29
2026-06-06 07:17:22.040,0.4,0.9,0.7,0.8,0,281,7.91,22.32
2026-06-06 07:17:22.537,0.4,0.9,0.7,0.8,1,281,7.90,22.32
2026-06-06 07:17:23.037,0.4,0.9,0.7,0.9,1,280,7.90,22.34
2026-06-06 07:17:23.521,0.4,0.9,0.7,1.0,7,282,7.81,22.31
2026-06-06 07:17:24.017,0.4,0.9,0.7,1.1,7,282,7.81,22.31
2026-06-06 07:17:24.540,0.4,0.9,0.7,1.3,17,280,7.66,22.34
2026-06-06 07:17:25.006,0.4,0.9,0.6,1.2,12,281,7.73,22.32
2026-06-06 07:17:25.502,0.4,0.9,0.6,1.2,12,282,7.73,22.31
2026-06-06 07:17:26.210,0.4,0.9,0.6,1.2,12,282,7.73,22.31
2026-06-06 07:17:26.521,0.4,0.9,0.6,1.1,8,281,7.79,22.32
2026-06-06 07:17:26.521,0.4,0.9,0.5,1.0,2,279,7.88,22.35
2026-06-06 07:17:27.527,0.4,0.9,0.5,1.0,0,283,7.91,22.29
2026-06-06 07:17:27.528,0.4,0.9,0.5,0.9,0,282,7.91,22.31
2026-06-06 07:17:27.994,0.4,0.9,0.5,1.0,0,281,7.91,22.32
2026-06-06 07:17:28.553,0.4,0.9,0.5,1.0,0,281,7.91,22.32
2026-06-06 07:17:29.031,0.4,0.9,0.5,1.0,0,280,7.91,22.34
2026-06-06 07:17:29.537,0.4,0.9,0.5,1.0,0,280,7.91,22.34
2026-06-06 07:17:30.038,0.4,0.9,0.5,1.0,0,281,7.91,22.32
2026-06-06 07:17:30.538,0.4,0.9,0.5,1.0,0,281,7.91,22.32
2026-06-06 07:17:31.539,0.4,0.9,0.5,1.1,14,282,7.71,22.31
2026-06-06 07:17:31.539,0.4,0.9,0.6,1.1,25,281,7.54,22.32
2026-06-06 07:17:32.002,0.4,0.9,0.6,1.1,25,281,7.54,22.32
2026-06-06 07:17:32.507,0.4,0.9,0.7,1.1,14,279,7.71,22.35
2026-06-06 07:17:33.010,0.4,0.9,0.8,1.3,14,279,7.71,22.35
2026-06-06 07:17:33.504,0.4,0.9,0.8,1.5,23,281,7.57,22.32
2026-06-06 07:17:34.000,0.4,0.9,0.8,1.6,22,283,7.59,22.29
2026-06-06 07:17:34.522,0.4,0.9,0.8,1.7,8,282,7.79,22.31
2026-06-06 07:17:35.019,0.4,0.9,0.8,1.6,8,282,7.79,22.31
2026-06-06 07:17:35.534,0.4,0.9,0.9,1.6,8,282,7.79,22.31
2026-06-06 07:17:36.040,0.4,0.9,1.0,1.8,8,282,7.79,22.31
2026-06-06 07:17:36.507,0.4,0.9,1.0,1.8,0,283,7.91,22.29
2026-06-06 07:17:37.009,0.4,0.9,1.0,1.6,2,280,7.88,22.34
2026-06-06 07:17:37.503,0.4,0.9,1.0,1.6,2,280,7.88,22.34
2026-06-06 07:17:38.007,0.4,0.9,1.0,1.6,2,280,7.88,22.34
2026-06-06 07:17:38.527,0.4,0.9,1.0,1.7,2,280,7.88,22.34
2026-06-06 07:17:39.553,0.6,0.9,1.0,1.6,110,375,6.30,20.95
2026-06-06 07:17:39.554,0.7,0.9,1.0,1.6,152,380,5.68,20.87
2026-06-06 07:17:40.036,0.8,0.9,1.0,1.6,199,410,5.00,20.43
2026-06-06 07:17:40.561,0.8,0.9,1.1,1.6,199,410,5.00,20.43
2026-06-06 07:17:41.008,0.8,0.9,1.1,2.1,199,410,5.00,20.43
2026-06-06 07:17:42.006,0.8,0.9,1.1,2.0,199,410,5.00,20.43
2026-06-06 07:17:42.068,0.8,0.9,1.2,2.0,0,0,7.91,26.44
2026-06-06 07:17:42.506,0.8,0.9,1.2,2.0,0,0,7.91,26.44
2026-06-06 07:17:43.022,1.0,0.9,1.1,1.9,304,427,3.46,20.19
2026-06-06 07:17:43.537,1.0,0.9,1.0,1.9,304,427,3.46,20.19
2026-06-06 07:17:44.038,1.0,0.9,1.0,1.2,304,427,3.46,20.19
2026-06-06 07:17:44.537,1.1,0.9,1.1,1.0,406,412,1.96,20.41
2026-06-06 07:17:45.022,1.2,0.9,1.1,0.9,422,412,1.73,20.41
2026-06-06 07:17:45.522,1.1,0.9,1.0,0.8,451,411,1.30,20.42
2026-06-06 07:17:46.056,1.0,0.9,1.0,0.8,420,411,1.76,20.42
2026-06-06 07:17:46.508,0.9,0.9,1.2,0.7,361,411,2.62,20.42
2026-06-06 07:17:47.067,0.9,0.9,1.2,0.7,320,411,3.22,20.42
2026-06-06 07:17:47.507,0.9,0.9,1.1,0.7,293,411,3.62,20.42
2026-06-06 07:17:48.053,0.9,0.9,1.0,0.8,293,411,3.62,20.42
2026-06-06 07:17:48.531,0.9,0.9,1.0,0.8,278,411,3.84,20.42
2026-06-06 07:17:49.029,1.0,0.9,0.9,0.8,317,410,3.27,20.43
2026-06-06 07:17:49.510,1.0,0.9,0.9,0.8,351,412,2.77,20.41
2026-06-06 07:17:50.053,1.0,0.9,0.9,0.7,351,412,2.77,20.41
2026-06-06 07:17:50.537,1.0,0.9,0.9,0.7,351,412,2.77,20.41
2026-06-06 07:17:51.054,1.1,0.9,0.9,0.6,391,410,2.18,20.43
2026-06-06 07:17:51.540,1.1,0.9,0.8,0.6,400,410,2.05,20.43
2026-06-06 07:17:52.531,1.0,0.9,0.8,0.5,390,410,2.20,20.43
2026-06-06 07:17:52.532,1.0,0.9,0.8,0.5,351,411,2.77,20.42
2026-06-06 07:17:53.045,1.0,0.9,0.8,0.5,332,410,3.05,20.43
2026-06-06 07:17:53.558,1.0,0.9,0.8,0.5,346,412,2.84,20.41
2026-06-06 07:17:54.548,0.9,0.9,0.8,0.4,339,411,2.94,20.42
2026-06-06 07:17:54.549,0.9,0.9,0.7,0.4,311,413,3.35,20.39
2026-06-06 07:17:55.525,0.9,0.9,0.7,0.4,308,415,3.40,20.36
2026-06-06 07:17:55.525,0.8,0.9,0.7,0.4,289,411,3.68,20.42
2026-06-06 07:17:56.068,0.8,0.9,0.6,0.4,254,412,4.19,20.41
2026-06-06 07:17:56.569,0.7,0.9,0.6,0.4,220,411,4.69,20.42
2026-06-06 07:17:57.037,0.7,0.9,0.6,0.4,180,411,5.27,20.42
2026-06-06 07:17:57.538,0.7,0.9,0.6,0.4,180,411,5.27,20.42
2026-06-06 07:17:58.553,0.6,0.9,0.6,0.4,138,411,5.89,20.42
2026-06-06 07:17:58.554,0.6,0.9,0.6,0.4,119,411,6.17,20.42
2026-06-06 07:17:59.055,0.5,0.9,0.6,0.4,94,414,6.53,20.38
2026-06-06 07:17:59.552,0.5,0.9,0.6,0.4,68,423,6.91,20.24
2026-06-06 07:18:00.053,0.5,0.9,0.7,0.4,54,409,7.12,20.45
2026-06-06 07:18:00.527,0.5,0.9,0.7,0.4,48,410,7.21,20.43
2026-06-06 07:18:01.038,0.4,0.9,0.7,0.4,32,410,7.44,20.43
2026-06-06 07:18:01.559,0.4,0.9,0.6,0.4,18,410,7.65,20.43
2026-06-06 07:18:02.042,0.4,0.9,0.6,0.4,18,410,7.65,20.43
2026-06-06 07:18:02.535,0.4,0.9,0.6,0.4,2,411,7.88,20.42
2026-06-06 07:18:03.078,0.4,0.9,0.6,0.4,1,410,7.90,20.43
2026-06-06 07:18:03.526,0.4,0.9,0.6,0.4,1,406,7.90,20.49
2026-06-06 07:18:04.037,0.4,0.9,0.5,0.4,7,413,7.81,20.39
2026-06-06 07:18:05.035,0.4,0.9,0.5,0.4,17,414,7.66,20.38
2026-06-06 07:18:05.035,0.4,0.9,0.6,0.4,13,414,7.72,20.38
2026-06-06 07:18:05.537,0.4,0.9,0.6,0.4,4,409,7.85,20.45
2026-06-06 07:18:06.571,0.4,0.9,0.6,0.4,0,412,7.91,20.41
2026-06-06 07:18:06.574,0.4,0.9,0.7,0.4,0,411,7.91,20.42
2026-06-06 07:18:07.040,0.4,0.9,0.7,0.4,0,411,7.91,20.42
2026-06-06 07:18:07.558,0.4,0.9,0.7,0.4,0,413,7.91,20.39
2026-06-06 07:18:08.057,0.4,0.9,0.7,0.4,0,411,7.91,20.42
2026-06-06 07:18:08.537,0.4,0.9,0.7,0.4,0,410,7.91,20.43
2026-06-06 07:18:09.060,0.4,0.9,0.7,0.4,0,411,7.91,20.42
2026-06-06 07:18:09.567,0.4,0.9,0.7,0.4,0,410,7.91,20.43
2026-06-06 07:18:10.054,0.4,0.9,0.8,0.4,0,409,7.91,20.45
2026-06-06 07:18:10.554,0.4,0.9,0.8,0.4,0,411,7.91,20.42
2026-06-06 07:18:11.051,0.4,0.9,0.9,0.4,0,412,7.91,20.41
2026-06-06 07:18:11.558,0.4,0.9,0.9,0.4,0,408,7.91,20.46
2026-06-06 07:18:12.069,0.4,0.9,0.9,0.4,0,408,7.91,20.46
2026-06-06 07:18:12.538,0.4,0.9,0.9,0.4,0,411,7.91,20.42
2026-06-06 07:18:13.054,0.4,0.9,1.0,0.4,0,411,7.91,20.42
2026-06-06 07:18:13.553,0.4,0.9,1.0,0.4,0,411,7.91,20.42
2026-06-06 07:18:14.032,0.5,0.9,1.0,0.4,52,411,7.15,20.42
2026-06-06 07:18:14.541,0.5,0.9,1.1,0.4,52,411,7.15,20.42
2026-06-06 07:18:15.070,0.5,0.9,1.1,0.4,92,411,6.56,20.42
2026-06-06 07:18:15.571,0.6,0.9,1.0,0.4,88,412,6.62,20.41
2026-06-06 07:18:16.078,0.5,0.9,1.0,0.4,86,412,6.65,20.41
2026-06-06 07:18:17.067,0.5,0.9,1.0,0.4,74,415,6.83,20.36
2026-06-06 07:18:17.067,0.5,0.9,0.9,0.4,60,412,7.03,20.41
2026-06-06 07:18:18.039,0.5,0.9,0.8,0.5,50,411,7.18,20.42
2026-06-06 07:18:18.040,0.4,0.9,0.8,0.5,34,410,7.41,20.43
2026-06-06 07:18:18.746,0.4,0.6,0.6,0.5,34,410,7.41,20.43
2026-06-06 07:18:19.055,0.4,0.6,0.7,0.5,17,410,7.66,20.43
2026-06-06 07:18:19.056,0.4,0.6,0.7,0.5,17,410,7.66,20.43
2026-06-06 07:18:19.568,0.4,0.6,0.7,0.6,11,411,7.75,20.42
2026-06-06 07:18:20.070,0.4,0.6,0.7,0.7,9,423,7.78,20.24
2026-06-06 07:18:20.569,0.4,0.6,0.8,0.7,11,409,7.75,20.45
2026-06-06 07:18:21.556,0.4,0.6,0.8,0.8,9,411,7.78,20.42
2026-06-06 07:18:21.557,0.4,0.6,0.9,1.0,1,411,7.90,20.42
2026-06-06 07:18:22.033,0.4,0.6,0.9,1.0,1,411,7.90,20.42
2026-06-06 07:18:23.038,0.4,0.6,0.9,1.0,1,411,7.90,20.42
2026-06-06 07:18:23.039,0.4,0.6,0.9,1.0,0,412,7.91,20.41
2026-06-06 07:18:23.539,0.4,0.6,1.0,1.1,0,412,7.91,20.41
2026-06-06 07:18:24.029,0.4,0.6,1.0,1.0,0,411,7.91,20.42
2026-06-06 07:18:24.548,0.4,0.6,1.0,1.0,0,411,7.91,20.42
2026-06-06 07:18:25.059,0.4,0.6,1.0,1.0,0,411,7.91,20.42
2026-06-06 07:18:25.559,0.4,0.6,1.0,1.0,0,416,7.91,20.35
2026-06-06 07:18:26.068,0.4,0.6,1.1,0.9,0,416,7.91,20.35
2026-06-06 07:18:26.569,0.4,0.6,1.1,0.9,0,411,7.91,20.42
2026-06-06 07:18:27.064,0.4,0.6,1.0,0.9,0,411,7.91,20.42
2026-06-06 07:18:27.562,0.4,0.6,1.0,0.8,0,411,7.91,20.42
2026-06-06 07:18:28.055,0.4,0.6,1.0,0.8,0,411,7.91,20.42
2026-06-06 07:18:28.526,0.5,0.6,1.2,0.7,15,412,7.69,20.41
2026-06-06 07:18:29.030,0.6,0.6,1.4,0.7,58,412,7.06,20.41
2026-06-06 07:18:29.567,0.6,0.6,1.4,0.7,58,412,7.06,20.41
2026-06-06 07:18:30.069,0.7,0.6,1.4,0.8,149,411,5.73,20.42
2026-06-06 07:18:30.540,0.6,0.6,1.3,0.8,148,412,5.74,20.41
2026-06-06 07:18:31.037,0.6,0.6,1.3,0.9,133,411,5.96,20.42
2026-06-06 07:18:31.589,0.6,0.6,1.3,1.1,108,411,6.33,20.42
2026-06-06 07:18:32.031,0.5,0.6,1.3,1.1,83,424,6.69,20.23
2026-06-06 07:18:32.528,0.5,0.6,1.4,1.2,57,410,7.08,20.43
2026-06-06 07:18:33.037,0.5,0.6,1.3,1.2,41,411,7.31,20.42
2026-06-06 07:18:33.537,0.5,0.6,1.3,1.2,42,412,7.29,20.41
2026-06-06 07:18:34.043,0.5,0.6,1.2,1.2,54,411,7.12,20.42
2026-06-06 07:18:34.582,0.5,0.6,1.2,1.2,54,411,7.12,20.42
2026-06-06 07:18:35.039,0.5,0.6,1.2,1.1,36,413,7.38,20.39
2026-06-06 07:18:35.538,0.5,0.6,1.2,1.1,36,413,7.38,20.39
2026-06-06 07:18:36.054,0.6,0.6,1.2,1.1,50,412,7.18,20.41
2026-06-06 07:18:36.538,0.8,0.6,1.0,1.2,137,412,5.90,20.41
2026-06-06 07:18:37.029,0.8,0.6,1.0,1.2,214,410,4.78,20.43
2026-06-06 07:18:37.538,0.8,0.6,1.0,1.2,231,411,4.53,20.42
2026-06-06 07:18:38.587,0.7,0.6,0.8,1.1,205,413,4.91,20.39
2026-06-06 07:18:38.587,0.7,0.6,0.7,1.1,205,413,4.91,20.39
2026-06-06 07:18:39.042,0.6,0.6,0.6,1.0,127,411,6.05,20.42
2026-06-06 07:18:39.536,0.5,0.6,0.6,0.9,86,411,6.65,20.42
2026-06-06 07:18:40.058,0.5,0.6,0.6,0.8,86,411,6.65,20.42
2026-06-06 07:18:40.567,0.4,0.6,0.5,0.8,10,412,7.76,20.41
2026-06-06 07:18:41.067,0.4,0.6,0.5,0.8,10,410,7.76,20.43
2026-06-06 07:18:41.553,0.4,0.6,0.5,0.6,10,410,7.76,20.43
2026-06-06 07:18:42.052,0.4,0.6,0.6,0.6,10,410,7.76,20.43
2026-06-06 07:18:42.551,0.4,0.6,0.6,0.6,10,410,7.76,20.43
2026-06-06 07:18:43.075,0.4,0.6,0.6,0.6,0,416,7.91,20.35
2026-06-06 07:18:43.552,0.4,0.6,0.7,0.6,2,411,7.88,20.42
2026-06-06 07:18:44.071,0.4,0.6,0.7,0.6,1,410,7.90,20.43
2026-06-06 07:18:44.555,0.4,0.6,0.7,0.5,0,412,7.91,20.41
2026-06-06 07:18:45.071,0.4,0.6,0.6,0.5,7,411,7.81,20.42
2026-06-06 07:18:45.588,0.4,0.6,0.6,0.5,14,411,7.71,20.42
2026-06-06 07:18:46.550,0.4,0.6,0.6,0.5,23,412,7.57,20.41
2026-06-06 07:18:46.551,0.4,0.6,0.5,0.5,20,412,7.62,20.41
2026-06-06 07:18:47.053,0.4,0.6,0.6,0.5,11,412,7.75,20.41
2026-06-06 07:18:47.582,0.4,0.6,0.6,0.5,5,411,7.84,20.42
2026-06-06 07:18:48.101,0.4,0.6,0.7,0.6,0,411,7.91,20.42
2026-06-06 07:18:48.569,0.4,0.6,0.8,0.6,0,411,7.91,20.42
2026-06-06 07:18:49.087,0.4,0.6,0.8,0.6,0,411,7.91,20.42
2026-06-06 07:18:49.586,0.4,0.6,0.8,0.7,3,411,7.87,20.42
2026-06-06 07:18:50.066,0.4,0.6,0.8,0.7,4,411,7.85,20.42
2026-06-06 07:18:50.567,0.4,0.6,0.8,0.8,0,410,7.91,20.43
2026-06-06 07:18:51.062,0.5,0.6,0.8,0.8,19,411,7.63,20.42
2026-06-06 07:18:51.598,0.5,0.6,0.8,0.8,54,411,7.12,20.42
2026-06-06 07:18:52.059,0.6,0.6,0.8,0.8,92,412,6.56,20.41
2026-06-06 07:18:52.587,0.6,0.6,0.9,0.8,121,411,6.14,20.42
2026-06-06 07:18:53.582,0.6,0.6,0.9,0.8,122,411,6.12,20.42
2026-06-06 07:18:53.583,0.6,0.6,0.9,0.7,131,412,5.99,20.41
2026-06-06 07:18:54.062,0.6,0.6,1.0,0.7,131,412,5.99,20.41
2026-06-06 07:18:54.568,0.6,0.6,1.0,0.7,131,412,5.99,20.41
2026-06-06 07:18:55.072,0.7,0.6,1.1,0.7,161,412,5.55,20.41
2026-06-06 07:18:55.566,0.7,0.6,1.1,0.6,150,410,5.71,20.43
2026-06-06 07:18:56.087,0.7,0.6,1.0,0.6,170,409,5.42,20.45
2026-06-06 07:18:56.558,0.7,0.6,1.0,0.6,179,412,5.29,20.41
2026-06-06 07:18:57.086,0.7,0.6,0.9,0.7,176,411,5.33,20.42
2026-06-06 07:18:57.568,0.7,0.6,0.9,0.8,184,411,5.21,20.42
2026-06-06 07:18:58.058,0.8,0.6,0.9,1.0,203,411,4.94,20.42
2026-06-06 07:18:58.562,0.8,0.6,0.8,1.1,232,407,4.51,20.48
2026-06-06 07:18:59.058,0.8,0.6,0.7,1.2,254,425,4.19,20.21
2026-06-06 07:18:59.568,0.8,0.6,0.6,1.2,244,411,4.34,20.42
2026-06-06 07:19:00.067,0.8,0.6,0.6,1.2,238,411,4.42,20.42
2026-06-06 07:19:00.568,0.7,0.6,0.5,1.2,224,413,4.63,20.39
2026-06-06 07:19:01.086,0.7,0.6,0.5,1.2,199,412,5.00,20.41
2026-06-06 07:19:01.568,0.7,0.6,0.5,1.2,175,410,5.35,20.43
2026-06-06 07:19:02.115,0.6,0.6,0.5,1.1,155,409,5.64,20.45
2026-06-06 07:19:02.553,0.6,0.6,0.5,1.0,134,411,5.95,20.42
2026-06-06 07:19:03.076,0.6,0.6,0.5,0.9,134,411,5.95,20.42
2026-06-06 07:19:03.598,0.5,0.6,0.5,0.9,87,411,6.64,20.42
2026-06-06 07:19:04.097,0.5,0.6,0.5,0.9,74,412,6.83,20.41
2026-06-06 07:19:04.580,0.5,0.6,0.5,0.9,65,411,6.96,20.42
2026-06-06 07:19:05.086,0.5,0.6,0.5,0.9,52,411,7.15,20.42
2026-06-06 07:19:05.584,0.5,0.6,0.5,1.0,52,411,7.15,20.42
2026-06-06 07:19:06.082,0.5,0.6,0.5,1.1,52,411,7.15,20.42
2026-06-06 07:19:06.589,0.5,0.6,0.5,1.3,52,411,7.15,20.42
2026-06-06 07:19:07.105,0.5,0.6,0.5,1.4,0,0,7.91,26.44
2026-06-06 07:19:07.586,0.4,0.6,0.7,1.4,3,412,7.87,20.41
2026-06-06 07:19:08.596,0.4,0.6,0.8,1.7,0,411,7.91,20.42
2026-06-06 07:19:08.596,0.4,0.6,0.9,1.9,0,413,7.91,20.39
2026-06-06 07:19:09.086,0.4,0.6,0.9,1.9,0,411,7.91,20.42
2026-06-06 07:19:09.557,0.4,0.6,1.0,1.9,0,410,7.91,20.43
2026-06-06 07:19:10.070,0.4,0.6,1.0,1.7,0,412,7.91,20.41
2026-06-06 07:19:10.565,0.4,0.6,1.0,1.8,0,415,7.91,20.36
2026-06-06 07:19:11.055,0.4,0.6,1.2,1.9,0,411,7.91,20.42
2026-06-06 07:19:11.549,0.4,0.6,1.3,1.8,0,411,7.91,20.42
2026-06-06 07:19:12.069,0.4,0.6,1.3,1.8,0,412,7.91,20.41
2026-06-06 07:19:12.569,0.4,0.6,1.6,1.7,0,412,7.91,20.41
2026-06-06 07:19:13.070,0.5,0.6,1.7,1.6,12,410,7.73,20.43
2026-06-06 07:19:13.568,0.5,0.6,2.0,1.5,12,410,7.73,20.43
2026-06-06 07:19:14.070,0.6,0.6,2.1,1.4,122,410,6.12,20.43
2026-06-06 07:19:14.587,0.7,0.6,2.1,1.4,122,410,6.12,20.43
2026-06-06 07:19:15.055,0.9,0.6,1.6,1.3,192,411,5.10,20.42
2026-06-06 07:19:15.614,1.0,0.6,1.2,1.2,297,411,3.56,20.42
2026-06-06 07:19:16.558,1.1,0.6,0.9,1.3,359,410,2.65,20.43
2026-06-06 07:19:16.559,1.1,0.6,1.0,1.3,402,409,2.02,20.45
2026-06-06 07:19:17.070,1.1,0.6,1.3,1.3,426,411,1.67,20.42
2026-06-06 07:19:17.567,1.0,0.6,1.5,1.3,426,410,1.67,20.43
2026-06-06 07:19:18.111,0.9,0.6,1.6,1.3,344,412,2.87,20.41
2026-06-06 07:19:18.561,0.9,0.6,1.6,1.3,344,412,2.87,20.41
2026-06-06 07:19:19.059,0.8,0.6,1.5,1.2,250,411,4.25,20.42
2026-06-06 07:19:19.581,0.7,0.6,1.4,1.2,211,411,4.82,20.42
2026-06-06 07:19:20.066,0.7,0.6,1.3,1.2,176,411,5.33,20.42
2026-06-06 07:19:20.567,0.6,0.6,1.3,1.1,149,410,5.73,20.43
2026-06-06 07:19:21.067,0.6,0.6,1.3,1.1,149,422,5.73,20.26
2026-06-06 07:19:21.554,0.6,0.6,1.3,1.1,109,412,6.31,20.41
2026-06-06 07:19:22.113,0.6,0.6,1.2,1.1,95,410,6.52,20.43
2026-06-06 07:19:22.563,0.5,0.6,1.2,1.2,85,414,6.67,20.38
2026-06-06 07:19:23.086,0.6,0.6,1.2,1.3,86,412,6.65,20.41
2026-06-06 07:19:23.567,0.5,0.6,1.1,1.4,91,411,6.58,20.42
2026-06-06 07:19:24.058,0.5,0.6,1.0,1.3,79,412,6.75,20.41
2026-06-06 07:19:24.567,0.5,0.6,0.9,1.3,64,410,6.97,20.43
2026-06-06 07:19:25.087,0.5,0.6,0.9,1.2,64,410,6.97,20.43
2026-06-06 07:19:25.566,0.5,0.6,0.9,1.2,61,412,7.02,20.41
2026-06-06 07:19:26.098,0.6,0.6,0.9,1.2,46,411,7.24,20.42
2026-06-06 07:19:26.598,0.6,0.6,0.9,1.1,95,410,6.52,20.43
2026-06-06 07:19:27.121,0.7,0.6,0.9,1.1,136,408,5.92,20.46
2026-06-06 07:19:27.614,0.7,0.6,0.9,1.2,163,412,5.52,20.41
2026-06-06 07:19:28.079,0.7,0.6,0.9,1.2,185,410,5.20,20.43
2026-06-06 07:19:28.587,0.8,0.6,0.9,1.2,202,426,4.95,20.20
2026-06-06 07:19:29.098,0.8,0.6,0.9,1.3,231,410,4.53,20.43
2026-06-06 07:19:29.579,0.8,0.6,0.9,1.3,241,411,4.38,20.42
2026-06-06 07:19:30.117,0.8,0.6,0.9,1.2,241,411,4.38,20.42
2026-06-06 07:19:30.603,0.8,0.6,0.9,1.2,231,407,4.53,20.48
2026-06-06 07:19:31.098,0.8,0.6,0.9,1.1,219,397,4.70,20.62
2026-06-06 07:19:32.063,0.9,0.6,0.9,1.0,219,399,4.70,20.60
2026-06-06 07:19:32.117,0.9,0.6,0.9,1.0,287,400,3.71,20.58
2026-06-06 07:19:32.567,0.9,0.6,1.1,1.0,297,398,3.56,20.61
2026-06-06 07:19:33.115,0.9,0.6,1.1,1.0,297,398,3.56,20.61
2026-06-06 07:19:33.616,0.9,0.6,1.1,0.9,294,399,3.60,20.60
2026-06-06 07:19:34.119,0.9,0.6,1.2,0.8,309,409,3.38,20.45
2026-06-06 07:19:34.569,0.9,0.6,1.4,0.8,300,399,3.52,20.60
2026-06-06 07:19:35.614,0.9,0.6,1.5,0.9,298,398,3.54,20.61
2026-06-06 07:19:35.615,0.9,0.6,1.6,1.0,291,396,3.65,20.64
2026-06-06 07:19:36.102,0.9,0.6,1.7,1.1,276,400,3.87,20.58
2026-06-06 07:19:36.597,0.9,0.6,1.7,1.2,276,400,3.87,20.58
2026-06-06 07:19:37.117,0.8,0.6,1.7,1.4,239,400,4.41,20.58
2026-06-06 07:19:37.568,0.8,0.6,1.7,1.4,229,399,4.56,20.60
2026-06-06 07:19:38.070,0.8,0.6,1.6,1.4,229,399,4.56,20.60
2026-06-06 07:19:38.612,0.8,0.6,1.5,1.4,229,399,4.56,20.60
2026-06-06 07:19:39.087,0.8,0.6,1.4,1.3,229,399,4.56,20.60
2026-06-06 07:19:39.592,0.7,0.6,1.3,1.3,181,400,5.26,20.58
2026-06-06 07:19:40.116,0.7,0.6,1.2,1.3,164,399,5.51,20.60
2026-06-06 07:19:40.586,0.7,0.6,1.0,1.3,164,399,5.51,20.60
2026-06-06 07:19:41.089,0.6,0.6,0.9,1.3,134,408,5.95,20.46
2026-06-06 07:19:41.580,0.6,0.6,0.8,1.3,134,408,5.95,20.46
2026-06-06 07:19:42.112,0.6,0.6,0.8,1.2,111,406,6.28,20.49
2026-06-06 07:19:42.620,0.6,0.6,0.8,1.1,111,406,6.28,20.49
2026-06-06 07:19:43.086,0.6,0.6,0.8,1.1,111,406,6.28,20.49
2026-06-06 07:19:43.570,0.5,0.6,0.8,1.1,52,410,7.15,20.43
2026-06-06 07:19:44.128,0.5,0.6,0.8,1.1,37,408,7.37,20.46
2026-06-06 07:19:44.573,0.5,0.6,0.8,1.0,36,409,7.38,20.45
2026-06-06 07:19:45.128,0.5,0.6,0.8,1.1,42,409,7.29,20.45
2026-06-06 07:19:45.612,0.5,0.6,0.9,1.1,58,408,7.06,20.46
2026-06-06 07:19:46.094,0.7,0.6,0.9,1.1,105,408,6.37,20.46
2026-06-06 07:19:46.621,0.8,0.6,0.9,1.2,174,408,5.36,20.46
2026-06-06 07:19:47.115,0.8,0.6,0.9,1.4,216,407,4.75,20.48
2026-06-06 07:19:47.599,0.8,0.6,0.9,1.3,242,408,4.37,20.46
2026-06-06 07:19:48.120,0.9,0.6,0.9,1.0,247,408,4.29,20.46
2026-06-06 07:19:48.587,0.9,0.6,0.9,1.0,290,408,3.66,20.46
2026-06-06 07:19:49.082,1.0,0.6,1.0,0.9,311,409,3.35,20.45
2026-06-06 07:19:49.609,1.0,0.6,1.0,0.8,327,408,3.12,20.46
2026-06-06 07:19:50.135,1.0,0.6,1.0,0.8,345,407,2.86,20.48
2026-06-06 07:19:50.633,1.0,0.6,1.0,0.8,343,409,2.89,20.45
2026-06-06 07:19:51.086,1.1,0.6,1.1,0.8,365,408,2.56,20.46
2026-06-06 07:19:51.598,1.1,0.6,1.1,0.8,407,408,1.95,20.46
2026-06-06 07:19:52.098,1.2,0.6,1.1,0.9,450,409,1.32,20.45
2026-06-06 07:19:52.579,1.2,0.6,1.0,0.9,450,409,1.32,20.45
2026-06-06 07:19:53.086,1.2,0.6,0.9,0.9,449,410,1.33,20.43
2026-06-06 07:19:53.582,1.1,0.6,0.8,1.0,447,400,1.36,20.58
2026-06-06 07:19:54.111,1.1,0.6,0.8,1.1,411,410,1.89,20.43
2026-06-06 07:19:54.619,1.1,0.6,0.7,1.1,389,408,2.21,20.46
2026-06-06 07:19:55.601,1.0,0.6,0.7,1.0,379,408,2.36,20.46
2026-06-06 07:19:55.602,1.0,0.6,0.7,1.0,367,409,2.53,20.45
2026-06-06 07:19:56.087,0.9,0.6,0.6,0.9,341,408,2.92,20.46
2026-06-06 07:19:56.608,0.8,0.6,0.6,0.9,287,412,3.71,20.41
2026-06-06 07:19:57.118,0.8,0.6,0.6,0.9,245,412,4.32,20.41
2026-06-06 07:19:57.598,0.8,0.6,0.5,0.9,245,412,4.32,20.41
2026-06-06 07:19:58.098,0.7,0.6,0.5,1.0,174,409,5.36,20.45
2026-06-06 07:19:59.119,0.6,0.6,0.5,1.1,146,408,5.77,20.46
2026-06-06 07:19:59.120,0.6,0.6,0.5,1.1,117,409,6.20,20.45
2026-06-06 07:19:59.614,0.5,0.6,0.5,1.2,92,409,6.56,20.45
2026-06-06 07:20:00.095,0.5,0.6,0.5,1.2,72,410,6.86,20.43
2026-06-06 07:20:00.637,0.5,0.6,0.5,1.1,51,409,7.16,20.45
2026-06-06 07:20:01.118,0.5,0.6,0.6,1.2,39,397,7.34,20.62
2026-06-06 07:20:01.612,0.5,0.6,0.6,1.2,41,351,7.31,21.30
2026-06-06 07:20:02.087,0.5,0.6,0.6,1.2,51,342,7.16,21.43
2026-06-06 07:20:02.588,0.5,0.6,0.6,1.2,53,343,7.13,21.42
2026-06-06 07:20:03.117,0.5,0.6,0.6,1.1,56,344,7.09,21.40
2026-06-06 07:20:03.614,0.6,0.6,0.7,1.0,72,343,6.86,21.42
2026-06-06 07:20:04.114,0.7,0.6,0.7,1.0,119,336,6.17,21.52
2026-06-06 07:20:04.622,0.8,0.6,0.7,1.0,186,343,5.19,21.42
2026-06-06 07:20:05.133,0.9,0.6,0.8,0.9,245,341,4.32,21.45
2026-06-06 07:20:05.628,0.9,0.6,0.8,0.9,284,334,3.75,21.55
2026-06-06 07:20:06.088,0.9,0.6,0.8,0.9,284,334,3.75,21.55
2026-06-06 07:20:06.594,0.9,0.6,0.8,0.8,284,334,3.75,21.55
2026-06-06 07:20:07.092,0.9,0.6,0.9,0.8,284,334,3.75,21.55
2026-06-06 07:20:07.615,0.9,0.6,1.1,0.9,318,335,3.25,21.53
2026-06-06 07:20:08.624,0.9,0.6,1.2,0.9,318,335,3.25,21.53
2026-06-06 07:20:08.624,0.9,0.6,1.4,0.9,284,334,3.75,21.55
2026-06-06 07:20:09.119,1.2,0.6,1.4,0.9,339,334,2.94,21.55
2026-06-06 07:20:09.630,1.2,0.6,1.5,1.0,467,335,1.07,21.53
2026-06-06 07:20:10.131,1.2,0.6,1.6,1.1,467,335,1.07,21.53
2026-06-06 07:20:11.118,1.2,0.6,1.7,1.2,467,335,1.07,21.53
2026-06-06 07:20:11.119,1.2,0.6,1.9,1.3,467,335,1.07,21.53
2026-06-06 07:20:11.623,1.1,0.6,2.0,1.3,465,344,1.10,21.40
2026-06-06 07:20:12.135,1.1,0.6,1.9,1.3,428,343,1.64,21.42
2026-06-06 07:20:12.598,1.1,0.6,1.7,1.3,409,345,1.92,21.39
2026-06-06 07:20:13.097,1.0,0.6,1.6,1.3,390,343,2.20,21.42
2026-06-06 07:20:13.598,1.0,0.6,1.5,1.3,380,348,2.34,21.34
2026-06-06 07:20:14.097,1.0,0.6,1.5,1.2,380,348,2.34,21.34
2026-06-06 07:20:14.618,1.0,0.6,1.5,1.1,380,348,2.34,21.34
2026-06-06 07:20:15.133,1.0,0.6,1.6,1.1,380,348,2.34,21.34
2026-06-06 07:20:15.614,0.9,0.6,1.7,1.0,315,346,3.30,21.37
2026-06-06 07:20:16.101,0.9,0.6,1.6,1.0,302,345,3.49,21.39
2026-06-06 07:20:16.638,1.0,0.6,1.6,0.9,315,344,3.30,21.40
2026-06-06 07:20:17.098,1.0,0.6,1.5,0.9,315,344,3.30,21.40
2026-06-06 07:20:17.623,1.2,0.6,1.3,0.8,423,336,1.71,21.52
2026-06-06 07:20:18.137,1.3,0.6,0.9,0.8,492,344,0.70,21.40
2026-06-06 07:20:18.635,1.3,0.6,0.7,0.9,528,344,0.18,21.40
2026-06-06 07:20:19.132,1.2,0.6,0.6,0.9,521,344,0.28,21.40
2026-06-06 07:20:19.628,1.3,0.6,0.6,0.9,504,345,0.53,21.39
2026-06-06 07:20:20.137,1.2,0.6,0.6,0.9,504,345,0.53,21.39
2026-06-06 07:20:20.638,1.2,0.6,0.7,0.9,493,343,0.69,21.42
2026-06-06 07:20:21.092,1.2,0.6,0.7,0.9,490,344,0.73,21.40
2026-06-06 07:20:21.638,1.2,0.6,0.7,0.9,496,345,0.64,21.39
2026-06-06 07:20:22.103,1.1,0.6,0.7,0.9,462,345,1.14,21.39
2026-06-06 07:20:22.600,1.1,0.6,0.7,0.9,420,345,1.76,21.39
2026-06-06 07:20:23.151,1.0,0.6,0.7,0.8,387,344,2.24,21.40
2026-06-06 07:20:23.646,1.0,0.6,0.7,0.8,372,346,2.46,21.37
2026-06-06 07:20:24.137,1.0,0.6,0.7,0.8,372,346,2.46,21.37
2026-06-06 07:20:24.598,1.0,0.6,0.7,0.7,376,344,2.40,21.40
2026-06-06 07:20:25.100,1.0,0.6,0.7,0.7,376,344,2.40,21.40
2026-06-06 07:20:25.614,1.0,0.6,0.6,0.7,361,344,2.62,21.40
2026-06-06 07:20:26.135,1.0,0.6,0.6,0.7,383,360,2.30,21.17
2026-06-06 07:20:26.629,1.0,0.6,0.6,0.7,366,345,2.55,21.39
2026-06-06 07:20:27.150,1.0,0.6,0.6,0.7,366,345,2.55,21.39
2026-06-06 07:20:27.631,0.9,0.6,0.6,0.7,326,343,3.13,21.42
2026-06-06 07:20:28.117,0.8,0.6,0.6,0.7,296,344,3.57,21.40
2026-06-06 07:20:28.613,0.8,0.6,0.6,0.6,257,344,4.15,21.40
2026-06-06 07:20:29.107,0.7,0.6,0.6,0.6,217,343,4.73,21.42
2026-06-06 07:20:29.598,0.7,0.6,0.6,0.6,188,344,5.16,21.40
2026-06-06 07:20:30.097,0.7,0.6,0.6,0.7,188,344,5.16,21.40
2026-06-06 07:20:30.598,0.7,0.6,0.6,0.7,188,344,5.16,21.40
2026-06-06 07:20:31.097,0.6,0.6,0.7,0.7,136,345,5.92,21.39
2026-06-06 07:20:31.609,0.6,0.6,0.8,0.7,143,344,5.82,21.40
2026-06-06 07:20:32.135,0.6,0.6,0.9,0.7,143,344,5.82,21.40
2026-06-06 07:20:32.617,0.7,0.6,0.9,0.7,150,345,5.71,21.39
2026-06-06 07:20:33.103,0.7,0.6,0.9,0.7,152,344,5.68,21.40
2026-06-06 07:20:33.611,0.7,0.6,1.0,0.8,157,344,5.61,21.40
2026-06-06 07:20:34.106,0.7,0.6,1.0,1.0,181,343,5.26,21.42
2026-06-06 07:20:34.633,0.8,0.6,1.0,1.1,211,344,4.82,21.40
2026-06-06 07:20:35.129,1.0,0.6,0.9,1.1,262,344,4.07,21.40
2026-06-06 07:20:35.641,1.0,0.6,0.9,1.1,341,345,2.92,21.39
2026-06-06 07:20:36.148,1.1,0.6,0.9,1.1,379,347,2.36,21.36
2026-06-06 07:20:36.632,1.2,0.6,0.8,1.2,407,344,1.95,21.40
2026-06-06 07:20:37.118,1.2,0.6,0.8,1.3,449,345,1.33,21.39
2026-06-06 07:20:37.613,1.2,0.6,0.8,1.3,458,343,1.20,21.42
2026-06-06 07:20:38.121,1.2,0.6,0.8,1.4,458,343,1.20,21.42
2026-06-06 07:20:38.636,1.2,0.6,0.7,1.4,458,343,1.20,21.42
2026-06-06 07:20:39.130,1.1,0.6,0.7,1.4,465,336,1.10,21.52
2026-06-06 07:20:39.629,1.1,0.6,0.7,1.4,437,344,1.51,21.40
2026-06-06 07:20:40.121,1.1,0.6,0.6,1.3,437,344,1.51,21.40
2026-06-06 07:20:40.651,1.1,0.6,0.6,1.1,437,344,1.51,21.40
2026-06-06 07:20:41.102,0.9,0.6,0.6,1.0,366,344,2.55,21.40
2026-06-06 07:20:41.598,0.9,0.6,0.6,0.7,326,344,3.13,21.40
2026-06-06 07:20:42.098,0.9,0.6,0.6,0.6,299,344,3.53,21.40
2026-06-06 07:20:42.618,0.9,0.6,0.6,0.6,292,345,3.63,21.39
2026-06-06 07:20:43.135,0.9,0.6,0.6,0.6,292,345,3.63,21.39
2026-06-06 07:20:43.610,0.9,0.6,0.6,0.6,292,345,3.63,21.39
2026-06-06 07:20:44.111,0.9,0.6,0.7,0.7,315,344,3.30,21.40
2026-06-06 07:20:44.611,0.9,0.6,0.8,0.7,305,345,3.44,21.39
2026-06-06 07:20:45.135,1.0,0.6,0.9,0.8,318,345,3.25,21.39
2026-06-06 07:20:45.627,1.0,0.6,1.0,0.8,318,345,3.25,21.39
2026-06-06 07:20:46.150,1.0,0.6,1.1,0.8,352,344,2.75,21.40
2026-06-06 07:20:46.648,1.1,0.6,1.1,0.7,372,344,2.46,21.40
2026-06-06 07:20:47.117,1.2,0.6,1.1,0.7,431,345,1.60,21.39
2026-06-06 07:20:47.647,1.2,0.6,1.1,0.8,466,343,1.08,21.42
2026-06-06 07:20:48.146,1.3,0.6,1.1,0.9,492,343,0.70,21.42
2026-06-06 07:20:48.619,1.3,0.6,1.1,1.1,492,343,0.70,21.42
2026-06-06 07:20:49.138,1.2,0.6,1.1,1.1,494,344,0.67,21.40
2026-06-06 07:20:49.630,1.2,0.6,1.2,1.5,484,347,0.82,21.36
2026-06-06 07:20:50.130,1.2,0.6,1.3,1.7,488,441,0.76,19.98
2026-06-06 07:20:50.639,1.3,0.6,1.3,1.7,490,424,0.73,20.23
2026-06-06 07:20:51.166,1.2,0.6,1.3,1.6,509,427,0.45,20.19
2026-06-06 07:20:51.646,1.2,0.6,1.3,1.6,498,427,0.62,20.19
2026-06-06 07:20:52.118,1.2,0.6,1.4,1.6,479,428,0.89,20.17
2026-06-06 07:20:52.618,1.2,0.6,1.5,1.2,493,427,0.69,20.19
2026-06-06 07:20:53.106,1.2,0.6,1.4,1.2,491,428,0.72,20.17
2026-06-06 07:20:53.629,1.2,0.6,1.4,1.1,476,427,0.94,20.19
2026-06-06 07:20:54.132,1.2,0.6,1.4,0.9,461,427,1.16,20.19
2026-06-06 07:20:54.674,1.1,0.6,1.4,0.8,461,396,1.16,20.64
2026-06-06 07:20:55.138,1.1,0.6,1.4,0.8,431,428,1.60,20.17
2026-06-06 07:20:55.613,1.1,0.6,1.3,0.7,418,428,1.79,20.17
2026-06-06 07:20:56.115,1.1,0.6,1.3,0.7,410,427,1.90,20.19
2026-06-06 07:20:56.643,1.0,0.6,1.3,0.6,408,427,1.93,20.19
2026-06-06 07:20:57.143,1.0,0.6,1.4,0.6,375,427,2.42,20.19
2026-06-06 07:20:57.615,1.0,0.6,1.3,0.6,375,427,2.42,20.19
2026-06-06 07:20:58.137,0.9,0.6,1.3,0.6,328,426,3.11,20.20
2026-06-06 07:20:58.638,0.9,0.6,1.3,0.6,303,439,3.47,20.01
2026-06-06 07:20:59.160,0.8,0.6,1.3,0.6,283,427,3.76,20.19
2026-06-06 07:20:59.615,0.8,0.6,1.5,0.6,251,428,4.23,20.17
2026-06-06 07:21:00.148,0.8,0.6,1.5,0.6,230,427,4.54,20.19
2026-06-06 07:21:00.619,0.8,0.6,1.5,0.8,235,427,4.47,20.19
2026-06-06 07:21:01.135,0.8,0.6,1.5,0.9,226,426,4.60,20.20
2026-06-06 07:21:01.630,0.9,0.6,1.4,1.0,255,429,4.17,20.16
2026-06-06 07:21:02.167,0.9,0.6,1.3,1.1,290,425,3.66,20.21
2026-06-06 07:21:02.672,1.0,0.6,1.2,1.0,322,428,3.19,20.17
2026-06-06 07:21:03.108,1.0,0.6,1.2,1.0,338,428,2.96,20.17
2026-06-06 07:21:03.620,0.9,0.6,1.1,1.0,337,429,2.97,20.16
2026-06-06 07:21:04.117,0.9,0.6,1.1,1.3,308,427,3.40,20.19
2026-06-06 07:21:04.611,0.9,0.6,1.1,1.3,273,426,3.91,20.20
2026-06-06 07:21:05.110,0.9,0.6,0.8,1.2,273,426,3.91,20.20
2026-06-06 07:21:05.614,1.0,0.6,0.8,1.2,336,442,2.99,19.97
2026-06-06 07:21:06.116,1.0,0.6,1.0,1.1,364,539,2.58,18.54
2026-06-06 07:21:06.646,1.1,0.6,1.3,1.1,373,814,2.45,14.52
2026-06-06 07:21:07.135,1.1,0.6,1.4,1.1,373,814,2.45,14.52
2026-06-06 07:21:07.648,1.1,0.6,1.3,1.1,452,858,1.29,13.87
2026-06-06 07:21:08.645,1.1,0.6,1.2,1.2,452,858,1.29,13.87
2026-06-06 07:21:08.646,1.0,0.6,1.4,1.4,387,844,2.24,14.08
2026-06-06 07:21:09.118,1.0,0.6,1.6,1.5,377,847,2.39,14.03
2026-06-06 07:21:09.613,1.0,0.6,1.7,1.5,377,847,2.39,14.03
2026-06-06 07:21:10.116,1.0,0.6,1.7,1.4,377,847,2.39,14.03
2026-06-06 07:21:10.662,1.0,0.6,1.7,1.3,377,847,2.39,14.03
2026-06-06 07:21:11.116,1.0,0.6,1.7,1.3,0,0,7.91,26.44
2026-06-06 07:21:11.620,1.0,0.6,1.6,1.3,375,844,2.42,14.08
2026-06-06 07:21:12.119,1.0,0.6,1.6,1.2,352,843,2.75,14.09
2026-06-06 07:21:12.636,1.0,0.6,1.6,1.2,347,842,2.83,14.11
2026-06-06 07:21:13.150,1.0,0.6,1.7,1.3,357,842,2.68,14.11
2026-06-06 07:21:13.631,1.0,0.6,1.6,1.3,357,842,2.68,14.11
2026-06-06 07:21:14.168,1.0,0.6,1.5,1.3,357,842,2.68,14.11
2026-06-06 07:21:14.661,1.0,0.6,1.4,1.4,357,842,2.68,14.11
2026-06-06 07:21:15.137,1.0,0.6,1.3,1.2,0,0,7.91,26.44
2026-06-06 07:21:15.677,1.0,0.6,1.2,1.1,0,0,7.91,26.44
2026-06-06 07:21:16.116,1.2,0.6,1.2,1.0,493,671,0.69,16.61
2026-06-06 07:21:16.657,1.2,0.6,1.2,0.9,505,634,0.51,17.15
2026-06-06 07:21:17.118,1.2,0.6,1.3,0.9,505,634,0.51,17.15
2026-06-06 07:21:17.661,1.2,0.6,1.3,0.9,491,666,0.72,16.68
2026-06-06 07:21:18.122,1.2,0.6,1.4,0.9,473,664,0.98,16.71
2026-06-06 07:21:18.632,1.1,0.6,1.6,0.9,451,665,1.30,16.70
2026-06-06 07:21:19.174,1.1,0.6,1.8,0.9,433,654,1.57,16.86
2026-06-06 07:21:19.670,1.2,0.6,1.7,1.0,441,663,1.45,16.73
2026-06-06 07:21:20.120,1.2,0.6,1.5,1.3,458,667,1.20,16.67
2026-06-06 07:21:20.617,1.1,0.6,1.4,1.5,446,663,1.38,16.73
2026-06-06 07:21:21.134,1.1,0.6,1.4,1.6,446,663,1.38,16.73
2026-06-06 07:21:21.641,1.1,0.6,1.5,1.5,446,663,1.38,16.73
2026-06-06 07:21:22.169,1.2,0.6,1.5,1.6,481,664,0.86,16.71
2026-06-06 07:21:22.618,1.2,0.6,1.6,1.7,484,668,0.82,16.66
2026-06-06 07:21:23.166,1.2,0.6,1.6,1.6,493,670,0.69,16.63
2026-06-06 07:21:23.671,1.3,0.6,1.8,1.5,499,668,0.60,16.66
2026-06-06 07:21:24.121,1.2,0.6,1.8,1.5,509,647,0.45,16.96
2026-06-06 07:21:24.660,1.2,0.6,1.8,1.4,487,636,0.78,17.12
2026-06-06 07:21:25.142,1.2,0.6,1.8,1.4,473,650,0.98,16.92
2026-06-06 07:21:25.652,1.2,0.6,1.9,1.4,462,650,1.14,16.92
2026-06-06 07:21:26.118,1.1,0.6,1.8,1.3,460,652,1.17,16.89
2026-06-06 07:21:26.670,1.1,0.6,1.7,1.2,445,652,1.39,16.89
2026-06-06 07:21:27.136,1.1,0.6,1.6,1.2,413,653,1.86,16.88
2026-06-06 07:21:27.646,1.0,0.6,1.2,1.2,402,650,2.02,16.92
2026-06-06 07:21:28.148,1.0,0.6,1.0,1.2,380,663,2.34,16.73
2026-06-06 07:21:28.669,0.9,0.6,1.1,1.2,337,666,2.97,16.68
2026-06-06 07:21:29.166,0.9,0.6,1.1,1.2,316,663,3.28,16.73
2026-06-06 07:21:30.165,0.9,0.6,1.0,1.6,303,665,3.47,16.70
2026-06-06 07:21:30.167,0.8,0.6,1.0,1.6,281,666,3.79,16.68
2026-06-06 07:21:30.661,0.8,0.6,1.0,1.6,260,652,4.10,16.89
2026-06-06 07:21:31.171,0.8,0.6,1.0,1.3,250,665,4.25,16.70
2026-06-06 07:21:31.648,0.8,0.6,1.0,1.3,234,664,4.48,16.71
2026-06-06 07:21:32.146,0.8,0.6,1.1,1.5,230,664,4.54,16.71
2026-06-06 07:21:32.679,0.8,0.6,1.3,1.4,244,664,4.34,16.71
2026-06-06 07:21:33.136,0.9,0.6,1.4,1.3,262,664,4.07,16.71
2026-06-06 07:21:33.631,0.9,0.6,1.3,1.1,279,664,3.82,16.71
2026-06-06 07:21:34.678,0.9,0.6,1.3,1.1,298,663,3.54,16.73
2026-06-06 07:21:34.679,1.0,0.6,1.4,1.2,319,666,3.24,16.68
2026-06-06 07:21:35.177,1.0,0.6,1.5,1.2,333,667,3.03,16.67
2026-06-06 07:21:35.638,1.0,0.6,1.6,1.2,362,663,2.61,16.73
2026-06-06 07:21:36.177,0.9,0.6,1.6,1.2,349,663,2.80,16.73
2026-06-06 07:21:36.639,1.0,0.6,1.5,1.2,327,664,3.12,16.71
2026-06-06 07:21:37.167,1.0,0.6,1.3,1.2,349,667,2.80,16.67
2026-06-06 07:21:37.645,1.0,0.6,1.4,1.3,373,665,2.45,16.70
2026-06-06 07:21:38.171,1.0,0.6,1.6,1.3,376,663,2.40,16.73
2026-06-06 07:21:38.679,1.0,0.6,1.5,1.3,344,653,2.87,16.88
2026-06-06 07:21:39.134,1.0,0.6,1.5,1.3,344,653,2.87,16.88
2026-06-06 07:21:39.630,1.0,0.6,1.5,1.4,344,653,2.87,16.88
2026-06-06 07:21:40.131,0.9,0.6,1.6,1.4,322,664,3.19,16.71
2026-06-06 07:21:41.176,0.8,0.6,1.5,1.4,274,665,3.90,16.70
2026-06-06 07:21:41.177,0.8,0.6,1.4,1.4,274,665,3.90,16.70
2026-06-06 07:21:41.659,0.8,0.6,1.4,0.0,274,665,3.90,16.70
2026-06-06 07:21:42.169,0.8,0.6,1.2,0.0,193,664,5.08,16.71
2026-06-06 07:21:42.668,0.8,0.6,1.4,0.0,229,664,4.56,16.71
2026-06-06 07:21:43.135,0.8,0.6,1.6,1.3,229,664,4.56,16.71
2026-06-06 07:21:43.631,0.8,0.6,1.6,1.3,229,664,4.56,16.71
2026-06-06 07:21:44.140,0.8,0.6,1.6,1.3,222,663,4.66,16.73
2026-06-06 07:21:45.167,0.8,0.6,1.6,1.3,224,663,4.63,16.73
2026-06-06 07:21:45.168,0.7,0.6,1.5,0.0,208,655,4.86,16.85
2026-06-06 07:21:45.661,0.8,0.6,1.4,0.0,209,665,4.85,16.70
2026-06-06 07:21:46.178,0.9,0.6,1.3,0.0,235,664,4.47,16.71
2026-06-06 07:21:46.677,0.9,0.6,1.2,0.0,268,663,3.98,16.73
2026-06-06 07:21:47.135,0.9,0.6,1.1,1.3,287,664,3.71,16.71
2026-06-06 07:21:47.691,0.8,0.6,1.0,1.4,274,648,3.90,16.95
2026-06-06 07:21:48.140,0.8,0.6,1.0,1.5,274,648,3.90,16.95
2026-06-06 07:21:48.639,0.7,0.6,1.0,1.5,223,665,4.64,16.70
2026-06-06 07:21:49.165,0.7,0.6,1.0,1.5,200,616,4.98,17.42
2026-06-06 07:21:49.663,0.7,0.6,1.1,1.6,200,616,4.98,17.42
2026-06-06 07:21:50.161,0.7,0.6,1.1,1.6,167,616,5.46,17.42
2026-06-06 07:21:50.640,0.7,0.6,1.0,1.8,164,636,5.51,17.12
2026-06-06 07:21:51.167,0.7,0.6,0.9,1.9,185,648,5.20,16.95
2026-06-06 07:21:51.646,0.8,0.6,0.9,1.9,202,648,4.95,16.95
2026-06-06 07:21:52.144,0.8,0.6,0.9,1.9,221,652,4.67,16.89
2026-06-06 07:21:52.650,0.9,0.6,0.9,1.9,249,653,4.26,16.88
2026-06-06 07:21:53.166,0.9,0.6,1.0,1.8,265,652,4.03,16.89
2026-06-06 07:21:53.694,0.9,0.6,1.1,1.8,274,654,3.90,16.86
2026-06-06 07:21:54.191,1.0,0.6,1.1,1.7,306,654,3.43,16.86
2026-06-06 07:21:54.639,1.0,0.6,1.1,1.7,349,652,2.80,16.89
2026-06-06 07:21:55.166,1.0,0.6,1.2,1.8,350,655,2.78,16.85
2026-06-06 07:21:55.680,1.0,0.6,1.2,1.8,343,653,2.89,16.88
2026-06-06 07:21:56.146,1.0,0.6,1.4,1.9,343,653,2.89,16.88
2026-06-06 07:21:56.671,1.0,0.6,1.6,1.9,374,654,2.43,16.86
2026-06-06 07:21:57.648,1.0,0.6,1.8,1.8,374,654,2.43,16.86
2026-06-06 07:21:57.706,0.9,0.6,1.8,1.7,349,664,2.80,16.71
2026-06-06 07:21:58.189,0.9,0.6,1.8,1.5,327,653,3.12,16.88
2026-06-06 07:21:59.178,1.0,0.6,1.8,1.3,313,653,3.33,16.88
2026-06-06 07:21:59.179,1.0,0.6,1.7,1.3,329,653,3.09,16.88
2026-06-06 07:21:59.677,1.0,0.6,1.5,1.3,329,653,3.09,16.88
2026-06-06 07:22:00.141,1.0,0.6,1.6,1.3,310,655,3.37,16.85
2026-06-06 07:22:00.638,1.0,0.6,1.7,1.3,323,654,3.18,16.86
2026-06-06 07:22:01.177,1.1,0.6,1.7,1.3,357,667,2.68,16.67
2026-06-06 07:22:01.663,1.1,0.6,1.6,1.1,357,667,2.68,16.67
2026-06-06 07:22:02.177,1.2,0.6,1.7,1.0,434,686,1.55,16.39
2026-06-06 07:22:02.648,1.3,0.6,1.7,1.2,470,686,1.03,16.39
2026-06-06 07:22:03.204,1.3,0.6,1.8,1.3,516,696,0.35,16.25
2026-06-06 07:22:03.671,1.3,0.6,1.9,1.5,544,665,-0.06,16.70
2026-06-06 07:22:04.195,1.3,0.6,1.9,1.6,538,664,0.03,16.71
2026-06-06 07:22:04.677,1.3,0.6,2.1,1.6,540,655,0.00,16.85
2026-06-06 07:22:05.166,1.4,0.6,2.2,1.7,552,586,-0.18,17.86
2026-06-06 07:22:05.670,1.4,0.6,2.0,1.7,604,586,-0.94,17.86
2026-06-06 07:22:06.148,1.4,0.6,1.6,1.7,604,586,-0.94,17.86
2026-06-06 07:22:06.668,1.3,0.6,1.4,1.8,564,587,-0.35,17.84
2026-06-06 07:22:07.167,1.5,0.6,1.3,1.8,566,585,-0.38,17.87
2026-06-06 07:22:07.670,1.4,0.6,1.3,1.8,627,591,-1.27,17.78
2026-06-06 07:22:08.169,1.3,0.6,1.3,0.0,598,574,-0.85,18.03
2026-06-06 07:22:08.658,1.3,0.6,1.3,0.0,550,585,-0.15,17.87
2026-06-06 07:22:09.168,1.2,0.6,0.9,0.0,508,572,0.47,18.06
2026-06-06 07:22:10.167,1.1,0.6,0.8,0.0,477,571,0.92,18.08
2026-06-06 07:22:10.168,1.0,0.6,0.7,0.0,417,574,1.80,18.03
2026-06-06 07:22:10.699,0.9,0.6,0.7,0.0,329,575,3.09,18.02
2026-06-06 07:22:11.163,0.8,0.6,0.7,0.0,282,574,3.78,18.03
2026-06-06 07:22:11.704,0.8,0.6,0.7,0.0,264,583,4.04,17.90
2026-06-06 07:22:12.147,0.8,0.6,0.7,0.0,262,589,4.07,17.81
2026-06-06 07:22:12.692,0.7,0.6,0.7,0.0,244,617,4.34,17.40
2026-06-06 07:22:13.204,0.7,0.6,0.8,0.0,209,602,4.85,17.62
2026-06-06 07:22:13.693,0.7,0.6,0.9,0.0,182,570,5.24,18.09
2026-06-06 07:22:14.177,0.7,0.6,0.9,0.0,166,586,5.48,17.86
2026-06-06 07:22:14.665,0.7,0.6,0.9,0.0,165,599,5.49,17.67
2026-06-06 07:22:15.205,0.7,0.6,1.0,0.0,165,599,5.49,17.67
2026-06-06 07:22:15.693,0.7,0.6,1.0,0.0,165,599,5.49,17.67
2026-06-06 07:22:16.207,1.1,0.6,0.9,0.0,382,572,2.31,18.06
2026-06-06 07:22:16.692,1.2,0.6,0.9,2.2,424,569,1.70,18.11
2026-06-06 07:22:17.167,1.2,0.6,0.9,1.9,424,569,1.70,18.11
2026-06-06 07:22:17.668,1.2,0.6,1.0,1.4,424,569,1.70,18.11
2026-06-06 07:22:18.166,1.1,0.6,1.3,1.2,473,554,0.98,18.33
2026-06-06 07:22:18.708,1.1,0.6,1.6,1.2,440,555,1.46,18.31
2026-06-06 07:22:19.188,1.1,0.6,1.6,1.3,397,558,2.09,18.27
2026-06-06 07:22:19.701,1.0,0.6,1.8,1.3,379,560,2.36,18.24
2026-06-06 07:22:20.165,0.9,0.6,1.9,1.3,365,569,2.56,18.11
2026-06-06 07:22:20.664,0.9,0.6,2.0,1.3,321,568,3.21,18.12
2026-06-06 07:22:21.198,0.9,0.6,2.0,1.3,311,568,3.35,18.12
2026-06-06 07:22:21.695,0.9,0.6,1.9,1.4,294,557,3.60,18.28
2026-06-06 07:22:22.177,0.9,0.6,2.0,1.4,299,557,3.53,18.28
2026-06-06 07:22:22.676,0.8,0.6,2.1,1.5,291,568,3.65,18.12
2026-06-06 07:22:23.177,0.9,0.6,2.1,1.5,260,586,4.10,17.86
2026-06-06 07:22:23.680,0.9,0.6,2.1,1.4,270,583,3.96,17.90
2026-06-06 07:22:24.177,0.9,0.6,2.1,1.5,284,581,3.75,17.93
2026-06-06 07:22:25.158,0.9,0.6,2.1,1.5,291,576,3.65,18.00
2026-06-06 07:22:25.158,0.9,0.6,2.0,1.5,302,576,3.49,18.00
2026-06-06 07:22:25.681,1.0,0.6,2.0,1.5,303,575,3.47,18.02
2026-06-06 07:22:26.190,1.0,0.6,2.0,1.5,332,574,3.05,18.03
2026-06-06 07:22:26.671,1.1,0.6,1.9,1.6,366,575,2.55,18.02
2026-06-06 07:22:27.178,1.2,0.6,1.7,1.5,405,558,1.98,18.27
2026-06-06 07:22:27.663,1.4,0.6,1.4,1.5,490,574,0.73,18.03
2026-06-06 07:22:28.167,1.3,0.6,1.2,1.6,571,574,-0.45,18.03
2026-06-06 07:22:28.698,1.3,0.6,1.1,1.7,559,573,-0.28,18.05
2026-06-06 07:22:29.166,1.2,0.6,1.0,1.6,514,574,0.38,18.03
2026-06-06 07:22:29.708,1.1,0.6,0.9,1.5,479,573,0.89,18.05
2026-06-06 07:22:30.168,1.0,0.6,0.9,1.4,431,573,1.60,18.05
2026-06-06 07:22:30.672,1.0,0.6,0.8,1.4,387,569,2.24,18.11
2026-06-06 07:22:31.169,0.9,0.6,0.8,1.4,339,552,2.94,18.35
2026-06-06 07:22:31.694,0.9,0.6,0.7,1.4,319,555,3.24,18.31
2026-06-06 07:22:32.165,0.9,0.6,0.6,1.4,300,558,3.52,18.27
2026-06-06 07:22:32.660,1.0,0.6,0.6,1.3,318,556,3.25,18.30
2026-06-06 07:22:33.179,0.9,0.6,0.6,1.1,336,557,2.99,18.28
2026-06-06 07:22:33.719,0.9,0.6,0.6,1.0,324,556,3.16,18.30
2026-06-06 07:22:34.171,1.0,0.6,0.8,1.2,298,555,3.54,18.31
2026-06-06 07:22:34.665,1.1,0.6,1.1,1.2,334,554,3.02,18.33
2026-06-06 07:22:35.160,1.2,0.6,1.4,1.2,433,555,1.57,18.31
2026-06-06 07:22:35.662,1.3,0.6,1.6,1.3,486,556,0.79,18.30
2026-06-06 07:22:36.177,1.3,0.6,1.8,1.1,522,556,0.26,18.30
2026-06-06 07:22:36.699,1.3,0.6,1.7,1.0,522,556,0.26,18.30
2026-06-06 07:22:37.194,1.3,0.6,1.7,1.0,522,556,0.26,18.30
2026-06-06 07:22:37.663,1.4,0.6,1.7,1.0,620,555,-1.17,18.31
2026-06-06 07:22:38.217,1.4,0.6,1.4,1.0,610,558,-1.03,18.27
2026-06-06 07:22:38.709,1.4,0.6,1.4,0.0,610,558,-1.03,18.27
2026-06-06 07:22:39.178,1.4,0.6,1.4,0.0,610,558,-1.03,18.27
2026-06-06 07:22:39.679,1.2,0.6,1.2,0.0,531,588,0.13,17.83
2026-06-06 07:22:40.178,1.2,0.6,1.1,0.0,478,568,0.91,18.12
2026-06-06 07:22:40.668,1.1,0.6,1.0,0.0,453,567,1.27,18.13
2026-06-06 07:22:41.207,1.0,0.6,0.9,1.4,401,570,2.04,18.09
2026-06-06 07:22:41.692,1.0,0.6,0.8,1.4,352,558,2.75,18.27
2026-06-06 07:22:42.168,1.0,0.6,0.9,1.4,352,558,2.75,18.27
2026-06-06 07:22:42.677,1.0,0.6,0.9,1.4,354,557,2.72,18.28
2026-06-06 07:22:43.177,1.1,0.6,0.9,0.0,384,557,2.29,18.28
2026-06-06 07:22:43.681,1.1,0.6,0.9,1.6,389,556,2.21,18.30
2026-06-06 07:22:44.178,1.1,0.6,2.0,1.6,395,551,2.12,18.37
2026-06-06 07:22:44.669,1.1,0.6,2.0,1.6,405,538,1.98,18.56
2026-06-06 07:22:45.197,1.0,0.6,2.0,1.7,408,551,1.93,18.37
2026-06-06 07:22:45.693,1.0,0.6,2.0,1.7,383,553,2.30,18.34
2026-06-06 07:22:46.179,1.1,0.6,0.0,1.7,382,544,2.31,18.47
2026-06-06 07:22:46.672,1.0,0.6,0.0,1.7,395,553,2.12,18.34
2026-06-06 07:22:47.198,1.0,0.6,0.0,1.5,369,552,2.50,18.35
2026-06-06 07:22:47.677,1.0,0.6,2.5,1.4,360,552,2.64,18.35
2026-06-06 07:22:48.197,1.0,0.6,2.4,1.4,340,523,2.93,18.78
2026-06-06 07:22:48.698,1.1,0.6,2.1,1.4,344,552,2.87,18.35
2026-06-06 07:22:49.193,1.1,0.6,2.1,1.3,390,552,2.20,18.35
2026-06-06 07:22:49.689,1.1,0.6,1.5,1.2,421,552,1.74,18.35
2026-06-06 07:22:50.203,1.1,0.6,1.2,1.2,421,552,1.74,18.35
2026-06-06 07:22:51.194,1.1,0.6,0.9,1.2,421,552,1.74,18.35
2026-06-06 07:22:51.194,0.9,0.6,0.8,1.3,360,553,2.64,18.34
2026-06-06 07:22:51.678,0.9,0.6,0.7,1.1,326,553,3.13,18.34
2026-06-06 07:22:52.197,0.8,0.6,0.7,1.1,290,553,3.66,18.34
2026-06-06 07:22:52.707,0.8,0.6,0.6,0.9,265,555,4.03,18.31
2026-06-06 07:22:53.678,0.8,0.6,0.6,0.9,240,555,4.39,18.31
2026-06-06 07:22:53.739,0.8,0.6,0.6,0.8,231,553,4.53,18.34
2026-06-06 07:22:54.179,0.7,0.6,0.6,0.7,212,553,4.80,18.34
2026-06-06 07:22:54.669,0.7,0.6,0.6,0.8,185,553,5.20,18.34
2026-06-06 07:22:55.742,0.6,0.6,0.6,0.9,149,554,5.73,18.33
2026-06-06 07:22:55.742,0.6,0.6,0.8,1.0,123,555,6.11,18.31
2026-06-06 07:22:56.177,0.6,0.6,0.9,1.1,123,555,6.11,18.31
2026-06-06 07:22:56.697,0.5,0.6,1.0,1.1,94,552,6.53,18.35
2026-06-06 07:22:57.208,0.5,0.6,1.3,1.1,94,552,6.53,18.35
2026-06-06 07:22:57.727,0.5,0.6,1.4,1.2,75,553,6.81,18.34
2026-06-06 07:22:58.225,0.5,0.6,1.4,1.4,73,554,6.84,18.33
2026-06-06 07:22:58.678,0.5,0.6,1.3,1.4,75,555,6.81,18.31
2026-06-06 07:22:59.208,0.5,0.6,1.2,1.4,72,559,6.86,18.25
2026-06-06 07:22:59.700,0.5,0.6,1.3,1.2,68,556,6.91,18.30
2026-06-06 07:23:00.227,0.5,0.6,1.3,1.1,55,556,7.10,18.30
2026-06-06 07:23:00.708,0.6,0.6,1.4,1.0,73,567,6.84,18.13
2026-06-06 07:23:01.207,0.6,0.6,1.3,0.9,96,568,6.50,18.12
2026-06-06 07:23:01.679,0.6,0.6,1.3,0.8,93,567,6.55,18.13
2026-06-06 07:23:02.219,0.6,0.6,1.2,0.8,105,568,6.37,18.12
2026-06-06 07:23:02.729,0.6,0.6,1.1,0.9,114,568,6.24,18.12
2026-06-06 07:23:03.197,0.6,0.6,1.1,0.9,104,569,6.39,18.11
2026-06-06 07:23:03.726,0.6,0.6,1.0,0.9,100,570,6.45,18.09
2026-06-06 07:23:04.222,0.6,0.6,1.0,0.9,99,570,6.46,18.09
2026-06-06 07:23:04.727,0.5,0.6,0.9,0.9,85,570,6.67,18.09
2026-06-06 07:23:05.743,0.5,0.6,1.0,1.0,67,568,6.93,18.12
2026-06-06 07:23:05.744,0.5,0.6,0.9,1.0,67,568,6.93,18.12
2026-06-06 07:23:06.226,0.6,0.6,0.9,1.1,77,572,6.78,18.06
2026-06-06 07:23:07.227,0.6,0.6,0.9,1.1,99,568,6.46,18.12
2026-06-06 07:23:07.227,0.6,0.6,0.9,1.0,118,569,6.18,18.11
2026-06-06 07:23:07.679,0.6,0.6,0.9,0.8,123,571,6.11,18.08
2026-06-06 07:23:08.177,0.6,0.6,0.9,0.7,120,570,6.15,18.09
2026-06-06 07:23:08.677,0.6,0.6,0.0,0.5,120,570,6.15,18.09
2026-06-06 07:23:09.191,0.6,0.6,0.0,0.5,110,588,6.30,17.83
2026-06-06 07:23:09.694,0.6,0.6,1.0,0.5,110,588,6.30,17.83
2026-06-06 07:23:10.227,0.6,0.6,1.0,0.5,108,618,6.33,17.39
2026-06-06 07:23:10.721,0.6,0.6,1.3,1.7,114,617,6.24,17.40
2026-06-06 07:23:11.228,0.6,0.6,1.5,2.2,114,617,6.24,17.40
2026-06-06 07:23:11.726,0.6,0.6,1.6,2.3,125,607,6.08,17.55
2026-06-06 07:23:12.228,0.6,0.6,1.6,2.1,135,608,5.93,17.53
2026-06-06 07:23:12.726,0.9,0.6,1.6,2.0,135,619,5.93,17.37
2026-06-06 07:23:13.212,1.2,0.6,1.6,1.9,253,617,4.20,17.40
2026-06-06 07:23:13.677,1.5,0.6,1.5,1.8,450,616,1.32,17.42
2026-06-06 07:23:14.211,1.7,0.6,1.5,1.6,647,617,-1.57,17.40
2026-06-06 07:23:14.742,1.6,0.6,1.4,1.4,770,616,-3.37,17.42
2026-06-06 07:23:15.207,1.6,0.6,1.2,1.4,712,617,-2.52,17.40
2026-06-06 07:23:15.743,1.6,0.6,1.0,1.3,711,619,-2.50,17.37
2026-06-06 07:23:16.739,1.4,0.6,0.9,1.3,719,601,-2.62,17.64
2026-06-06 07:23:16.739,1.4,0.6,0.8,1.3,719,601,-2.62,17.64
2026-06-06 07:23:17.197,1.1,0.6,0.7,1.3,523,589,0.25,17.81
2026-06-06 07:23:17.726,1.0,0.6,0.6,1.3,440,571,1.46,18.08
2026-06-06 07:23:18.211,1.0,0.6,0.6,1.3,440,571,1.46,18.08
2026-06-06 07:23:18.921,0.8,0.9,0.9,1.3,440,571,1.46,18.08
2026-06-06 07:23:19.205,0.8,0.9,0.5,1.2,304,527,3.46,18.72
2026-06-06 07:23:19.205,0.8,0.9,0.5,1.1,304,527,3.46,18.72
2026-06-06 07:23:19.737,0.7,0.9,0.5,1.1,213,557,4.79,18.28
2026-06-06 07:23:20.197,0.6,0.9,0.5,1.0,172,557,5.39,18.28
2026-06-06 07:23:20.726,0.6,0.9,0.5,1.0,150,558,5.71,18.27
2026-06-06 07:23:21.223,0.6,0.9,0.5,1.1,130,557,6.01,18.28
2026-06-06 07:23:21.725,0.5,0.9,0.5,1.0,109,569,6.31,18.11
2026-06-06 07:23:22.748,0.5,0.9,0.5,1.0,88,569,6.62,18.11
2026-06-06 07:23:22.750,0.5,0.9,0.6,1.1,71,570,6.87,18.09
2026-06-06 07:23:23.241,0.5,0.9,0.6,1.1,58,568,7.06,18.12
2026-06-06 07:23:23.739,0.5,0.9,0.5,1.1,58,568,7.06,18.12
2026-06-06 07:23:24.197,0.5,0.9,0.6,1.1,38,568,7.35,18.12
2026-06-06 07:23:25.237,0.4,0.9,0.6,1.1,29,567,7.49,18.13
2026-06-06 07:23:25.238,0.4,0.9,0.6,1.2,23,568,7.57,18.12
2026-06-06 07:23:26.240,0.4,0.9,0.7,1.1,13,571,7.72,18.08
2026-06-06 07:23:26.241,0.4,0.9,0.8,1.1,13,571,7.72,18.08
2026-06-06 07:23:26.719,0.4,0.9,0.9,1.0,0,574,7.91,18.03
2026-06-06 07:23:27.228,0.4,0.9,1.1,1.0,1,575,7.90,18.02
2026-06-06 07:23:27.725,0.4,0.9,1.4,0.9,6,571,7.82,18.08
2026-06-06 07:23:28.220,0.4,0.9,1.4,0.9,11,570,7.75,18.09
2026-06-06 07:23:28.699,0.4,0.9,1.5,0.8,1,573,7.90,18.05
2026-06-06 07:23:29.739,0.4,0.9,1.4,0.8,1,573,7.90,18.05
2026-06-06 07:23:29.740,0.4,0.9,1.5,0.8,0,555,7.91,18.31
2026-06-06 07:23:30.202,0.4,0.9,1.6,0.8,0,553,7.91,18.34
2026-06-06 07:23:30.706,0.4,0.9,1.6,0.8,0,556,7.91,18.30
2026-06-06 07:23:31.227,0.4,0.9,1.5,0.8,0,556,7.91,18.30
2026-06-06 07:23:31.695,0.4,0.9,1.4,0.9,1,557,7.90,18.28
2026-06-06 07:23:32.195,0.4,0.9,1.2,1.1,1,568,7.90,18.12
2026-06-06 07:23:32.689,0.4,0.9,1.2,1.1,0,557,7.91,18.28
2026-06-06 07:23:33.198,0.4,0.9,1.1,1.1,0,560,7.91,18.24
2026-06-06 07:23:33.724,0.4,0.9,1.0,1.1,0,560,7.91,18.24
2026-06-06 07:23:34.197,0.4,0.9,0.9,1.0,1,557,7.90,18.28
2026-06-06 07:23:34.700,0.4,0.9,0.8,0.9,0,558,7.91,18.27
2026-06-06 07:23:35.240,0.5,0.9,0.8,0.9,3,558,7.87,18.27
2026-06-06 07:23:35.727,0.6,0.9,0.8,0.8,44,559,7.27,18.25
2026-06-06 07:23:36.199,0.6,0.9,0.9,0.7,85,557,6.67,18.28
2026-06-06 07:23:36.737,0.6,0.9,1.0,0.5,108,568,6.33,18.12
2026-06-06 07:23:37.739,0.6,0.9,1.0,0.5,118,568,6.18,18.12
2026-06-06 07:23:37.739,0.6,0.9,0.9,0.4,120,567,6.15,18.13
2026-06-06 07:23:38.190,0.6,0.9,0.9,0.5,115,569,6.23,18.11
2026-06-06 07:23:38.727,0.6,0.9,0.9,0.5,98,568,6.47,18.12
2026-06-06 07:23:39.246,0.6,0.9,0.8,0.6,92,567,6.56,18.13
2026-06-06 07:23:39.742,0.6,0.9,0.8,0.7,92,567,6.56,18.13
2026-06-06 07:23:40.237,0.6,0.9,0.9,0.9,92,567,6.56,18.13
2026-06-06 07:23:40.699,0.6,0.9,0.9,1.0,92,567,6.56,18.13
2026-06-06 07:23:41.242,0.6,0.9,0.9,1.0,0,0,7.91,26.44
2026-06-06 07:23:41.736,0.6,0.9,0.9,1.1,0,0,7.91,26.44
2026-06-06 07:23:42.201,0.6,0.9,0.9,1.2,0,0,7.91,26.44
2026-06-06 07:23:42.727,1.2,0.9,0.9,1.4,397,569,2.09,18.11
2026-06-06 07:23:43.247,1.2,0.9,0.9,1.5,462,556,1.14,18.30
2026-06-06 07:23:43.694,1.2,0.9,1.0,1.5,462,556,1.14,18.30
2026-06-06 07:23:44.199,1.2,0.9,1.2,1.4,462,556,1.14,18.30
2026-06-06 07:23:44.745,1.1,0.9,1.2,1.3,462,567,1.14,18.13
2026-06-06 07:23:45.194,1.1,0.9,1.7,1.3,462,567,1.14,18.13
2026-06-06 07:23:45.719,1.3,0.9,1.8,1.7,453,568,1.27,18.12
2026-06-06 07:23:46.194,1.3,0.9,1.9,2.2,501,569,0.57,18.11
2026-06-06 07:23:47.198,1.3,0.9,1.9,2.4,541,569,-0.01,18.11
2026-06-06 07:23:47.257,1.3,0.9,1.9,2.4,550,584,-0.15,17.89
2026-06-06 07:23:47.726,1.3,0.9,1.8,2.3,550,599,-0.15,17.67
2026-06-06 07:23:48.210,1.3,0.9,1.8,2.4,558,583,-0.26,17.90
2026-06-06 07:23:48.727,1.3,0.9,2.1,2.4,558,583,-0.26,17.90
2026-06-06 07:23:49.229,1.3,0.9,2.0,2.0,548,574,-0.12,18.03
2026-06-06 07:23:50.241,1.2,0.9,1.8,1.6,519,555,0.31,18.31
2026-06-06 07:23:50.241,1.3,0.9,1.6,1.4,482,572,0.85,18.06
2026-06-06 07:23:50.722,1.4,0.9,1.4,1.2,511,583,0.42,17.90
2026-06-06 07:23:51.219,1.3,0.9,1.4,1.2,573,576,-0.48,18.00
2026-06-06 07:23:51.743,1.1,0.9,1.0,1.3,534,585,0.09,17.87
2026-06-06 07:23:52.238,1.1,0.9,0.9,1.3,447,574,1.36,18.03
2026-06-06 07:23:52.756,1.1,0.9,0.8,1.2,412,583,1.88,17.90
2026-06-06 07:23:53.226,1.1,0.9,0.7,1.0,390,584,2.20,17.89
2026-06-06 07:23:53.726,1.1,0.9,0.6,1.0,423,585,1.71,17.87
2026-06-06 07:23:54.223,1.1,0.9,0.5,0.9,427,588,1.66,17.83
2026-06-06 07:23:55.214,1.0,0.9,0.5,1.0,422,584,1.73,17.89
2026-06-06 07:23:55.215,0.9,0.9,0.6,1.1,382,583,2.31,17.90
2026-06-06 07:23:55.727,0.8,0.9,0.5,1.3,330,584,3.08,17.89
2026-06-06 07:23:56.229,0.7,0.9,0.5,1.4,264,584,4.04,17.89
2026-06-06 07:23:56.753,0.7,0.9,0.4,1.4,264,584,4.04,17.89
2026-06-06 07:23:57.227,0.6,0.9,0.4,1.4,161,584,5.55,17.89
2026-06-06 07:23:57.743,0.6,0.9,0.4,1.3,132,584,5.98,17.89
2026-06-06 07:23:58.232,0.5,0.9,0.5,1.3,102,584,6.42,17.89
2026-06-06 07:23:58.728,0.5,0.9,0.5,1.2,81,583,6.72,17.90
2026-06-06 07:23:59.212,0.6,0.9,0.5,1.1,70,584,6.88,17.89
2026-06-06 07:23:59.710,0.6,0.9,0.6,1.2,70,584,6.88,17.89
2026-06-06 07:24:00.229,0.7,0.9,0.6,1.4,120,576,6.15,18.00
2026-06-06 07:24:00.745,0.7,0.9,0.6,1.6,152,575,5.68,18.02
2026-06-06 07:24:01.220,0.7,0.9,0.7,1.9,170,575,5.42,18.02
2026-06-06 07:24:01.726,0.8,0.9,0.7,1.9,175,583,5.35,17.90
2026-06-06 07:24:02.254,0.9,0.9,0.8,2.0,204,583,4.92,17.90
2026-06-06 07:24:02.758,1.1,0.9,0.8,2.0,294,585,3.60,17.87
2026-06-06 07:24:03.246,1.2,0.9,1.0,1.9,392,585,2.17,17.87
2026-06-06 07:24:03.718,1.3,0.9,1.2,1.9,463,584,1.13,17.89
2026-06-06 07:24:04.254,1.3,0.9,1.4,1.7,522,584,0.26,17.89
2026-06-06 07:24:04.727,1.3,0.9,1.5,1.6,537,575,0.04,18.02
2026-06-06 07:24:05.742,1.3,0.9,1.6,1.7,535,585,0.07,17.87
2026-06-06 07:24:05.742,1.3,0.9,1.6,1.7,546,586,-0.09,17.86
2026-06-06 07:24:06.227,1.2,0.9,1.7,1.6,541,585,-0.01,17.87
2026-06-06 07:24:06.723,1.1,0.9,1.7,1.3,511,585,0.42,17.87
2026-06-06 07:24:07.204,1.3,0.9,1.6,1.2,454,574,1.26,18.03
2026-06-06 07:24:07.726,1.3,0.9,1.5,1.3,454,574,1.26,18.03
2026-06-06 07:24:08.228,1.2,0.9,1.6,1.4,512,587,0.41,17.84
2026-06-06 07:24:08.770,1.2,0.9,1.6,1.4,503,685,0.54,16.41
2026-06-06 07:24:09.227,1.2,0.9,1.6,1.2,485,873,0.81,13.65
2026-06-06 07:24:09.773,1.2,0.9,1.7,1.0,485,873,0.81,13.65
2026-06-06 07:24:10.270,1.2,0.9,1.7,0.9,485,873,0.81,13.65
2026-06-06 07:24:10.769,1.0,0.9,1.8,0.7,403,874,2.01,13.64
2026-06-06 07:24:11.240,1.0,0.9,1.8,0.7,366,871,2.55,13.68
2026-06-06 07:24:11.927,1.0,1.2,1.2,0.7,366,871,2.55,13.68
2026-06-06 07:24:12.207,1.0,1.2,1.8,0.7,361,875,2.62,13.62
2026-06-06 07:24:12.270,1.0,1.2,1.8,0.8,356,863,2.70,13.80
2026-06-06 07:24:12.771,1.0,1.2,1.8,1.0,356,863,2.70,13.80
2026-06-06 07:24:13.250,1.0,1.2,1.8,1.1,356,863,2.70,13.80
2026-06-06 07:24:13.775,1.0,1.2,2.0,1.1,356,863,2.70,13.80
2026-06-06 07:24:14.756,1.0,1.2,2.1,1.2,0,0,7.91,26.44
2026-06-06 07:24:14.757,1.1,1.2,2.0,1.1,384,860,2.29,13.84
2026-06-06 07:24:15.227,1.0,1.2,1.9,1.1,384,860,2.29,13.84
2026-06-06 07:24:15.720,1.0,1.2,2.0,1.2,380,845,2.34,14.06
2026-06-06 07:24:16.227,1.0,1.2,1.9,1.2,336,826,2.99,14.34
2026-06-06 07:24:16.773,1.0,1.2,2.0,1.2,343,775,2.89,15.09
2026-06-06 07:24:17.277,1.0,1.2,2.0,1.1,342,653,2.90,16.88
2026-06-06 07:24:17.749,1.0,1.2,1.8,1.1,358,622,2.67,17.33
2026-06-06 07:24:18.261,1.1,1.2,1.7,1.1,379,617,2.36,17.40
2026-06-06 07:24:18.727,1.1,1.2,1.6,1.2,405,568,1.98,18.12
2026-06-06 07:24:19.222,1.1,1.2,1.6,1.3,405,569,1.98,18.11
2026-06-06 07:24:19.732,1.1,1.2,1.7,1.3,396,571,2.11,18.08
2026-06-06 07:24:20.222,1.0,1.2,1.6,1.3,388,572,2.23,18.06
2026-06-06 07:24:21.245,1.1,1.2,1.5,1.3,373,571,2.45,18.08
2026-06-06 07:24:21.247,1.1,1.2,1.3,1.4,373,571,2.45,18.08
2026-06-06 07:24:21.740,1.1,1.2,1.1,1.5,373,571,2.45,18.08
2026-06-06 07:24:22.246,1.0,1.2,1.0,1.5,383,573,2.30,18.05
2026-06-06 07:24:22.759,1.0,1.2,1.0,1.3,383,574,2.30,18.03
2026-06-06 07:24:23.228,1.0,1.2,1.0,1.3,369,582,2.50,17.92
2026-06-06 07:24:23.758,1.0,1.2,1.0,1.3,358,590,2.67,17.80
2026-06-06 07:24:24.252,1.0,1.2,1.0,1.2,348,588,2.81,17.83
2026-06-06 07:24:24.757,1.0,1.2,1.0,1.2,335,588,3.00,17.83
2026-06-06 07:24:25.260,1.0,1.2,1.0,1.1,344,588,2.87,17.83
2026-06-06 07:24:25.744,1.0,1.2,1.0,1.1,351,588,2.77,17.83
2026-06-06 07:24:26.254,1.0,1.2,1.0,1.1,351,588,2.77,17.83
2026-06-06 07:24:26.728,1.0,1.2,1.1,1.3,332,587,3.05,17.84
2026-06-06 07:24:27.227,1.0,1.2,1.1,1.3,342,588,2.90,17.83
2026-06-06 07:24:27.756,0.9,1.2,1.1,1.4,340,586,2.93,17.86
2026-06-06 07:24:28.247,0.9,1.2,1.1,1.4,327,585,3.12,17.87
2026-06-06 07:24:28.757,0.9,1.2,1.2,1.5,327,585,3.12,17.87
2026-06-06 07:24:29.257,1.0,1.2,1.4,1.5,314,576,3.31,18.00
2026-06-06 07:24:29.727,1.0,1.2,1.5,1.5,338,584,2.96,17.89
2026-06-06 07:24:30.225,1.0,1.2,1.5,1.6,362,574,2.61,18.03
2026-06-06 07:24:30.719,1.0,1.2,1.4,1.5,362,574,2.61,18.03
2026-06-06 07:24:31.256,1.0,1.2,1.3,1.4,374,591,2.43,17.78
2026-06-06 07:24:31.754,1.0,1.2,1.3,1.3,374,589,2.43,17.81
2026-06-06 07:24:32.257,1.0,1.2,1.4,1.1,360,585,2.64,17.87
2026-06-06 07:24:32.757,1.0,1.2,1.4,1.1,360,585,2.64,17.87
2026-06-06 07:24:33.229,1.0,1.2,1.3,1.0,339,584,2.94,17.89
2026-06-06 07:24:33.770,1.0,1.2,1.4,0.9,362,585,2.61,17.87
2026-06-06 07:24:34.251,1.0,1.2,1.4,1.0,344,585,2.87,17.87
2026-06-06 07:24:34.727,0.9,1.2,1.4,1.3,331,586,3.06,17.86
2026-06-06 07:24:35.246,0.9,1.2,1.3,1.7,317,585,3.27,17.87
2026-06-06 07:24:35.729,0.9,1.2,1.3,1.8,310,585,3.37,17.87
2026-06-06 07:24:36.220,0.9,1.2,1.3,1.8,319,586,3.24,17.86
2026-06-06 07:24:36.731,0.9,1.2,1.3,1.7,310,585,3.37,17.87
2026-06-06 07:24:37.241,0.9,1.2,1.3,1.6,305,588,3.44,17.83
2026-06-06 07:24:37.743,0.9,1.2,1.3,1.4,305,588,3.44,17.83
2026-06-06 07:24:38.226,0.8,1.2,1.3,1.2,277,586,3.85,17.86
2026-06-06 07:24:38.731,0.8,1.2,1.3,1.1,277,586,3.85,17.86
2026-06-06 07:24:39.256,0.8,1.2,1.2,1.0,277,586,3.85,17.86
2026-06-06 07:24:39.740,0.7,1.2,1.2,0.9,209,589,4.85,17.81
2026-06-06 07:24:40.250,0.7,1.2,1.2,1.0,209,589,4.85,17.81
2026-06-06 07:24:40.728,0.7,1.2,1.2,1.1,170,586,5.42,17.86
2026-06-06 07:24:41.264,0.7,1.2,1.2,1.1,157,588,5.61,17.83
2026-06-06 07:24:41.757,0.7,1.2,1.3,1.1,157,574,5.61,18.03
2026-06-06 07:24:42.237,0.7,1.2,1.4,1.1,157,574,5.61,18.03
2026-06-06 07:24:42.757,0.7,1.2,1.5,1.1,157,574,5.61,18.03
2026-06-06 07:24:43.243,0.8,1.2,1.6,1.1,207,583,4.88,17.90
2026-06-06 07:24:43.740,0.9,1.2,1.6,1.2,255,586,4.17,17.86
2026-06-06 07:24:44.240,1.0,1.2,1.4,1.4,312,570,3.34,18.09
2026-06-06 07:24:44.773,1.0,1.2,1.4,1.4,330,571,3.08,18.08
2026-06-06 07:24:45.227,1.1,1.2,1.2,1.6,338,568,2.96,18.12
2026-06-06 07:24:45.726,1.1,1.2,1.2,1.9,369,559,2.50,18.25
2026-06-06 07:24:46.228,1.1,1.2,1.1,2.1,369,559,2.50,18.25
2026-06-06 07:24:46.747,1.1,1.2,1.1,2.0,369,559,2.50,18.25
2026-06-06 07:24:47.240,1.1,1.2,1.1,1.8,369,559,2.50,18.25
2026-06-06 07:24:47.738,1.4,1.2,1.1,1.7,577,505,-0.54,19.04
2026-06-06 07:24:48.227,1.5,1.2,1.3,1.9,580,540,-0.59,18.53
2026-06-06 07:24:48.756,1.5,1.2,1.6,2.1,622,524,-1.20,18.76
2026-06-06 07:24:49.243,1.4,1.2,1.7,2.1,646,525,-1.55,18.75
2026-06-06 07:24:49.739,1.4,1.2,1.7,2.0,619,536,-1.16,18.59
2026-06-06 07:24:50.228,1.3,1.2,1.6,1.7,581,520,-0.60,18.82
2026-06-06 07:24:50.787,1.2,1.2,1.5,1.4,540,525,0.00,18.75
2026-06-06 07:24:51.286,1.2,1.2,1.8,1.3,540,525,0.00,18.75
2026-06-06 07:24:51.787,1.0,1.2,1.9,1.4,430,552,1.61,18.35
2026-06-06 07:24:52.255,1.0,1.2,1.9,1.6,387,525,2.24,18.75
2026-06-06 07:24:52.741,1.0,1.2,1.8,1.6,359,537,2.65,18.57
2026-06-06 07:24:53.277,1.2,1.2,1.8,1.7,366,523,2.55,18.78
2026-06-06 07:24:53.742,1.3,1.2,1.9,1.7,439,525,1.48,18.75
2026-06-06 07:24:54.271,1.3,1.2,1.9,1.7,439,525,1.48,18.75
2026-06-06 07:24:54.743,1.2,1.2,1.7,1.6,526,520,0.21,18.82
2026-06-06 07:24:55.239,1.2,1.2,1.5,1.6,501,524,0.57,18.76
2026-06-06 07:24:55.741,1.1,1.2,1.4,1.5,460,523,1.17,18.78
2026-06-06 07:24:56.282,1.1,1.2,1.7,1.4,432,523,1.58,18.78
2026-06-06 07:24:56.787,1.2,1.2,1.9,1.3,436,525,1.52,18.75
2026-06-06 07:24:57.257,1.1,1.2,1.8,1.3,446,512,1.38,18.94
2026-06-06 07:24:57.787,1.1,1.2,1.6,1.3,441,512,1.45,18.94
2026-06-06 07:24:58.254,1.1,1.2,1.4,1.4,441,512,1.45,18.94
2026-06-06 07:24:58.744,1.1,1.2,1.6,1.3,388,522,2.23,18.79
2026-06-06 07:24:59.286,1.1,1.2,1.7,1.2,398,526,2.08,18.74
2026-06-06 07:24:59.758,1.0,1.2,1.9,1.1,413,525,1.86,18.75
2026-06-06 07:25:00.287,1.0,1.2,1.7,1.0,388,526,2.23,18.74
2026-06-06 07:25:00.758,0.9,1.2,1.6,1.1,358,524,2.67,18.76
2026-06-06 07:25:01.255,0.9,1.2,1.8,1.2,327,524,3.12,18.76
2026-06-06 07:25:01.774,0.9,1.2,1.7,1.2,327,524,3.12,18.76
2026-06-06 07:25:02.285,0.8,1.2,1.7,1.2,278,524,3.84,18.76
2026-06-06 07:25:02.758,0.8,1.2,1.9,1.1,263,526,4.06,18.74
2026-06-06 07:25:03.248,0.8,1.2,1.9,1.1,263,526,4.06,18.74
2026-06-06 07:25:03.774,0.9,1.2,1.8,1.2,255,554,4.17,18.33
2026-06-06 07:25:04.243,0.9,1.2,1.8,1.4,278,535,3.84,18.60
2026-06-06 07:25:04.739,0.9,1.2,1.8,1.5,295,536,3.59,18.59
2026-06-06 07:25:05.253,1.0,1.2,1.7,1.4,323,535,3.18,18.60
2026-06-06 07:25:05.758,1.1,1.2,1.7,1.4,323,537,3.18,18.57
2026-06-06 07:25:06.254,1.1,1.2,1.7,1.5,427,536,1.66,18.59
2026-06-06 07:25:06.761,1.0,1.2,1.8,1.6,413,535,1.86,18.60
2026-06-06 07:25:07.243,1.0,1.2,1.8,1.7,391,521,2.18,18.81
2026-06-06 07:25:07.804,1.0,1.2,1.6,1.8,351,512,2.77,18.94
2026-06-06 07:25:08.254,1.0,1.2,1.6,1.9,351,512,2.77,18.94
2026-06-06 07:25:08.794,1.0,1.2,1.9,1.9,351,512,2.77,18.94
2026-06-06 07:25:09.753,0.9,1.2,1.9,1.9,327,512,3.12,18.94
2026-06-06 07:25:09.754,1.0,1.2,2.1,1.8,320,522,3.22,18.79
2026-06-06 07:25:10.248,1.0,1.2,2.1,1.6,350,524,2.78,18.76
2026-06-06 07:25:10.788,1.1,1.2,2.1,1.6,368,524,2.52,18.76
2026-06-06 07:25:11.279,1.1,1.2,1.9,1.7,397,523,2.09,18.78
2026-06-06 07:25:12.254,1.1,1.2,1.9,1.7,397,522,2.09,18.79
2026-06-06 07:25:12.255,1.1,1.2,1.7,2.0,397,522,2.09,18.79
2026-06-06 07:25:12.786,1.0,1.2,1.7,2.0,351,522,2.77,18.79
2026-06-06 07:25:13.276,1.0,1.2,1.7,2.0,355,523,2.71,18.78
2026-06-06 07:25:13.757,1.0,1.2,1.7,1.9,355,524,2.71,18.76
2026-06-06 07:25:14.283,1.0,1.2,1.8,2.0,355,524,2.71,18.76
2026-06-06 07:25:14.744,1.0,1.2,1.9,2.2,355,524,2.71,18.76
2026-06-06 07:25:15.255,1.0,1.2,1.9,2.1,355,524,2.71,18.76
2026-06-06 07:25:15.790,1.0,1.2,1.8,2.0,0,0,7.91,26.44
2026-06-06 07:25:16.271,1.0,1.2,1.8,1.8,0,0,7.91,26.44
2026-06-06 07:25:16.779,1.0,1.2,1.5,1.6,0,0,7.91,26.44
2026-06-06 07:25:17.270,1.2,1.2,1.4,1.5,450,510,1.32,18.97
2026-06-06 07:25:17.788,1.2,1.2,1.4,1.5,450,510,1.32,18.97
2026-06-06 07:25:18.257,1.2,1.2,1.4,1.5,480,521,0.88,18.81
2026-06-06 07:25:18.781,1.3,1.2,1.4,1.5,504,504,0.53,19.06
2026-06-06 07:25:19.289,1.2,1.2,1.4,1.4,483,510,0.83,18.97
2026-06-06 07:25:19.810,1.2,1.2,1.4,1.4,486,506,0.79,19.03
2026-06-06 07:25:20.306,1.2,1.2,1.8,1.4,455,508,1.25,19.00
2026-06-06 07:25:20.817,1.2,1.2,1.9,1.4,455,508,1.25,19.00
2026-06-06 07:25:21.302,1.0,1.2,2.1,1.5,377,511,2.39,18.96
2026-06-06 07:25:21.795,1.0,1.2,2.3,1.6,343,478,2.89,19.44
2026-06-06 07:25:22.272,0.9,1.2,2.2,1.7,328,478,3.11,19.44
2026-06-06 07:25:22.794,1.0,1.2,2.1,1.7,327,479,3.12,19.42
2026-06-06 07:25:23.259,1.0,1.2,2.1,1.7,329,477,3.09,19.45
2026-06-06 07:25:23.755,1.0,1.2,1.9,1.8,348,478,2.81,19.44
2026-06-06 07:25:24.284,1.0,1.2,1.9,2.0,344,479,2.87,19.42
2026-06-06 07:25:25.287,0.9,1.2,1.8,2.1,322,495,3.19,19.19
2026-06-06 07:25:25.287,0.9,1.2,2.1,2.1,310,506,3.37,19.03
2026-06-06 07:25:25.807,0.9,1.2,1.7,1.9,310,506,3.37,19.03
2026-06-06 07:25:26.302,0.9,1.2,1.7,1.8,304,505,3.46,19.04
2026-06-06 07:25:26.777,0.9,1.2,2.0,1.5,280,506,3.81,19.03
2026-06-06 07:25:27.290,0.9,1.2,1.9,1.3,296,508,3.57,19.00
2026-06-06 07:25:27.788,0.9,1.2,1.5,1.2,299,490,3.53,19.26
2026-06-06 07:25:28.285,0.9,1.2,1.3,1.2,294,510,3.60,18.97
2026-06-06 07:25:28.757,0.8,1.2,1.2,1.2,265,511,4.03,18.96
2026-06-06 07:25:29.758,0.8,1.2,1.2,1.2,239,512,4.41,18.94
2026-06-06 07:25:29.759,0.8,1.2,1.3,1.2,234,510,4.48,18.97
2026-06-06 07:25:30.272,0.9,1.2,1.4,1.2,292,509,3.63,18.98
2026-06-06 07:25:30.777,0.9,1.2,1.4,1.3,320,526,3.22,18.74
2026-06-06 07:25:31.256,0.9,1.2,1.4,1.4,301,525,3.50,18.75
2026-06-06 07:25:32.287,0.9,1.2,1.4,1.5,274,522,3.90,18.79
2026-06-06 07:25:32.287,0.9,1.2,1.5,1.5,274,522,3.90,18.79
2026-06-06 07:25:32.814,0.9,1.2,1.4,1.4,266,512,4.01,18.94
2026-06-06 07:25:33.261,0.8,1.2,1.3,1.6,265,520,4.03,18.82
2026-06-06 07:25:33.787,0.8,1.2,1.3,1.6,265,543,4.03,18.49
2026-06-06 07:25:34.289,0.9,1.2,1.3,1.6,264,331,4.04,21.59
2026-06-06 07:25:34.808,0.9,1.2,1.4,1.7,286,252,3.72,22.75
2026-06-06 07:25:35.301,1.0,1.2,1.4,1.7,324,299,3.16,22.06
2026-06-06 07:25:35.776,1.0,1.2,1.5,1.6,347,556,2.83,18.30
2026-06-06 07:25:36.259,0.9,1.2,1.5,1.6,322,526,3.19,18.74
2026-06-06 07:25:37.307,0.9,1.2,1.6,1.7,305,654,3.44,16.86
2026-06-06 07:25:37.308,0.9,1.2,1.6,1.6,305,654,3.44,16.86
2026-06-06 07:25:37.806,0.8,1.2,1.9,1.6,272,891,3.93,13.39
2026-06-06 07:25:38.271,0.9,1.2,1.8,1.6,287,663,3.71,16.73
2026-06-06 07:25:38.768,0.9,1.2,1.8,1.6,309,505,3.38,19.04
2026-06-06 07:25:39.287,0.9,1.2,1.7,1.5,310,490,3.37,19.26
2026-06-06 07:25:39.757,0.9,1.2,1.8,1.3,299,493,3.53,19.22
2026-06-06 07:25:40.281,0.9,1.2,1.9,1.3,299,493,3.53,19.22
2026-06-06 07:25:40.779,0.9,1.2,1.8,1.3,299,493,3.53,19.22
2026-06-06 07:25:41.306,0.9,1.2,1.8,1.4,299,493,3.53,19.22
2026-06-06 07:25:41.806,1.0,1.2,1.8,1.4,364,507,2.58,19.01
2026-06-06 07:25:42.283,1.0,1.2,1.9,1.4,364,507,2.58,19.01
2026-06-06 07:25:42.779,1.0,1.2,2.1,1.4,352,494,2.75,19.20
2026-06-06 07:25:43.288,1.0,1.2,2.1,0.0,347,495,2.83,19.19
2026-06-06 07:25:43.758,1.0,1.2,1.6,0.0,355,505,2.71,19.04
2026-06-06 07:25:44.320,1.0,1.2,1.6,0.0,350,511,2.78,18.96
2026-06-06 07:25:44.779,1.0,1.2,1.1,0.0,348,509,2.81,18.98
2026-06-06 07:25:45.258,0.9,1.2,1.1,1.7,326,512,3.13,18.94
2026-06-06 07:25:45.787,1.0,1.2,1.3,1.8,324,512,3.16,18.94
2026-06-06 07:25:46.273,1.0,1.2,1.4,1.8,344,512,2.87,18.94
2026-06-06 07:25:46.780,1.0,1.2,1.4,1.8,344,512,2.87,18.94
2026-06-06 07:25:47.317,1.0,1.2,1.4,1.8,344,512,2.87,18.94
2026-06-06 07:25:47.817,1.1,1.2,1.4,1.7,385,522,2.27,18.79
2026-06-06 07:25:48.286,1.1,1.2,1.4,1.7,385,522,2.27,18.79
2026-06-06 07:25:48.788,1.1,1.2,1.4,1.7,390,521,2.20,18.81
2026-06-06 07:25:49.287,1.1,1.2,1.4,1.7,396,523,2.11,18.78
2026-06-06 07:25:49.784,1.1,1.2,1.5,1.6,400,520,2.05,18.82
2026-06-06 07:25:50.304,1.1,1.2,1.5,1.5,409,512,1.92,18.94
2026-06-06 07:25:50.810,1.0,1.2,1.6,1.4,378,510,2.37,18.97
2026-06-06 07:25:51.310,1.0,1.2,1.7,1.4,343,510,2.89,18.97
2026-06-06 07:25:52.301,1.0,1.2,1.7,1.4,366,512,2.55,18.94
2026-06-06 07:25:52.302,1.0,1.2,1.8,1.4,358,521,2.67,18.81
2026-06-06 07:25:52.802,1.0,1.2,1.9,1.4,348,512,2.81,18.94
2026-06-06 07:25:53.281,1.0,1.2,1.6,1.4,339,512,2.94,18.94
2026-06-06 07:25:53.788,1.0,1.2,1.5,1.3,355,510,2.71,18.97
2026-06-06 07:25:54.307,1.0,1.2,1.6,1.3,356,512,2.70,18.94
2026-06-06 07:25:54.787,1.0,1.2,1.6,1.3,347,512,2.83,18.94
2026-06-06 07:25:55.279,1.0,1.2,1.6,1.2,343,512,2.89,18.94
2026-06-06 07:25:55.786,1.0,1.2,1.6,1.2,331,521,3.06,18.81
2026-06-06 07:25:56.807,0.9,1.2,1.6,1.2,309,512,3.38,18.94
2026-06-06 07:25:56.808,0.9,1.2,1.6,1.2,290,522,3.66,18.79
2026-06-06 07:25:57.282,0.8,1.2,1.6,1.2,262,512,4.07,18.94
2026-06-06 07:25:57.817,0.8,1.2,1.6,1.3,255,512,4.17,18.94
2026-06-06 07:25:58.314,0.8,1.2,1.5,1.4,246,509,4.31,18.98
2026-06-06 07:25:58.818,0.8,1.2,1.5,1.6,226,509,4.60,18.98
2026-06-06 07:25:59.307,0.8,1.2,1.6,1.5,214,510,4.78,18.97
2026-06-06 07:25:59.817,0.8,1.2,1.8,1.5,231,512,4.53,18.94
2026-06-06 07:26:00.286,0.8,1.2,1.9,1.6,247,509,4.29,18.98
2026-06-06 07:26:01.312,0.9,1.2,2.1,1.5,264,518,4.04,18.85
2026-06-06 07:26:01.313,0.9,1.2,2.0,1.5,283,509,3.76,18.98
2026-06-06 07:26:01.778,0.9,1.2,2.0,1.5,283,509,3.76,18.98
2026-06-06 07:26:02.287,0.9,1.2,1.5,1.5,272,510,3.93,18.97
2026-06-06 07:26:02.809,0.8,1.2,1.7,1.5,243,527,4.35,18.72
2026-06-06 07:26:03.305,0.8,1.2,1.7,1.4,221,571,4.67,18.08
2026-06-06 07:26:03.801,0.8,1.2,1.7,1.3,210,584,4.83,17.89
2026-06-06 07:26:04.482,0.7,1.4,1.4,1.3,210,584,4.83,17.89
2026-06-06 07:26:04.773,0.7,1.4,1.6,1.2,199,575,5.00,18.02
2026-06-06 07:26:04.774,0.7,1.4,1.5,1.2,178,567,5.30,18.13
2026-06-06 07:26:05.332,0.7,1.4,1.5,1.2,156,569,5.62,18.11
2026-06-06 07:26:05.774,0.6,1.4,1.5,1.2,136,568,5.92,18.12
2026-06-06 07:26:06.287,0.6,1.4,1.6,1.2,124,558,6.09,18.27
2026-06-06 07:26:06.838,0.6,1.4,1.6,1.2,124,558,6.09,18.27
2026-06-06 07:26:07.317,0.6,1.4,1.7,1.3,105,586,6.37,17.86
2026-06-06 07:26:07.817,0.6,1.4,1.7,1.4,102,573,6.42,18.05
2026-06-06 07:26:08.273,0.6,1.4,1.6,1.7,112,585,6.27,17.87
2026-06-06 07:26:08.817,0.7,1.4,1.7,1.7,165,572,5.49,18.06
2026-06-06 07:26:09.288,0.7,1.4,1.7,1.7,165,572,5.49,18.06
2026-06-06 07:26:09.787,0.7,1.4,1.7,2.0,165,572,5.49,18.06
2026-06-06 07:26:10.283,0.9,1.4,1.7,2.0,289,555,3.68,18.31
2026-06-06 07:26:10.808,0.9,1.4,1.8,2.0,289,555,3.68,18.31
2026-06-06 07:26:11.301,1.0,1.4,1.8,2.0,375,570,2.42,18.09
2026-06-06 07:26:11.774,1.0,1.4,1.7,0.0,353,567,2.74,18.13
2026-06-06 07:26:12.317,1.0,1.4,1.8,0.0,375,568,2.42,18.12
2026-06-06 07:26:12.818,1.0,1.4,1.8,2.0,361,568,2.62,18.12
2026-06-06 07:26:13.288,1.0,1.4,2.1,2.0,361,568,2.62,18.12
2026-06-06 07:26:13.787,1.0,1.4,2.1,2.0,355,570,2.71,18.09
2026-06-06 07:26:14.287,1.0,1.4,2.1,2.0,352,569,2.75,18.11
2026-06-06 07:26:15.333,1.0,1.4,2.1,0.0,356,568,2.70,18.12
2026-06-06 07:26:15.334,1.0,1.4,2.2,0.0,359,560,2.65,18.24
2026-06-06 07:26:15.814,1.0,1.4,2.2,0.0,368,567,2.52,18.13
2026-06-06 07:26:16.330,1.1,1.4,2.0,0.0,387,568,2.24,18.12
2026-06-06 07:26:16.810,1.0,1.4,2.0,0.0,377,568,2.39,18.12
2026-06-06 07:26:17.289,1.0,1.4,1.7,0.0,368,569,2.52,18.11
2026-06-06 07:26:17.786,1.0,1.4,1.7,0.0,365,560,2.56,18.24
2026-06-06 07:26:18.304,1.0,1.4,1.2,0.0,365,560,2.56,18.24
2026-06-06 07:26:18.837,0.9,1.4,1.2,1.3,330,567,3.08,18.13
2026-06-06 07:26:19.297,0.9,1.4,1.0,1.3,316,570,3.28,18.09
2026-06-06 07:26:19.817,0.9,1.4,1.1,1.3,299,567,3.53,18.13
2026-06-06 07:26:20.335,1.0,1.4,1.2,1.3,322,566,3.19,18.15
2026-06-06 07:26:20.808,1.0,1.4,1.2,1.3,334,557,3.02,18.28
2026-06-06 07:26:21.308,1.0,1.4,1.5,1.4,342,558,2.90,18.27
2026-06-06 07:26:21.787,0.9,1.4,1.5,1.4,331,554,3.06,18.33
2026-06-06 07:26:22.286,0.9,1.4,1.5,1.4,318,555,3.25,18.31
2026-06-06 07:26:22.808,0.9,1.4,1.5,1.4,318,555,3.25,18.31
2026-06-06 07:26:23.288,0.8,1.4,1.8,1.4,271,554,3.94,18.33
2026-06-06 07:26:23.799,0.8,1.4,1.9,1.4,248,554,4.28,18.33
2026-06-06 07:26:24.311,0.8,1.4,2.0,1.3,234,554,4.48,18.33
2026-06-06 07:26:24.809,0.8,1.4,2.1,1.2,254,556,4.19,18.30
2026-06-06 07:26:25.287,0.9,1.4,2.2,1.1,272,557,3.93,18.28
2026-06-06 07:26:25.848,0.9,1.4,2.4,1.1,297,556,3.56,18.30
2026-06-06 07:26:26.318,1.0,1.4,2.1,1.1,359,573,2.65,18.05
2026-06-06 07:26:26.809,1.0,1.4,2.1,1.1,378,536,2.37,18.59
2026-06-06 07:26:27.289,1.1,1.4,2.3,1.2,393,538,2.15,18.56
2026-06-06 07:26:27.783,1.0,1.4,2.4,1.2,385,553,2.27,18.34
2026-06-06 07:26:28.287,1.0,1.4,2.5,1.4,354,535,2.72,18.60
2026-06-06 07:26:28.832,0.9,1.4,2.4,1.5,322,542,3.19,18.50
2026-06-06 07:26:29.349,0.9,1.4,2.3,1.5,287,538,3.71,18.56
2026-06-06 07:26:29.820,0.9,1.4,2.1,1.4,274,540,3.90,18.53
2026-06-06 07:26:30.318,0.9,1.4,2.0,1.4,282,539,3.78,18.54
2026-06-06 07:26:30.837,1.0,1.4,1.9,1.4,311,539,3.35,18.54
2026-06-06 07:26:31.317,1.1,1.4,1.9,1.5,393,528,2.15,18.71
2026-06-06 07:26:31.840,1.2,1.4,1.7,1.5,450,534,1.32,18.62
2026-06-06 07:26:32.287,1.2,1.4,1.7,1.4,450,534,1.32,18.62
2026-06-06 07:26:32.818,1.0,1.4,2.1,1.4,405,524,1.98,18.76
2026-06-06 07:26:33.307,1.0,1.4,2.2,1.4,357,512,2.68,18.94
2026-06-06 07:26:33.807,1.0,1.4,2.2,1.4,334,522,3.02,18.79
2026-06-06 07:26:34.818,0.9,1.4,2.0,1.4,330,522,3.08,18.79
2026-06-06 07:26:34.821,0.9,1.4,2.0,1.5,306,512,3.43,18.94
2026-06-06 07:26:35.340,0.9,1.4,1.7,1.6,283,523,3.76,18.78
2026-06-06 07:26:35.807,0.9,1.4,1.4,1.6,268,537,3.98,18.57
2026-06-06 07:26:36.303,0.9,1.4,1.4,1.7,268,537,3.98,18.57
2026-06-06 07:26:36.800,0.8,1.4,1.4,1.6,234,522,4.48,18.79
2026-06-06 07:26:37.339,0.9,1.4,1.4,1.5,273,512,3.91,18.94
2026-06-06 07:26:37.795,1.0,1.4,1.3,1.4,351,512,2.77,18.94
2026-06-06 07:26:38.288,1.0,1.4,1.3,1.4,351,512,2.77,18.94
2026-06-06 07:26:38.817,1.0,1.4,1.3,1.4,351,512,2.77,18.94
2026-06-06 07:26:39.317,1.0,1.4,1.3,1.4,351,512,2.77,18.94
2026-06-06 07:26:39.807,1.0,1.4,1.3,1.4,370,522,2.49,18.79
2026-06-06 07:26:40.303,1.0,1.4,1.3,0.0,366,522,2.55,18.79
2026-06-06 07:26:40.836,1.0,1.4,1.3,0.0,349,522,2.80,18.79
2026-06-06 07:26:41.315,1.0,1.4,1.3,2.0,349,522,2.80,18.79
2026-06-06 07:26:41.812,1.0,1.4,1.3,2.0,349,522,2.80,18.79
2026-06-06 07:26:42.317,0.9,1.4,1.4,2.0,282,512,3.78,18.94
2026-06-06 07:26:43.055,0.9,1.7,1.7,2.0,282,512,3.78,18.94
2026-06-06 07:26:43.304,0.9,1.7,1.4,2.0,282,512,3.78,18.94
2026-06-06 07:26:43.305,1.0,1.7,1.4,0.0,334,523,3.02,18.78
2026-06-06 07:26:43.787,0.9,1.7,1.2,0.0,319,512,3.24,18.94
2026-06-06 07:26:44.335,0.9,1.7,1.2,0.0,314,512,3.31,18.94
2026-06-06 07:26:44.848,0.9,1.7,1.1,0.0,314,512,3.31,18.94
2026-06-06 07:26:45.348,0.9,1.7,1.1,0.0,295,512,3.59,18.94
2026-06-06 07:26:45.811,0.9,1.7,1.1,0.0,278,510,3.84,18.97
2026-06-06 07:26:46.303,0.9,1.7,1.1,0.0,276,503,3.87,19.07
2026-06-06 07:26:46.809,0.8,1.7,0.0,0.0,261,494,4.09,19.20
2026-06-06 07:26:47.355,0.9,1.7,0.0,0.0,263,488,4.06,19.29
2026-06-06 07:26:47.852,0.9,1.7,0.0,0.0,265,489,4.03,19.28
2026-06-06 07:26:48.336,0.8,1.7,0.0,0.0,261,493,4.09,19.22
2026-06-06 07:26:48.807,0.8,1.7,0.0,0.0,237,506,4.44,19.03
2026-06-06 07:26:49.317,0.7,1.7,0.0,2.3,214,507,4.78,19.01
2026-06-06 07:26:49.819,0.7,1.7,1.0,2.3,184,509,5.21,18.98
2026-06-06 07:26:50.337,0.7,1.7,1.1,2.4,172,504,5.39,19.06
2026-06-06 07:26:50.838,0.7,1.7,1.0,2.4,156,509,5.62,18.98
2026-06-06 07:26:51.318,0.6,1.7,0.9,2.4,146,505,5.77,19.04
2026-06-06 07:26:51.817,0.7,1.7,0.9,2.3,148,472,5.74,19.53
2026-06-06 07:26:52.302,0.7,1.7,0.9,2.2,188,508,5.16,19.00
2026-06-06 07:26:52.800,0.7,1.7,0.8,2.2,188,508,5.16,19.00
2026-06-06 07:26:53.338,0.9,1.7,0.8,2.1,275,489,3.88,19.28
2026-06-06 07:26:54.335,0.9,1.7,0.8,1.9,295,485,3.59,19.34
2026-06-06 07:26:54.338,0.9,1.7,0.9,1.8,283,475,3.76,19.48
2026-06-06 07:26:54.838,0.9,1.7,1.0,1.8,274,476,3.90,19.47
2026-06-06 07:26:55.305,0.9,1.7,1.0,2.2,280,476,3.81,19.47
2026-06-06 07:26:55.839,0.9,1.7,1.2,2.0,285,476,3.74,19.47
2026-06-06 07:26:56.339,0.9,1.7,1.4,1.9,285,476,3.74,19.47
2026-06-06 07:26:56.817,1.2,1.7,1.6,1.6,434,478,1.55,19.44
2026-06-06 07:26:57.317,1.3,1.7,1.6,1.4,533,478,0.10,19.44
2026-06-06 07:26:58.297,1.4,1.7,1.5,1.5,563,461,-0.34,19.69
2026-06-06 07:26:58.360,1.4,1.7,1.2,1.7,580,478,-0.59,19.44
2026-06-06 07:26:58.817,1.4,1.7,1.0,1.7,611,477,-1.04,19.45
2026-06-06 07:26:59.340,1.4,1.7,1.1,1.6,611,477,-1.04,19.45
2026-06-06 07:26:59.832,1.6,1.7,1.0,1.6,683,475,-2.09,19.48
2026-06-06 07:27:00.304,1.6,1.7,0.9,1.6,715,488,-2.56,19.29
2026-06-06 07:27:00.805,1.5,1.7,0.8,1.5,699,477,-2.33,19.45
2026-06-06 07:27:01.337,1.4,1.7,0.7,1.4,612,475,-1.05,19.48
2026-06-06 07:27:01.806,1.4,1.7,0.7,1.3,594,475,-0.79,19.48
2026-06-06 07:27:02.299,1.4,1.7,0.7,1.3,579,476,-0.57,19.47
2026-06-06 07:27:02.839,1.3,1.7,0.8,1.3,560,478,-0.29,19.44
2026-06-06 07:27:03.335,1.2,1.7,0.7,1.5,522,476,0.26,19.47
2026-06-06 07:27:03.819,1.2,1.7,0.7,1.6,474,424,0.97,20.23
2026-06-06 07:27:04.537,1.1,1.7,0.7,1.6,474,424,0.97,20.23
2026-06-06 07:27:04.817,1.1,1.7,0.8,1.5,431,477,1.60,19.45
2026-06-06 07:27:04.817,1.1,1.7,0.8,1.7,424,476,1.70,19.47
2026-06-06 07:27:05.332,1.2,1.7,1.5,2.0,454,477,1.26,19.45
2026-06-06 07:27:05.874,1.3,1.7,1.5,2.1,503,456,0.54,19.76
2026-06-06 07:27:06.309,1.3,1.7,1.4,2.2,527,442,0.19,19.97
2026-06-06 07:27:06.853,1.4,1.7,1.4,2.3,578,448,-0.56,19.88
2026-06-06 07:27:07.334,1.4,1.7,1.4,2.2,601,464,-0.89,19.64
2026-06-06 07:27:07.818,1.4,1.7,1.3,2.4,628,470,-1.29,19.56
2026-06-06 07:27:08.337,1.5,1.7,1.3,2.4,619,464,-1.16,19.64
2026-06-06 07:27:08.858,1.5,1.7,1.5,2.5,640,460,-1.46,19.70
2026-06-06 07:27:09.308,1.6,1.7,1.5,2.8,677,476,-2.01,19.47
2026-06-06 07:27:09.841,1.6,1.7,1.5,2.8,728,455,-2.75,19.78
2026-06-06 07:27:10.333,1.7,1.7,1.5,2.8,770,429,-3.37,20.16
2026-06-06 07:27:10.810,1.8,1.7,0.0,3.0,822,439,-4.13,20.01
2026-06-06 07:27:11.351,1.8,1.7,0.0,3.0,822,439,-4.13,20.01
2026-06-06 07:27:11.851,1.8,1.7,0.0,2.7,822,439,-4.13,20.01
2026-06-06 07:27:12.350,1.8,1.7,0.0,2.7,822,439,-4.13,20.01
2026-06-06 07:27:12.810,1.8,1.7,0.0,2.7,0,0,7.91,26.44
2026-06-06 07:27:13.852,1.7,1.7,0.0,2.6,776,475,-3.46,19.48
2026-06-06 07:27:13.853,1.7,1.7,0.0,2.6,774,460,-3.43,19.70
2026-06-06 07:27:14.338,1.6,1.7,0.0,2.7,723,472,-2.68,19.53
2026-06-06 07:27:14.868,1.6,1.7,0.0,2.6,698,474,-2.31,19.50
2026-06-06 07:27:15.349,1.6,1.7,0.0,2.6,698,474,-2.31,19.50
2026-06-06 07:27:15.869,1.6,1.7,0.0,2.6,698,474,-2.31,19.50
2026-06-06 07:27:16.318,1.6,1.7,0.0,2.6,698,474,-2.31,19.50
2026-06-06 07:27:16.808,1.6,1.7,0.0,2.6,0,0,7.91,26.44
2026-06-06 07:27:17.337,1.6,1.7,0.0,2.0,0,0,7.91,26.44
2026-06-06 07:27:17.853,1.8,1.7,0.0,2.1,848,464,-4.51,19.64
2026-06-06 07:27:18.353,1.6,1.7,0.0,2.2,778,471,-3.49,19.54
2026-06-06 07:27:18.848,1.5,1.7,0.0,2.2,671,474,-1.92,19.50
2026-06-06 07:27:19.840,1.4,1.7,0.0,2.2,606,458,-0.97,19.73
2026-06-06 07:27:19.841,1.4,1.7,2.0,2.1,606,458,-0.97,19.73
2026-06-06 07:27:20.320,1.6,1.7,2.0,1.9,720,472,-2.64,19.53
2026-06-06 07:27:20.870,1.5,1.7,2.0,1.8,681,464,-2.07,19.64
2026-06-06 07:27:21.337,1.4,1.7,2.0,1.8,598,470,-0.85,19.56
2026-06-06 07:27:21.818,1.3,1.7,2.0,1.8,532,463,0.12,19.66
2026-06-06 07:27:22.317,1.3,1.7,1.9,1.8,508,462,0.47,19.67
2026-06-06 07:27:22.817,1.4,1.7,1.9,1.6,581,472,-0.60,19.53
2026-06-06 07:27:24.039,1.3,1.7,1.9,1.6,581,472,-0.60,19.53
2026-06-06 07:27:24.337,1.3,1.7,2.1,1.5,565,458,-0.37,19.73
2026-06-06 07:27:24.338,1.3,1.7,2.1,1.6,539,458,0.01,19.73
2026-06-06 07:27:24.338,1.2,1.7,2.1,1.8,506,457,0.50,19.75
2026-06-06 07:27:24.832,1.3,1.7,2.2,1.8,504,478,0.53,19.44
2026-06-06 07:27:25.329,1.3,1.7,2.3,1.7,515,473,0.37,19.51
2026-06-06 07:27:25.854,1.3,1.7,2.3,1.7,515,473,0.37,19.51
2026-06-06 07:27:26.867,1.3,1.7,2.2,1.8,515,473,0.37,19.51
2026-06-06 07:27:26.868,1.3,1.7,2.2,1.9,504,463,0.53,19.66
2026-06-06 07:27:27.317,1.2,1.7,2.2,1.9,504,463,0.53,19.66
2026-06-06 07:27:27.818,1.3,1.7,2.5,2.0,510,461,0.44,19.69
2026-06-06 07:27:28.341,1.3,1.7,2.6,2.3,555,472,-0.22,19.53
2026-06-06 07:27:29.349,1.3,1.7,2.7,2.4,548,463,-0.12,19.66
2026-06-06 07:27:29.350,1.3,1.7,2.9,2.3,531,457,0.13,19.75
2026-06-06 07:27:29.830,1.2,1.7,3.0,2.4,501,456,0.57,19.76
2026-06-06 07:27:30.339,1.2,1.7,3.0,2.5,483,456,0.83,19.76
2026-06-06 07:27:30.818,1.2,1.7,3.0,2.4,480,460,0.88,19.70
2026-06-06 07:27:31.317,1.3,1.7,3.0,2.2,502,456,0.56,19.76
2026-06-06 07:27:31.885,1.3,1.7,2.3,1.9,529,456,0.16,19.76
2026-06-06 07:27:32.335,1.4,1.7,2.3,2.1,581,442,-0.60,19.97
2026-06-06 07:27:32.865,1.5,1.7,2.4,2.1,644,441,-1.52,19.98
2026-06-06 07:27:33.345,1.6,1.7,2.5,2.2,703,441,-2.39,19.98
2026-06-06 07:27:33.854,1.6,1.7,2.5,2.6,727,432,-2.74,20.11
2026-06-06 07:27:34.322,1.6,1.7,2.5,2.7,722,441,-2.67,19.98
2026-06-06 07:27:34.870,1.6,1.7,2.5,2.7,715,446,-2.56,19.91
2026-06-06 07:27:35.317,1.6,1.7,2.5,2.7,715,446,-2.56,19.91
2026-06-06 07:27:35.868,1.5,1.7,2.7,2.6,675,460,-1.98,19.70
2026-06-06 07:27:36.347,1.6,1.7,2.8,2.6,689,443,-2.18,19.95
2026-06-06 07:27:36.828,1.6,1.7,2.7,2.6,689,443,-2.18,19.95
2026-06-06 07:27:37.367,1.5,1.7,2.4,2.7,681,473,-2.07,19.51
2026-06-06 07:27:37.864,1.4,1.7,2.5,2.7,621,473,-1.19,19.51
2026-06-06 07:27:38.335,1.3,1.7,2.4,2.6,556,461,-0.23,19.69
2026-06-06 07:27:38.871,1.3,1.7,2.0,2.4,533,477,0.10,19.45
2026-06-06 07:27:39.363,1.2,1.7,1.8,2.5,496,472,0.64,19.53
2026-06-06 07:27:39.874,1.3,1.7,1.8,2.5,495,477,0.66,19.45
2026-06-06 07:27:40.318,1.3,1.7,1.8,2.0,517,476,0.34,19.47
2026-06-06 07:27:40.869,1.3,1.7,1.8,2.0,540,455,0.00,19.78
2026-06-06 07:27:41.885,1.3,1.7,0.0,2.0,538,477,0.03,19.45
2026-06-06 07:27:41.885,1.2,1.7,2.4,1.9,515,475,0.37,19.48
2026-06-06 07:27:42.317,1.2,1.7,2.4,2.0,478,479,0.91,19.42
2026-06-06 07:27:42.838,1.2,1.7,2.4,2.0,478,479,0.91,19.42
2026-06-06 07:27:43.332,1.1,1.7,1.8,2.0,458,478,1.20,19.44
2026-06-06 07:27:43.837,1.0,1.7,1.8,1.9,407,475,1.95,19.48
2026-06-06 07:27:44.331,1.0,1.7,1.9,1.9,365,473,2.56,19.51
2026-06-06 07:27:44.841,0.9,1.7,1.9,1.8,337,472,2.97,19.53
2026-06-06 07:27:45.343,0.9,1.7,1.8,1.7,337,472,2.97,19.53
2026-06-06 07:27:45.839,0.9,1.7,1.9,1.5,337,472,2.97,19.53
2026-06-06 07:27:46.367,0.9,1.7,1.9,1.5,337,472,2.97,19.53
2026-06-06 07:27:46.831,1.1,1.7,1.9,1.8,395,491,2.12,19.25
2026-06-06 07:27:47.338,1.2,1.7,1.9,1.8,443,492,1.42,19.23
2026-06-06 07:27:47.879,1.3,1.7,2.6,2.2,517,494,0.34,19.20
2026-06-06 07:27:48.348,1.4,1.7,2.6,2.1,576,489,-0.53,19.28
2026-06-06 07:27:48.867,1.4,1.7,3.1,2.1,576,489,-0.53,19.28
2026-06-06 07:27:49.358,1.4,1.7,3.1,1.9,576,489,-0.53,19.28
2026-06-06 07:27:49.883,1.4,1.7,3.2,1.8,576,489,-0.53,19.28
2026-06-06 07:27:50.377,1.4,1.7,3.0,1.7,604,490,-0.94,19.26
2026-06-06 07:27:50.837,1.3,1.7,2.4,1.7,536,478,0.06,19.44
2026-06-06 07:27:51.380,1.2,1.7,2.2,1.8,496,460,0.64,19.70
2026-06-06 07:27:51.879,1.2,1.7,2.1,1.6,478,491,0.91,19.25
2026-06-06 07:27:52.837,1.2,1.7,1.9,1.5,481,490,0.86,19.26
2026-06-06 07:27:52.897,1.2,1.7,2.1,1.7,481,490,0.86,19.26
2026-06-06 07:27:53.342,1.2,1.7,2.1,1.9,488,495,0.76,19.19
2026-06-06 07:27:53.882,1.2,1.7,2.5,2.0,479,490,0.89,19.26
2026-06-06 07:27:54.379,1.3,1.7,2.6,2.5,490,492,0.73,19.23
2026-06-06 07:27:54.858,1.6,1.7,2.2,2.7,624,487,-1.23,19.31
2026-06-06 07:27:55.369,1.6,1.7,2.0,2.8,750,489,-3.08,19.28
2026-06-06 07:27:55.886,1.5,1.7,1.9,3.0,685,489,-2.12,19.28
2026-06-06 07:27:56.378,1.4,1.7,1.9,2.0,622,473,-1.20,19.51
2026-06-06 07:27:56.857,1.4,1.7,2.0,2.0,594,461,-0.79,19.69
2026-06-06 07:27:57.383,1.4,1.7,2.3,1.7,598,474,-0.85,19.50
2026-06-06 07:27:57.879,1.4,1.7,2.6,2.0,594,479,-0.79,19.42
2026-06-06 07:27:58.335,1.3,1.7,2.9,2.1,551,474,-0.16,19.50
2026-06-06 07:27:59.348,1.3,1.7,3.2,2.1,543,461,-0.04,19.69
2026-06-06 07:27:59.349,1.2,1.7,3.4,2.0,510,461,0.44,19.69
2026-06-06 07:27:59.890,1.3,1.7,3.2,2.0,506,460,0.50,19.70
2026-06-06 07:28:00.342,1.3,1.7,3.0,2.2,540,462,0.00,19.67
2026-06-06 07:28:00.870,1.3,1.7,2.8,2.1,551,474,-0.16,19.50
2026-06-06 07:28:01.342,1.2,1.7,2.7,2.0,502,504,0.56,19.06
2026-06-06 07:28:01.854,1.1,1.7,2.0,1.8,447,478,1.36,19.44
2026-06-06 07:28:02.352,1.3,1.7,1.9,1.7,452,474,1.29,19.50
2026-06-06 07:28:02.850,1.4,1.7,2.2,1.7,568,487,-0.41,19.31
2026-06-06 07:28:03.368,1.5,1.7,2.2,1.6,645,477,-1.54,19.45
2026-06-06 07:28:03.870,1.6,1.7,2.0,1.6,686,478,-2.14,19.44
2026-06-06 07:28:04.369,1.5,1.7,2.1,1.8,663,477,-1.80,19.45
2026-06-06 07:28:04.868,1.5,1.7,2.3,1.9,663,472,-1.80,19.53
2026-06-06 07:28:05.365,1.4,1.7,2.5,1.9,595,480,-0.81,19.41
2026-06-06 07:28:06.337,1.3,1.7,2.5,1.9,564,478,-0.35,19.44
2026-06-06 07:28:06.398,1.4,1.7,3.3,1.9,603,478,-0.92,19.44
2026-06-06 07:28:06.852,1.4,1.7,3.3,1.9,608,454,-1.00,19.79
2026-06-06 07:28:07.351,1.3,1.7,2.8,1.9,608,504,-1.00,19.06
2026-06-06 07:28:07.850,1.3,1.7,2.4,1.9,523,489,0.25,19.28
2026-06-06 07:28:08.368,1.2,1.7,2.0,1.8,483,477,0.83,19.45
2026-06-06 07:28:08.867,1.2,1.7,1.6,1.6,459,476,1.19,19.47
2026-06-06 07:28:09.368,1.1,1.7,1.5,1.7,450,477,1.32,19.45
2026-06-06 07:28:09.865,1.2,1.7,1.5,1.8,458,476,1.20,19.47
2026-06-06 07:28:10.334,1.2,1.7,1.5,1.9,458,476,1.20,19.47
2026-06-06 07:28:10.839,1.2,1.7,1.8,2.2,458,476,1.20,19.47
2026-06-06 07:28:11.386,1.3,1.7,1.8,2.4,517,472,0.34,19.53
2026-06-06 07:28:11.871,1.3,1.7,1.8,2.5,538,473,0.03,19.51
2026-06-06 07:28:12.378,1.3,1.7,1.7,2.6,547,474,-0.10,19.50
2026-06-06 07:28:12.891,1.3,1.7,1.7,2.6,547,478,-0.10,19.44
2026-06-06 07:28:13.338,1.3,1.7,1.8,2.7,546,439,-0.09,20.01
2026-06-06 07:28:13.898,1.3,1.7,1.9,2.8,542,474,-0.03,19.50
2026-06-06 07:28:14.395,1.2,1.7,2.0,2.3,499,463,0.60,19.66
2026-06-06 07:28:14.858,1.1,1.7,2.0,2.2,434,475,1.55,19.48
2026-06-06 07:28:15.368,1.1,1.7,1.9,2.3,434,475,1.55,19.48
2026-06-06 07:28:15.869,1.1,1.7,1.8,2.7,434,475,1.55,19.48
2026-06-06 07:28:16.398,1.3,1.7,1.8,3.0,488,473,0.76,19.51
2026-06-06 07:28:16.859,1.4,1.7,1.9,2.9,580,477,-0.59,19.45
2026-06-06 07:28:17.368,1.5,1.7,1.8,3.2,633,491,-1.36,19.25
2026-06-06 07:28:17.867,1.5,1.7,2.1,3.2,633,491,-1.36,19.25
2026-06-06 07:28:18.368,1.6,1.7,2.9,3.3,697,492,-2.30,19.23
2026-06-06 07:28:18.868,1.6,1.7,3.2,3.2,697,492,-2.30,19.23
2026-06-06 07:28:19.349,1.6,1.7,3.1,3.0,697,493,-2.30,19.22
2026-06-06 07:28:19.849,1.5,1.7,3.1,2.9,665,494,-1.83,19.20
2026-06-06 07:28:20.359,1.5,1.7,2.6,2.8,667,505,-1.86,19.04
2026-06-06 07:28:20.852,1.5,1.7,2.1,2.4,678,493,-2.02,19.22
2026-06-06 07:28:21.351,1.5,1.7,2.3,2.4,655,495,-1.68,19.19
2026-06-06 07:28:21.898,1.5,1.7,2.4,2.4,659,496,-1.74,19.17
2026-06-06 07:28:22.398,1.5,1.7,2.4,2.4,647,504,-1.57,19.06
2026-06-06 07:28:22.897,1.4,1.7,2.3,2.2,630,492,-1.32,19.23
2026-06-06 07:28:23.598,1.4,2.2,2.2,2.2,630,492,-1.32,19.23
2026-06-06 07:28:23.848,1.4,2.2,2.2,2.2,602,503,-0.91,19.07
2026-06-06 07:28:23.848,1.3,2.2,2.1,2.1,543,494,-0.04,19.20
2026-06-06 07:28:24.367,1.2,2.2,2.1,2.3,502,509,0.56,18.98
2026-06-06 07:28:24.897,1.2,2.2,2.2,2.3,463,480,1.13,19.41
2026-06-06 07:28:25.367,1.2,2.2,2.2,2.2,460,494,1.17,19.20
2026-06-06 07:28:25.855,1.1,2.2,2.0,2.2,447,502,1.36,19.09
2026-06-06 07:28:26.368,1.2,2.2,2.1,2.1,455,504,1.25,19.06
2026-06-06 07:28:26.851,1.1,2.2,2.1,2.1,450,504,1.32,19.06
2026-06-06 07:28:27.387,1.2,2.2,2.1,2.0,474,504,0.97,19.06
2026-06-06 07:28:27.890,1.3,2.2,2.1,2.1,518,505,0.32,19.04
2026-06-06 07:28:28.401,1.4,2.2,2.2,2.3,556,508,-0.23,19.00
2026-06-06 07:28:28.881,1.4,2.2,2.3,2.3,585,493,-0.66,19.22
2026-06-06 07:28:29.366,1.4,2.2,2.5,2.3,588,492,-0.70,19.23
2026-06-06 07:28:29.869,1.4,2.2,2.4,2.3,590,495,-0.73,19.19
2026-06-06 07:28:30.413,1.4,2.2,2.3,2.1,620,491,-1.17,19.25
2026-06-06 07:28:30.850,1.4,2.2,2.3,2.1,606,487,-0.97,19.31
2026-06-06 07:28:31.387,1.4,2.2,2.2,2.4,588,493,-0.70,19.22
2026-06-06 07:28:31.897,1.5,2.2,2.2,2.4,647,508,-1.57,19.00
2026-06-06 07:28:32.350,1.6,2.2,2.3,2.3,697,489,-2.30,19.28
2026-06-06 07:28:32.896,1.5,2.2,2.3,2.1,706,477,-2.43,19.45
2026-06-06 07:28:33.384,1.5,2.2,2.3,2.1,706,477,-2.43,19.45
2026-06-06 07:28:33.881,1.3,2.2,2.3,1.9,575,505,-0.51,19.04
2026-06-06 07:28:34.398,1.3,2.2,2.3,1.9,575,505,-0.51,19.04
2026-06-06 07:28:34.897,1.2,2.2,2.0,1.9,481,505,0.86,19.04
2026-06-06 07:28:35.382,1.2,2.2,2.0,1.9,481,505,0.86,19.04
2026-06-06 07:28:35.880,1.2,2.2,2.0,1.8,488,503,0.76,19.07
2026-06-06 07:28:36.398,1.2,2.2,2.2,1.8,462,489,1.14,19.28
2026-06-06 07:28:36.894,1.2,2.2,2.4,1.9,462,478,1.14,19.44
2026-06-06 07:28:37.380,1.2,2.2,2.4,1.9,462,478,1.14,19.44
2026-06-06 07:28:37.862,1.4,2.2,2.7,1.9,516,496,0.35,19.17
2026-06-06 07:28:38.414,1.4,2.2,2.7,2.1,593,504,-0.78,19.06
2026-06-06 07:28:38.873,1.4,2.2,2.7,2.2,602,492,-0.91,19.23
2026-06-06 07:28:39.367,1.5,2.2,2.7,2.1,635,503,-1.39,19.07
2026-06-06 07:28:39.855,1.5,2.2,2.6,2.1,635,503,-1.39,19.07
2026-06-06 07:28:40.368,1.5,2.2,2.8,2.2,635,503,-1.39,19.07
2026-06-06 07:28:40.865,1.5,2.2,2.8,2.2,635,503,-1.39,19.07
2026-06-06 07:28:41.387,1.3,2.2,2.8,2.0,575,495,-0.51,19.19
2026-06-06 07:28:41.855,1.2,2.2,2.8,2.0,511,492,0.42,19.23
2026-06-06 07:28:42.398,1.2,2.2,2.3,2.0,478,505,0.91,19.04
2026-06-06 07:28:42.868,1.2,2.2,1.8,1.7,478,505,0.91,19.04
2026-06-06 07:28:43.367,1.2,2.2,1.8,1.5,448,490,1.35,19.26
2026-06-06 07:28:43.866,1.2,2.2,1.8,1.7,466,490,1.08,19.26
2026-06-06 07:28:44.381,1.2,2.2,1.5,1.8,487,504,0.78,19.06
2026-06-06 07:28:44.898,1.2,2.2,2.0,1.8,487,504,0.78,19.06
2026-06-06 07:28:45.369,1.3,2.2,2.0,1.7,549,507,-0.13,19.01
2026-06-06 07:28:45.864,1.3,2.2,2.3,1.7,549,507,-0.13,19.01
2026-06-06 07:28:46.381,1.3,2.2,2.3,1.7,576,506,-0.53,19.03
2026-06-06 07:28:46.897,1.3,2.2,2.3,1.6,576,506,-0.53,19.03
2026-06-06 07:28:47.382,1.2,2.2,2.2,1.5,477,506,0.92,19.03
2026-06-06 07:28:47.878,1.3,2.2,1.9,1.5,477,506,0.92,19.03
2026-06-06 07:28:48.404,1.3,2.2,1.9,1.4,534,508,0.09,19.00
2026-06-06 07:28:48.867,1.2,2.2,1.3,1.4,497,507,0.63,19.01
2026-06-06 07:28:49.357,1.1,2.2,1.3,1.7,456,510,1.23,18.97
2026-06-06 07:28:49.861,1.1,2.2,1.9,1.8,432,519,1.58,18.84
2026-06-06 07:28:50.378,1.1,2.2,1.9,2.0,423,524,1.71,18.76
2026-06-06 07:28:50.887,1.2,2.2,1.8,2.0,435,512,1.54,18.94
2026-06-06 07:28:51.397,1.2,2.2,1.8,1.8,435,523,1.54,18.78
2026-06-06 07:28:51.884,1.2,2.2,1.9,1.6,503,477,0.54,19.45
2026-06-06 07:28:52.380,1.2,2.2,2.2,1.5,503,477,0.54,19.45
2026-06-06 07:28:52.909,1.4,2.2,2.3,1.6,544,510,-0.06,18.97
2026-06-06 07:28:53.368,1.3,2.2,2.4,1.7,562,525,-0.32,18.75
2026-06-06 07:28:53.897,1.3,2.2,2.4,1.7,539,535,0.01,18.60
2026-06-06 07:28:54.397,1.3,2.2,3.1,1.8,513,504,0.40,19.06
2026-06-06 07:28:54.887,1.3,2.2,3.0,1.8,531,535,0.13,18.60
2026-06-06 07:28:55.391,1.3,2.2,3.0,1.8,519,566,0.31,18.15
2026-06-06 07:28:55.897,1.2,2.2,2.0,1.8,513,557,0.40,18.28
2026-06-06 07:28:56.381,1.2,2.2,1.3,1.9,489,556,0.75,18.30
2026-06-06 07:28:56.881,1.2,2.2,1.2,1.8,474,555,0.97,18.31
2026-06-06 07:28:57.417,1.2,2.2,1.5,2.0,472,554,1.00,18.33
2026-06-06 07:28:57.868,1.2,2.2,1.5,2.1,462,555,1.14,18.31
2026-06-06 07:28:58.398,1.2,2.2,1.8,2.2,459,553,1.19,18.34
2026-06-06 07:28:58.882,1.2,2.2,1.8,2.2,482,553,0.85,18.34
2026-06-06 07:28:59.378,1.2,2.2,1.4,1.9,482,553,0.85,18.34
2026-06-06 07:28:59.897,1.2,2.2,1.4,1.8,485,543,0.81,18.49
2026-06-06 07:29:00.403,1.2,2.2,2.0,1.7,494,542,0.67,18.50
2026-06-06 07:29:00.867,1.1,2.2,2.0,1.7,471,542,1.01,18.50
2026-06-06 07:29:01.411,1.1,2.2,2.1,1.5,438,542,1.49,18.50
2026-06-06 07:29:01.915,1.1,2.2,2.0,1.4,426,553,1.67,18.34
2026-06-06 07:29:02.407,1.1,2.2,2.2,1.5,418,550,1.79,18.38
2026-06-06 07:29:02.873,1.1,2.2,2.2,1.5,415,551,1.83,18.37
2026-06-06 07:29:03.397,1.2,2.2,2.5,1.7,449,551,1.33,18.37
2026-06-06 07:29:03.887,1.3,2.2,2.5,1.9,480,550,0.88,18.38
2026-06-06 07:29:04.868,1.3,2.2,2.5,2.3,514,544,0.38,18.47
2026-06-06 07:29:04.929,1.2,2.2,2.3,2.3,500,543,0.59,18.49
2026-06-06 07:29:05.418,1.2,2.2,2.2,2.3,468,552,1.05,18.35
2026-06-06 07:29:05.894,1.2,2.2,2.2,2.5,439,554,1.48,18.33
2026-06-06 07:29:06.389,1.1,2.2,2.3,2.6,464,557,1.11,18.28
2026-06-06 07:29:06.897,1.1,2.2,2.2,2.5,441,542,1.45,18.50
2026-06-06 07:29:07.381,1.1,2.2,2.3,2.1,414,538,1.85,18.56
2026-06-06 07:29:07.918,1.1,2.2,2.2,1.8,415,535,1.83,18.60
2026-06-06 07:29:08.368,1.2,2.2,2.0,1.7,436,536,1.52,18.59
2026-06-06 07:29:08.868,1.3,2.2,1.9,1.6,490,537,0.73,18.57
2026-06-06 07:29:09.369,1.3,2.2,2.2,1.7,559,489,-0.28,19.28
2026-06-06 07:29:09.869,1.3,2.2,2.6,1.7,542,536,-0.03,18.59
2026-06-06 07:29:10.399,1.3,2.2,2.9,1.8,537,541,0.04,18.52
2026-06-06 07:29:10.896,1.4,2.2,3.0,1.9,556,542,-0.23,18.50
2026-06-06 07:29:11.369,1.4,2.2,3.1,1.8,556,542,-0.23,18.50
2026-06-06 07:29:11.870,1.4,2.2,3.1,1.7,624,536,-1.23,18.59
2026-06-06 07:29:12.369,1.4,2.2,2.8,1.8,614,541,-1.08,18.52
2026-06-06 07:29:13.417,1.4,2.2,2.5,1.8,588,528,-0.70,18.71
2026-06-06 07:29:13.418,1.3,2.2,2.4,1.7,557,526,-0.25,18.74
2026-06-06 07:29:13.891,1.3,2.2,2.2,1.6,557,526,-0.25,18.74
2026-06-06 07:29:14.397,1.3,2.2,2.1,1.5,557,526,-0.25,18.74
2026-06-06 07:29:14.897,1.3,2.2,2.0,1.4,557,526,-0.25,18.74
2026-06-06 07:29:15.401,1.3,2.2,1.9,1.5,525,524,0.22,18.76
2026-06-06 07:29:15.897,1.3,2.2,1.9,1.5,552,538,-0.18,18.56
2026-06-06 07:29:16.414,1.3,2.2,1.7,1.5,525,512,0.22,18.94
2026-06-06 07:29:16.926,1.4,2.2,1.7,1.7,549,509,-0.13,18.98
2026-06-06 07:29:17.890,1.4,2.2,1.6,1.8,604,522,-0.94,18.79
2026-06-06 07:29:17.892,1.3,2.2,1.7,1.7,557,527,-0.25,18.72
2026-06-06 07:29:18.397,1.2,2.2,1.9,1.7,495,527,0.66,18.72
2026-06-06 07:29:18.929,1.2,2.2,2.0,1.6,479,512,0.89,18.94
2026-06-06 07:29:19.391,1.2,2.2,2.0,1.5,479,512,0.89,18.94
2026-06-06 07:29:19.886,1.2,2.2,2.0,1.5,479,512,0.89,18.94
2026-06-06 07:29:20.430,1.1,2.2,2.1,1.5,444,528,1.41,18.71
2026-06-06 07:29:20.890,1.1,2.2,2.4,1.6,419,535,1.77,18.60
2026-06-06 07:29:21.417,1.2,2.2,2.4,1.6,430,534,1.61,18.62
2026-06-06 07:29:21.893,1.4,2.2,2.6,1.7,527,523,0.19,18.78
2026-06-06 07:29:22.397,1.3,2.2,2.9,1.7,557,510,-0.25,18.97
2026-06-06 07:29:22.926,1.3,2.2,2.9,1.6,526,512,0.21,18.94
2026-06-06 07:29:23.413,1.2,2.2,2.9,1.6,513,511,0.40,18.96
2026-06-06 07:29:23.886,1.3,2.2,2.9,1.6,535,522,0.07,18.79
2026-06-06 07:29:24.400,1.3,2.2,0.0,1.7,535,522,0.07,18.79
2026-06-06 07:29:24.884,1.4,2.2,2.8,1.7,576,525,-0.53,18.75
2026-06-06 07:29:25.426,1.3,2.2,2.6,1.7,556,528,-0.23,18.71
2026-06-06 07:29:25.891,1.4,2.2,2.9,1.8,567,524,-0.40,18.76
2026-06-06 07:29:26.428,1.6,2.2,3.0,1.8,657,520,-1.71,18.82
2026-06-06 07:29:26.924,1.6,2.2,3.0,1.8,738,508,-2.90,19.00
2026-06-06 07:29:27.388,1.6,2.2,3.0,1.8,734,490,-2.84,19.26
2026-06-06 07:29:27.881,1.6,2.2,3.0,1.8,734,490,-2.84,19.26
2026-06-06 07:29:28.885,1.5,2.2,2.9,1.9,653,508,-1.66,19.00
2026-06-06 07:29:28.942,1.5,2.2,3.0,1.9,645,510,-1.54,18.97
2026-06-06 07:29:29.427,1.4,2.2,3.1,1.8,636,520,-1.41,18.82
2026-06-06 07:29:29.928,1.5,2.2,3.3,1.8,623,523,-1.22,18.78
2026-06-06 07:29:30.392,1.4,2.2,3.4,1.8,610,508,-1.03,19.00
2026-06-06 07:29:30.900,1.3,2.2,3.4,1.8,570,523,-0.44,18.78
2026-06-06 07:29:31.396,1.4,2.2,3.2,1.8,576,525,-0.53,18.75
2026-06-06 07:29:31.922,1.4,2.2,3.0,1.8,587,544,-0.69,18.47
2026-06-06 07:29:32.413,1.3,2.2,3.1,1.8,557,554,-0.25,18.33
2026-06-06 07:29:32.928,1.3,2.2,3.0,1.7,536,542,0.06,18.50
2026-06-06 07:29:33.427,1.2,2.2,3.0,1.8,512,509,0.41,18.98
2026-06-06 07:29:33.914,1.2,2.2,3.0,1.9,479,542,0.89,18.50
2026-06-06 07:29:34.410,1.2,2.2,2.9,1.8,477,538,0.92,18.56
2026-06-06 07:29:35.427,1.3,2.2,2.6,1.8,511,538,0.42,18.56
2026-06-06 07:29:35.427,1.3,2.2,2.3,1.8,535,540,0.07,18.53
2026-06-06 07:29:35.928,1.4,2.2,2.1,1.9,566,540,-0.38,18.53
2026-06-06 07:29:36.423,1.3,2.2,2.1,1.9,551,539,-0.16,18.54
2026-06-06 07:29:36.888,1.2,2.2,2.4,1.8,479,538,0.89,18.56
2026-06-06 07:29:37.397,1.1,2.2,2.1,1.7,426,539,1.67,18.54
2026-06-06 07:29:37.913,1.1,2.2,1.8,1.6,414,539,1.85,18.54
2026-06-06 07:29:38.410,1.1,2.2,1.7,1.7,403,540,2.01,18.53
2026-06-06 07:29:38.921,1.0,2.2,1.8,1.8,389,539,2.21,18.54
2026-06-06 07:29:39.427,1.0,2.2,1.9,1.8,363,539,2.59,18.54
2026-06-06 07:29:39.924,1.1,2.2,1.9,1.8,385,539,2.27,18.54
2026-06-06 07:29:40.413,1.1,2.2,1.9,1.8,398,540,2.08,18.53
2026-06-06 07:29:40.944,1.0,2.2,1.8,1.7,387,540,2.24,18.53
2026-06-06 07:29:41.382,1.1,2.2,1.8,1.6,382,539,2.31,18.54
2026-06-06 07:29:41.942,1.1,2.2,1.8,1.6,409,527,1.92,18.72
2026-06-06 07:29:42.398,1.1,2.2,1.8,1.6,409,527,1.92,18.72
2026-06-06 07:29:42.927,1.1,2.2,2.0,1.6,409,527,1.92,18.72
2026-06-06 07:29:43.426,1.1,2.2,2.1,1.8,409,475,1.92,19.48
2026-06-06 07:29:43.885,1.1,2.2,2.1,2.0,409,475,1.92,19.48
2026-06-06 07:29:44.428,1.4,2.2,2.1,2.2,506,475,0.50,19.48
2026-06-06 07:29:44.929,1.4,2.2,2.2,2.3,506,475,0.50,19.48
2026-06-06 07:29:45.417,1.6,2.2,2.3,2.3,656,512,-1.70,18.94
2026-06-06 07:29:45.939,1.8,2.2,2.2,2.2,751,542,-3.09,18.50
2026-06-06 07:29:46.944,1.8,2.2,2.0,2.2,751,542,-3.09,18.50
2026-06-06 07:29:46.945,1.8,2.2,2.0,2.2,751,542,-3.09,18.50
2026-06-06 07:29:47.439,1.9,2.2,2.0,2.1,895,559,-5.20,18.25
2026-06-06 07:29:47.889,1.9,2.2,1.9,2.1,895,559,-5.20,18.25
2026-06-06 07:29:48.399,1.9,2.2,2.0,2.1,895,559,-5.20,18.25
2026-06-06 07:29:48.897,1.9,2.2,2.0,2.0,895,559,-5.20,18.25
2026-06-06 07:29:49.946,1.6,2.2,2.3,1.9,777,512,-3.47,18.94
2026-06-06 07:29:49.947,1.5,2.2,2.5,1.7,695,520,-2.27,18.82
2026-06-06 07:29:50.442,1.4,2.2,2.0,1.6,619,511,-1.16,18.96
2026-06-06 07:29:50.890,1.3,2.2,1.7,1.6,567,520,-0.40,18.82
2026-06-06 07:29:51.397,1.3,2.2,1.9,1.8,538,504,0.03,19.06
2026-06-06 07:29:51.942,1.4,2.2,2.2,2.0,555,503,-0.22,19.07
2026-06-06 07:29:52.439,1.4,2.2,2.3,1.9,598,505,-0.85,19.04
2026-06-06 07:29:52.895,1.5,2.2,2.4,2.0,609,490,-1.01,19.26
2026-06-06 07:29:53.397,1.5,2.2,2.2,2.0,644,503,-1.52,19.07
2026-06-06 07:29:53.944,1.5,2.2,2.2,2.0,635,527,-1.39,18.72
2026-06-06 07:29:54.407,1.6,2.2,2.3,2.3,678,539,-2.02,18.54
2026-06-06 07:29:54.917,1.8,2.2,2.4,2.5,768,550,-3.34,18.38
2026-06-06 07:29:55.398,1.8,2.2,2.4,2.5,861,581,-4.70,17.93
2026-06-06 07:29:55.950,1.9,2.2,2.4,2.7,860,598,-4.69,17.68
2026-06-06 07:29:56.421,1.9,2.2,2.3,2.5,884,602,-5.04,17.62
2026-06-06 07:29:56.928,1.9,2.2,2.1,2.5,884,602,-5.04,17.62
2026-06-06 07:29:57.447,1.9,2.2,2.0,2.8,885,603,-5.05,17.61
2026-06-06 07:29:58.447,1.8,2.2,2.0,2.8,875,604,-4.91,17.59
2026-06-06 07:29:58.447,1.8,2.2,1.9,2.7,836,601,-4.34,17.64
2026-06-06 07:29:58.926,1.8,2.2,2.0,2.4,836,601,-4.34,17.64
2026-06-06 07:29:59.909,1.7,2.2,2.1,2.6,788,602,-3.63,17.62
2026-06-06 07:29:59.909,1.6,2.2,2.2,2.6,752,602,-3.11,17.62
2026-06-06 07:30:00.436,1.6,2.2,2.2,2.6,752,602,-3.11,17.62
2026-06-06 07:30:00.927,1.5,2.2,3.0,2.7,691,621,-2.21,17.34
2026-06-06 07:30:01.426,1.5,2.2,3.2,2.8,660,632,-1.76,17.18
2026-06-06 07:30:01.908,1.5,2.2,2.6,2.7,680,621,-2.05,17.34
2026-06-06 07:30:02.438,1.5,2.2,2.6,2.8,665,621,-1.83,17.34
2026-06-06 07:30:02.896,1.5,2.2,2.6,2.9,632,632,-1.35,17.18
2026-06-06 07:30:03.445,1.5,2.2,2.6,2.9,632,632,-1.35,17.18
2026-06-06 07:30:03.943,1.4,2.2,2.6,2.8,608,622,-1.00,17.33
2026-06-06 07:30:04.414,1.4,2.2,2.3,2.7,583,620,-0.63,17.36
2026-06-06 07:30:04.927,1.4,2.2,2.2,2.6,568,620,-0.41,17.36
2026-06-06 07:30:05.414,1.4,2.2,2.0,2.5,575,620,-0.51,17.36
2026-06-06 07:30:05.955,1.4,2.2,1.8,2.0,575,620,-0.51,17.36
2026-06-06 07:30:06.414,1.4,2.2,1.8,1.7,591,622,-0.75,17.33
2026-06-06 07:30:06.928,1.4,2.2,1.7,1.8,581,622,-0.60,17.33
2026-06-06 07:30:07.428,1.3,2.2,1.6,1.6,545,619,-0.07,17.37
2026-06-06 07:30:07.929,1.2,2.2,1.5,1.5,495,598,0.66,17.68
2026-06-06 07:30:08.414,1.1,2.2,1.5,1.5,446,592,1.38,17.77
2026-06-06 07:30:08.909,1.1,2.2,1.4,1.4,414,599,1.85,17.67
2026-06-06 07:30:09.422,1.1,2.2,1.4,1.4,414,599,1.85,17.67
2026-06-06 07:30:09.927,1.1,2.2,1.3,1.4,409,553,1.92,18.34
2026-06-06 07:30:10.427,1.1,2.2,1.3,1.4,397,541,2.09,18.52
2026-06-06 07:30:10.924,1.0,2.2,1.3,1.5,384,542,2.29,18.50
2026-06-06 07:30:11.447,1.0,2.2,1.3,1.5,347,538,2.83,18.56
2026-06-06 07:30:11.949,0.9,2.2,1.3,1.4,316,541,3.28,18.52
2026-06-06 07:30:12.446,0.9,2.2,0.0,1.6,316,541,3.28,18.52
2026-06-06 07:30:12.927,0.9,2.2,0.0,1.8,316,541,3.28,18.52
2026-06-06 07:30:13.418,0.9,2.2,2.4,2.1,316,541,3.28,18.52
2026-06-06 07:30:13.921,0.9,2.2,2.4,2.2,0,0,7.91,26.44
2026-06-06 07:30:14.428,0.7,2.2,2.4,2.3,215,263,4.76,22.59
2026-06-06 07:30:14.931,0.7,2.2,2.4,2.2,187,248,5.17,22.81
2026-06-06 07:30:15.427,0.7,2.2,0.0,2.2,187,248,5.17,22.81
2026-06-06 07:30:15.927,0.7,2.2,0.0,1.9,159,250,5.58,22.78
2026-06-06 07:30:16.427,0.8,2.2,0.0,1.7,183,250,5.23,22.78
2026-06-06 07:30:16.953,0.8,2.2,0.0,1.9,223,251,4.64,22.76
2026-06-06 07:30:17.453,0.8,2.2,0.0,2.0,223,251,4.64,22.76
2026-06-06 07:30:17.906,0.8,2.2,0.0,1.9,245,251,4.32,22.76
2026-06-06 07:30:18.414,0.8,2.2,0.0,1.6,245,251,4.32,22.76
2026-06-06 07:30:18.942,0.8,2.2,0.0,1.5,224,251,4.63,22.76
2026-06-06 07:30:19.947,0.8,2.2,0.0,1.3,230,252,4.54,22.75
2026-06-06 07:30:19.947,0.8,2.2,0.0,1.3,230,252,4.54,22.75
2026-06-06 07:30:20.457,0.8,2.2,0.0,1.3,242,222,4.37,23.19
2026-06-06 07:30:20.931,0.9,2.2,0.0,1.2,269,251,3.97,22.76
2026-06-06 07:30:21.418,0.9,2.2,3.4,1.1,284,251,3.75,22.76
2026-06-06 07:30:21.927,0.9,2.2,3.2,1.3,284,251,3.75,22.76
2026-06-06 07:30:22.464,0.9,2.2,3.2,1.7,315,250,3.30,22.78
2026-06-06 07:30:22.940,1.0,2.2,3.1,1.9,328,252,3.11,22.75
2026-06-06 07:30:23.450,1.1,2.2,2.5,2.4,389,281,2.21,22.32
2026-06-06 07:30:23.927,1.1,2.2,2.6,2.6,389,281,2.21,22.32
2026-06-06 07:30:24.414,1.1,2.2,2.0,2.2,404,286,1.99,22.25
2026-06-06 07:30:24.910,1.1,2.2,1.6,1.6,404,286,1.99,22.25
2026-06-06 07:30:25.420,1.0,2.2,1.6,1.4,376,264,2.40,22.57
2026-06-06 07:30:25.947,1.0,2.2,1.1,1.3,366,264,2.55,22.57
2026-06-06 07:30:26.445,0.9,2.2,1.1,1.6,348,264,2.81,22.57
2026-06-06 07:30:26.921,0.9,2.2,1.1,2.1,348,264,2.81,22.57
2026-06-06 07:30:27.427,0.8,2.2,1.3,2.2,266,267,4.01,22.53
2026-06-06 07:30:27.918,1.0,2.2,1.6,2.1,280,267,3.81,22.53
2026-06-06 07:30:28.427,1.1,2.2,1.8,2.2,348,263,2.81,22.59
2026-06-06 07:30:29.439,1.1,2.2,1.8,2.1,398,266,2.08,22.54
2026-06-06 07:30:29.439,1.2,2.2,1.9,2.0,412,263,1.88,22.59
2026-06-06 07:30:29.947,1.3,2.2,2.0,1.9,498,271,0.62,22.47
2026-06-06 07:30:30.443,1.4,2.2,2.0,1.8,576,267,-0.53,22.53
2026-06-06 07:30:30.920,1.4,2.2,1.9,1.9,570,265,-0.44,22.56
2026-06-06 07:30:31.458,1.5,2.2,1.9,1.8,593,332,-0.78,21.58
2026-06-06 07:30:31.947,1.5,2.2,1.6,1.6,646,460,-1.55,19.70
2026-06-06 07:30:32.457,1.5,2.2,1.4,1.6,646,460,-1.55,19.70
2026-06-06 07:30:32.941,1.5,2.2,1.3,1.6,646,460,-1.55,19.70
2026-06-06 07:30:33.440,1.5,2.2,1.7,2.1,646,460,-1.55,19.70
2026-06-06 07:30:33.964,1.3,2.2,2.1,2.3,564,443,-0.35,19.95
2026-06-06 07:30:34.447,1.2,2.2,2.1,2.7,526,443,0.21,19.95
2026-06-06 07:30:34.942,1.2,2.2,2.0,3.1,526,443,0.21,19.95
2026-06-06 07:30:35.441,1.3,2.2,1.9,2.8,507,443,0.48,19.95
2026-06-06 07:30:35.951,1.4,2.2,1.9,3.3,572,442,-0.47,19.97
2026-06-06 07:30:36.447,1.3,2.2,2.2,2.8,611,445,-1.04,19.92
2026-06-06 07:30:36.942,1.3,2.2,2.2,2.6,611,445,-1.04,19.92
2026-06-06 07:30:37.457,1.2,2.2,2.0,2.6,522,460,0.26,19.70
2026-06-06 07:30:37.957,1.2,2.2,1.9,2.3,522,460,0.26,19.70
2026-06-06 07:30:38.428,1.2,2.2,1.9,1.6,522,460,0.26,19.70
2026-06-06 07:30:38.926,1.2,2.2,1.8,1.2,522,460,0.26,19.70
2026-06-06 07:30:39.427,1.1,2.2,1.5,1.3,398,621,2.08,17.34
2026-06-06 07:30:39.928,1.1,2.2,1.5,1.2,417,618,1.80,17.39
2026-06-06 07:30:40.444,1.0,2.2,1.4,1.2,383,619,2.30,17.37
2026-06-06 07:30:40.917,1.0,2.2,1.5,1.2,383,619,2.30,17.37
2026-06-06 07:30:41.427,0.8,2.2,1.5,1.3,283,638,3.76,17.09
2026-06-06 07:30:41.947,0.8,2.2,1.5,1.4,241,637,4.38,17.11
2026-06-06 07:30:42.414,0.8,2.2,1.5,1.6,241,637,4.38,17.11
2026-06-06 07:30:42.975,0.8,2.2,0.0,1.7,241,637,4.38,17.11
2026-06-06 07:30:43.448,0.7,2.2,0.0,1.8,203,621,4.94,17.34
2026-06-06 07:30:43.947,0.7,2.2,0.0,1.8,203,621,4.94,17.34
2026-06-06 07:30:44.444,0.7,2.2,0.0,1.7,203,621,4.94,17.34
2026-06-06 07:30:44.918,0.9,2.2,0.0,1.6,252,603,4.22,17.61
2026-06-06 07:30:45.428,0.9,2.2,0.0,1.6,252,603,4.22,17.61
2026-06-06 07:30:45.928,1.1,2.2,2.1,1.7,386,604,2.26,17.59
2026-06-06 07:30:46.443,1.1,2.2,2.1,1.8,420,604,1.76,17.59
2026-06-06 07:30:46.923,1.1,2.2,2.2,1.7,420,604,1.76,17.59
2026-06-06 07:30:47.448,1.0,2.2,2.2,1.6,390,603,2.20,17.61
2026-06-06 07:30:47.956,1.0,2.2,2.2,1.6,390,603,2.20,17.61
2026-06-06 07:30:48.443,1.0,2.2,2.2,1.4,369,505,2.50,19.04
2026-06-06 07:30:48.941,1.1,2.2,0.0,1.5,380,414,2.34,20.38
2026-06-06 07:30:49.424,1.1,2.2,0.0,1.6,427,414,1.66,20.38
2026-06-06 07:30:49.948,1.2,2.2,2.3,1.6,458,415,1.20,20.36
2026-06-06 07:30:50.478,1.2,2.2,2.3,1.4,466,413,1.08,20.39
2026-06-06 07:30:50.958,1.2,2.2,2.3,1.3,466,413,1.08,20.39
2026-06-06 07:30:51.444,1.2,2.2,1.8,1.4,488,414,0.76,20.38
2026-06-06 07:30:51.969,1.5,2.2,1.6,2.0,549,428,-0.13,20.17
2026-06-06 07:30:52.477,1.5,2.2,1.6,2.1,670,425,-1.90,20.21
2026-06-06 07:30:52.927,1.5,2.2,1.5,2.1,667,414,-1.86,20.38
2026-06-06 07:30:53.428,1.6,2.2,1.5,2.4,689,414,-2.18,20.38
2026-06-06 07:30:54.641,1.4,2.2,1.5,2.4,675,414,-1.98,20.38
2026-06-06 07:30:54.920,1.4,2.2,1.5,2.5,675,414,-1.98,20.38
2026-06-06 07:30:54.974,1.4,2.2,1.3,2.4,604,415,-0.94,20.36
2026-06-06 07:30:54.975,1.4,2.2,1.3,2.3,591,414,-0.75,20.38
2026-06-06 07:30:55.475,1.3,2.2,1.3,2.2,561,414,-0.31,20.38
2026-06-06 07:30:55.975,1.3,2.2,1.5,2.3,530,416,0.15,20.35
2026-06-06 07:30:56.471,1.3,2.2,1.6,1.8,511,439,0.42,20.01
2026-06-06 07:30:56.926,1.2,2.2,1.5,1.6,508,461,0.47,19.69
2026-06-06 07:30:57.472,1.2,2.2,1.5,1.9,508,461,0.47,19.69
2026-06-06 07:30:57.958,1.1,2.2,1.5,1.9,433,426,1.57,20.20
2026-06-06 07:30:58.446,1.0,2.2,1.4,1.7,398,424,2.08,20.23
2026-06-06 07:30:58.960,1.0,2.2,1.7,1.7,355,425,2.71,20.21
2026-06-06 07:30:59.444,1.0,2.2,1.8,1.9,355,425,2.71,20.21
2026-06-06 07:30:59.924,0.9,2.2,1.8,1.9,273,425,3.91,20.21
2026-06-06 07:31:00.457,0.9,2.2,1.6,1.9,280,429,3.81,20.16
2026-06-06 07:31:00.926,0.9,2.2,1.4,1.9,274,424,3.90,20.23
2026-06-06 07:31:01.447,0.9,2.2,1.3,1.9,274,425,3.90,20.21
2026-06-06 07:31:01.957,1.0,2.2,1.2,1.7,307,426,3.41,20.20
2026-06-06 07:31:02.457,1.1,2.2,1.1,1.6,369,430,2.50,20.14
2026-06-06 07:31:02.939,1.2,2.2,1.0,1.5,435,424,1.54,20.23
2026-06-06 07:31:03.448,1.3,2.2,1.2,1.5,508,423,0.47,20.24
2026-06-06 07:31:03.976,1.4,2.2,1.2,1.5,578,415,-0.56,20.36
2026-06-06 07:31:04.475,1.3,2.2,1.4,1.8,554,423,-0.21,20.24
2026-06-06 07:31:04.942,1.2,2.2,1.5,1.8,516,414,0.35,20.38
2026-06-06 07:31:05.451,1.3,2.2,1.5,1.4,494,423,0.67,20.24
2026-06-06 07:31:05.949,1.4,2.2,1.5,1.1,579,414,-0.57,20.38
2026-06-06 07:31:06.458,1.4,2.2,1.4,1.2,579,414,-0.57,20.38
2026-06-06 07:31:06.957,1.7,2.2,1.4,1.3,725,414,-2.71,20.38
2026-06-06 07:31:07.458,1.8,2.2,1.4,1.2,814,414,-4.01,20.38
2026-06-06 07:31:07.944,1.8,2.2,1.7,1.2,816,412,-4.04,20.41
2026-06-06 07:31:08.478,1.8,2.2,1.6,1.1,830,648,-4.25,16.95
2026-06-06 07:31:08.958,1.7,2.2,1.5,1.1,806,639,-3.90,17.08
2026-06-06 07:31:09.488,1.7,2.2,1.5,1.2,750,639,-3.08,17.08
2026-06-06 07:31:09.947,1.7,2.2,1.6,1.3,773,623,-3.41,17.31
2026-06-06 07:31:10.457,1.7,2.2,1.9,1.3,773,623,-3.41,17.31
2026-06-06 07:31:10.940,1.7,2.2,1.9,1.2,773,623,-3.41,17.31
2026-06-06 07:31:11.476,1.5,2.2,1.9,1.2,706,441,-2.43,19.98
2026-06-06 07:31:11.976,1.3,2.2,1.9,1.2,617,429,-1.13,20.16
2026-06-06 07:31:12.475,1.3,2.2,2.5,1.1,617,429,-1.13,20.16
2026-06-06 07:31:12.940,1.3,2.2,2.5,1.2,617,429,-1.13,20.16
2026-06-06 07:31:13.447,1.3,2.2,2.5,1.4,617,429,-1.13,20.16
2026-06-06 07:31:13.958,1.3,2.2,2.5,1.2,0,0,7.91,26.44
2026-06-06 07:31:14.457,1.3,2.2,2.3,1.2,0,0,7.91,26.44
2026-06-06 07:31:14.975,0.9,2.2,2.1,1.2,315,415,3.30,20.36
2026-06-06 07:31:15.479,1.0,2.2,2.1,1.1,328,424,3.11,20.23
2026-06-06 07:31:15.976,1.1,2.2,2.3,1.1,379,414,2.36,20.38
2026-06-06 07:31:16.454,1.1,2.2,2.2,1.2,423,416,1.71,20.35
2026-06-06 07:31:16.941,1.1,2.2,2.1,1.4,423,423,1.71,20.24
2026-06-06 07:31:17.475,1.1,2.2,2.1,1.4,423,423,1.71,20.24
2026-06-06 07:31:17.976,1.1,2.2,2.3,1.5,423,423,1.71,20.24
2026-06-06 07:31:18.473,1.1,2.2,2.3,1.5,423,423,1.71,20.24
2026-06-06 07:31:18.939,1.0,2.2,2.0,1.8,369,423,2.50,20.24
2026-06-06 07:31:19.457,0.9,2.2,2.1,1.8,335,416,3.00,20.35
2026-06-06 07:31:19.979,0.9,2.2,2.1,1.8,324,422,3.16,20.26
2026-06-06 07:31:20.458,0.9,2.2,2.4,1.8,309,414,3.38,20.38
2026-06-06 07:31:20.957,0.9,2.2,2.2,2.0,309,414,3.38,20.38
2026-06-06 07:31:21.440,0.8,2.2,1.9,2.1,246,416,4.31,20.35
2026-06-06 07:31:21.967,0.8,2.2,1.9,2.1,243,415,4.35,20.36
2026-06-06 07:31:22.494,0.9,2.2,1.8,2.0,260,423,4.10,20.24
2026-06-06 07:31:22.949,0.9,2.2,1.9,1.8,288,416,3.69,20.35
2026-06-06 07:31:23.444,0.9,2.2,1.9,1.8,288,416,3.69,20.35
2026-06-06 07:31:23.946,0.9,2.2,1.7,1.8,290,423,3.66,20.24
2026-06-06 07:31:24.443,0.9,2.2,1.7,1.9,290,423,3.66,20.24
2026-06-06 07:31:24.937,1.1,2.2,1.7,1.9,347,425,2.83,20.21
2026-06-06 07:31:25.480,1.2,2.2,1.5,1.9,411,414,1.89,20.38
2026-06-06 07:31:25.971,1.3,2.2,1.5,1.8,462,414,1.14,20.38
2026-06-06 07:31:26.446,1.3,2.2,2.0,1.9,550,416,-0.15,20.35
2026-06-06 07:31:26.990,1.3,2.2,2.2,2.0,567,415,-0.40,20.36
2026-06-06 07:31:27.478,1.4,2.2,2.0,1.9,543,424,-0.04,20.23
2026-06-06 07:31:27.949,1.4,2.2,1.9,1.7,543,424,-0.04,20.23
2026-06-06 07:31:28.507,1.4,2.2,2.0,1.5,593,423,-0.78,20.24
2026-06-06 07:31:28.979,1.4,2.2,2.0,1.2,570,416,-0.44,20.35
2026-06-06 07:31:29.473,1.4,2.2,2.0,1.4,610,425,-1.03,20.21
2026-06-06 07:31:29.971,1.4,2.2,2.1,1.6,620,427,-1.17,20.19
2026-06-06 07:31:30.479,1.4,2.2,2.2,1.9,572,426,-0.47,20.20
2026-06-06 07:31:30.979,1.3,2.2,2.6,2.3,560,427,-0.29,20.19
2026-06-06 07:31:31.457,1.3,2.2,2.8,2.2,541,426,-0.01,20.20
2026-06-06 07:31:31.977,1.1,2.2,3.1,2.2,484,427,0.82,20.19
2026-06-06 07:31:32.493,1.2,2.2,3.0,2.2,455,425,1.25,20.21
2026-06-06 07:31:32.974,1.3,2.2,2.6,2.1,485,428,0.81,20.17
2026-06-06 07:31:33.449,1.3,2.2,2.6,2.0,485,428,0.81,20.17
2026-06-06 07:31:33.950,1.2,2.2,2.0,2.0,474,428,0.97,20.17
2026-06-06 07:31:34.457,1.2,2.2,2.0,1.8,474,428,0.97,20.17
2026-06-06 07:31:34.958,1.2,2.2,1.9,1.7,508,428,0.47,20.17
2026-06-06 07:31:35.456,1.1,2.2,1.9,1.7,485,427,0.81,20.19
2026-06-06 07:31:35.977,1.1,2.2,1.7,1.7,485,427,0.81,20.19
2026-06-06 07:31:36.494,1.0,2.2,1.7,1.9,381,428,2.33,20.17
2026-06-06 07:31:36.990,1.0,2.2,1.8,1.7,344,423,2.87,20.24
2026-06-06 07:31:37.471,1.0,2.2,1.9,1.5,352,425,2.75,20.21
2026-06-06 07:31:37.957,1.0,2.2,2.1,1.3,352,425,2.75,20.21
2026-06-06 07:31:38.451,1.1,2.2,2.2,1.0,373,424,2.45,20.23
2026-06-06 07:31:39.478,1.1,2.2,2.2,0.9,373,424,2.45,20.23
2026-06-06 07:31:39.479,1.4,2.2,2.2,0.9,521,415,0.28,20.36
2026-06-06 07:31:39.973,1.4,2.2,2.1,0.9,521,415,0.28,20.36
2026-06-06 07:31:40.453,1.4,2.2,2.0,1.0,620,427,-1.17,20.19
2026-06-06 07:31:40.958,1.4,2.2,2.0,1.1,615,415,-1.10,20.36
2026-06-06 07:31:41.445,1.4,2.2,1.6,1.9,611,416,-1.04,20.35
2026-06-06 07:31:42.001,1.4,2.2,1.6,1.8,597,424,-0.83,20.23
2026-06-06 07:31:42.457,1.4,2.2,1.9,1.6,597,424,-0.83,20.23
2026-06-06 07:31:43.474,1.4,2.2,2.6,1.8,597,424,-0.83,20.23
2026-06-06 07:31:43.474,1.1,2.2,2.7,2.1,422,423,1.73,20.24
2026-06-06 07:31:43.956,1.1,2.2,2.7,2.4,422,423,1.73,20.24
2026-06-06 07:31:44.457,1.1,2.2,2.6,2.6,422,423,1.73,20.24
2026-06-06 07:31:44.950,1.3,2.2,2.7,2.7,481,416,0.86,20.35
2026-06-06 07:31:45.491,1.3,2.2,2.7,2.7,507,411,0.48,20.42
2026-06-06 07:31:45.991,1.3,2.2,2.1,2.9,512,425,0.41,20.21
2026-06-06 07:31:46.487,1.2,2.2,1.8,2.8,511,415,0.42,20.36
2026-06-06 07:31:46.998,1.2,2.2,1.6,2.7,494,423,0.67,20.24
2026-06-06 07:31:47.507,1.2,2.2,1.5,2.6,494,423,0.67,20.24
2026-06-06 07:31:47.977,1.2,2.2,1.7,2.6,494,423,0.67,20.24
2026-06-06 07:31:48.474,1.1,2.2,1.7,2.5,450,424,1.32,20.23
2026-06-06 07:31:48.960,1.1,2.2,1.7,2.6,441,391,1.45,20.71
2026-06-06 07:31:49.505,1.2,2.2,1.7,2.8,438,423,1.49,20.24
2026-06-06 07:31:49.967,1.2,2.2,1.5,2.8,468,423,1.05,20.24
2026-06-06 07:31:50.458,1.4,2.2,1.5,2.5,519,416,0.31,20.35
2026-06-06 07:31:50.974,1.4,2.2,1.5,2.7,590,423,-0.73,20.24
2026-06-06 07:31:51.478,1.3,2.2,2.3,2.9,585,415,-0.66,20.36
2026-06-06 07:31:51.979,1.3,2.2,2.6,3.0,515,423,0.37,20.24
2026-06-06 07:31:52.477,1.2,2.2,2.6,3.0,513,415,0.40,20.36
2026-06-06 07:31:52.999,1.2,2.2,2.6,3.0,494,415,0.67,20.36
2026-06-06 07:31:53.475,1.3,2.2,2.1,3.2,493,422,0.69,20.26
2026-06-06 07:31:53.971,1.3,2.2,2.3,3.2,539,415,0.01,20.36
2026-06-06 07:31:54.479,1.3,2.2,2.8,2.9,507,415,0.48,20.36
2026-06-06 07:31:54.978,1.3,2.2,2.7,2.7,511,415,0.42,20.36
2026-06-06 07:31:55.475,1.2,2.2,2.6,2.7,509,415,0.45,20.36
2026-06-06 07:31:55.974,1.2,2.2,2.6,2.5,459,415,1.19,20.36
2026-06-06 07:31:56.499,1.1,2.2,2.4,2.7,451,415,1.30,20.36
2026-06-06 07:31:56.957,1.2,2.2,2.4,2.8,439,424,1.48,20.23
2026-06-06 07:31:57.489,1.2,2.2,2.6,2.7,463,416,1.13,20.35
2026-06-06 07:31:57.977,1.3,2.2,2.6,2.5,482,415,0.85,20.36
2026-06-06 07:31:58.492,1.2,2.2,2.6,2.4,508,424,0.47,20.23
2026-06-06 07:31:58.969,1.2,2.2,2.6,2.6,508,424,0.47,20.23
2026-06-06 07:31:59.489,1.2,2.2,2.7,2.8,447,416,1.36,20.35
2026-06-06 07:31:59.978,1.1,2.2,2.6,3.0,446,423,1.38,20.24
2026-06-06 07:32:00.507,1.1,2.2,2.4,2.9,446,423,1.38,20.24
2026-06-06 07:32:01.000,1.2,2.2,2.4,2.7,457,416,1.22,20.35
2026-06-06 07:32:01.507,1.1,2.2,2.1,2.5,449,424,1.33,20.23
2026-06-06 07:32:02.004,1.1,2.2,2.0,2.5,432,422,1.58,20.26
2026-06-06 07:32:02.470,1.2,2.2,1.9,2.3,453,423,1.27,20.24
2026-06-06 07:32:02.966,1.2,2.2,1.7,2.1,502,424,0.56,20.23
2026-06-06 07:32:03.479,1.2,2.2,1.8,1.8,496,423,0.64,20.24
2026-06-06 07:32:03.975,1.2,2.2,1.8,1.7,490,424,0.73,20.23
2026-06-06 07:32:04.479,1.1,2.2,1.8,1.9,465,415,1.10,20.36
2026-06-06 07:32:04.962,1.0,2.2,2.3,1.8,396,423,2.11,20.24
2026-06-06 07:32:05.505,1.0,2.2,2.3,1.7,396,423,2.11,20.24
2026-06-06 07:32:05.977,1.0,2.2,2.2,1.8,352,416,2.75,20.35
2026-06-06 07:32:06.466,0.9,2.2,2.1,1.9,330,424,3.08,20.23
2026-06-06 07:32:06.989,0.9,2.2,2.0,1.9,330,424,3.08,20.23
2026-06-06 07:32:07.507,1.2,2.2,1.9,1.8,433,412,1.57,20.41
2026-06-06 07:32:08.007,1.2,2.2,1.9,2.1,433,412,1.57,20.41
2026-06-06 07:32:08.489,1.2,2.2,2.2,2.5,484,416,0.82,20.35
2026-06-06 07:32:09.019,1.2,2.2,2.5,2.8,484,416,0.82,20.35
2026-06-06 07:32:09.478,1.2,2.2,2.6,2.8,477,414,0.92,20.38
2026-06-06 07:32:10.026,1.2,2.2,2.4,2.9,474,416,0.97,20.35
2026-06-06 07:32:10.493,1.3,2.2,2.3,2.9,508,424,0.47,20.23
2026-06-06 07:32:10.989,1.3,2.2,2.4,3.2,554,423,-0.21,20.24
2026-06-06 07:32:11.498,1.2,2.2,2.4,3.6,510,416,0.44,20.35
2026-06-06 07:32:12.010,1.2,2.2,2.4,3.5,510,416,0.44,20.35
2026-06-06 07:32:12.507,1.2,2.2,2.3,3.1,510,416,0.44,20.35
2026-06-06 07:32:12.978,1.2,2.2,2.2,2.9,510,416,0.44,20.35
2026-06-06 07:32:13.475,1.2,2.2,2.3,2.6,0,0,7.91,26.44
2026-06-06 07:32:13.973,0.9,2.2,2.4,2.4,309,440,3.38,20.00
2026-06-06 07:32:14.468,0.9,2.2,2.1,2.2,291,439,3.65,20.01
2026-06-06 07:32:14.990,0.9,2.2,1.9,2.1,295,441,3.59,19.98
2026-06-06 07:32:15.477,1.0,2.2,2.0,2.0,319,431,3.24,20.13
2026-06-06 07:32:15.974,1.0,2.2,2.0,2.0,319,431,3.24,20.13
2026-06-06 07:32:16.494,0.9,2.2,2.0,2.1,321,429,3.21,20.16
2026-06-06 07:32:17.006,0.9,2.2,2.4,2.1,321,429,3.21,20.16
2026-06-06 07:32:17.491,0.9,2.2,2.4,2.1,321,429,3.21,20.16
2026-06-06 07:32:17.990,0.9,2.2,2.7,2.1,321,429,3.21,20.16
2026-06-06 07:32:18.488,1.0,2.2,2.8,2.1,377,429,2.39,20.16
2026-06-06 07:32:18.991,0.9,2.2,2.3,2.1,349,429,2.80,20.16
2026-06-06 07:32:19.507,0.9,2.2,1.9,2.1,313,429,3.33,20.16
2026-06-06 07:32:20.008,0.9,2.2,1.8,2.1,295,429,3.59,20.16
2026-06-06 07:32:20.483,0.8,2.2,2.1,2.1,273,424,3.91,20.23
2026-06-06 07:32:21.007,0.9,2.2,2.4,2.3,276,414,3.87,20.38
2026-06-06 07:32:21.508,0.9,2.2,2.3,2.3,301,414,3.50,20.38
2026-06-06 07:32:21.998,0.9,2.2,2.2,2.4,296,415,3.57,20.36
2026-06-06 07:32:22.507,0.8,2.2,2.5,2.4,278,425,3.84,20.21
2026-06-06 07:32:23.007,0.8,2.2,2.5,2.7,261,422,4.09,20.26
2026-06-06 07:32:23.507,0.9,2.2,2.4,2.9,255,413,4.17,20.39
2026-06-06 07:32:23.997,0.9,2.2,2.3,2.9,271,415,3.94,20.36
2026-06-06 07:32:24.509,1.0,2.2,2.3,2.8,306,422,3.43,20.26
2026-06-06 07:32:24.990,1.0,2.2,2.4,2.9,306,422,3.43,20.26
2026-06-06 07:32:25.518,1.0,2.2,2.4,2.9,314,415,3.31,20.36
2026-06-06 07:32:26.001,1.1,2.2,2.5,3.0,370,425,2.49,20.21
2026-06-06 07:32:26.511,1.3,2.2,3.1,2.9,443,425,1.42,20.21
2026-06-06 07:32:27.022,1.4,2.2,3.5,2.8,539,423,0.01,20.24
2026-06-06 07:32:27.520,1.5,2.2,3.5,2.8,612,421,-1.05,20.27
2026-06-06 07:32:28.019,1.5,2.2,2.9,2.6,612,421,-1.05,20.27
2026-06-06 07:32:28.494,1.4,2.2,2.8,2.5,656,423,-1.70,20.24
2026-06-06 07:32:28.998,1.3,2.2,2.6,2.5,597,422,-0.83,20.26
2026-06-06 07:32:29.508,1.2,2.2,2.6,2.4,532,416,0.12,20.35
2026-06-06 07:32:30.005,1.2,2.2,2.6,2.2,492,414,0.70,20.38
2026-06-06 07:32:30.506,1.3,2.2,2.8,2.1,478,415,0.91,20.36
2026-06-06 07:32:31.007,1.2,2.2,2.9,2.0,498,414,0.62,20.38
2026-06-06 07:32:31.478,1.2,2.2,2.8,1.9,498,414,0.62,20.38
2026-06-06 07:32:32.007,1.1,2.2,2.6,1.9,403,415,2.01,20.36
2026-06-06 07:32:32.477,1.1,2.2,2.3,1.7,403,415,2.01,20.36
2026-06-06 07:32:33.035,1.0,2.2,2.1,1.7,366,414,2.55,20.38
2026-06-06 07:32:33.501,1.0,2.2,1.9,1.7,366,414,2.55,20.38
2026-06-06 07:32:34.007,0.8,2.2,1.7,1.6,280,423,3.81,20.24
2026-06-06 07:32:34.489,0.8,2.2,2.0,1.6,280,423,3.81,20.24
2026-06-06 07:32:34.987,0.8,2.2,2.5,1.5,280,423,3.81,20.24
2026-06-06 07:32:35.508,0.7,2.2,2.7,1.4,198,422,5.01,20.26
2026-06-06 07:32:36.038,0.7,2.2,2.8,1.3,193,415,5.08,20.36
2026-06-06 07:32:36.500,0.7,2.2,2.6,1.3,189,415,5.14,20.36
2026-06-06 07:32:36.979,0.8,2.2,2.3,1.3,198,424,5.01,20.23
2026-06-06 07:32:37.537,0.8,2.2,1.8,1.5,198,424,5.01,20.23
2026-06-06 07:32:38.022,0.8,2.2,1.6,1.6,236,415,4.45,20.36
2026-06-06 07:32:38.505,0.8,2.2,1.6,1.5,236,415,4.45,20.36
2026-06-06 07:32:39.002,0.8,2.2,1.4,1.6,236,415,4.45,20.36
2026-06-06 07:32:39.515,0.8,2.2,1.5,1.5,223,422,4.64,20.26
2026-06-06 07:32:40.027,0.9,2.2,1.8,1.5,256,413,4.16,20.39
2026-06-06 07:32:40.508,0.9,2.2,1.8,1.6,256,413,4.16,20.39
2026-06-06 07:32:41.002,0.8,2.2,1.7,1.7,275,415,3.88,20.36
2026-06-06 07:32:41.477,0.8,2.2,1.5,1.8,256,424,4.16,20.23
2026-06-06 07:32:41.981,0.8,2.2,1.5,2.0,222,423,4.66,20.24
2026-06-06 07:32:42.522,0.8,2.2,1.5,2.2,222,423,4.66,20.24
2026-06-06 07:32:43.018,0.9,2.2,1.1,2.4,259,416,4.12,20.35
2026-06-06 07:32:43.502,0.9,2.2,1.0,2.6,259,416,4.12,20.35
2026-06-06 07:32:44.009,1.0,2.2,1.4,2.5,341,415,2.92,20.36
2026-06-06 07:32:44.508,1.0,2.2,1.8,2.4,341,415,2.92,20.36
2026-06-06 07:32:45.007,1.0,2.2,1.9,2.5,341,415,2.92,20.36
2026-06-06 07:32:45.489,1.0,2.2,2.0,2.4,341,415,2.92,20.36
2026-06-06 07:32:46.027,1.3,2.2,1.9,2.3,571,414,-0.45,20.38
2026-06-06 07:32:46.494,1.3,2.2,2.0,2.4,571,414,-0.45,20.38
2026-06-06 07:32:47.487,1.3,2.2,2.1,2.3,571,414,-0.45,20.38
2026-06-06 07:32:47.548,1.3,2.2,2.3,2.3,571,414,-0.45,20.38
2026-06-06 07:32:48.007,1.3,2.2,2.2,2.4,0,0,7.91,26.44
2026-06-06 07:32:48.492,1.3,2.2,2.0,2.4,0,0,7.91,26.44
2026-06-06 07:32:49.033,1.0,2.2,1.9,2.3,359,425,2.65,20.21
2026-06-06 07:32:49.537,1.0,2.2,2.0,2.3,350,416,2.78,20.35
2026-06-06 07:32:49.994,1.0,2.2,2.1,2.1,331,424,3.06,20.23
2026-06-06 07:32:50.490,1.0,2.2,2.1,2.1,331,424,3.06,20.23
2026-06-06 07:32:51.032,1.0,2.2,2.1,2.1,331,424,3.06,20.23
2026-06-06 07:32:51.537,0.9,2.2,2.0,2.3,309,636,3.38,17.12
2026-06-06 07:32:51.995,0.9,2.2,1.8,2.4,309,636,3.38,17.12
2026-06-06 07:32:52.490,0.8,2.2,1.8,2.7,251,636,4.23,17.12
2026-06-06 07:32:53.051,0.9,2.2,2.0,2.8,239,634,4.41,17.15
2026-06-06 07:32:53.488,0.9,2.2,2.2,2.5,270,633,3.96,17.17
2026-06-06 07:32:54.009,0.9,2.2,2.2,2.2,277,591,3.85,17.78
2026-06-06 07:32:54.505,0.9,2.2,2.6,2.1,277,591,3.85,17.78
2026-06-06 07:32:54.987,0.9,2.2,2.6,1.9,277,591,3.85,17.78
2026-06-06 07:32:55.508,0.8,2.2,2.7,1.8,272,575,3.93,18.02
2026-06-06 07:32:56.037,0.8,2.2,2.7,1.8,254,584,4.19,17.89
2026-06-06 07:32:56.536,0.8,2.2,2.4,2.0,249,576,4.26,18.00
2026-06-06 07:32:57.016,0.9,2.2,2.0,2.3,268,575,3.98,18.02
2026-06-06 07:32:57.538,0.9,2.2,2.2,2.7,285,582,3.74,17.92
2026-06-06 07:32:58.037,1.0,2.2,2.3,2.8,306,573,3.43,18.05
2026-06-06 07:32:58.537,1.0,2.2,2.2,2.9,349,572,2.80,18.06
2026-06-06 07:32:59.037,1.0,2.2,2.3,2.9,355,572,2.71,18.06
2026-06-06 07:32:59.526,1.1,2.2,2.1,2.9,378,573,2.37,18.05
2026-06-06 07:33:00.490,1.0,2.2,2.0,2.5,385,582,2.27,17.92
2026-06-06 07:33:00.552,1.0,2.2,2.1,1.9,385,582,2.27,17.92
2026-06-06 07:33:00.999,1.0,2.2,2.1,1.6,385,582,2.27,17.92
2026-06-06 07:33:01.509,1.0,2.2,2.1,1.7,350,572,2.78,18.06
2026-06-06 07:33:02.008,0.9,2.2,2.0,1.8,337,573,2.97,18.05
2026-06-06 07:33:02.495,0.9,2.2,1.9,1.9,300,586,3.52,17.86
2026-06-06 07:33:02.997,0.9,2.2,1.8,2.1,300,586,3.52,17.86
2026-06-06 07:33:03.538,0.9,2.2,1.7,2.1,300,586,3.52,17.86
2026-06-06 07:33:04.001,1.0,2.2,1.7,2.1,293,571,3.62,18.08
2026-06-06 07:33:04.509,1.0,2.2,1.6,2.2,361,571,2.62,18.08
2026-06-06 07:33:05.021,0.9,2.2,1.4,2.2,336,573,2.99,18.05
2026-06-06 07:33:05.505,0.9,2.2,1.6,2.1,303,572,3.47,18.06
2026-06-06 07:33:06.027,0.9,2.2,1.9,2.1,288,461,3.69,19.69
2026-06-06 07:33:06.495,1.0,2.2,1.7,2.1,322,445,3.19,19.92
2026-06-06 07:33:07.051,1.0,2.2,1.7,2.2,322,445,3.19,19.92
2026-06-06 07:33:07.532,1.0,2.2,1.7,2.3,370,600,2.49,17.65
2026-06-06 07:33:08.037,1.0,2.2,1.7,2.4,370,600,2.49,17.65
2026-06-06 07:33:08.494,1.0,2.2,1.6,2.4,370,600,2.49,17.65
2026-06-06 07:33:09.038,1.0,2.2,1.5,2.3,370,600,2.49,17.65
2026-06-06 07:33:09.498,1.0,2.2,1.6,1.9,0,0,7.91,26.44
2026-06-06 07:33:10.007,1.0,2.2,1.8,1.9,0,0,7.91,26.44
2026-06-06 07:33:10.538,1.4,2.2,2.0,2.2,630,601,-1.32,17.64
2026-06-06 07:33:11.038,1.4,2.2,2.3,2.5,592,603,-0.76,17.61
2026-06-06 07:33:11.537,1.4,2.2,2.3,2.6,592,603,-0.76,17.61
2026-06-06 07:33:11.996,1.4,2.2,2.1,2.6,592,603,-0.76,17.61
2026-06-06 07:33:12.538,1.5,2.2,1.9,2.5,715,600,-2.56,17.65
2026-06-06 07:33:13.037,1.5,2.2,1.8,2.4,653,600,-1.66,17.65
2026-06-06 07:33:13.507,1.4,2.2,1.6,2.4,638,601,-1.44,17.64
2026-06-06 07:33:14.007,1.5,2.2,1.5,2.4,612,600,-1.05,17.65
2026-06-06 07:33:14.696,1.5,2.2,1.5,2.4,612,600,-1.05,17.65
2026-06-06 07:33:15.002,1.5,2.2,1.5,2.3,659,599,-1.74,17.67
2026-06-06 07:33:15.070,1.5,2.2,1.7,2.3,659,599,-1.74,17.67
2026-06-06 07:33:15.532,1.4,2.2,1.9,2.0,626,541,-1.26,18.52
2026-06-06 07:33:16.508,1.4,2.2,2.0,1.9,591,489,-0.75,19.28
2026-06-06 07:33:16.509,1.4,2.2,2.0,1.8,601,439,-0.89,20.01
2026-06-06 07:33:17.053,1.4,2.2,2.0,1.8,601,439,-0.89,20.01
2026-06-06 07:33:17.503,1.3,2.2,2.0,1.3,507,438,0.48,20.02
2026-06-06 07:33:18.030,1.4,2.2,1.8,1.4,507,414,0.48,20.38
2026-06-06 07:33:18.509,1.4,2.2,1.7,1.4,507,414,0.48,20.38
2026-06-06 07:33:19.006,1.4,2.2,1.5,1.6,507,414,0.48,20.38
2026-06-06 07:33:19.566,1.4,2.2,1.4,1.6,507,414,0.48,20.38
2026-06-06 07:33:20.005,1.7,2.2,1.4,1.8,783,414,-3.56,20.38
2026-06-06 07:33:20.532,1.8,2.2,1.3,1.9,795,414,-3.74,20.38
2026-06-06 07:33:21.038,1.8,2.2,1.3,2.5,795,414,-3.74,20.38
2026-06-06 07:33:21.537,1.8,2.2,1.3,2.8,795,414,-3.74,20.38
2026-06-06 07:33:22.037,1.8,2.2,1.3,2.3,795,414,-3.74,20.38
2026-06-06 07:33:22.537,1.5,2.2,1.3,2.0,730,382,-2.78,20.84
2026-06-06 07:33:23.009,1.5,2.2,1.4,1.9,730,382,-2.78,20.84
2026-06-06 07:33:23.508,1.5,2.2,1.8,2.3,687,375,-2.15,20.95
2026-06-06 07:33:24.007,1.5,2.2,2.5,2.5,687,375,-2.15,20.95
2026-06-06 07:33:24.527,1.4,2.2,2.7,2.5,600,376,-0.88,20.93
2026-06-06 07:33:25.001,1.3,2.2,2.8,2.3,603,377,-0.92,20.92
2026-06-06 07:33:25.513,1.3,2.2,2.6,2.1,555,377,-0.22,20.92
2026-06-06 07:33:26.010,1.3,2.2,2.5,2.1,555,377,-0.22,20.92
2026-06-06 07:33:26.538,1.2,2.2,2.0,1.8,548,382,-0.12,20.84
2026-06-06 07:33:27.025,1.1,2.2,1.9,2.0,461,381,1.16,20.86
2026-06-06 07:33:27.523,1.1,2.2,2.0,2.1,461,381,1.16,20.86
2026-06-06 07:33:28.021,1.0,2.2,2.0,2.0,375,393,2.42,20.68
2026-06-06 07:33:28.526,0.9,2.2,2.1,2.0,339,394,2.94,20.67
2026-06-06 07:33:29.054,0.9,2.2,2.2,2.0,307,395,3.41,20.65
2026-06-06 07:33:29.537,0.9,2.2,2.0,2.0,307,395,3.41,20.65
2026-06-06 07:33:30.036,1.0,2.2,1.9,1.7,326,406,3.13,20.49
2026-06-06 07:33:30.527,1.0,2.2,1.9,1.6,340,398,2.93,20.61
2026-06-06 07:33:31.043,1.0,2.2,1.9,1.4,364,410,2.58,20.43
2026-06-06 07:33:31.539,0.9,2.2,1.6,1.2,343,424,2.89,20.23
2026-06-06 07:33:32.036,0.9,2.2,1.5,1.2,294,411,3.60,20.42
2026-06-06 07:33:32.527,1.0,2.2,1.4,1.1,312,400,3.34,20.58
2026-06-06 07:33:33.558,1.0,2.2,1.4,1.0,336,410,2.99,20.43
2026-06-06 07:33:33.559,1.0,2.2,1.5,1.1,332,412,3.05,20.41
2026-06-06 07:33:34.053,1.0,2.2,1.6,1.1,332,412,3.05,20.41
2026-06-06 07:33:34.526,0.9,2.2,1.6,1.1,330,410,3.08,20.43
2026-06-06 07:33:35.027,0.8,2.2,1.6,1.1,301,414,3.50,20.38
2026-06-06 07:33:35.507,0.8,2.2,1.6,1.1,265,424,4.03,20.23
2026-06-06 07:33:36.065,0.8,2.2,1.6,1.0,265,424,4.03,20.23
2026-06-06 07:33:36.511,0.7,2.2,1.6,1.0,227,377,4.58,20.92
2026-06-06 07:33:37.065,0.7,2.2,1.5,1.0,202,426,4.95,20.20
2026-06-06 07:33:37.537,0.7,2.2,1.3,1.1,184,427,5.21,20.19
2026-06-06 07:33:38.069,0.7,2.2,1.3,1.1,184,427,5.21,20.19
2026-06-06 07:33:38.547,0.7,2.2,1.3,1.4,172,426,5.39,20.20
2026-06-06 07:33:39.039,0.7,2.2,1.3,1.6,172,426,5.39,20.20
2026-06-06 07:33:39.528,0.7,2.2,1.2,1.8,172,426,5.39,20.20
2026-06-06 07:33:40.057,0.6,2.2,1.1,1.9,153,427,5.67,20.19
2026-06-06 07:33:40.539,0.6,2.2,1.1,1.9,140,460,5.86,19.70
2026-06-06 07:33:41.023,0.6,2.2,1.1,1.9,119,496,6.17,19.17
2026-06-06 07:33:41.550,0.7,2.2,1.0,1.9,129,512,6.02,18.94
2026-06-06 07:33:42.051,0.8,2.2,1.0,1.8,185,506,5.20,19.03
2026-06-06 07:33:42.560,0.8,2.2,1.0,1.8,185,506,5.20,19.03
2026-06-06 07:33:43.051,1.0,2.2,1.0,1.7,306,489,3.43,19.28
2026-06-06 07:33:43.557,1.0,2.2,1.0,1.6,306,489,3.43,19.28
2026-06-06 07:33:44.028,1.0,2.2,0.8,1.7,306,489,3.43,19.28
2026-06-06 07:33:45.019,1.1,2.2,0.8,1.9,411,495,1.89,19.19
2026-06-06 07:33:45.081,1.1,2.2,0.8,1.9,433,491,1.57,19.25
2026-06-06 07:33:45.747,1.2,2.2,0.8,1.9,433,491,1.57,19.25
2026-06-06 07:33:46.037,1.2,2.2,0.9,1.9,435,474,1.54,19.50
2026-06-06 07:33:46.038,1.2,2.2,1.2,1.5,464,476,1.11,19.47
2026-06-06 07:33:46.568,1.2,2.2,1.5,1.5,464,476,1.11,19.47
2026-06-06 07:33:47.039,1.2,2.2,1.5,1.5,464,476,1.11,19.47
2026-06-06 07:33:47.537,1.2,2.2,1.6,1.4,464,476,1.11,19.47
2026-06-06 07:33:48.024,1.2,2.2,1.7,1.4,0,0,7.91,26.44
2026-06-06 07:33:48.518,1.2,2.2,1.7,1.5,0,0,7.91,26.44
2026-06-06 07:33:49.054,1.2,2.2,1.8,1.5,0,0,7.91,26.44
2026-06-06 07:33:49.553,1.2,2.2,1.6,1.6,0,0,7.91,26.44
2026-06-06 07:33:50.031,1.2,2.2,1.6,1.7,0,0,7.91,26.44
2026-06-06 07:33:50.555,1.2,2.2,1.1,1.8,0,0,7.91,26.44
2026-06-06 07:33:51.039,1.2,2.2,1.1,1.8,0,0,7.91,26.44
2026-06-06 07:33:51.558,1.2,2.2,1.1,1.9,0,0,7.91,26.44
2026-06-06 07:33:52.060,1.2,2.2,1.2,1.8,0,0,7.91,26.44
2026-06-06 07:33:52.727,0.7,1.5,1.5,1.8,0,0,7.91,26.44
2026-06-06 07:33:53.035,0.7,1.5,1.3,1.6,227,425,4.58,20.21
2026-06-06 07:33:53.036,0.7,1.5,1.4,1.5,209,424,4.85,20.23
2026-06-06 07:33:53.557,0.7,1.5,1.4,1.4,183,425,5.23,20.21
2026-06-06 07:33:54.027,0.7,1.5,1.4,1.4,183,425,5.23,20.21
2026-06-06 07:33:54.538,0.7,1.5,1.4,1.7,154,424,5.65,20.23
2026-06-06 07:33:55.021,0.8,1.5,1.3,1.9,161,415,5.55,20.36
2026-06-06 07:33:55.567,0.8,1.5,1.2,1.9,217,425,4.73,20.21
2026-06-06 07:33:56.038,1.0,1.5,1.1,1.6,267,426,4.00,20.20
2026-06-06 07:33:56.538,1.0,1.5,1.1,1.6,267,426,4.00,20.20
2026-06-06 07:33:57.039,1.1,1.5,1.0,1.6,400,424,2.05,20.23
2026-06-06 07:33:57.567,1.1,1.5,1.0,1.4,414,424,1.85,20.23
2026-06-06 07:33:58.067,1.2,1.5,1.0,1.4,443,423,1.42,20.24
2026-06-06 07:33:58.568,1.2,1.5,1.2,1.5,458,423,1.20,20.24
2026-06-06 07:33:59.037,1.3,1.5,1.2,1.8,494,416,0.67,20.35
2026-06-06 07:33:59.531,1.3,1.5,1.2,1.9,494,416,0.67,20.35
2026-06-06 07:34:00.040,1.4,1.5,1.2,1.9,602,425,-0.91,20.21
2026-06-06 07:34:00.568,1.4,1.5,1.3,2.1,579,424,-0.57,20.23
2026-06-06 07:34:01.054,1.4,1.5,1.4,2.2,585,424,-0.66,20.23
2026-06-06 07:34:01.558,1.4,1.5,1.4,2.4,576,424,-0.53,20.23
2026-06-06 07:34:02.587,1.4,1.5,1.4,2.4,576,424,-0.53,20.23
2026-06-06 07:34:02.588,1.2,1.5,1.3,2.2,506,422,0.50,20.26
2026-06-06 07:34:03.082,1.2,1.5,1.3,1.8,506,416,0.50,20.35
2026-06-06 07:34:03.527,1.1,1.5,1.3,1.6,477,424,0.92,20.23
2026-06-06 07:34:04.037,1.1,1.5,1.3,1.4,436,425,1.52,20.21
2026-06-06 07:34:04.538,1.1,1.5,1.3,1.1,436,425,1.52,20.21
2026-06-06 07:34:05.087,1.1,1.5,1.4,1.0,436,425,1.52,20.21
2026-06-06 07:34:06.057,0.9,1.5,1.3,0.9,352,423,2.75,20.24
2026-06-06 07:34:06.058,0.9,1.5,1.3,1.0,310,422,3.37,20.26
2026-06-06 07:34:06.558,0.9,1.5,1.3,1.1,295,424,3.59,20.23
2026-06-06 07:34:07.087,1.0,1.5,1.5,1.2,325,423,3.15,20.24
2026-06-06 07:34:07.569,1.0,1.5,2.0,1.2,351,423,2.77,20.24
2026-06-06 07:34:08.059,1.0,1.5,2.4,1.4,351,423,2.77,20.24
2026-06-06 07:34:08.587,0.9,1.5,2.3,1.6,329,424,3.09,20.23
2026-06-06 07:34:09.038,0.9,1.5,2.0,1.7,288,428,3.69,20.17
2026-06-06 07:34:09.587,0.9,1.5,1.8,1.6,272,415,3.93,20.36
2026-06-06 07:34:10.024,1.0,1.5,1.4,1.7,308,423,3.40,20.24
2026-06-06 07:34:10.584,1.1,1.5,1.2,1.9,379,415,2.36,20.36
2026-06-06 07:34:11.054,1.2,1.5,1.1,1.8,411,426,1.89,20.20
2026-06-06 07:34:11.559,1.2,1.5,1.0,1.5,411,426,1.89,20.20
2026-06-06 07:34:12.283,1.2,1.1,1.1,1.5,411,426,1.89,20.20
2026-06-06 07:34:12.537,1.2,1.1,1.0,1.3,466,424,1.08,20.23
2026-06-06 07:34:12.538,1.1,1.1,1.0,1.3,462,424,1.14,20.23
2026-06-06 07:34:13.060,1.1,1.1,0.9,1.4,462,424,1.14,20.23
2026-06-06 07:34:13.538,0.9,1.1,0.8,1.6,349,424,2.80,20.23
2026-06-06 07:34:14.037,0.9,1.1,0.8,1.8,349,424,2.80,20.23
2026-06-06 07:34:15.062,0.9,1.1,0.8,1.6,349,424,2.80,20.23
2026-06-06 07:34:15.062,0.8,1.1,0.9,1.5,251,416,4.23,20.35
2026-06-06 07:34:15.559,0.8,1.1,1.0,1.6,251,416,4.23,20.35
2026-06-06 07:34:16.086,0.9,1.1,1.0,1.7,262,415,4.07,20.36
2026-06-06 07:34:16.583,0.9,1.1,1.0,1.5,262,415,4.07,20.36
2026-06-06 07:34:17.038,0.9,1.1,1.1,1.3,262,415,4.07,20.36
2026-06-06 07:34:17.568,0.9,1.1,1.0,1.3,262,415,4.07,20.36
2026-06-06 07:34:18.068,1.1,1.1,1.0,1.4,382,431,2.31,20.13
2026-06-06 07:34:18.546,1.1,1.1,1.0,1.6,382,431,2.31,20.13
2026-06-06 07:34:19.037,1.2,1.1,0.9,1.6,458,423,1.20,20.24
2026-06-06 07:34:19.538,1.1,1.1,0.9,1.8,493,416,0.69,20.35
2026-06-06 07:34:20.088,1.1,1.1,0.9,2.0,453,422,1.27,20.26
2026-06-06 07:34:20.538,1.1,1.1,0.9,2.1,453,422,1.27,20.26
2026-06-06 07:34:21.038,1.1,1.1,0.9,2.0,453,422,1.27,20.26
2026-06-06 07:34:21.582,1.1,1.1,0.9,2.0,420,423,1.76,20.24
2026-06-06 07:34:22.085,1.1,1.1,0.9,2.3,420,423,1.76,20.24
2026-06-06 07:34:22.558,1.3,1.1,1.0,2.2,499,424,0.60,20.23
2026-06-06 07:34:23.059,1.4,1.1,1.1,2.2,560,423,-0.29,20.24
2026-06-06 07:34:23.569,1.4,1.1,1.1,2.2,560,423,-0.29,20.24
2026-06-06 07:34:24.065,1.3,1.1,1.1,2.2,604,425,-0.94,20.21
2026-06-06 07:34:24.552,1.3,1.1,1.1,2.0,604,425,-0.94,20.21
2026-06-06 07:34:25.089,1.2,1.1,1.0,2.1,501,415,0.57,20.36
2026-06-06 07:34:25.587,1.1,1.1,1.0,2.4,449,424,1.33,20.23
2026-06-06 07:34:26.068,1.1,1.1,1.0,2.3,415,423,1.83,20.24
2026-06-06 07:34:26.567,1.1,1.1,1.0,2.4,415,423,1.83,20.24
2026-06-06 07:34:27.057,1.2,1.1,0.9,2.7,484,425,0.82,20.21
2026-06-06 07:34:27.561,1.3,1.1,0.9,2.9,504,423,0.53,20.24
2026-06-06 07:34:28.068,1.3,1.1,1.2,2.9,504,423,0.53,20.24
2026-06-06 07:34:28.567,1.2,1.1,1.6,2.7,522,424,0.26,20.23
2026-06-06 07:34:29.538,1.2,1.1,1.8,2.5,499,424,0.60,20.23
2026-06-06 07:34:29.591,1.1,1.1,2.0,2.5,499,423,0.60,20.24
2026-06-06 07:34:30.054,1.1,1.1,2.2,3.1,444,414,1.41,20.38
2026-06-06 07:34:30.587,1.1,1.1,2.6,3.2,444,414,1.41,20.38
2026-06-06 07:34:31.055,1.1,1.1,2.6,3.0,444,414,1.41,20.38
2026-06-06 07:34:31.568,1.0,1.1,2.3,2.3,377,425,2.39,20.21
2026-06-06 07:34:32.053,1.0,1.1,2.0,1.9,377,425,2.39,20.21
2026-06-06 07:34:32.587,1.0,1.1,1.8,1.7,383,425,2.30,20.21
2026-06-06 07:34:33.068,1.0,1.1,1.7,1.7,383,425,2.30,20.21
2026-06-06 07:34:33.567,0.9,1.1,1.5,1.4,345,424,2.86,20.23
2026-06-06 07:34:34.092,0.9,1.1,1.4,1.3,345,424,2.86,20.23
2026-06-06 07:34:34.597,0.7,1.1,1.4,1.4,250,432,4.25,20.11
2026-06-06 07:34:35.068,0.7,1.1,1.6,1.5,250,432,4.25,20.11
2026-06-06 07:34:35.549,0.7,1.1,1.7,1.5,250,432,4.25,20.11
2026-06-06 07:34:36.088,0.8,1.1,1.9,1.6,179,416,5.29,20.35
2026-06-06 07:34:36.587,0.8,1.1,1.8,1.8,179,416,5.29,20.35
2026-06-06 07:34:37.039,0.9,1.1,1.7,1.9,265,424,4.03,20.23
2026-06-06 07:34:37.600,0.9,1.1,1.6,1.8,297,424,3.56,20.23
2026-06-06 07:34:38.097,0.9,1.1,1.5,1.8,297,424,3.56,20.23
2026-06-06 07:34:38.579,1.0,1.1,1.5,1.8,344,427,2.87,20.19
2026-06-06 07:34:39.056,1.0,1.1,1.5,1.7,344,427,2.87,20.19
2026-06-06 07:34:39.552,1.1,1.1,1.4,1.6,408,424,1.93,20.23
2026-06-06 07:34:40.068,1.1,1.1,1.4,1.8,403,424,2.01,20.23
2026-06-06 07:34:40.555,1.1,1.1,1.3,1.9,403,424,2.01,20.23
2026-06-06 07:34:41.047,1.2,1.1,1.2,1.9,412,423,1.88,20.24
2026-06-06 07:34:41.567,1.2,1.1,1.2,1.8,451,424,1.30,20.23
2026-06-06 07:34:42.085,1.2,1.1,1.3,1.7,451,424,1.30,20.23
2026-06-06 07:34:42.582,1.4,1.1,1.2,1.6,537,424,0.04,20.23
2026-06-06 07:34:43.086,1.3,1.1,1.4,1.6,579,425,-0.57,20.21
2026-06-06 07:34:43.568,1.3,1.1,1.5,1.6,579,425,-0.57,20.21
2026-06-06 07:34:44.067,1.3,1.1,1.6,1.6,579,425,-0.57,20.21
2026-06-06 07:34:44.598,1.1,1.1,1.8,1.6,456,424,1.23,20.23
2026-06-06 07:34:45.056,1.1,1.1,2.0,1.8,456,424,1.23,20.23
2026-06-06 07:34:45.554,1.0,1.1,2.3,1.8,387,439,2.24,20.01
2026-06-06 07:34:46.051,1.0,1.1,1.9,2.0,387,439,2.24,20.01
2026-06-06 07:34:46.562,1.0,1.1,2.0,2.2,374,424,2.43,20.23
2026-06-06 07:34:47.067,1.0,1.1,2.0,1.9,374,424,2.43,20.23
2026-06-06 07:34:47.567,1.0,1.1,2.1,1.7,374,424,2.43,20.23
2026-06-06 07:34:48.068,1.0,1.1,2.2,1.8,374,424,2.43,20.23
2026-06-06 07:34:48.586,1.0,1.1,2.3,1.9,371,636,2.48,17.12
2026-06-06 07:34:49.092,1.1,1.1,2.3,2.1,368,640,2.52,17.07
2026-06-06 07:34:49.568,1.2,1.1,2.5,1.8,406,637,1.96,17.11
2026-06-06 07:34:50.088,1.1,1.1,2.6,1.8,437,637,1.51,17.11
2026-06-06 07:34:50.592,1.1,1.1,2.6,2.1,419,637,1.77,17.11
2026-06-06 07:34:51.103,1.2,1.1,2.3,2.1,416,637,1.82,17.11
2026-06-06 07:34:51.597,1.1,1.1,2.2,1.9,448,637,1.35,17.11
2026-06-06 07:34:52.099,1.1,1.1,2.8,1.8,427,637,1.66,17.11
2026-06-06 07:34:52.595,1.1,1.1,2.8,1.7,427,637,1.66,17.11
2026-06-06 07:34:53.070,1.1,1.1,2.7,1.7,427,637,1.66,17.11
2026-06-06 07:34:53.597,1.0,1.1,2.5,1.7,328,638,3.11,17.09
2026-06-06 07:34:54.058,0.9,1.1,2.5,1.7,324,636,3.16,17.12
2026-06-06 07:34:54.551,0.8,1.1,2.5,1.6,282,638,3.78,17.09
2026-06-06 07:34:55.088,0.8,1.1,2.5,1.6,245,637,4.32,17.11
2026-06-06 07:34:55.598,0.8,1.1,1.7,1.6,227,636,4.58,17.12
2026-06-06 07:34:56.097,0.8,1.1,1.6,1.7,223,636,4.64,17.12
2026-06-06 07:34:56.597,0.8,1.1,1.4,1.6,206,638,4.89,17.09
2026-06-06 07:34:57.058,0.8,1.1,1.5,1.5,213,637,4.79,17.11
2026-06-06 07:34:57.554,0.8,1.1,1.4,1.5,215,637,4.76,17.11
2026-06-06 07:34:58.098,0.8,1.1,1.4,1.4,241,638,4.38,17.09
2026-06-06 07:34:58.598,0.8,1.1,1.5,1.3,241,638,4.38,17.09
2026-06-06 07:34:59.103,0.7,1.1,1.7,1.2,202,638,4.95,17.09
2026-06-06 07:34:59.567,0.7,1.1,2.0,1.2,202,637,4.95,17.11
2026-06-06 07:35:00.058,0.6,1.1,2.0,1.2,148,635,5.74,17.14
2026-06-06 07:35:00.587,0.5,1.1,2.0,1.2,109,636,6.31,17.12
2026-06-06 07:35:01.068,0.5,1.1,2.0,1.2,81,637,6.72,17.11
2026-06-06 07:35:01.594,0.5,1.1,2.0,1.3,79,637,6.75,17.11
2026-06-06 07:35:02.090,0.6,1.1,2.0,1.4,92,636,6.56,17.12
2026-06-06 07:35:02.556,0.6,1.1,2.2,1.4,99,636,6.46,17.12
2026-06-06 07:35:03.115,0.6,1.1,2.1,1.6,101,637,6.43,17.11
2026-06-06 07:35:03.578,0.5,1.1,2.0,1.7,97,637,6.49,17.11
2026-06-06 07:35:04.105,0.5,1.1,2.0,1.8,81,637,6.72,17.11
2026-06-06 07:35:04.598,0.6,1.1,1.9,1.7,83,635,6.69,17.14
2026-06-06 07:35:05.065,0.6,1.1,1.8,1.6,83,635,6.69,17.14
2026-06-06 07:35:05.590,0.6,1.1,1.7,1.5,118,637,6.18,17.11
2026-06-06 07:35:06.068,0.5,1.1,1.6,1.6,90,637,6.59,17.11
2026-06-06 07:35:06.568,0.5,1.1,1.6,1.6,75,636,6.81,17.12
2026-06-06 07:35:07.064,0.5,1.1,1.7,1.5,75,636,6.81,17.12
2026-06-06 07:35:07.775,0.6,1.6,1.6,1.5,75,636,6.81,17.12
2026-06-06 07:35:08.083,0.6,1.6,1.8,1.4,87,636,6.64,17.12
2026-06-06 07:35:08.084,0.5,1.6,1.8,1.4,85,635,6.67,17.14
2026-06-06 07:35:08.586,0.5,1.6,1.7,1.5,67,635,6.93,17.14
2026-06-06 07:35:09.068,0.5,1.6,1.7,1.5,49,603,7.19,17.61
2026-06-06 07:35:09.567,0.4,1.6,1.7,1.5,32,571,7.44,18.08
2026-06-06 07:35:10.107,0.4,1.6,1.6,1.5,11,571,7.75,18.08
2026-06-06 07:35:10.590,0.4,1.6,1.6,1.5,0,570,7.91,18.09
2026-06-06 07:35:11.068,0.4,1.6,1.6,1.7,1,574,7.90,18.03
2026-06-06 07:35:11.567,0.4,1.6,1.6,1.9,2,570,7.88,18.09
2026-06-06 07:35:12.087,0.4,1.6,1.5,1.8,3,572,7.87,18.06
2026-06-06 07:35:13.101,0.5,1.6,1.4,1.5,23,571,7.57,18.08
2026-06-06 07:35:13.102,0.6,1.6,1.4,1.3,60,574,7.03,18.03
2026-06-06 07:35:13.581,0.7,1.6,1.6,1.1,110,527,6.30,18.72
2026-06-06 07:35:14.087,0.9,1.6,1.7,0.8,200,535,4.98,18.60
2026-06-06 07:35:14.598,0.9,1.6,1.8,0.7,200,535,4.98,18.60
2026-06-06 07:35:15.086,1.0,1.6,1.7,0.7,316,535,3.28,18.60
2026-06-06 07:35:15.584,1.0,1.6,1.7,0.8,316,535,3.28,18.60
2026-06-06 07:35:16.083,1.0,1.6,1.6,1.0,316,535,3.28,18.60
2026-06-06 07:35:16.581,1.0,1.6,1.6,1.1,365,528,2.56,18.71
2026-06-06 07:35:17.087,1.1,1.6,1.6,1.9,375,539,2.42,18.54
2026-06-06 07:35:17.583,1.1,1.6,1.7,2.5,375,539,2.42,18.54
2026-06-06 07:35:18.117,1.1,1.6,1.4,2.5,375,539,2.42,18.54
2026-06-06 07:35:18.587,1.1,1.6,1.2,2.6,375,539,2.42,18.54
2026-06-06 07:35:19.087,1.1,1.6,1.1,2.6,0,0,7.91,26.44
2026-06-06 07:35:19.616,1.1,1.6,1.1,2.4,393,607,2.15,17.55
2026-06-06 07:35:20.067,1.1,1.6,1.1,2.4,393,607,2.15,17.55
2026-06-06 07:35:20.618,1.1,1.6,1.0,2.4,419,606,1.77,17.56
2026-06-06 07:35:21.114,1.1,1.6,1.0,2.1,419,606,1.77,17.56
2026-06-06 07:35:22.117,1.1,1.6,1.1,2.1,419,606,1.77,17.56
2026-06-06 07:35:22.118,1.1,1.6,1.2,1.8,419,606,1.77,17.56
2026-06-06 07:35:22.614,1.1,1.6,1.2,1.8,0,0,7.91,26.44
2026-06-06 07:35:23.089,1.1,1.6,1.2,1.8,0,0,7.91,26.44
2026-06-06 07:35:23.594,1.0,1.6,1.1,1.7,339,619,2.94,17.37
2026-06-06 07:35:24.117,1.2,1.6,1.2,1.6,375,622,2.42,17.33
2026-06-06 07:35:24.587,1.2,1.6,1.3,1.5,453,616,1.27,17.42
2026-06-06 07:35:25.104,1.2,1.6,1.4,1.5,475,620,0.95,17.36
2026-06-06 07:35:25.598,1.1,1.6,1.6,1.5,458,619,1.20,17.37
2026-06-06 07:35:26.096,1.0,1.6,1.6,1.5,415,619,1.83,17.37
2026-06-06 07:35:26.618,1.0,1.6,1.9,1.5,383,619,2.30,17.37
2026-06-06 07:35:27.068,1.0,1.6,2.4,1.5,370,622,2.49,17.33
2026-06-06 07:35:27.614,1.0,1.6,2.8,1.5,370,622,2.49,17.33
2026-06-06 07:35:28.085,0.9,1.6,2.7,1.5,297,619,3.56,17.37
2026-06-06 07:35:28.583,0.9,1.6,2.5,1.5,277,619,3.85,17.37
2026-06-06 07:35:29.119,0.8,1.6,2.4,1.4,270,618,3.96,17.39
2026-06-06 07:35:29.631,0.8,1.6,2.5,1.3,270,618,3.96,17.39
2026-06-06 07:35:30.127,0.9,1.6,2.5,1.4,269,619,3.97,17.37
2026-06-06 07:35:30.588,0.9,1.6,2.2,1.4,269,619,3.97,17.37
2026-06-06 07:35:31.118,0.9,1.6,1.8,1.4,277,620,3.85,17.36
2026-06-06 07:35:31.616,0.9,1.6,1.4,1.4,277,620,3.85,17.36
2026-06-06 07:35:32.110,0.9,1.6,1.1,1.4,277,620,3.85,17.36
2026-06-06 07:35:32.617,0.8,1.6,0.9,1.6,243,619,4.35,17.37
2026-06-06 07:35:33.134,0.8,1.6,0.8,1.8,243,619,4.35,17.37
2026-06-06 07:35:33.628,0.7,1.6,0.7,1.8,190,617,5.13,17.40
2026-06-06 07:35:34.088,0.6,1.6,0.6,1.8,167,618,5.46,17.39
2026-06-06 07:35:34.588,0.6,1.6,0.6,1.9,167,618,5.46,17.39
2026-06-06 07:35:35.135,0.6,1.6,0.5,2.0,113,616,6.25,17.42
2026-06-06 07:35:35.611,0.5,1.6,0.6,1.9,88,616,6.62,17.42
2026-06-06 07:35:36.089,0.5,1.6,0.7,1.7,88,616,6.62,17.42
2026-06-06 07:35:36.618,0.4,1.6,0.8,1.6,39,426,7.34,20.20
2026-06-06 07:35:37.117,0.4,1.6,1.1,1.3,39,426,7.34,20.20
2026-06-06 07:35:37.614,0.5,1.6,1.2,1.2,19,413,7.63,20.39
2026-06-06 07:35:38.079,0.5,1.6,1.3,1.5,19,413,7.63,20.39
2026-06-06 07:35:38.590,0.5,1.6,1.2,1.7,19,413,7.63,20.39
2026-06-06 07:35:39.117,0.5,1.6,1.2,1.6,19,413,7.63,20.39
2026-06-06 07:35:39.615,0.5,1.6,1.3,1.6,76,426,6.80,20.20
2026-06-06 07:35:40.115,0.6,1.6,1.3,1.5,78,424,6.77,20.23
2026-06-06 07:35:40.588,0.7,1.6,1.2,1.2,98,424,6.47,20.23
2026-06-06 07:35:41.101,0.7,1.6,1.1,1.0,167,424,5.46,20.23
2026-06-06 07:35:41.615,0.7,1.6,1.1,0.9,167,424,5.46,20.23
2026-06-06 07:35:42.636,0.8,1.6,1.0,1.2,238,424,4.42,20.23
2026-06-06 07:35:42.638,0.8,1.6,1.0,1.5,218,425,4.72,20.21
2026-06-06 07:35:43.116,0.8,1.6,1.1,1.7,218,425,4.72,20.21
2026-06-06 07:35:43.615,0.8,1.6,1.1,2.0,218,425,4.72,20.21
2026-06-06 07:35:44.636,0.8,1.6,1.1,2.2,218,425,4.72,20.21
2026-06-06 07:35:44.637,0.7,1.6,1.2,2.4,189,426,5.14,20.20
2026-06-06 07:35:45.130,0.7,1.6,1.3,2.3,185,426,5.20,20.20
2026-06-06 07:35:45.598,0.7,1.6,1.2,2.1,179,425,5.29,20.21
2026-06-06 07:35:46.086,0.7,1.6,1.2,2.0,179,425,5.29,20.21
2026-06-06 07:35:46.585,0.7,1.6,1.1,1.9,179,425,5.29,20.21
2026-06-06 07:35:47.083,0.7,1.6,1.1,1.8,179,425,5.29,20.21
2026-06-06 07:35:47.588,0.7,1.6,1.1,1.7,0,0,7.91,26.44
2026-06-06 07:35:48.087,0.7,1.6,1.1,1.6,0,0,7.91,26.44
2026-06-06 07:35:48.587,0.7,1.6,1.2,1.3,152,425,5.68,20.21
2026-06-06 07:35:49.103,0.6,1.6,1.3,1.1,160,425,5.57,20.21
2026-06-06 07:35:49.599,0.6,1.6,1.3,1.0,140,427,5.86,20.19
2026-06-06 07:35:50.109,0.6,1.6,1.2,1.2,140,427,5.86,20.19
2026-06-06 07:35:50.617,0.6,1.6,1.2,1.3,140,427,5.86,20.19
2026-06-06 07:35:51.134,0.5,1.6,1.1,1.5,69,425,6.90,20.21
2026-06-06 07:35:51.632,0.5,1.6,0.9,1.6,69,425,6.90,20.21
2026-06-06 07:35:52.618,0.5,1.6,0.9,1.7,69,425,6.90,20.21
2026-06-06 07:35:52.618,0.5,1.6,0.9,1.6,69,425,6.90,20.21
2026-06-06 07:35:53.116,0.5,1.6,1.0,1.6,0,0,7.91,26.44
2026-06-06 07:35:53.583,0.5,1.6,1.0,1.6,0,0,7.91,26.44
2026-06-06 07:35:54.090,0.6,1.6,1.1,1.7,93,424,6.55,20.23
2026-06-06 07:35:54.617,0.6,1.6,1.3,1.7,93,424,6.55,20.23
2026-06-06 07:35:55.114,0.7,1.6,1.4,1.6,143,424,5.82,20.23
2026-06-06 07:35:55.615,0.7,1.6,1.5,1.6,143,424,5.82,20.23
2026-06-06 07:35:56.133,0.7,1.6,1.5,1.4,202,425,4.95,20.21
2026-06-06 07:35:56.630,0.7,1.6,1.4,1.2,193,424,5.08,20.23
2026-06-06 07:35:57.087,0.7,1.6,1.3,1.2,172,428,5.39,20.17
2026-06-06 07:35:58.119,0.6,1.6,1.3,1.5,172,415,5.39,20.36
2026-06-06 07:35:58.119,0.6,1.6,1.3,1.9,172,415,5.39,20.36
2026-06-06 07:35:58.635,0.5,1.6,1.3,2.1,104,424,6.39,20.23
2026-06-06 07:35:59.132,0.5,1.6,1.2,2.2,84,425,6.68,20.21
2026-06-06 07:35:59.631,0.6,1.6,1.2,2.1,78,424,6.77,20.23
2026-06-06 07:36:00.158,0.6,1.6,1.3,2.0,103,429,6.40,20.16
2026-06-06 07:36:00.619,0.6,1.6,1.3,2.0,114,429,6.24,20.16
2026-06-06 07:36:01.101,0.6,1.6,1.4,2.0,106,424,6.36,20.23
2026-06-06 07:36:01.600,0.6,1.6,1.5,2.0,88,632,6.62,17.18
2026-06-06 07:36:02.110,0.6,1.6,1.7,1.9,82,619,6.71,17.37
2026-06-06 07:36:02.635,0.6,1.6,1.6,1.9,93,622,6.55,17.33
2026-06-06 07:36:03.133,0.5,1.6,1.6,1.8,96,635,6.50,17.14
2026-06-06 07:36:03.630,0.5,1.6,1.6,1.8,83,635,6.69,17.14
2026-06-06 07:36:04.104,0.5,1.6,1.6,1.8,71,632,6.87,17.18
2026-06-06 07:36:04.598,0.6,1.6,1.6,1.6,75,631,6.81,17.20
2026-06-06 07:36:05.141,0.7,1.6,1.6,1.5,108,632,6.33,17.18
2026-06-06 07:36:05.640,0.7,1.6,1.6,1.5,156,637,5.62,17.11
2026-06-06 07:36:06.617,0.7,1.6,1.5,1.4,181,634,5.26,17.15
2026-06-06 07:36:06.618,0.7,1.6,1.5,1.3,176,634,5.33,17.15
2026-06-06 07:36:07.117,0.9,1.6,1.7,1.2,192,634,5.10,17.15
2026-06-06 07:36:07.612,0.9,1.6,1.7,1.2,192,634,5.10,17.15
2026-06-06 07:36:08.119,1.1,1.6,1.9,1.2,348,633,2.81,17.17
2026-06-06 07:36:08.602,1.1,1.6,1.8,1.2,348,633,2.81,17.17
2026-06-06 07:36:09.098,1.1,1.6,1.8,1.3,348,633,2.81,17.17
2026-06-06 07:36:09.614,1.1,1.6,1.8,1.3,348,633,2.81,17.17
2026-06-06 07:36:10.098,1.1,1.6,1.7,1.4,0,0,7.91,26.44
2026-06-06 07:36:10.786,1.1,1.6,1.7,1.4,0,0,7.91,26.44
2026-06-06 07:36:11.095,1.1,1.6,1.6,1.4,0,0,7.91,26.44
2026-06-06 07:36:11.095,0.8,1.6,1.6,1.5,225,573,4.61,18.05
2026-06-06 07:36:11.616,0.8,1.6,1.6,1.6,225,572,4.61,18.06
2026-06-06 07:36:12.118,0.8,1.6,1.7,1.8,234,556,4.48,18.30
2026-06-06 07:36:13.103,0.8,1.6,1.9,2.0,222,509,4.66,18.98
2026-06-06 07:36:13.104,0.8,1.6,1.8,2.0,221,509,4.67,18.98
2026-06-06 07:36:13.617,0.8,1.6,1.5,2.0,221,509,4.67,18.98
2026-06-06 07:36:14.148,0.8,1.6,1.3,1.8,221,509,4.67,18.98
2026-06-06 07:36:14.648,0.8,1.6,1.2,2.0,221,509,4.67,18.98
2026-06-06 07:36:15.129,0.8,1.6,1.0,2.2,0,0,7.91,26.44
2026-06-06 07:36:15.611,0.8,1.6,0.9,2.1,0,0,7.91,26.44
2026-06-06 07:36:16.111,1.0,1.6,0.9,2.2,320,447,3.22,19.89
2026-06-06 07:36:16.619,1.0,1.6,0.9,2.4,328,447,3.11,19.89
2026-06-06 07:36:17.132,1.0,1.6,0.8,2.3,328,455,3.11,19.78
2026-06-06 07:36:17.612,1.0,1.6,0.8,2.2,328,455,3.11,19.78
2026-06-06 07:36:18.147,1.0,1.6,0.9,2.2,328,455,3.11,19.78
2026-06-06 07:36:18.594,1.0,1.6,0.9,2.2,328,455,3.11,19.78
2026-06-06 07:36:19.102,1.0,1.6,0.8,2.0,0,0,7.91,26.44
2026-06-06 07:36:19.615,0.9,1.6,0.7,1.9,301,445,3.50,19.92
2026-06-06 07:36:20.097,0.9,1.6,0.7,1.8,313,455,3.33,19.78
2026-06-06 07:36:20.645,0.9,1.6,0.7,1.8,313,455,3.33,19.78
2026-06-06 07:36:21.616,0.9,1.6,0.7,1.7,320,445,3.22,19.92
2026-06-06 07:36:21.616,0.9,1.6,0.6,1.6,306,448,3.43,19.88
2026-06-06 07:36:22.117,0.9,1.6,0.6,1.7,292,446,3.63,19.91
2026-06-06 07:36:22.647,0.9,1.6,0.7,1.7,292,446,3.63,19.91
2026-06-06 07:36:23.102,0.9,1.6,0.8,1.6,283,448,3.76,19.88
2026-06-06 07:36:23.620,0.9,1.6,0.8,1.5,283,448,3.76,19.88
2026-06-06 07:36:24.108,0.8,1.6,0.9,1.3,251,446,4.23,19.91
2026-06-06 07:36:24.641,0.7,1.6,0.8,1.2,222,455,4.66,19.78
2026-06-06 07:36:25.148,0.7,1.6,0.8,1.2,187,445,5.17,19.92
2026-06-06 07:36:25.631,0.7,1.6,0.9,1.2,187,445,5.17,19.92
2026-06-06 07:36:26.116,0.6,1.6,1.0,1.2,153,447,5.67,19.89
2026-06-06 07:36:26.638,0.6,1.6,1.1,1.2,129,453,6.02,19.80
2026-06-06 07:36:27.101,0.6,1.6,1.1,1.3,108,447,6.33,19.89
2026-06-06 07:36:27.631,0.6,1.6,1.1,1.4,114,455,6.24,19.78
2026-06-06 07:36:28.130,0.6,1.6,1.1,1.5,106,443,6.36,19.95
2026-06-06 07:36:28.608,0.6,1.6,1.1,1.5,99,455,6.46,19.78
2026-06-06 07:36:29.136,0.6,1.6,1.1,1.6,108,446,6.33,19.91
2026-06-06 07:36:29.630,0.6,1.6,1.0,1.6,108,446,6.33,19.91
2026-06-06 07:36:30.110,0.6,1.6,0.9,1.4,105,446,6.37,19.91
2026-06-06 07:36:30.618,0.5,1.6,0.9,1.4,94,455,6.53,19.78
2026-06-06 07:36:31.119,0.5,1.6,0.8,1.3,79,444,6.75,19.94
2026-06-06 07:36:31.618,0.5,1.6,0.7,1.2,79,444,6.75,19.94
2026-06-06 07:36:32.103,0.5,1.6,0.7,1.2,63,447,6.99,19.89
2026-06-06 07:36:32.663,0.5,1.6,0.7,1.2,63,447,6.99,19.89
2026-06-06 07:36:33.118,0.5,1.6,0.8,1.2,57,447,7.08,19.89
2026-06-06 07:36:33.610,0.5,1.6,0.8,1.1,54,446,7.12,19.91
2026-06-06 07:36:34.118,0.5,1.6,0.8,1.1,67,456,6.93,19.76
2026-06-06 07:36:34.665,0.5,1.6,0.7,1.1,67,456,6.93,19.76
2026-06-06 07:36:35.158,0.5,1.6,0.7,1.0,80,455,6.74,19.78
2026-06-06 07:36:35.615,0.5,1.6,0.8,1.0,85,457,6.67,19.75
2026-06-06 07:36:36.134,0.5,1.6,0.8,0.9,85,457,6.67,19.75
2026-06-06 07:36:36.632,0.5,1.6,0.8,0.9,85,457,6.67,19.75
2026-06-06 07:36:37.117,0.5,1.6,0.8,0.9,41,447,7.31,19.89
2026-06-06 07:36:37.628,0.4,1.6,0.8,0.9,33,446,7.43,19.91
2026-06-06 07:36:38.147,0.4,1.6,0.9,0.9,33,446,7.43,19.91
2026-06-06 07:36:38.649,0.4,1.6,0.9,0.9,33,446,7.43,19.91
2026-06-06 07:36:39.121,0.4,1.6,0.9,1.0,0,454,7.91,19.79
2026-06-06 07:36:39.614,0.4,1.6,0.8,0.9,1,454,7.90,19.79
2026-06-06 07:36:40.115,0.4,1.6,0.8,0.9,0,455,7.91,19.78
2026-06-06 07:36:40.618,0.4,1.6,0.8,0.9,0,455,7.91,19.78
2026-06-06 07:36:41.134,0.4,1.6,0.7,0.9,3,446,7.87,19.91
2026-06-06 07:36:41.631,0.4,1.6,0.7,0.9,3,446,7.87,19.91
2026-06-06 07:36:42.141,0.4,1.6,0.6,1.0,0,454,7.91,19.79
2026-06-06 07:36:42.647,0.4,1.6,0.6,0.9,0,454,7.91,19.79
2026-06-06 07:36:43.145,0.4,1.6,0.6,0.9,0,445,7.91,19.92
2026-06-06 07:36:43.646,0.4,1.6,0.6,1.0,0,444,7.91,19.94
2026-06-06 07:36:44.667,0.4,1.6,0.5,1.0,0,444,7.91,19.94
2026-06-06 07:36:44.670,0.4,1.6,0.5,1.0,0,444,7.91,19.94
2026-06-06 07:36:45.161,0.4,1.6,0.5,1.0,0,454,7.91,19.79
2026-06-06 07:36:45.641,0.4,1.6,0.5,1.0,0,454,7.91,19.79
2026-06-06 07:36:46.119,0.4,1.6,0.4,1.3,0,454,7.91,19.79
2026-06-06 07:36:46.665,0.5,1.6,0.4,1.3,4,456,7.85,19.76
2026-06-06 07:36:47.647,0.5,1.6,0.4,1.3,4,456,7.85,19.76
2026-06-06 07:36:47.648,0.5,1.6,0.4,1.3,4,456,7.85,19.76
2026-06-06 07:36:48.118,0.5,1.6,0.4,1.3,4,456,7.85,19.76
2026-06-06 07:36:48.659,0.7,1.6,0.4,1.3,156,447,5.62,19.89
2026-06-06 07:36:49.135,0.7,1.6,0.4,1.3,156,447,5.62,19.89
2026-06-06 07:36:49.647,0.7,1.6,0.4,1.3,156,447,5.62,19.89
2026-06-06 07:36:50.167,0.7,1.6,0.4,1.3,205,524,4.91,18.76
2026-06-06 07:36:50.647,0.7,1.6,0.4,1.6,205,524,4.91,18.76
2026-06-06 07:36:51.138,0.7,1.6,0.4,1.7,205,524,4.91,18.76
2026-06-06 07:36:51.647,0.7,1.6,0.5,1.6,205,524,4.91,18.76
2026-06-06 07:36:52.147,0.7,1.6,0.5,1.6,0,0,7.91,26.44
2026-06-06 07:36:52.617,0.6,1.6,0.4,1.6,121,616,6.14,17.42
2026-06-06 07:36:53.161,0.6,1.6,0.4,1.3,121,616,6.14,17.42
2026-06-06 07:36:53.615,0.6,1.6,0.5,1.3,121,616,6.14,17.42
2026-06-06 07:36:54.164,0.6,1.6,0.5,1.3,121,616,6.14,17.42
2026-06-06 07:36:54.648,0.6,1.6,0.5,1.3,137,618,5.90,17.39
2026-06-06 07:36:55.168,0.6,1.6,0.5,1.2,137,618,5.90,17.39
2026-06-06 07:36:55.615,0.7,1.6,0.7,1.1,115,619,6.23,17.37
2026-06-06 07:36:56.134,0.7,1.6,0.8,1.1,137,618,5.90,17.39
2026-06-06 07:36:56.617,0.7,1.6,0.8,1.2,157,616,5.61,17.42
2026-06-06 07:36:57.117,0.7,1.6,0.8,1.1,162,601,5.54,17.64
2026-06-06 07:36:57.615,0.7,1.6,0.8,1.0,162,601,5.54,17.64
2026-06-06 07:36:58.117,0.7,1.6,0.8,1.0,162,601,5.54,17.64
2026-06-06 07:36:58.647,0.7,1.6,0.9,1.0,162,601,5.54,17.64
2026-06-06 07:36:59.109,0.8,1.6,0.9,1.1,273,601,3.91,17.64
2026-06-06 07:36:59.671,0.8,1.6,0.9,1.2,262,602,4.07,17.62
2026-06-06 07:37:00.170,0.8,1.6,0.8,1.3,262,602,4.07,17.62
2026-06-06 07:37:00.665,0.8,1.6,0.8,1.3,239,598,4.41,17.68
2026-06-06 07:37:01.142,0.7,1.6,0.8,1.3,226,600,4.60,17.65
2026-06-06 07:37:01.662,0.6,1.6,0.8,1.1,182,604,5.24,17.59
2026-06-06 07:37:02.168,0.6,1.6,0.9,1.1,147,600,5.76,17.65
2026-06-06 07:37:02.634,0.6,1.6,1.1,1.3,115,601,6.23,17.64
2026-06-06 07:37:03.169,0.5,1.6,1.1,1.4,88,603,6.62,17.61
2026-06-06 07:37:03.620,0.5,1.6,1.2,1.6,62,601,7.00,17.64
2026-06-06 07:37:04.120,0.7,1.6,1.2,1.7,71,602,6.87,17.62
2026-06-06 07:37:04.677,0.9,1.6,1.1,1.8,169,600,5.43,17.65
2026-06-06 07:37:05.149,1.0,1.6,0.9,1.9,265,586,4.03,17.86
2026-06-06 07:37:05.653,1.0,1.6,0.8,2.0,324,541,3.16,18.52
2026-06-06 07:37:06.177,1.0,1.6,0.7,2.1,324,541,3.16,18.52
2026-06-06 07:37:06.660,1.0,1.6,0.6,2.0,324,541,3.16,18.52
2026-06-06 07:37:07.168,1.0,1.6,0.6,1.8,351,538,2.77,18.56
2026-06-06 07:37:07.636,1.1,1.6,0.5,1.4,361,542,2.62,18.50
2026-06-06 07:37:08.177,1.1,1.6,0.5,1.0,361,542,2.62,18.50
2026-06-06 07:37:08.677,1.0,1.6,0.5,0.9,431,538,1.60,18.56
2026-06-06 07:37:09.147,1.0,1.6,0.5,1.0,392,539,2.17,18.54
2026-06-06 07:37:09.662,1.0,1.6,0.5,1.1,344,540,2.87,18.53
2026-06-06 07:37:10.165,0.9,1.6,0.5,1.1,329,538,3.09,18.56
2026-06-06 07:37:10.637,0.9,1.6,0.4,1.1,316,538,3.28,18.56
2026-06-06 07:37:11.167,0.8,1.6,0.4,1.0,282,539,3.78,18.54
2026-06-06 07:37:11.663,0.7,1.6,0.4,0.9,234,540,4.48,18.53
2026-06-06 07:37:12.160,0.7,1.6,0.4,0.8,187,542,5.17,18.50
2026-06-06 07:37:12.643,0.6,1.6,0.4,0.8,154,539,5.65,18.54
2026-06-06 07:37:13.148,0.6,1.6,0.4,0.8,141,537,5.84,18.57
2026-06-06 07:37:13.631,0.6,1.6,0.4,0.8,136,508,5.92,19.00
2026-06-06 07:37:14.131,0.6,1.6,0.5,0.9,126,462,6.06,19.67
2026-06-06 07:37:14.657,0.6,1.6,0.4,0.9,125,442,6.08,19.97
2026-06-06 07:37:15.176,0.6,1.6,0.5,1.0,117,442,6.20,19.97
2026-06-06 07:37:15.677,0.6,1.6,0.5,1.0,109,442,6.31,19.97
2026-06-06 07:37:16.181,0.6,1.6,0.6,1.0,109,442,6.31,19.97
2026-06-06 07:37:16.668,0.6,1.6,0.6,1.0,109,442,6.31,19.97
2026-06-06 07:37:17.140,0.6,1.6,0.6,0.0,102,442,6.42,19.97
2026-06-06 07:37:17.640,0.7,1.6,0.6,0.0,117,445,6.20,19.92
2026-06-06 07:37:18.134,0.7,1.6,0.0,0.0,117,445,6.20,19.92
2026-06-06 07:37:18.630,0.7,1.6,0.0,0.0,117,445,6.20,19.92
2026-06-06 07:37:19.130,0.8,1.6,0.7,0.0,197,440,5.02,20.00
2026-06-06 07:37:19.677,0.7,1.6,0.6,2.1,202,441,4.95,19.98
2026-06-06 07:37:20.142,0.7,1.6,0.5,2.1,202,443,4.95,19.95
2026-06-06 07:37:20.641,0.7,1.6,0.4,2.1,203,442,4.94,19.97
2026-06-06 07:37:21.168,0.7,1.6,0.4,2.1,192,445,5.10,19.92
2026-06-06 07:37:21.631,0.6,1.6,0.4,0.0,163,443,5.52,19.95
2026-06-06 07:37:22.178,0.6,1.6,0.4,0.0,163,443,5.52,19.95
2026-06-06 07:37:22.678,0.6,1.6,0.0,0.0,108,443,6.33,19.95
2026-06-06 07:37:23.198,0.6,1.6,0.0,0.0,108,443,6.33,19.95
2026-06-06 07:37:23.640,0.6,1.6,0.0,0.0,108,443,6.33,19.95
2026-06-06 07:37:24.148,0.6,1.6,0.5,1.1,108,443,6.33,19.95
2026-06-06 07:37:24.631,0.5,1.6,0.5,1.0,31,430,7.46,20.14
2026-06-06 07:37:25.189,0.4,1.6,0.5,0.8,33,428,7.43,20.17
2026-06-06 07:37:25.665,0.4,1.6,0.5,0.8,33,428,7.43,20.17
2026-06-06 07:37:26.138,0.4,1.6,0.5,0.7,33,428,7.43,20.17
2026-06-06 07:37:27.166,0.4,1.6,0.4,0.6,0,427,7.91,20.19
2026-06-06 07:37:27.168,0.4,1.6,0.5,0.6,0,426,7.91,20.20
2026-06-06 07:37:27.659,0.4,1.6,0.5,0.5,0,430,7.91,20.14
2026-06-06 07:37:28.170,0.4,1.6,0.5,0.5,0,430,7.91,20.14
2026-06-06 07:37:28.678,0.4,1.6,0.4,0.7,0,430,7.91,20.14
2026-06-06 07:37:29.166,0.4,1.6,0.4,1.0,0,430,7.91,20.14
2026-06-06 07:37:29.662,0.4,1.6,0.5,1.3,2,430,7.88,20.14
2026-06-06 07:37:30.178,0.4,1.6,0.5,1.5,3,444,7.87,19.94
2026-06-06 07:37:31.163,0.5,1.6,0.5,1.6,14,446,7.71,19.91
2026-06-06 07:37:31.164,0.6,1.6,0.4,1.6,60,447,7.03,19.89
2026-06-06 07:37:31.662,0.7,1.6,0.4,1.5,125,445,6.08,19.92
2026-06-06 07:37:32.179,0.7,1.6,0.4,1.4,150,447,5.71,19.89
2026-06-06 07:37:32.678,0.7,1.6,0.5,1.4,150,447,5.71,19.89
2026-06-06 07:37:33.169,0.7,1.6,0.4,1.5,161,445,5.55,19.92
2026-06-06 07:37:33.671,0.7,1.6,0.4,1.4,161,445,5.55,19.92
2026-06-06 07:37:34.147,0.7,1.6,0.5,1.3,158,446,5.60,19.91
2026-06-06 07:37:34.694,0.8,1.6,0.5,1.3,167,444,5.46,19.94
2026-06-06 07:37:35.189,0.7,1.6,0.6,1.3,199,446,5.00,19.91
2026-06-06 07:37:35.639,0.7,1.6,0.6,1.3,188,447,5.16,19.89
2026-06-06 07:37:36.192,0.7,1.6,1.0,1.3,188,447,5.16,19.89
2026-06-06 07:37:36.648,0.6,1.6,1.0,1.2,129,446,6.02,19.91
2026-06-06 07:37:37.145,0.6,1.6,1.2,1.2,129,446,6.02,19.91
2026-06-06 07:37:37.674,0.6,1.6,1.5,1.2,111,455,6.28,19.78
2026-06-06 07:37:38.147,0.5,1.6,1.8,1.2,100,456,6.45,19.76
2026-06-06 07:37:38.679,0.5,1.6,1.7,1.2,80,446,6.74,19.91
2026-06-06 07:37:39.177,0.5,1.6,1.8,1.2,79,446,6.75,19.91
2026-06-06 07:37:39.664,0.5,1.6,2.2,1.3,79,446,6.75,19.91
2026-06-06 07:37:40.178,0.5,1.6,2.4,1.3,79,446,6.75,19.91
2026-06-06 07:37:40.679,0.5,1.6,2.2,1.4,46,454,7.24,19.79
2026-06-06 07:37:41.148,0.5,1.6,2.2,1.3,42,445,7.29,19.92
2026-06-06 07:37:41.653,0.5,1.6,2.1,1.3,42,445,7.29,19.92
2026-06-06 07:37:42.164,0.5,1.6,2.3,1.2,43,446,7.28,19.91
2026-06-06 07:37:42.658,0.6,1.6,2.1,1.1,53,446,7.13,19.91
2026-06-06 07:37:43.167,0.7,1.6,1.9,1.2,53,446,7.13,19.91
2026-06-06 07:37:43.677,0.7,1.6,2.0,1.1,132,453,5.98,19.80
2026-06-06 07:37:44.178,0.7,1.6,2.2,1.1,132,453,5.98,19.80
2026-06-06 07:37:44.668,0.7,1.6,2.2,1.0,151,443,5.70,19.95
2026-06-06 07:37:45.172,0.6,1.6,2.2,1.0,151,431,5.70,20.13
2026-06-06 07:37:45.670,0.7,1.6,1.9,1.0,148,430,5.74,20.14
2026-06-06 07:37:46.197,0.8,1.6,1.7,1.0,176,431,5.33,20.13
2026-06-06 07:37:46.694,0.7,1.6,1.5,0.0,218,430,4.72,20.14
2026-06-06 07:37:47.178,0.7,1.6,1.5,0.0,218,430,4.72,20.14
2026-06-06 07:37:47.679,0.6,1.6,1.5,0.0,133,430,5.96,20.14
2026-06-06 07:37:48.148,0.6,1.6,0.8,0.0,133,430,5.96,20.14
2026-06-06 07:37:48.694,0.6,1.6,0.8,0.0,105,430,6.37,20.14
2026-06-06 07:37:49.156,0.6,1.6,0.8,0.0,105,432,6.37,20.11
2026-06-06 07:37:49.695,0.6,1.6,0.8,0.0,105,432,6.37,20.11
2026-06-06 07:37:50.192,0.6,1.6,0.6,0.0,105,432,6.37,20.11
2026-06-06 07:37:50.670,0.6,1.6,0.5,0.0,105,432,6.37,20.11
2026-06-06 07:37:51.178,0.6,1.6,0.5,0.0,0,0,7.91,26.44
2026-06-06 07:37:51.678,0.9,1.6,0.7,0.0,306,431,3.43,20.13
2026-06-06 07:37:52.168,0.9,1.6,0.7,0.0,306,431,3.43,20.13
2026-06-06 07:37:52.678,0.8,1.6,0.7,0.0,291,430,3.65,20.14
2026-06-06 07:37:53.178,0.8,1.6,0.7,0.0,291,430,3.65,20.14
2026-06-06 07:37:53.677,0.8,1.6,0.0,0.0,291,430,3.65,20.14
2026-06-06 07:37:54.158,0.8,1.6,0.0,0.0,291,430,3.65,20.14
2026-06-06 07:37:54.698,1.0,1.6,1.0,1.2,286,638,3.72,17.09
2026-06-06 07:37:55.193,0.9,1.6,1.0,1.2,337,632,2.97,17.18
2026-06-06 07:37:55.695,0.9,1.6,1.0,1.3,316,634,3.28,17.15
2026-06-06 07:37:56.192,0.9,1.6,1.0,1.3,316,634,3.28,17.15
2026-06-06 07:37:56.648,0.9,1.6,1.1,1.5,287,632,3.71,17.18
2026-06-06 07:37:57.205,0.9,1.6,1.1,1.5,287,632,3.71,17.18
2026-06-06 07:37:57.647,0.8,1.6,1.1,1.4,268,631,3.98,17.20
2026-06-06 07:37:58.195,0.8,1.6,1.2,1.4,248,623,4.28,17.31
2026-06-06 07:37:58.689,0.8,1.6,1.5,1.5,262,622,4.07,17.33
2026-06-06 07:37:59.148,0.8,1.6,1.7,1.3,243,616,4.35,17.42
2026-06-06 07:37:59.663,0.9,1.6,2.0,1.3,243,526,4.35,18.74
2026-06-06 07:38:00.163,0.9,1.6,2.1,1.3,259,524,4.12,18.76
2026-06-06 07:38:00.679,0.9,1.6,2.1,1.2,259,524,4.12,18.76
2026-06-06 07:38:01.178,0.9,1.6,2.0,1.1,259,524,4.12,18.76
2026-06-06 07:38:01.663,1.0,1.6,2.0,1.1,297,512,3.56,18.94
2026-06-06 07:38:02.177,1.0,1.6,1.8,1.0,356,510,2.70,18.97
2026-06-06 07:38:02.677,1.1,1.6,1.7,1.0,371,491,2.48,19.25
2026-06-06 07:38:03.178,1.0,1.6,1.7,1.1,383,508,2.30,19.00
2026-06-06 07:38:03.678,1.0,1.6,1.6,1.3,385,506,2.27,19.03
2026-06-06 07:38:04.197,1.0,1.6,1.5,1.6,368,507,2.52,19.01
2026-06-06 07:38:04.679,1.0,1.6,1.4,1.6,361,507,2.62,19.01
2026-06-06 07:38:05.174,1.0,1.6,1.3,1.5,362,491,2.61,19.25
2026-06-06 07:38:06.207,1.0,1.6,1.1,1.5,353,457,2.74,19.75
2026-06-06 07:38:06.208,1.0,1.6,1.0,1.5,355,472,2.71,19.53
2026-06-06 07:38:06.679,1.0,1.6,0.9,1.5,352,457,2.75,19.75
2026-06-06 07:38:07.177,0.9,1.6,0.9,1.4,337,457,2.97,19.75
2026-06-06 07:38:07.702,0.8,1.6,0.7,1.5,305,456,3.44,19.76
2026-06-06 07:38:08.167,0.8,1.6,0.7,1.5,305,456,3.44,19.76
2026-06-06 07:38:08.697,0.8,1.6,0.5,1.7,244,459,4.34,19.72
2026-06-06 07:38:09.177,0.7,1.6,0.5,1.7,226,456,4.60,19.76
2026-06-06 07:38:09.673,0.7,1.6,0.4,1.6,226,456,4.60,19.76
2026-06-06 07:38:10.177,0.6,1.6,0.4,1.8,166,457,5.48,19.75
2026-06-06 07:38:10.669,0.6,1.6,0.4,1.9,166,457,5.48,19.75
2026-06-06 07:38:11.207,0.6,1.6,0.4,1.7,128,456,6.04,19.76
2026-06-06 07:38:11.694,0.6,1.6,0.4,1.5,133,457,5.96,19.75
2026-06-06 07:38:12.171,0.6,1.6,0.4,1.3,120,456,6.15,19.76
2026-06-06 07:38:12.709,0.6,1.6,0.4,1.1,122,456,6.12,19.76
2026-06-06 07:38:13.672,0.7,1.6,0.4,0.9,141,457,5.84,19.75
2026-06-06 07:38:13.672,0.8,1.6,0.4,0.9,171,457,5.41,19.75
2026-06-06 07:38:14.176,0.8,1.6,0.4,0.8,208,461,4.86,19.69
2026-06-06 07:38:14.665,0.8,1.6,0.4,0.8,208,461,4.86,19.69
2026-06-06 07:38:15.201,0.9,1.6,0.4,0.8,269,455,3.97,19.78
2026-06-06 07:38:15.678,0.9,1.6,0.4,0.9,286,461,3.72,19.69
2026-06-06 07:38:16.167,0.9,1.6,0.4,0.9,286,461,3.72,19.69
2026-06-06 07:38:16.669,0.8,1.6,0.4,1.2,296,457,3.57,19.75
2026-06-06 07:38:17.208,0.8,1.6,0.4,1.2,272,456,3.93,19.76
2026-06-06 07:38:17.707,0.8,1.6,0.4,1.1,254,460,4.19,19.70
2026-06-06 07:38:18.207,0.8,1.6,0.4,1.0,240,456,4.39,19.76
2026-06-06 07:38:19.177,0.8,1.6,0.4,0.9,224,456,4.63,19.76
2026-06-06 07:38:19.178,0.8,1.6,0.4,0.9,224,456,4.63,19.76
2026-06-06 07:38:19.663,0.7,1.6,0.4,1.0,198,458,5.01,19.73
2026-06-06 07:38:20.172,0.7,1.6,0.4,1.2,198,458,5.01,19.73
2026-06-06 07:38:20.678,0.8,1.6,0.4,1.2,199,455,5.00,19.78
2026-06-06 07:38:21.177,0.8,1.6,0.5,1.2,199,455,5.00,19.78
2026-06-06 07:38:21.677,0.8,1.6,0.4,1.3,199,455,5.00,19.78
2026-06-06 07:38:22.167,0.8,1.6,0.4,1.2,199,455,5.00,19.78
2026-06-06 07:38:22.697,0.8,1.6,0.4,1.1,264,444,4.04,19.94
2026-06-06 07:38:23.207,0.8,1.6,0.5,1.2,264,444,4.04,19.94
2026-06-06 07:38:23.680,0.8,1.6,0.5,1.2,264,444,4.04,19.94
2026-06-06 07:38:24.175,0.8,1.6,0.5,1.1,264,444,4.04,19.94
2026-06-06 07:38:24.698,0.8,1.6,0.6,1.0,0,0,7.91,26.44
2026-06-06 07:38:25.177,0.9,1.6,0.6,1.0,363,454,2.59,19.79
2026-06-06 07:38:25.673,0.9,1.6,0.6,1.0,328,448,3.11,19.88
2026-06-06 07:38:26.177,0.9,1.6,0.6,1.0,328,448,3.11,19.88
2026-06-06 07:38:26.668,0.9,1.6,0.5,1.1,302,447,3.49,19.89
2026-06-06 07:38:27.220,0.9,1.6,0.5,1.4,302,447,3.49,19.89
2026-06-06 07:38:27.668,0.9,1.6,0.5,1.5,315,446,3.30,19.91
2026-06-06 07:38:28.224,0.9,1.6,0.5,1.4,315,446,3.30,19.91
2026-06-06 07:38:28.688,0.9,1.6,0.5,1.4,323,455,3.18,19.78
2026-06-06 07:38:29.417,0.9,0.9,0.9,1.4,323,455,3.18,19.78
2026-06-06 07:38:29.667,0.9,0.9,0.4,1.3,323,455,3.18,19.78
2026-06-06 07:38:29.743,0.9,0.9,0.4,1.3,275,446,3.88,19.91
2026-06-06 07:38:30.173,0.9,0.9,0.4,1.2,275,446,3.88,19.91
2026-06-06 07:38:30.679,0.7,0.9,0.4,1.1,203,446,4.94,19.91
2026-06-06 07:38:31.177,0.7,0.9,0.4,1.0,203,446,4.94,19.91
2026-06-06 07:38:31.729,0.7,0.9,0.4,0.9,203,446,4.94,19.91
2026-06-06 07:38:32.227,0.7,0.9,0.4,0.8,203,446,4.94,19.91
2026-06-06 07:38:32.666,0.5,0.9,0.4,0.7,65,446,6.96,19.91
2026-06-06 07:38:33.203,0.5,0.9,0.4,0.7,41,448,7.31,19.88
2026-06-06 07:38:33.726,0.5,0.9,0.4,0.6,41,448,7.31,19.88
2026-06-06 07:38:34.201,0.4,0.9,0.4,0.6,0,454,7.91,19.79
2026-06-06 07:38:34.692,0.4,0.9,0.4,0.5,0,454,7.91,19.79
2026-06-06 07:38:35.200,0.4,0.9,0.4,0.5,0,446,7.91,19.91
2026-06-06 07:38:36.198,0.4,0.9,0.4,0.5,0,446,7.91,19.91
2026-06-06 07:38:36.199,0.4,0.9,0.5,0.4,9,454,7.78,19.79
2026-06-06 07:38:36.708,0.4,0.9,0.5,0.4,0,455,7.91,19.78
2026-06-06 07:38:37.202,0.4,0.9,0.5,0.4,0,448,7.91,19.88
2026-06-06 07:38:37.679,0.4,0.9,0.4,0.4,0,447,7.91,19.89
2026-06-06 07:38:38.178,0.4,0.9,0.4,0.4,0,454,7.91,19.79
2026-06-06 07:38:38.698,0.4,0.9,0.5,0.4,0,455,7.91,19.78
2026-06-06 07:38:39.179,0.4,0.9,0.5,0.4,1,455,7.90,19.78
2026-06-06 07:38:39.683,0.4,0.9,0.5,0.4,0,455,7.91,19.78
2026-06-06 07:38:40.176,0.4,0.9,0.6,0.4,0,447,7.91,19.89
2026-06-06 07:38:40.698,0.4,0.9,0.6,0.4,0,446,7.91,19.91
2026-06-06 07:38:41.227,0.4,0.9,0.6,0.4,0,455,7.91,19.78
2026-06-06 07:38:41.694,0.4,0.9,0.6,0.4,0,453,7.91,19.80
2026-06-06 07:38:42.208,0.4,0.9,0.5,0.5,0,454,7.91,19.79
2026-06-06 07:38:42.679,0.4,0.9,0.5,0.5,0,448,7.91,19.88
2026-06-06 07:38:43.178,0.4,0.9,0.5,0.5,0,448,7.91,19.88
2026-06-06 07:38:43.708,0.4,0.9,0.5,0.5,0,455,7.91,19.78
2026-06-06 07:38:44.190,0.4,0.9,0.5,0.6,0,455,7.91,19.78
2026-06-06 07:38:44.708,0.4,0.9,0.5,0.6,0,455,7.91,19.78
2026-06-06 07:38:45.173,0.4,0.9,0.5,0.5,0,455,7.91,19.78
2026-06-06 07:38:45.742,0.4,0.9,0.5,0.5,0,0,7.91,26.44
2026-06-06 07:38:46.177,0.5,0.9,0.5,0.5,86,448,6.65,19.88
2026-06-06 07:38:46.727,0.5,0.9,0.5,0.5,86,448,6.65,19.88
2026-06-06 07:38:47.178,0.6,0.9,0.5,0.6,104,414,6.39,20.38
2026-06-06 07:38:47.695,0.6,0.9,0.5,0.5,104,414,6.39,20.38
2026-06-06 07:38:48.241,0.6,0.9,0.5,0.6,96,446,6.50,19.91
2026-06-06 07:38:48.727,0.6,0.9,0.5,0.6,96,446,6.50,19.91
2026-06-06 07:38:49.178,0.5,0.9,0.4,0.6,66,460,6.94,19.70
2026-06-06 07:38:50.191,0.5,0.9,0.4,0.7,51,454,7.16,19.79
2026-06-06 07:38:50.192,0.5,0.9,0.4,0.7,51,454,7.16,19.79
2026-06-06 07:38:50.702,0.5,0.9,0.4,0.8,51,454,7.16,19.79
2026-06-06 07:38:51.227,0.5,0.9,0.4,0.7,51,454,7.16,19.79
2026-06-06 07:38:51.719,0.4,0.9,0.4,0.8,7,447,7.81,19.89
2026-06-06 07:38:52.239,0.4,0.9,0.4,0.8,5,455,7.84,19.78
2026-06-06 07:38:52.679,0.4,0.9,0.4,0.8,3,455,7.87,19.78
2026-06-06 07:38:53.228,0.4,0.9,0.4,0.7,0,447,7.91,19.89
2026-06-06 07:38:53.727,0.4,0.9,0.4,0.8,2,454,7.88,19.79
2026-06-06 07:38:54.225,0.4,0.9,0.4,0.8,2,454,7.88,19.79
2026-06-06 07:38:54.679,0.4,0.9,0.4,1.1,3,448,7.87,19.88
2026-06-06 07:38:55.198,0.4,0.9,0.4,1.3,9,453,7.78,19.80
2026-06-06 07:38:55.691,0.4,0.9,0.4,1.4,18,446,7.65,19.91
2026-06-06 07:38:56.197,0.5,0.9,0.5,1.5,63,448,6.99,19.88
2026-06-06 07:38:56.700,0.6,0.9,0.4,1.5,111,446,6.28,19.91
2026-06-06 07:38:57.227,0.7,0.9,0.4,1.4,145,447,5.79,19.89
2026-06-06 07:38:57.728,0.7,0.9,0.4,1.4,153,448,5.67,19.88
2026-06-06 07:38:58.218,0.7,0.9,0.5,1.3,159,448,5.58,19.88
2026-06-06 07:38:58.744,0.8,0.9,0.5,1.2,200,442,4.98,19.97
2026-06-06 07:38:59.220,0.8,0.9,0.5,1.1,231,430,4.53,20.14
2026-06-06 07:39:00.192,0.8,0.9,0.5,1.1,231,430,4.53,20.14
2026-06-06 07:39:00.192,0.8,0.9,0.5,1.0,246,440,4.31,20.00
2026-06-06 07:39:00.688,0.8,0.9,0.5,0.9,246,440,4.31,20.00
2026-06-06 07:39:01.201,0.7,0.9,0.7,0.9,195,439,5.05,20.01
2026-06-06 07:39:01.707,0.7,0.9,0.8,0.8,195,439,5.05,20.01
2026-06-06 07:39:02.194,0.6,0.9,1.0,0.7,125,441,6.08,19.98
2026-06-06 07:39:02.727,0.6,0.9,1.1,0.6,108,439,6.33,20.01
2026-06-06 07:39:03.232,0.6,0.9,1.0,0.5,98,439,6.47,20.01
2026-06-06 07:39:03.743,0.6,0.9,1.1,0.5,94,444,6.53,19.94
2026-06-06 07:39:04.240,0.6,0.9,1.2,0.5,94,444,6.53,19.94
2026-06-06 07:39:04.707,0.7,0.9,1.2,0.5,167,446,5.46,19.91
2026-06-06 07:39:05.206,0.8,0.9,1.1,0.6,220,447,4.69,19.89
2026-06-06 07:39:05.734,0.8,0.9,1.1,0.7,246,455,4.31,19.78
2026-06-06 07:39:06.231,0.8,0.9,1.0,0.9,253,453,4.20,19.80
2026-06-06 07:39:06.708,0.9,0.9,1.0,1.0,269,456,3.97,19.76
2026-06-06 07:39:07.208,0.9,0.9,1.1,1.1,289,456,3.68,19.76
2026-06-06 07:39:07.742,0.9,0.9,1.2,1.1,289,456,3.68,19.76
2026-06-06 07:39:08.238,0.9,0.9,1.4,1.1,283,458,3.76,19.73
2026-06-06 07:39:08.699,0.9,0.9,1.6,1.0,283,458,3.76,19.73
2026-06-06 07:39:09.228,0.9,0.9,1.8,1.1,300,458,3.52,19.73
2026-06-06 07:39:09.722,0.9,0.9,1.8,1.1,300,458,3.52,19.73
2026-06-06 07:39:10.220,0.9,0.9,1.5,1.2,300,458,3.52,19.73
2026-06-06 07:39:10.728,0.9,0.9,1.1,1.2,287,455,3.71,19.78
2026-06-06 07:39:11.228,0.9,0.9,0.9,1.2,270,455,3.96,19.78
2026-06-06 07:39:11.706,0.8,0.9,0.6,1.2,249,446,4.26,19.91
2026-06-06 07:39:12.204,0.8,0.9,0.5,1.2,249,446,4.26,19.91
2026-06-06 07:39:12.701,0.7,0.9,0.5,1.2,213,447,4.79,19.89
2026-06-06 07:39:13.241,0.7,0.9,0.5,1.1,197,446,5.02,19.91
2026-06-06 07:39:13.742,0.7,0.9,0.7,1.1,193,454,5.08,19.79
2026-06-06 07:39:14.239,0.7,0.9,0.8,1.1,186,457,5.19,19.75
2026-06-06 07:39:14.697,0.7,0.9,0.8,1.1,162,455,5.54,19.78
2026-06-06 07:39:15.203,0.7,0.9,0.8,1.1,162,455,5.54,19.78
2026-06-06 07:39:15.696,0.7,0.9,0.7,1.1,162,455,5.54,19.78
2026-06-06 07:39:16.207,0.7,0.9,0.7,1.0,162,455,5.54,19.78
2026-06-06 07:39:16.741,0.5,0.9,0.9,1.0,43,447,7.28,19.89
2026-06-06 07:39:17.209,0.5,0.9,0.9,1.0,43,447,7.28,19.89
2026-06-06 07:39:17.700,0.5,0.9,0.9,1.0,43,447,7.28,19.89
2026-06-06 07:39:18.207,0.5,0.9,0.9,0.9,43,447,7.28,19.89
2026-06-06 07:39:18.741,0.5,0.9,0.8,0.9,0,0,7.91,26.44
2026-06-06 07:39:19.222,0.5,0.9,0.8,0.8,0,0,7.91,26.44
2026-06-06 07:39:19.718,0.4,0.9,0.7,0.8,0,446,7.91,19.91
2026-06-06 07:39:20.228,0.4,0.9,0.7,0.7,0,446,7.91,19.91
2026-06-06 07:39:20.707,0.4,0.9,0.7,0.7,0,448,7.91,19.88
2026-06-06 07:39:21.198,0.4,0.9,0.7,0.7,0,456,7.91,19.76
2026-06-06 07:39:22.194,0.4,0.9,0.7,0.7,1,462,7.90,19.67
2026-06-06 07:39:22.255,0.4,0.9,0.6,0.8,1,462,7.90,19.67
2026-06-06 07:39:22.747,0.4,0.9,0.6,0.7,1,462,7.90,19.67
2026-06-06 07:39:23.199,0.4,0.9,0.6,0.7,1,462,7.90,19.67
2026-06-06 07:39:23.696,0.4,0.9,0.6,0.7,0,0,7.91,26.44
2026-06-06 07:39:24.220,0.4,0.9,0.6,0.7,0,455,7.91,19.78
2026-06-06 07:39:24.728,0.4,0.9,0.5,0.7,0,455,7.91,19.78
2026-06-06 07:39:25.246,0.4,0.9,0.5,0.6,0,455,7.91,19.78
2026-06-06 07:39:25.707,0.4,0.9,0.5,0.6,0,455,7.91,19.78
2026-06-06 07:39:26.698,0.5,0.9,0.5,0.6,33,448,7.43,19.88
2026-06-06 07:39:26.758,0.5,0.9,0.5,0.6,33,448,7.43,19.88
2026-06-06 07:39:27.448,0.4,0.6,0.6,0.6,33,448,7.43,19.88
2026-06-06 07:39:27.743,0.4,0.6,0.5,0.6,0,447,7.91,19.89
2026-06-06 07:39:27.744,0.4,0.6,0.5,0.6,0,446,7.91,19.91
2026-06-06 07:39:28.719,0.4,0.6,0.5,0.6,0,447,7.91,19.89
2026-06-06 07:39:28.720,0.4,0.6,0.4,0.6,0,446,7.91,19.91
2026-06-06 07:39:29.232,0.4,0.6,0.4,0.6,0,447,7.91,19.89
2026-06-06 07:39:29.727,0.4,0.6,0.5,0.7,0,448,7.91,19.88
2026-06-06 07:39:30.195,0.4,0.6,0.5,0.7,0,448,7.91,19.88
2026-06-06 07:39:30.749,0.4,0.6,0.5,0.7,0,447,7.91,19.89
2026-06-06 07:39:31.203,0.4,0.6,0.5,0.7,0,447,7.91,19.89
2026-06-06 07:39:31.742,0.4,0.6,0.4,0.7,0,446,7.91,19.91
2026-06-06 07:39:32.244,0.4,0.6,0.5,0.7,0,446,7.91,19.91
2026-06-06 07:39:32.739,0.4,0.6,0.5,0.7,0,446,7.91,19.91
2026-06-06 07:39:33.217,0.4,0.6,0.5,0.7,26,455,7.53,19.78
2026-06-06 07:39:33.726,0.4,0.6,0.6,0.7,26,455,7.53,19.78
2026-06-06 07:39:34.225,0.4,0.6,0.6,0.8,3,454,7.87,19.79
2026-06-06 07:39:34.699,0.4,0.6,0.5,0.9,3,447,7.87,19.89
2026-06-06 07:39:35.208,0.4,0.6,0.5,1.0,3,447,7.87,19.89
2026-06-06 07:39:35.707,0.6,0.6,0.5,1.0,86,448,6.65,19.88
2026-06-06 07:39:36.257,0.6,0.6,0.5,1.0,124,448,6.09,19.88
2026-06-06 07:39:36.750,0.7,0.6,0.5,0.9,152,455,5.68,19.78
2026-06-06 07:39:37.207,0.7,0.6,0.5,0.8,152,455,5.68,19.78
2026-06-06 07:39:37.743,0.7,0.6,0.5,0.7,152,455,5.68,19.78
2026-06-06 07:39:38.221,0.7,0.6,0.5,0.6,170,458,5.42,19.73
2026-06-06 07:39:38.697,0.7,0.6,0.5,0.6,166,441,5.48,19.98
2026-06-06 07:39:39.244,0.7,0.6,0.4,0.6,166,441,5.48,19.98
2026-06-06 07:39:39.737,0.7,0.6,0.4,0.8,152,455,5.68,19.78
2026-06-06 07:39:40.198,0.7,0.6,0.4,0.9,153,447,5.67,19.89
2026-06-06 07:39:40.725,0.7,0.6,0.4,1.0,153,447,5.67,19.89
2026-06-06 07:39:41.224,0.7,0.6,0.4,1.0,167,447,5.46,19.89
2026-06-06 07:39:41.750,0.7,0.6,0.4,1.1,185,453,5.20,19.80
2026-06-06 07:39:42.228,0.8,0.6,0.4,1.3,232,455,4.51,19.78
2026-06-06 07:39:42.707,0.9,0.6,0.4,1.4,278,455,3.84,19.78
2026-06-06 07:39:43.230,1.0,0.6,0.4,1.3,316,455,3.28,19.78
2026-06-06 07:39:43.725,1.0,0.6,0.4,1.3,351,446,2.77,19.91
2026-06-06 07:39:44.223,1.0,0.6,0.5,1.4,372,455,2.46,19.78
2026-06-06 07:39:44.758,1.0,0.6,0.5,1.4,372,455,2.46,19.78
2026-06-06 07:39:45.227,1.0,0.6,0.6,1.5,376,461,2.40,19.69
2026-06-06 07:39:45.707,1.0,0.6,0.6,1.5,376,461,2.40,19.69
2026-06-06 07:39:46.207,1.0,0.6,0.8,1.5,376,461,2.40,19.69
2026-06-06 07:39:46.750,1.0,0.6,0.8,1.3,360,461,2.64,19.69
2026-06-06 07:39:47.206,1.0,0.6,0.8,1.3,360,461,2.64,19.69
2026-06-06 07:39:47.755,1.0,0.6,1.1,1.1,340,463,2.93,19.66
2026-06-06 07:39:48.219,1.0,0.6,1.4,1.1,340,463,2.93,19.66
2026-06-06 07:39:48.731,1.0,0.6,1.5,1.3,340,463,2.93,19.66
2026-06-06 07:39:49.243,1.0,0.6,1.6,1.4,340,463,2.93,19.66
2026-06-06 07:39:49.742,1.0,0.6,1.6,1.4,0,0,7.91,26.44
2026-06-06 07:39:50.241,0.9,0.6,1.6,1.4,279,463,3.82,19.66
2026-06-06 07:39:50.738,1.0,0.6,1.5,1.3,315,462,3.30,19.67
2026-06-06 07:39:51.207,1.2,0.6,1.1,1.1,433,463,1.57,19.66
2026-06-06 07:39:51.754,1.2,0.6,1.1,0.9,433,463,1.57,19.66
2026-06-06 07:39:52.222,1.0,0.6,1.1,0.7,396,471,2.11,19.54
2026-06-06 07:39:52.758,1.0,0.6,1.1,0.6,396,471,2.11,19.54
2026-06-06 07:39:53.207,1.0,0.6,0.0,0.5,396,471,2.11,19.54
2026-06-06 07:39:53.755,1.0,0.6,0.5,0.5,396,471,2.11,19.54
2026-06-06 07:39:54.254,0.8,0.6,0.6,0.4,260,476,4.10,19.47
2026-06-06 07:39:54.757,0.8,0.6,0.5,0.4,260,476,4.10,19.47
2026-06-06 07:39:55.208,0.7,0.6,0.5,0.4,206,469,4.89,19.57
2026-06-06 07:39:55.758,0.7,0.6,0.7,0.4,206,469,4.89,19.57
2026-06-06 07:39:56.228,0.6,0.6,0.7,0.4,146,477,5.77,19.45
2026-06-06 07:39:57.223,0.6,0.6,0.8,0.4,115,477,6.23,19.45
2026-06-06 07:39:57.224,0.6,0.6,0.9,0.5,115,477,6.23,19.45
2026-06-06 07:39:58.256,0.6,0.6,0.9,0.6,115,477,6.23,19.45
2026-06-06 07:39:58.257,0.6,0.6,1.0,0.8,115,477,6.23,19.45
2026-06-06 07:39:58.759,0.5,0.6,0.9,0.9,49,476,7.19,19.47
2026-06-06 07:39:59.239,0.5,0.6,0.9,1.0,37,460,7.37,19.70
2026-06-06 07:39:59.759,0.5,0.6,0.9,1.0,56,472,7.09,19.53
2026-06-06 07:40:00.254,0.5,0.6,0.9,1.0,42,488,7.29,19.29
2026-06-06 07:40:00.756,0.5,0.6,0.9,1.0,42,488,7.29,19.29
2026-06-06 07:40:01.246,0.5,0.6,0.9,1.0,42,488,7.29,19.29
2026-06-06 07:40:01.749,0.5,0.6,0.9,0.9,42,488,7.29,19.29
2026-06-06 07:40:02.228,0.4,0.6,0.7,0.8,0,476,7.91,19.47
2026-06-06 07:40:02.724,0.4,0.6,0.7,0.7,0,476,7.91,19.47
2026-06-06 07:40:03.262,0.4,0.6,0.6,0.7,0,476,7.91,19.47
2026-06-06 07:40:03.742,0.4,0.6,0.5,0.6,0,476,7.91,19.47
2026-06-06 07:40:04.222,0.4,0.6,0.5,0.6,3,441,7.87,19.98
2026-06-06 07:40:04.747,0.5,0.6,0.5,0.6,20,463,7.62,19.66
2026-06-06 07:40:05.243,0.5,0.6,0.5,0.6,20,463,7.62,19.66
2026-06-06 07:40:05.742,0.4,0.6,0.5,0.6,25,463,7.54,19.66
2026-06-06 07:40:06.751,0.4,0.6,0.5,0.6,20,475,7.62,19.48
2026-06-06 07:40:06.752,0.4,0.6,0.4,0.7,20,475,7.62,19.48
2026-06-06 07:40:07.258,0.5,0.6,0.4,0.8,35,472,7.40,19.53
2026-06-06 07:40:07.740,0.5,0.6,0.4,0.9,35,472,7.40,19.53
2026-06-06 07:40:08.259,0.5,0.6,0.4,0.9,35,472,7.40,19.53
2026-06-06 07:40:08.758,0.7,0.6,0.0,0.9,162,463,5.54,19.66
2026-06-06 07:40:09.246,0.7,0.6,0.0,0.9,162,463,5.54,19.66
2026-06-06 07:40:10.250,0.7,0.6,0.0,0.9,162,463,5.54,19.66
2026-06-06 07:40:10.250,0.7,0.6,0.0,0.9,162,463,5.54,19.66
2026-06-06 07:40:10.761,0.7,0.6,0.0,0.9,0,0,7.91,26.44
2026-06-06 07:40:11.256,0.7,0.6,0.4,0.8,0,0,7.91,26.44
2026-06-06 07:40:11.719,0.7,0.6,0.4,0.8,191,441,5.11,19.98
2026-06-06 07:40:12.244,0.7,0.6,0.4,0.7,191,441,5.11,19.98
2026-06-06 07:40:12.740,0.7,0.6,0.5,0.7,169,443,5.43,19.95
2026-06-06 07:40:13.228,0.7,0.6,0.5,0.6,169,443,5.43,19.95
2026-06-06 07:40:13.734,0.7,0.6,0.5,0.6,169,443,5.43,19.95
2026-06-06 07:40:14.228,0.7,0.6,0.5,0.5,169,443,5.43,19.95
2026-06-06 07:40:14.726,0.5,0.6,0.6,0.4,65,443,6.96,19.95
2026-06-06 07:40:15.723,0.5,0.6,0.6,0.4,51,442,7.16,19.97
2026-06-06 07:40:15.788,0.5,0.6,0.5,0.4,51,442,7.16,19.97
2026-06-06 07:40:16.219,0.5,0.6,0.5,0.4,51,442,7.16,19.97
2026-06-06 07:40:16.731,0.5,0.6,0.5,0.4,51,442,7.16,19.97
2026-06-06 07:40:17.242,0.5,0.6,0.5,0.4,45,442,7.25,19.97
2026-06-06 07:40:17.738,0.5,0.6,0.5,0.4,45,442,7.25,19.97
2026-06-06 07:40:18.255,0.4,0.6,0.5,0.4,20,442,7.62,19.97
2026-06-06 07:40:18.757,0.4,0.6,0.5,0.4,20,442,7.62,19.97
2026-06-06 07:40:19.258,0.4,0.6,0.4,0.4,20,442,7.62,19.97
2026-06-06 07:40:19.760,0.4,0.6,0.4,0.4,20,442,7.62,19.97
2026-06-06 07:40:20.254,0.4,0.6,0.4,0.4,0,0,7.91,26.44
2026-06-06 07:40:20.742,0.4,0.6,0.4,0.5,0,0,7.91,26.44
2026-06-06 07:40:21.277,0.4,0.6,0.4,0.5,3,442,7.87,19.97
2026-06-06 07:40:21.727,0.4,0.6,0.5,0.6,3,442,7.87,19.97
2026-06-06 07:40:22.229,0.4,0.6,0.5,0.7,0,441,7.91,19.98
2026-06-06 07:40:22.745,0.4,0.6,0.4,0.7,0,442,7.91,19.97
2026-06-06 07:40:23.228,0.4,0.6,0.4,0.8,0,441,7.91,19.98
2026-06-06 07:40:23.728,0.4,0.6,0.4,0.8,0,441,7.91,19.98
2026-06-06 07:40:24.225,0.4,0.6,0.4,0.9,0,441,7.91,19.98
2026-06-06 07:40:24.778,0.4,0.6,0.4,0.9,0,441,7.91,19.98
2026-06-06 07:40:25.251,0.4,0.6,0.4,1.0,0,441,7.91,19.98
2026-06-06 07:40:25.758,0.4,0.6,0.4,1.0,0,441,7.91,19.98
2026-06-06 07:40:26.243,0.4,0.6,0.4,1.0,0,0,7.91,26.44
2026-06-06 07:40:26.739,0.4,0.6,0.4,1.0,0,442,7.91,19.97
2026-06-06 07:40:27.256,0.4,0.6,0.4,1.0,0,462,7.91,19.67
2026-06-06 07:40:27.758,0.4,0.6,0.4,1.1,0,462,7.91,19.67
2026-06-06 07:40:28.256,0.4,0.6,0.4,1.1,0,462,7.91,19.67
2026-06-06 07:40:28.777,0.4,0.6,0.4,1.1,0,462,7.91,19.67
2026-06-06 07:40:29.229,0.5,0.6,0.4,1.2,29,463,7.49,19.66
2026-06-06 07:40:29.787,0.5,0.6,0.4,1.2,29,463,7.49,19.66
2026-06-06 07:40:30.266,0.6,0.6,0.4,1.4,76,462,6.80,19.67
2026-06-06 07:40:30.760,0.6,0.6,0.4,1.8,94,456,6.53,19.76
2026-06-06 07:40:31.228,0.6,0.6,0.4,2.2,90,447,6.59,19.89
2026-06-06 07:40:31.786,0.5,0.6,0.4,2.3,78,446,6.77,19.91
2026-06-06 07:40:32.751,0.5,0.6,0.4,2.5,67,447,6.93,19.89
2026-06-06 07:40:32.752,0.5,0.6,0.5,2.6,66,445,6.94,19.92
2026-06-06 07:40:33.258,0.5,0.6,0.4,2.4,66,445,6.94,19.92
2026-06-06 07:40:33.758,0.7,0.6,0.4,2.3,141,455,5.84,19.78
2026-06-06 07:40:34.241,0.7,0.6,0.4,2.1,173,445,5.38,19.92
2026-06-06 07:40:34.738,0.7,0.6,0.4,1.7,173,445,5.38,19.92
2026-06-06 07:40:35.259,0.7,0.6,0.5,1.2,173,445,5.38,19.92
2026-06-06 07:40:35.759,0.9,0.6,0.6,0.9,302,445,3.49,19.92
2026-06-06 07:40:36.260,0.9,0.6,0.7,0.8,302,445,3.49,19.92
2026-06-06 07:40:36.755,0.8,0.6,0.7,0.7,259,457,4.12,19.75
2026-06-06 07:40:37.258,0.8,0.6,0.7,0.7,234,454,4.48,19.79
2026-06-06 07:40:37.744,0.8,0.6,0.9,0.7,236,448,4.45,19.88
2026-06-06 07:40:38.260,0.9,0.6,1.0,0.6,274,455,3.90,19.78
2026-06-06 07:40:38.744,0.9,0.6,1.1,0.7,274,455,3.90,19.78
2026-06-06 07:40:39.243,1.0,0.6,1.0,0.8,332,456,3.05,19.76
2026-06-06 07:40:39.783,1.0,0.6,1.1,0.9,332,456,3.05,19.76
2026-06-06 07:40:40.281,1.0,0.6,1.3,1.0,357,455,2.68,19.78
2026-06-06 07:40:40.788,1.0,0.6,1.5,1.2,350,454,2.78,19.79
2026-06-06 07:40:41.288,1.0,0.6,1.5,1.4,350,454,2.78,19.79
2026-06-06 07:40:41.948,0.9,0.6,1.5,1.4,350,454,2.78,19.79
2026-06-06 07:40:42.231,0.9,0.6,1.5,1.4,313,456,3.33,19.76
2026-06-06 07:40:42.286,0.9,0.6,1.5,1.5,283,456,3.76,19.76
2026-06-06 07:40:42.758,0.9,0.6,1.2,1.5,283,456,3.76,19.76
2026-06-06 07:40:43.241,0.9,0.6,1.2,1.2,283,456,3.76,19.76
2026-06-06 07:40:43.742,0.7,0.6,1.3,1.2,188,448,5.16,19.88
2026-06-06 07:40:44.239,0.6,0.6,1.3,1.2,155,446,5.64,19.91
2026-06-06 07:40:44.776,0.6,0.6,1.2,1.4,155,446,5.64,19.91
2026-06-06 07:40:45.246,0.6,0.6,1.2,1.4,109,444,6.31,19.94
2026-06-06 07:40:45.777,0.6,0.6,1.1,1.4,109,444,6.31,19.94
2026-06-06 07:40:46.254,0.5,0.6,1.0,1.4,71,446,6.87,19.91
2026-06-06 07:40:46.777,0.5,0.6,1.0,1.4,71,446,6.87,19.91
2026-06-06 07:40:47.244,0.8,0.6,1.0,0.0,233,454,4.50,19.79
2026-06-06 07:40:47.739,0.8,0.6,0.9,0.0,233,454,4.50,19.79
2026-06-06 07:40:48.284,0.8,0.6,1.0,0.0,233,454,4.50,19.79
2026-06-06 07:40:48.788,0.8,0.6,1.2,0.0,233,454,4.50,19.79
2026-06-06 07:40:49.287,0.9,0.6,1.2,0.0,308,456,3.40,19.76
2026-06-06 07:40:49.770,0.9,0.6,1.3,0.0,325,457,3.15,19.75
2026-06-06 07:40:50.252,0.9,0.6,1.3,0.0,325,457,3.15,19.75
2026-06-06 07:40:50.761,0.9,0.6,1.3,0.0,325,457,3.15,19.75
2026-06-06 07:40:51.240,0.9,0.6,1.3,1.1,325,457,3.15,19.75
2026-06-06 07:40:51.741,0.9,0.6,1.3,0.9,0,0,7.91,26.44
2026-06-06 07:40:52.282,1.2,0.6,1.3,0.9,528,460,0.18,19.70
2026-06-06 07:40:52.795,1.2,0.6,1.7,0.9,528,460,0.18,19.70
2026-06-06 07:40:53.258,1.2,0.6,1.6,0.9,528,460,0.18,19.70
2026-06-06 07:40:53.757,1.3,0.6,1.6,0.9,521,462,0.28,19.67
2026-06-06 07:40:54.285,1.3,0.6,1.6,0.0,521,462,0.28,19.67
2026-06-06 07:40:54.758,1.3,0.6,1.6,0.0,521,462,0.28,19.67
2026-06-06 07:40:55.287,1.3,0.6,0.0,0.0,521,462,0.28,19.67
2026-06-06 07:40:55.798,1.5,0.6,0.0,0.0,645,462,-1.54,19.67
2026-06-06 07:40:56.254,1.5,0.6,0.8,1.5,645,462,-1.54,19.67
2026-06-06 07:40:56.757,1.4,0.6,0.8,1.3,645,458,-1.54,19.73
2026-06-06 07:40:57.287,1.4,0.6,0.7,1.3,645,458,-1.54,19.73
2026-06-06 07:40:58.259,1.2,0.6,0.7,1.1,531,458,0.13,19.73
2026-06-06 07:40:58.259,1.1,0.6,0.7,1.0,448,458,1.35,19.73
2026-06-06 07:40:58.759,1.1,0.6,0.7,0.9,448,458,1.35,19.73
2026-06-06 07:40:59.246,1.1,0.6,0.6,0.8,448,458,1.35,19.73
2026-06-06 07:40:59.749,0.9,0.6,0.7,0.8,309,460,3.38,19.70
2026-06-06 07:41:00.270,0.9,0.6,0.7,0.7,314,459,3.31,19.72
2026-06-06 07:41:00.756,1.0,0.6,0.8,0.7,332,458,3.05,19.73
2026-06-06 07:41:01.247,0.9,0.6,0.8,0.7,325,457,3.15,19.75
2026-06-06 07:41:01.758,0.9,0.6,0.8,0.7,292,457,3.63,19.75
2026-06-06 07:41:02.504,0.9,0.8,0.8,0.7,292,457,3.63,19.75
2026-06-06 07:41:02.754,0.9,0.8,0.9,0.7,272,458,3.93,19.73
2026-06-06 07:41:02.754,0.9,0.8,0.9,0.7,274,458,3.90,19.73
2026-06-06 07:41:03.287,0.9,0.8,0.9,0.7,268,457,3.98,19.75
2026-06-06 07:41:03.808,0.8,0.8,1.0,0.7,263,459,4.06,19.72
2026-06-06 07:41:04.302,0.8,0.8,1.0,0.7,251,458,4.23,19.73
2026-06-06 07:41:04.761,0.7,0.8,1.0,0.8,222,459,4.66,19.72
2026-06-06 07:41:05.302,0.7,0.8,1.0,0.8,179,456,5.29,19.76
2026-06-06 07:41:05.782,0.6,0.8,1.0,0.7,136,448,5.92,19.88
2026-06-06 07:41:06.287,0.6,0.8,0.9,0.7,106,459,6.36,19.72
2026-06-06 07:41:06.788,0.6,0.8,0.9,0.7,106,459,6.36,19.72
2026-06-06 07:41:07.287,0.5,0.8,0.8,0.7,67,458,6.93,19.73
2026-06-06 07:41:07.784,0.5,0.8,0.8,0.8,49,458,7.19,19.73
2026-06-06 07:41:08.287,0.5,0.8,0.7,0.7,47,459,7.22,19.72
2026-06-06 07:41:08.805,0.5,0.8,0.7,0.7,50,461,7.18,19.69
2026-06-06 07:41:09.305,0.5,0.8,0.6,0.7,51,458,7.16,19.73
2026-06-06 07:41:09.806,0.5,0.8,0.6,0.7,56,459,7.09,19.72
2026-06-06 07:41:10.250,0.5,0.8,0.6,0.7,62,459,7.00,19.72
2026-06-06 07:41:10.758,0.5,0.8,0.6,0.7,63,461,6.99,19.69
2026-06-06 07:41:11.288,0.5,0.8,0.5,0.6,50,460,7.18,19.70
2026-06-06 07:41:11.776,0.4,0.8,0.5,0.6,33,459,7.43,19.72
2026-06-06 07:41:12.288,0.4,0.8,0.4,0.6,33,459,7.43,19.72
2026-06-06 07:41:12.759,0.4,0.8,0.5,0.6,7,475,7.81,19.48
2026-06-06 07:41:13.304,0.4,0.8,0.6,0.5,0,460,7.91,19.70
2026-06-06 07:41:13.759,0.4,0.8,0.6,0.5,0,462,7.91,19.67
2026-06-06 07:41:14.255,0.4,0.8,0.6,0.5,0,462,7.91,19.67
2026-06-06 07:41:14.755,0.4,0.8,0.6,0.6,2,460,7.88,19.70
2026-06-06 07:41:15.309,0.5,0.8,0.6,0.6,19,462,7.63,19.67
2026-06-06 07:41:15.758,0.5,0.8,0.6,0.7,34,463,7.41,19.66
2026-06-06 07:41:16.256,0.5,0.8,0.6,0.7,43,460,7.28,19.70
2026-06-06 07:41:16.759,0.5,0.8,0.6,0.7,43,462,7.28,19.67
2026-06-06 07:41:17.254,0.5,0.8,0.6,0.7,43,462,7.28,19.67
2026-06-06 07:41:17.758,0.5,0.8,0.0,0.0,43,462,7.28,19.67
2026-06-06 07:41:18.283,0.5,0.8,0.0,0.0,43,462,7.28,19.67
2026-06-06 07:41:18.757,0.6,0.8,0.5,0.0,136,462,5.92,19.67
2026-06-06 07:41:19.307,0.6,0.8,0.5,0.0,115,462,6.23,19.67
2026-06-06 07:41:19.798,0.6,0.8,0.5,0.0,115,462,6.23,19.67
2026-06-06 07:41:20.256,0.5,0.8,0.5,0.0,78,472,6.77,19.53
2026-06-06 07:41:20.757,0.5,0.8,0.0,0.0,78,472,6.77,19.53
2026-06-06 07:41:21.253,0.5,0.8,0.0,0.0,78,472,6.77,19.53
2026-06-06 07:41:21.759,0.5,0.8,0.0,0.0,78,472,6.77,19.53
2026-06-06 07:41:22.259,0.5,0.8,0.0,0.0,0,0,7.91,26.44
2026-06-06 07:41:22.757,0.5,0.8,0.0,0.0,0,0,7.91,26.44
2026-06-06 07:41:23.307,0.5,0.8,0.0,0.9,0,0,7.91,26.44
2026-06-06 07:41:23.775,0.6,0.8,0.0,0.9,163,461,5.52,19.69
2026-06-06 07:41:24.261,0.6,0.8,0.0,0.9,122,460,6.12,19.70
2026-06-06 07:41:24.779,0.5,0.8,0.0,0.7,84,463,6.68,19.66
2026-06-06 07:41:25.305,0.5,0.8,0.0,0.7,84,463,6.68,19.66
2026-06-06 07:41:25.802,0.5,0.8,0.0,0.7,84,463,6.68,19.66
2026-06-06 07:41:26.285,0.5,0.8,0.0,0.9,84,463,6.68,19.66
2026-06-06 07:41:26.808,0.4,0.8,0.4,1.0,0,463,7.91,19.66
2026-06-06 07:41:27.287,0.4,0.8,0.5,1.1,0,443,7.91,19.95
2026-06-06 07:41:27.808,0.4,0.8,0.5,1.3,0,443,7.91,19.95
2026-06-06 07:41:28.288,0.4,0.8,0.6,1.4,11,462,7.75,19.67
2026-06-06 07:41:28.778,0.5,0.8,0.7,1.4,33,462,7.43,19.67
2026-06-06 07:41:29.282,0.5,0.8,0.8,1.5,33,462,7.43,19.67
2026-06-06 07:41:29.787,0.7,0.8,1.0,1.6,137,463,5.90,19.66
2026-06-06 07:41:30.304,0.7,0.8,1.3,1.5,173,463,5.38,19.66
2026-06-06 07:41:30.798,0.7,0.8,1.6,1.5,183,473,5.23,19.51
2026-06-06 07:41:31.308,0.7,0.8,2.1,1.4,195,463,5.05,19.66
2026-06-06 07:41:31.812,0.7,0.8,2.2,1.4,195,463,5.05,19.66
2026-06-06 07:41:32.288,0.8,0.8,2.0,1.3,253,473,4.20,19.51
2026-06-06 07:41:32.775,0.8,0.8,1.9,1.3,253,473,4.20,19.51
2026-06-06 07:41:33.308,0.9,0.8,1.7,1.2,277,461,3.85,19.69
2026-06-06 07:41:33.813,1.1,0.8,1.7,1.1,357,463,2.68,19.66
2026-06-06 07:41:34.288,1.1,0.8,1.5,1.0,409,462,1.92,19.67
2026-06-06 07:41:34.773,1.1,0.8,1.4,1.0,435,461,1.54,19.69
2026-06-06 07:41:35.270,1.0,0.8,1.4,0.9,413,473,1.86,19.51
2026-06-06 07:41:35.768,0.9,0.8,1.3,0.8,348,462,2.81,19.67
2026-06-06 07:41:36.288,0.8,0.8,1.2,0.8,280,463,3.81,19.66
2026-06-06 07:41:36.808,0.7,0.8,1.3,0.7,225,463,4.61,19.66
2026-06-06 07:41:37.298,0.7,0.8,1.3,0.7,179,463,5.29,19.66
2026-06-06 07:41:37.817,0.7,0.8,1.2,0.6,179,463,5.29,19.66
2026-06-06 07:41:38.287,0.7,0.8,1.3,0.6,179,463,5.29,19.66
2026-06-06 07:41:38.760,0.7,0.8,1.3,0.5,179,463,5.29,19.66
2026-06-06 07:41:39.305,0.6,0.8,1.3,0.5,105,462,6.37,19.67
2026-06-06 07:41:39.803,0.6,0.8,1.3,0.6,105,462,6.37,19.67
2026-06-06 07:41:40.300,0.5,0.8,1.2,0.6,67,462,6.93,19.67
2026-06-06 07:41:40.817,0.5,0.8,1.2,0.7,53,463,7.13,19.66
2026-06-06 07:41:41.287,0.5,0.8,1.1,0.8,52,462,7.15,19.67
2026-06-06 07:41:41.809,0.5,0.8,1.1,0.9,37,464,7.37,19.64
2026-06-06 07:41:42.320,0.4,0.8,1.1,1.1,27,463,7.51,19.66
2026-06-06 07:41:42.818,0.4,0.8,1.0,1.1,20,471,7.62,19.54
2026-06-06 07:41:43.281,0.4,0.8,1.0,1.1,10,462,7.76,19.67
2026-06-06 07:41:43.807,0.4,0.8,0.9,1.0,10,462,7.76,19.67
2026-06-06 07:41:44.779,0.5,0.8,0.8,1.0,27,472,7.51,19.53
2026-06-06 07:41:44.779,0.5,0.8,0.8,1.1,55,463,7.10,19.66
2026-06-06 07:41:45.303,0.5,0.8,0.7,1.2,68,462,6.91,19.67
2026-06-06 07:41:45.777,0.6,0.8,0.7,1.2,83,464,6.69,19.64
2026-06-06 07:41:46.291,0.6,0.8,0.7,1.2,83,464,6.69,19.64
2026-06-06 07:41:46.787,0.6,0.8,0.7,1.2,83,464,6.69,19.64
2026-06-06 07:41:47.285,0.6,0.8,0.7,0.0,87,464,6.64,19.64
2026-06-06 07:41:47.796,0.5,0.8,0.7,1.1,82,464,6.71,19.64
2026-06-06 07:41:48.307,0.5,0.8,0.7,1.1,82,464,6.71,19.64
2026-06-06 07:41:48.805,0.5,0.8,0.0,1.1,82,464,6.71,19.64
2026-06-06 07:41:49.281,0.5,0.8,0.0,1.1,82,464,6.71,19.64
2026-06-06 07:41:49.787,0.5,0.8,0.0,0.0,0,0,7.91,26.44
2026-06-06 07:41:50.287,0.5,0.8,0.0,0.0,0,0,7.91,26.44
2026-06-06 07:41:50.777,0.5,0.8,0.0,0.0,0,0,7.91,26.44
2026-06-06 07:41:51.305,0.6,0.8,0.0,0.0,91,464,6.58,19.64
2026-06-06 07:41:51.808,0.7,0.8,0.0,0.0,161,461,5.55,19.69
2026-06-06 07:41:52.281,0.7,0.8,0.0,0.0,161,461,5.55,19.69
2026-06-06 07:41:52.780,0.8,0.8,0.0,0.0,223,463,4.64,19.66
2026-06-06 07:41:53.289,0.8,0.8,0.0,0.0,223,463,4.64,19.66
2026-06-06 07:41:53.787,0.8,0.8,0.0,0.0,223,463,4.64,19.66
2026-06-06 07:41:54.308,0.8,0.8,0.0,0.0,223,463,4.64,19.66
2026-06-06 07:41:54.804,0.8,0.8,0.0,0.0,0,0,7.91,26.44
2026-06-06 07:41:55.304,0.8,0.8,0.0,0.0,261,463,4.09,19.66
2026-06-06 07:41:55.799,0.8,0.8,0.0,0.0,261,464,4.09,19.64
2026-06-06 07:41:56.318,0.8,0.8,0.0,0.0,264,471,4.04,19.54
2026-06-06 07:41:56.818,0.8,0.8,0.0,1.2,259,473,4.12,19.51
2026-06-06 07:41:57.280,0.9,0.8,0.7,1.3,258,462,4.13,19.67
2026-06-06 07:41:57.788,0.9,0.8,0.8,1.3,283,462,3.76,19.67
2026-06-06 07:41:58.275,0.9,0.8,0.7,1.3,279,462,3.82,19.67
2026-06-06 07:41:58.837,0.8,0.8,0.6,1.3,262,471,4.07,19.54
2026-06-06 07:41:59.334,0.8,0.8,0.5,1.2,262,471,4.07,19.54
2026-06-06 07:41:59.788,0.8,0.8,0.5,1.2,229,464,4.56,19.64
2026-06-06 07:42:00.287,0.7,0.8,0.5,1.1,207,472,4.88,19.53
2026-06-06 07:42:00.789,0.7,0.8,0.5,1.1,207,472,4.88,19.53
2026-06-06 07:42:01.335,0.7,0.8,0.5,1.1,187,463,5.17,19.66
2026-06-06 07:42:01.831,0.7,0.8,0.7,1.1,187,463,5.17,19.66
2026-06-06 07:42:02.278,0.8,0.8,0.7,1.0,196,463,5.04,19.66
2026-06-06 07:42:02.819,0.8,0.8,0.8,1.0,230,461,4.54,19.69
2026-06-06 07:42:03.318,0.8,0.8,0.8,0.9,247,460,4.29,19.70
2026-06-06 07:42:03.774,0.9,0.8,0.8,0.9,266,464,4.01,19.64
2026-06-06 07:42:04.318,0.8,0.8,0.8,0.9,250,463,4.25,19.66
2026-06-06 07:42:04.787,0.8,0.8,0.8,0.9,224,464,4.63,19.64
2026-06-06 07:42:05.336,0.7,0.8,0.6,1.1,191,463,5.11,19.66
2026-06-06 07:42:05.773,0.7,0.8,0.6,1.2,176,472,5.33,19.53
2026-06-06 07:42:06.302,0.7,0.8,0.6,1.2,168,463,5.45,19.66
2026-06-06 07:42:06.808,0.7,0.8,0.6,1.2,152,464,5.68,19.64
2026-06-06 07:42:07.305,0.7,0.8,0.6,1.1,152,464,5.68,19.64
2026-06-06 07:42:07.804,0.7,0.8,0.6,1.1,152,464,5.68,19.64
2026-06-06 07:42:08.303,0.7,0.8,0.7,1.0,152,464,5.68,19.64
2026-06-06 07:42:08.780,1.1,0.8,0.8,0.8,337,458,2.97,19.73
2026-06-06 07:42:09.289,1.3,0.8,0.8,0.8,496,457,0.64,19.75
2026-06-06 07:42:09.818,1.3,0.8,0.8,1.1,496,457,0.64,19.75
2026-06-06 07:42:10.318,1.3,0.8,0.8,1.5,496,457,0.64,19.75
2026-06-06 07:42:10.837,1.3,0.8,0.7,1.7,496,457,0.64,19.75
2026-06-06 07:42:11.306,0.9,0.8,0.7,1.7,349,455,2.80,19.78
2026-06-06 07:42:11.804,0.9,0.8,0.7,1.8,349,455,2.80,19.78
2026-06-06 07:42:12.286,0.9,0.8,0.7,1.7,290,455,3.66,19.78
2026-06-06 07:42:13.317,1.0,0.8,0.6,1.5,337,454,2.97,19.79
2026-06-06 07:42:13.318,1.1,0.8,0.6,1.4,382,456,2.31,19.76
2026-06-06 07:42:13.819,1.1,0.8,0.6,1.4,382,456,2.31,19.76
2026-06-06 07:42:14.303,1.1,0.8,0.6,1.4,382,456,2.31,19.76
2026-06-06 07:42:14.810,1.3,0.8,0.6,1.5,522,455,0.26,19.78
2026-06-06 07:42:15.337,1.3,0.8,0.6,1.4,522,455,0.26,19.78
2026-06-06 07:42:15.788,1.3,0.8,0.6,1.4,522,455,0.26,19.78
2026-06-06 07:42:16.285,1.3,0.8,0.6,1.5,522,455,0.26,19.78
2026-06-06 07:42:16.787,1.3,0.8,0.6,1.5,0,0,7.91,26.44
2026-06-06 07:42:17.307,1.3,0.8,0.6,1.5,0,0,7.91,26.44
2026-06-06 07:42:18.303,1.3,0.8,0.6,1.4,0,0,7.91,26.44
2026-06-06 07:42:18.304,1.3,0.8,0.0,1.4,0,0,7.91,26.44
2026-06-06 07:42:18.809,1.3,0.8,0.0,1.4,0,0,7.91,26.44
2026-06-06 07:42:19.288,1.1,0.8,0.0,1.4,422,454,1.73,19.79
2026-06-06 07:42:19.838,1.1,0.8,0.0,1.4,397,447,2.09,19.89
2026-06-06 07:42:20.335,1.2,0.8,0.5,1.4,466,446,1.08,19.91
2026-06-06 07:42:20.788,1.2,0.8,0.5,1.1,466,446,1.08,19.91
2026-06-06 07:42:21.352,1.0,0.8,0.5,1.1,372,456,2.46,19.76
2026-06-06 07:42:21.847,1.0,0.8,0.5,0.9,372,456,2.46,19.76
2026-06-06 07:42:22.303,1.0,0.8,0.5,0.9,372,456,2.46,19.76
2026-06-06 07:42:22.817,1.0,0.8,0.5,0.9,372,456,2.46,19.76
2026-06-06 07:42:23.305,1.0,0.8,0.5,1.0,0,0,7.91,26.44
2026-06-06 07:42:23.802,1.0,0.8,0.7,1.1,0,0,7.91,26.44
2026-06-06 07:42:24.302,0.8,0.8,0.7,1.3,231,456,4.53,19.76
2026-06-06 07:42:24.837,0.8,0.8,0.7,1.3,231,456,4.53,19.76
2026-06-06 07:42:25.332,0.9,0.8,0.7,1.4,281,453,3.79,19.80
2026-06-06 07:42:25.801,0.9,0.8,0.9,1.4,281,453,3.79,19.80
2026-06-06 07:42:26.318,0.9,0.8,0.9,1.4,281,453,3.79,19.80
2026-06-06 07:42:26.802,0.9,0.8,0.8,1.6,281,453,3.79,19.80
2026-06-06 07:42:27.332,1.2,0.8,0.8,1.5,413,455,1.86,19.78
2026-06-06 07:42:27.837,1.2,0.8,0.8,1.5,413,455,1.86,19.78
2026-06-06 07:42:28.351,1.3,0.8,0.8,1.2,484,446,0.82,19.91
2026-06-06 07:42:28.851,1.4,0.8,0.9,1.1,537,447,0.04,19.89
2026-06-06 07:42:29.337,1.4,0.8,0.9,1.1,580,448,-0.59,19.88
2026-06-06 07:42:29.853,1.2,0.8,1.0,1.2,560,454,-0.29,19.79
2026-06-06 07:42:30.352,1.2,0.8,1.0,1.3,506,444,0.50,19.94
2026-06-06 07:42:30.807,1.1,0.8,1.0,1.3,450,455,1.32,19.78
2026-06-06 07:42:31.317,1.1,0.8,1.0,1.3,450,455,1.32,19.78
2026-06-06 07:42:31.819,1.1,0.8,1.2,1.2,381,458,2.33,19.73
2026-06-06 07:42:32.312,1.3,0.8,1.4,1.2,447,454,1.36,19.79
2026-06-06 07:42:33.331,1.6,0.8,1.6,1.2,600,447,-0.88,19.89
2026-06-06 07:42:33.332,1.5,0.8,1.6,1.1,671,455,-1.92,19.78
2026-06-06 07:42:34.335,1.5,0.8,1.6,1.0,671,455,-1.92,19.78
2026-06-06 07:42:34.336,1.5,0.8,1.5,1.0,671,455,-1.92,19.78
2026-06-06 07:42:34.855,1.5,0.8,1.4,1.0,688,448,-2.17,19.88
2026-06-06 07:42:35.340,1.4,0.8,1.4,0.9,667,455,-1.86,19.78
2026-06-06 07:42:35.838,1.3,0.8,1.3,1.0,589,454,-0.72,19.79
2026-06-06 07:42:36.336,1.1,0.8,1.3,0.9,491,448,0.72,19.88
2026-06-06 07:42:36.841,1.1,0.8,1.3,0.9,423,455,1.71,19.78
2026-06-06 07:42:37.355,1.0,0.8,1.2,0.9,398,455,2.08,19.78
2026-06-06 07:42:37.849,1.0,0.8,1.1,0.9,398,455,2.08,19.78
2026-06-06 07:42:38.311,0.9,0.8,0.9,0.8,297,447,3.56,19.89
2026-06-06 07:42:38.838,0.9,0.8,0.9,0.8,297,447,3.56,19.89
2026-06-06 07:42:39.335,0.9,0.8,0.9,0.9,297,447,3.56,19.89
2026-06-06 07:42:39.830,0.9,0.8,0.9,0.9,271,455,3.94,19.78
2026-06-06 07:42:40.324,1.0,0.8,0.8,1.2,304,454,3.46,19.79
2026-06-06 07:42:40.819,1.1,0.8,0.8,1.3,363,446,2.59,19.91
2026-06-06 07:42:41.318,1.1,0.8,0.8,1.3,363,446,2.59,19.91
2026-06-06 07:42:41.818,1.1,0.8,0.8,1.3,394,447,2.14,19.89
2026-06-06 07:42:42.337,1.1,0.8,0.8,1.4,394,447,2.14,19.89
2026-06-06 07:42:42.817,1.1,0.8,0.8,1.4,394,447,2.14,19.89
2026-06-06 07:42:43.806,1.1,0.8,0.8,1.3,394,447,2.14,19.89
2026-06-06 07:42:43.868,1.1,0.8,0.8,1.3,417,446,1.80,19.91
2026-06-06 07:42:44.307,1.1,0.8,0.8,1.3,426,447,1.67,19.89
2026-06-06 07:42:44.808,1.1,0.8,1.0,1.4,426,447,1.67,19.89
2026-06-06 07:42:45.308,1.1,0.8,1.2,1.4,408,457,1.93,19.75
2026-06-06 07:42:46.303,1.1,0.8,1.3,1.5,438,447,1.49,19.89
2026-06-06 07:42:46.364,1.1,0.8,1.3,1.5,438,447,1.49,19.89
2026-06-06 07:42:46.838,1.1,0.8,1.3,1.5,438,447,1.49,19.89
2026-06-06 07:42:47.358,1.1,0.8,1.3,1.5,438,447,1.49,19.89
2026-06-06 07:42:47.817,1.1,0.8,1.5,1.4,0,0,7.91,26.44
2026-06-06 07:42:48.349,1.3,0.8,1.6,1.3,512,453,0.41,19.80
2026-06-06 07:42:48.853,1.2,0.8,1.6,1.3,508,455,0.47,19.78
2026-06-06 07:42:49.330,1.1,0.8,1.6,1.4,457,454,1.22,19.79
2026-06-06 07:42:49.839,1.1,0.8,1.6,1.4,457,454,1.22,19.79
2026-06-06 07:42:50.302,1.0,0.8,1.2,1.2,363,454,2.59,19.79
2026-06-06 07:42:50.807,1.0,0.8,1.1,1.2,363,454,2.59,19.79
2026-06-06 07:42:51.359,1.0,0.8,1.0,1.1,363,454,2.59,19.79
2026-06-06 07:42:51.838,1.0,0.8,0.8,1.0,352,453,2.75,19.80
2026-06-06 07:42:52.508,0.9,0.9,0.9,1.0,352,453,2.75,19.80
2026-06-06 07:42:52.843,0.9,0.9,0.7,1.1,323,448,3.18,19.88
2026-06-06 07:42:52.844,0.8,0.9,0.7,1.1,282,447,3.78,19.89
2026-06-06 07:42:53.339,0.8,0.9,0.6,1.2,282,447,3.78,19.89
2026-06-06 07:42:53.819,0.8,0.9,0.5,1.2,282,447,3.78,19.89
2026-06-06 07:42:54.318,0.8,0.9,0.5,1.2,282,447,3.78,19.89
2026-06-06 07:42:54.818,0.7,0.9,0.5,1.3,190,448,5.13,19.88
2026-06-06 07:42:55.337,0.8,0.9,0.5,1.3,201,448,4.97,19.88
2026-06-06 07:42:55.840,0.9,0.9,0.5,1.2,257,457,4.15,19.75
2026-06-06 07:42:56.350,0.9,0.9,0.5,1.1,315,454,3.30,19.79
2026-06-06 07:42:56.817,0.9,0.9,0.5,1.0,295,457,3.59,19.75
2026-06-06 07:42:57.359,0.9,0.9,0.5,1.0,295,457,3.59,19.75
2026-06-06 07:42:57.817,0.8,0.9,0.7,1.0,239,454,4.41,19.79
2026-06-06 07:42:58.302,0.8,0.9,1.0,1.0,239,454,4.41,19.79
2026-06-06 07:42:58.859,0.7,0.9,1.4,0.9,204,447,4.92,19.89
2026-06-06 07:42:59.308,0.7,0.9,1.4,0.9,204,447,4.92,19.89
2026-06-06 07:42:59.838,0.7,0.9,2.4,0.8,204,447,4.92,19.89
2026-06-06 07:43:00.306,0.7,0.9,2.4,0.8,204,447,4.92,19.89
2026-06-06 07:43:00.864,0.7,0.9,2.0,0.8,163,455,5.52,19.78
2026-06-06 07:43:01.311,0.7,0.9,1.6,0.8,169,455,5.43,19.78
2026-06-06 07:43:01.852,0.7,0.9,1.3,0.8,169,455,5.43,19.78
2026-06-06 07:43:02.349,0.7,0.9,1.3,0.9,160,446,5.57,19.91
2026-06-06 07:43:02.816,0.7,0.9,1.3,0.9,160,446,5.57,19.91
2026-06-06 07:43:03.351,0.6,0.9,1.3,0.9,141,455,5.84,19.78
2026-06-06 07:43:03.836,0.6,0.9,1.6,0.9,141,455,5.84,19.78
2026-06-06 07:43:04.333,0.6,0.9,1.3,1.0,141,455,5.84,19.78
2026-06-06 07:43:04.831,0.6,0.9,1.1,1.1,137,446,5.90,19.91
2026-06-06 07:43:05.342,0.6,0.9,1.0,1.1,137,446,5.90,19.91
2026-06-06 07:43:05.841,0.6,0.9,0.8,1.1,123,445,6.11,19.92
2026-06-06 07:43:06.334,0.5,0.9,0.8,1.1,88,456,6.62,19.76
2026-06-06 07:43:06.831,0.5,0.9,0.7,1.1,61,446,7.02,19.91
2026-06-06 07:43:07.364,0.5,0.9,0.6,1.1,63,446,6.99,19.91
2026-06-06 07:43:07.837,0.4,0.9,0.5,1.0,46,455,7.24,19.78
2026-06-06 07:43:08.352,0.4,0.9,0.5,0.9,19,446,7.63,19.91
2026-06-06 07:43:08.851,0.4,0.9,0.5,0.9,0,446,7.91,19.91
2026-06-06 07:43:09.338,0.4,0.9,0.5,0.8,0,446,7.91,19.91
2026-06-06 07:43:09.868,0.4,0.9,0.5,0.8,0,446,7.91,19.91
2026-06-06 07:43:10.311,0.4,0.9,0.5,0.8,16,447,7.68,19.89
2026-06-06 07:43:10.853,0.5,0.9,0.5,0.7,15,446,7.69,19.91
2026-06-06 07:43:11.346,0.5,0.9,0.5,0.8,15,446,7.69,19.91
2026-06-06 07:43:11.867,0.7,0.9,0.5,0.8,164,447,5.51,19.89
2026-06-06 07:43:12.367,0.8,0.9,0.6,0.7,209,446,4.85,19.91
2026-06-06 07:43:12.856,0.8,0.9,0.8,0.7,209,446,4.85,19.91
2026-06-06 07:43:13.351,0.9,0.9,1.0,0.8,284,454,3.75,19.79
2026-06-06 07:43:13.830,0.9,0.9,1.1,0.9,292,446,3.63,19.91
2026-06-06 07:43:14.340,0.9,0.9,1.1,0.9,290,454,3.66,19.79
2026-06-06 07:43:14.869,1.0,0.9,1.4,0.8,311,455,3.35,19.78
2026-06-06 07:43:15.365,1.0,0.9,1.4,0.8,311,455,3.35,19.78
2026-06-06 07:43:15.866,1.0,0.9,1.4,0.7,311,455,3.35,19.78
2026-06-06 07:43:16.335,1.2,0.9,1.4,0.6,437,444,1.51,19.94
2026-06-06 07:43:16.837,1.2,0.9,1.5,0.6,437,444,1.51,19.94
2026-06-06 07:43:17.356,1.2,0.9,1.4,0.5,479,446,0.89,19.91
2026-06-06 07:43:17.846,1.3,0.9,1.4,0.5,510,445,0.44,19.92
2026-06-06 07:43:18.323,1.3,0.9,1.3,0.5,510,445,0.44,19.92
2026-06-06 07:43:18.869,1.3,0.9,1.3,0.5,510,445,0.44,19.92
2026-06-06 07:43:19.368,1.3,0.9,1.4,0.4,510,445,0.44,19.92
2026-06-06 07:43:19.845,0.9,0.9,1.4,0.5,348,447,2.81,19.89
2026-06-06 07:43:20.332,0.8,0.9,1.4,0.4,300,454,3.52,19.79
2026-06-06 07:43:20.854,0.8,0.9,1.4,0.5,300,454,3.52,19.79
2026-06-06 07:43:21.330,0.7,0.9,1.4,0.5,182,455,5.24,19.78
2026-06-06 07:43:21.837,0.6,0.9,1.4,0.4,146,445,5.77,19.92
2026-06-06 07:43:22.334,0.6,0.9,1.3,0.4,146,445,5.77,19.92
2026-06-06 07:43:22.817,0.6,0.9,1.0,0.4,114,447,6.24,19.89
2026-06-06 07:43:23.347,0.7,0.9,1.0,0.4,131,447,5.99,19.89
2026-06-06 07:43:23.849,0.7,0.9,0.8,0.4,131,447,5.99,19.89
2026-06-06 07:43:24.348,1.1,0.9,0.6,0.4,326,447,3.13,19.89
2026-06-06 07:43:24.838,1.1,0.9,0.6,0.4,326,447,3.13,19.89
2026-06-06 07:43:25.360,0.9,0.9,0.5,0.4,329,447,3.09,19.89
2026-06-06 07:43:25.868,0.9,0.9,0.5,0.4,329,447,3.09,19.89
2026-06-06 07:43:26.367,0.6,0.9,0.5,0.4,175,446,5.35,19.91
2026-06-06 07:43:26.871,0.6,0.9,0.5,0.4,175,446,5.35,19.91
2026-06-06 07:43:27.353,0.6,0.9,0.5,0.5,175,446,5.35,19.91
2026-06-06 07:43:27.851,0.5,0.9,0.5,0.5,79,456,6.75,19.76
2026-06-06 07:43:28.331,0.5,0.9,0.4,0.5,67,447,6.93,19.89
2026-06-06 07:43:28.838,0.6,0.9,0.4,0.5,86,447,6.65,19.89
2026-06-06 07:43:29.341,0.6,0.9,0.5,0.5,116,447,6.21,19.89
2026-06-06 07:43:29.881,0.6,0.9,0.7,0.5,116,447,6.21,19.89
2026-06-06 07:43:30.362,0.6,0.9,1.0,0.4,116,447,6.21,19.89
2026-06-06 07:43:31.342,0.7,0.9,1.1,0.4,174,453,5.36,19.80
2026-06-06 07:43:31.343,0.7,0.9,1.1,0.5,165,446,5.49,19.91
2026-06-06 07:43:31.867,0.6,0.9,1.1,0.6,154,446,5.65,19.91
2026-06-06 07:43:32.837,0.6,0.9,1.1,0.6,148,447,5.74,19.89
2026-06-06 07:43:32.838,0.6,0.9,1.1,0.6,148,447,5.74,19.89
2026-06-06 07:43:33.386,0.6,0.9,1.0,0.7,136,446,5.92,19.91
2026-06-06 07:43:33.856,0.6,0.9,0.8,0.7,105,446,6.37,19.91
2026-06-06 07:43:34.348,0.5,0.9,0.7,0.7,79,446,6.75,19.91
2026-06-06 07:43:34.887,0.5,0.9,0.6,0.7,56,453,7.09,19.80
2026-06-06 07:43:35.348,0.5,0.9,0.6,0.6,56,453,7.09,19.80
2026-06-06 07:43:35.852,0.5,0.9,0.7,0.6,56,453,7.09,19.80
2026-06-06 07:43:36.336,0.4,0.9,0.7,0.6,3,446,7.87,19.91
2026-06-06 07:43:36.838,0.4,0.9,0.7,0.6,0,446,7.91,19.91
2026-06-06 07:43:37.338,0.4,0.9,0.6,0.6,0,456,7.91,19.76
2026-06-06 07:43:37.855,0.4,0.9,0.5,0.5,0,446,7.91,19.91
2026-06-06 07:43:38.350,0.4,0.9,0.5,0.5,0,448,7.91,19.88
2026-06-06 07:43:38.850,0.4,0.9,0.4,0.5,0,446,7.91,19.91
2026-06-06 07:43:39.338,0.4,0.9,0.4,0.6,0,446,7.91,19.91
2026-06-06 07:43:39.868,0.4,0.9,0.4,0.5,0,446,7.91,19.91
2026-06-06 07:43:40.347,0.4,0.9,0.5,0.5,3,454,7.87,19.79
2026-06-06 07:43:40.850,0.4,0.9,0.5,0.5,0,448,7.91,19.88
2026-06-06 07:43:41.374,0.4,0.9,0.5,0.4,0,447,7.91,19.89
2026-06-06 07:43:41.872,0.4,0.9,0.5,0.4,2,446,7.88,19.91
2026-06-06 07:43:42.352,0.4,0.9,0.5,0.4,0,447,7.91,19.89
2026-06-06 07:43:42.848,0.4,0.9,0.5,0.4,0,447,7.91,19.89
2026-06-06 07:43:43.329,0.4,0.9,0.5,0.4,0,453,7.91,19.80
2026-06-06 07:43:43.840,0.4,0.9,0.4,0.4,0,453,7.91,19.80
2026-06-06 07:43:44.367,0.4,0.9,0.4,0.4,0,447,7.91,19.89
2026-06-06 07:43:44.865,0.4,0.9,0.5,0.4,3,445,7.87,19.92
2026-06-06 07:43:45.337,0.4,0.9,0.5,0.4,7,447,7.81,19.89
2026-06-06 07:43:45.840,0.4,0.9,0.6,0.4,7,447,7.81,19.89
2026-06-06 07:43:46.354,0.4,0.9,0.7,0.4,7,447,7.81,19.89
2026-06-06 07:43:46.855,0.5,0.9,1.0,0.4,31,445,7.46,19.92
2026-06-06 07:43:47.348,0.5,0.9,1.2,0.4,31,445,7.46,19.92
2026-06-06 07:43:47.830,0.5,0.9,1.2,0.5,31,445,7.46,19.92
2026-06-06 07:43:48.334,0.5,0.9,1.2,0.5,57,445,7.08,19.92
2026-06-06 07:43:48.869,0.6,0.9,1.0,0.5,80,444,6.74,19.94
2026-06-06 07:43:49.367,0.6,0.9,1.2,0.6,80,444,6.74,19.94
2026-06-06 07:43:50.532,0.6,0.9,1.2,0.6,80,444,6.74,19.94
2026-06-06 07:43:50.869,0.6,0.9,1.8,0.7,125,447,6.08,19.89
2026-06-06 07:43:50.870,0.6,0.9,1.8,0.7,126,447,6.06,19.89
2026-06-06 07:43:51.384,0.7,0.9,1.8,0.8,140,447,5.86,19.89
2026-06-06 07:43:51.385,0.7,0.9,1.2,0.8,140,447,5.86,19.89
2026-06-06 07:43:51.880,0.7,0.9,1.2,1.0,140,447,5.86,19.89
2026-06-06 07:43:52.338,1.0,0.9,1.2,1.0,326,447,3.13,19.89
2026-06-06 07:43:52.837,1.0,0.9,1.2,1.1,326,447,3.13,19.89
2026-06-06 07:43:53.347,0.9,0.9,1.1,1.2,337,447,2.97,19.89
2026-06-06 07:43:53.836,0.9,0.9,1.1,1.2,289,453,3.68,19.80
2026-06-06 07:43:54.367,0.9,0.9,1.1,1.2,289,453,3.68,19.80
2026-06-06 07:43:54.860,0.9,0.9,1.1,1.1,289,453,3.68,19.80
2026-06-06 07:43:55.359,1.0,0.9,1.2,1.2,336,447,2.99,19.89
2026-06-06 07:43:55.868,1.0,0.9,1.3,1.2,329,455,3.09,19.78
2026-06-06 07:43:56.383,1.0,0.9,1.3,1.2,329,455,3.09,19.78
2026-06-06 07:43:56.867,1.0,0.9,1.1,1.1,329,455,3.09,19.78
2026-06-06 07:43:57.359,1.0,0.9,1.0,1.0,329,455,3.09,19.78
2026-06-06 07:43:57.872,1.0,0.9,0.9,1.0,352,455,2.75,19.78
2026-06-06 07:43:58.368,1.0,0.9,0.8,0.9,367,446,2.53,19.91
2026-06-06 07:43:58.860,1.0,0.9,1.0,0.9,367,446,2.53,19.91
2026-06-06 07:43:59.367,1.0,0.9,1.3,1.0,354,454,2.72,19.79
2026-06-06 07:43:59.869,1.0,0.9,1.3,0.9,354,454,2.72,19.79
2026-06-06 07:44:00.367,0.9,0.9,1.3,0.9,301,446,3.50,19.91
2026-06-06 07:44:00.888,0.9,0.9,1.4,0.8,304,446,3.46,19.91
2026-06-06 07:44:01.398,0.9,0.9,1.5,0.8,295,445,3.59,19.92
2026-06-06 07:44:01.881,0.9,0.9,1.5,0.8,295,455,3.59,19.78
2026-06-06 07:44:02.380,1.0,0.9,1.5,0.8,298,457,3.54,19.75
2026-06-06 07:44:02.840,1.0,0.9,1.3,0.8,335,454,3.00,19.79
2026-06-06 07:44:03.380,1.0,0.9,1.3,0.8,335,454,3.00,19.79
2026-06-06 07:44:03.859,1.2,0.9,1.3,0.8,466,446,1.08,19.91
2026-06-06 07:44:04.383,1.2,0.9,1.0,0.7,479,448,0.89,19.88
2026-06-06 07:44:04.883,1.1,0.9,0.9,0.7,455,462,1.25,19.67
2026-06-06 07:44:05.384,1.1,0.9,0.8,0.7,436,447,1.52,19.89
2026-06-06 07:44:05.883,1.0,0.9,0.7,0.7,387,447,2.24,19.89
2026-06-06 07:44:06.377,1.0,0.9,0.6,0.7,387,447,2.24,19.89
2026-06-06 07:44:06.841,1.0,0.9,0.6,0.7,387,447,2.24,19.89
2026-06-06 07:44:07.385,0.7,0.9,0.5,0.8,210,447,4.83,19.89
2026-06-06 07:44:07.859,0.8,0.9,0.5,0.8,194,455,5.07,19.78
2026-06-06 07:44:08.368,0.8,0.9,0.5,0.8,212,457,4.80,19.75
2026-06-06 07:44:08.885,0.8,0.9,0.5,0.8,212,457,4.80,19.75
2026-06-06 07:44:09.367,0.8,0.9,0.5,0.8,255,446,4.17,19.91
2026-06-06 07:44:10.354,0.8,0.9,0.5,0.8,247,457,4.29,19.75
2026-06-06 07:44:10.355,0.9,0.9,0.5,0.8,257,448,4.15,19.88
2026-06-06 07:44:10.850,0.9,0.9,0.5,0.8,257,448,4.15,19.88
2026-06-06 07:44:11.868,0.9,0.9,0.5,1.0,257,448,4.15,19.88
2026-06-06 07:44:11.870,1.0,0.9,0.5,0.9,317,446,3.27,19.91
2026-06-06 07:44:12.373,1.0,0.9,0.5,0.9,332,447,3.05,19.89
2026-06-06 07:44:12.872,0.9,0.9,0.6,0.9,326,448,3.13,19.88
2026-06-06 07:44:13.370,0.9,0.9,0.6,0.9,326,448,3.13,19.88
2026-06-06 07:44:13.866,0.8,0.9,0.5,1.1,270,446,3.96,19.91
2026-06-06 07:44:14.365,0.8,0.9,0.5,1.2,270,446,3.96,19.91
2026-06-06 07:44:14.858,0.7,0.9,0.5,1.2,182,456,5.24,19.76
2026-06-06 07:44:15.348,0.7,0.9,0.4,1.1,182,456,5.24,19.76
2026-06-06 07:44:15.888,0.6,0.9,0.4,1.0,129,455,6.02,19.78
2026-06-06 07:44:16.399,0.6,0.9,0.5,1.0,116,458,6.21,19.73
2026-06-06 07:44:17.391,0.6,0.9,0.5,1.0,102,445,6.42,19.92
2026-06-06 07:44:17.392,0.5,0.9,0.5,1.0,95,454,6.52,19.79
2026-06-06 07:44:17.897,0.5,0.9,0.9,1.0,78,453,6.77,19.80
2026-06-06 07:44:18.353,0.5,0.9,1.0,1.0,78,453,6.77,19.80
2026-06-06 07:44:18.849,0.5,0.9,1.0,0.9,78,453,6.77,19.80
2026-06-06 07:44:19.393,0.5,0.9,1.0,0.9,78,453,6.77,19.80
2026-06-06 07:44:19.887,0.4,0.9,1.0,0.9,1,446,7.90,19.91
2026-06-06 07:44:20.348,0.4,0.9,1.0,0.8,4,447,7.85,19.89
2026-06-06 07:44:20.851,0.4,0.9,1.0,0.8,4,447,7.85,19.89
2026-06-06 07:44:21.393,0.6,0.9,1.0,0.8,75,453,6.81,19.80
2026-06-06 07:44:21.887,0.6,0.9,1.0,0.8,97,447,6.49,19.89
2026-06-06 07:44:22.398,0.6,0.9,1.0,0.7,111,446,6.28,19.91
2026-06-06 07:44:22.896,0.6,0.9,1.0,0.7,111,446,6.28,19.91
2026-06-06 07:44:23.399,0.6,0.9,1.0,0.7,111,446,6.28,19.91
2026-06-06 07:44:23.887,0.6,0.9,1.0,0.7,111,446,6.28,19.91
2026-06-06 07:44:24.560,0.6,0.9,1.0,0.7,111,446,6.28,19.91
2026-06-06 07:44:24.867,0.6,0.9,1.0,0.7,131,454,5.99,19.79
2026-06-06 07:44:24.867,0.6,0.9,1.0,0.7,133,448,5.96,19.88
2026-06-06 07:44:25.372,0.6,0.9,1.0,0.7,133,448,5.96,19.88
2026-06-06 07:44:25.862,0.6,0.9,1.2,0.7,133,448,5.96,19.88
2026-06-06 07:44:26.366,0.6,0.9,1.1,0.8,133,448,5.96,19.88
2026-06-06 07:44:27.379,0.0,0.9,1.2,1.0,162,0,5.54,26.44
2026-06-06 07:44:27.380,0.7,0.9,1.2,1.0,153,446,5.67,19.91
2026-06-06 07:44:27.896,0.6,0.9,1.2,1.1,150,446,5.71,19.91
2026-06-06 07:44:28.402,0.6,0.9,1.1,1.1,133,447,5.96,19.89
2026-06-06 07:44:28.889,0.7,0.9,1.0,1.3,136,446,5.92,19.91
2026-06-06 07:44:29.398,0.8,0.9,0.8,1.3,172,454,5.39,19.79
2026-06-06 07:44:29.897,0.9,0.9,0.7,1.2,241,446,4.38,19.91
2026-06-06 07:44:30.394,0.9,0.9,0.7,1.1,310,454,3.37,19.79
2026-06-06 07:44:30.860,0.9,0.9,0.5,1.1,310,454,3.37,19.79
2026-06-06 07:44:31.369,0.9,0.9,0.5,1.1,289,455,3.68,19.78
2026-06-06 07:44:31.869,0.9,0.9,0.5,1.2,289,455,3.68,19.78
2026-06-06 07:44:32.372,0.9,0.9,0.4,1.3,289,455,3.68,19.78
2026-06-06 07:44:32.897,0.6,0.9,0.5,1.3,160,447,5.57,19.89
2026-06-06 07:44:33.397,0.6,0.9,0.4,1.2,134,454,5.95,19.79
2026-06-06 07:44:33.889,0.6,0.9,0.4,1.2,137,455,5.90,19.78
2026-06-06 07:44:34.870,0.6,0.9,0.4,1.2,133,446,5.96,19.91
2026-06-06 07:44:34.927,0.5,0.9,0.5,1.1,101,456,6.43,19.76
2026-06-06 07:44:35.417,0.5,0.9,0.6,1.1,67,444,6.93,19.94
2026-06-06 07:44:35.912,0.4,0.9,0.7,1.0,12,454,7.73,19.79
2026-06-06 07:44:36.381,0.4,0.9,0.7,1.0,11,447,7.75,19.89
2026-06-06 07:44:36.889,0.5,0.9,0.7,1.0,16,454,7.68,19.79
2026-06-06 07:44:37.399,0.4,0.9,0.6,1.0,30,447,7.47,19.89
2026-06-06 07:44:37.867,0.4,0.9,0.6,0.9,18,447,7.65,19.89
2026-06-06 07:44:38.414,0.4,0.9,0.6,0.9,18,447,7.65,19.89
2026-06-06 07:44:38.888,0.4,0.9,0.6,0.9,18,447,7.65,19.89
2026-06-06 07:44:39.393,0.4,0.9,0.6,0.9,1,458,7.90,19.73
2026-06-06 07:44:39.860,0.4,0.9,0.6,0.9,8,447,7.79,19.89
2026-06-06 07:44:40.372,0.5,0.9,0.5,0.9,7,446,7.81,19.91
2026-06-06 07:44:40.868,0.5,0.9,0.5,0.8,7,446,7.81,19.91
2026-06-06 07:44:41.369,0.6,0.9,0.5,0.8,72,456,6.86,19.76
2026-06-06 07:44:41.897,0.6,0.9,0.5,0.9,99,445,6.46,19.92
2026-06-06 07:44:42.393,0.7,0.9,0.6,0.9,138,447,5.89,19.89
2026-06-06 07:44:42.889,0.7,0.9,0.6,0.9,159,447,5.58,19.89
2026-06-06 07:44:43.417,0.7,0.9,0.6,0.9,180,439,5.27,20.01
2026-06-06 07:44:43.893,0.7,0.9,0.7,0.9,183,448,5.23,19.88
2026-06-06 07:44:44.388,0.7,0.9,0.7,0.9,183,448,5.23,19.88
2026-06-06 07:44:44.916,0.7,0.9,0.7,0.9,183,448,5.23,19.88
2026-06-06 07:44:45.393,0.8,0.9,0.7,0.8,187,444,5.17,19.94
2026-06-06 07:44:45.887,0.9,0.9,0.6,0.8,254,455,4.19,19.78
2026-06-06 07:44:46.387,1.0,0.9,0.6,0.7,307,447,3.41,19.89
2026-06-06 07:44:46.887,1.0,0.9,0.6,0.6,307,447,3.41,19.89
2026-06-06 07:44:47.384,1.0,0.9,0.6,0.6,307,447,3.41,19.89
2026-06-06 07:44:47.919,1.0,0.9,0.7,0.5,307,447,3.41,19.89
2026-06-06 07:44:48.416,1.0,0.9,0.7,0.6,0,0,7.91,26.44
2026-06-06 07:44:48.868,0.9,0.9,0.7,0.6,340,447,2.93,19.89
2026-06-06 07:44:49.372,0.9,0.9,0.7,0.6,340,447,2.93,19.89
2026-06-06 07:44:49.914,1.0,0.9,0.0,0.5,320,453,3.22,19.80
2026-06-06 07:44:50.411,1.1,0.9,0.7,0.5,388,477,2.23,19.45
2026-06-06 07:44:50.888,1.1,0.9,0.7,0.5,388,477,2.23,19.45
2026-06-06 07:44:51.418,1.1,0.9,0.7,0.5,388,477,2.23,19.45
2026-06-06 07:44:51.871,1.1,0.9,0.9,0.5,388,477,2.23,19.45
2026-06-06 07:44:52.364,1.1,0.9,0.9,0.5,0,0,7.91,26.44
2026-06-06 07:44:52.888,1.1,0.9,0.9,0.5,0,0,7.91,26.44
2026-06-06 07:44:53.398,1.0,0.9,0.9,0.5,361,479,2.62,19.42
2026-06-06 07:44:53.872,1.0,0.9,0.7,0.5,343,488,2.89,19.29
2026-06-06 07:44:54.366,1.0,0.9,0.7,0.5,343,488,2.89,19.29
2026-06-06 07:44:54.867,1.0,0.9,0.7,0.5,343,488,2.89,19.29
2026-06-06 07:44:55.428,1.0,0.9,0.7,0.5,343,488,2.89,19.29
2026-06-06 07:44:55.887,1.0,0.9,0.7,0.6,0,0,7.91,26.44
2026-06-06 07:44:56.398,1.0,0.9,0.7,0.6,0,0,7.91,26.44
2026-06-06 07:44:56.869,0.9,0.9,0.8,0.6,285,476,3.74,19.47
2026-06-06 07:44:57.395,0.9,0.9,0.8,0.7,285,476,3.74,19.47
2026-06-06 07:44:57.919,0.9,0.9,0.8,0.6,285,476,3.74,19.47
2026-06-06 07:44:58.375,0.8,0.9,0.9,0.6,263,458,4.06,19.73
2026-06-06 07:44:58.884,0.8,0.9,1.0,0.6,263,458,4.06,19.73
2026-06-06 07:44:59.428,0.7,0.9,1.0,0.6,218,457,4.72,19.75
2026-06-06 07:44:59.918,0.7,0.9,1.2,0.6,218,457,4.72,19.75
2026-06-06 07:45:00.421,0.6,0.9,1.3,0.6,162,458,5.54,19.73
2026-06-06 07:45:00.927,0.6,0.9,1.2,0.6,162,458,5.54,19.73
2026-06-06 07:45:01.371,0.6,0.9,1.2,0.7,162,458,5.54,19.73
2026-06-06 07:45:01.928,0.7,0.9,1.8,0.8,158,458,5.60,19.73
2026-06-06 07:45:02.927,0.7,0.9,2.0,0.8,158,459,5.60,19.72
2026-06-06 07:45:02.928,0.7,0.9,2.2,0.8,192,458,5.10,19.73
2026-06-06 07:45:03.413,0.7,0.9,2.0,0.8,181,457,5.26,19.75
2026-06-06 07:45:03.913,0.7,0.9,2.0,0.9,181,457,5.26,19.75
2026-06-06 07:45:04.410,0.7,0.9,1.4,0.9,181,457,5.26,19.75
2026-06-06 07:45:04.927,0.7,0.9,1.1,0.9,181,457,5.26,19.75
2026-06-06 07:45:05.397,0.7,0.9,1.1,0.8,181,457,5.26,19.75
2026-06-06 07:45:05.885,1.2,0.9,1.1,0.8,483,459,0.83,19.72
2026-06-06 07:45:06.380,1.0,0.9,0.5,0.6,453,456,1.27,19.76
2026-06-06 07:45:06.922,1.0,0.9,0.5,0.5,376,463,2.40,19.66
2026-06-06 07:45:07.428,0.9,0.9,0.6,0.5,349,458,2.80,19.73
2026-06-06 07:45:07.927,0.9,0.9,0.6,0.6,309,456,3.38,19.76
2026-06-06 07:45:08.411,0.7,0.9,0.5,0.6,258,458,4.13,19.73
2026-06-06 07:45:08.911,0.7,0.9,0.5,0.6,191,457,5.11,19.75
2026-06-06 07:45:09.428,0.7,0.9,0.5,0.6,191,457,5.11,19.75
2026-06-06 07:45:09.890,0.7,0.9,0.9,0.6,191,457,5.11,19.75
2026-06-06 07:45:10.381,0.7,0.9,0.8,0.6,158,459,5.60,19.72
2026-06-06 07:45:10.923,0.7,0.9,0.7,0.6,170,458,5.42,19.73
2026-06-06 07:45:11.428,0.7,0.9,0.5,0.6,170,457,5.42,19.75
2026-06-06 07:45:11.897,0.7,0.9,0.5,0.6,170,457,5.42,19.75
2026-06-06 07:45:12.388,0.6,0.9,0.5,0.6,109,456,6.31,19.76
2026-06-06 07:45:12.928,0.6,0.9,0.4,0.6,109,456,6.31,19.76
2026-06-06 07:45:13.428,0.6,0.9,0.5,0.6,109,456,6.31,19.76
2026-06-06 07:45:13.919,0.5,0.9,0.5,0.5,111,457,6.28,19.75
2026-06-06 07:45:14.419,0.5,0.9,0.6,0.5,72,457,6.86,19.75
2026-06-06 07:45:14.913,0.5,0.9,0.5,0.5,40,460,7.32,19.70
2026-06-06 07:45:15.393,0.5,0.9,0.5,0.6,40,460,7.32,19.70
2026-06-06 07:45:15.886,0.5,0.9,0.5,0.8,40,460,7.32,19.70
2026-06-06 07:45:16.398,0.7,0.9,0.5,0.8,99,457,6.46,19.75
2026-06-06 07:45:16.928,0.7,0.9,0.5,0.9,99,457,6.46,19.75
2026-06-06 07:45:17.895,0.7,0.9,0.5,0.9,99,457,6.46,19.75
2026-06-06 07:45:17.896,0.7,0.9,0.5,0.9,99,457,6.46,19.75
2026-06-06 07:45:18.424,0.8,0.9,0.5,0.8,232,457,4.51,19.75
2026-06-06 07:45:18.927,0.8,0.9,0.5,0.7,232,457,4.51,19.75
2026-06-06 07:45:19.426,0.8,0.9,0.5,0.7,232,457,4.51,19.75
2026-06-06 07:45:19.928,0.7,0.9,0.0,0.6,179,456,5.29,19.76
2026-06-06 07:45:20.410,0.7,0.9,0.0,0.5,179,456,5.29,19.76
2026-06-06 07:45:20.921,0.6,0.9,0.9,0.5,146,457,5.77,19.75
2026-06-06 07:45:21.428,0.6,0.9,0.9,0.4,118,448,6.18,19.88
2026-06-06 07:45:21.928,0.6,0.9,0.9,0.4,118,448,6.18,19.88
2026-06-06 07:45:22.426,0.6,0.9,0.9,0.5,118,448,6.18,19.88
2026-06-06 07:45:22.924,0.6,0.9,0.0,0.4,118,448,6.18,19.88
2026-06-06 07:45:23.419,0.6,0.9,0.0,0.4,0,0,7.91,26.44
2026-06-06 07:45:23.926,0.6,0.9,0.0,0.4,0,0,7.91,26.44
2026-06-06 07:45:24.382,0.6,0.9,0.0,0.4,76,456,6.80,19.76
2026-06-06 07:45:24.923,0.5,0.9,0.0,0.5,89,458,6.61,19.73
2026-06-06 07:45:25.408,0.5,0.9,0.0,0.5,89,458,6.61,19.73
2026-06-06 07:45:25.918,0.5,0.9,0.0,0.5,88,457,6.62,19.75
2026-06-06 07:45:26.398,0.5,0.9,0.0,0.4,77,458,6.78,19.73
2026-06-06 07:45:26.896,0.5,0.9,0.0,0.4,77,458,6.78,19.73
2026-06-06 07:45:27.396,0.5,0.9,0.5,0.5,39,457,7.34,19.75
2026-06-06 07:45:27.928,0.4,0.9,0.5,0.5,21,458,7.60,19.73
2026-06-06 07:45:28.383,0.4,0.9,0.5,0.5,10,457,7.76,19.75
2026-06-06 07:45:28.926,0.4,0.9,0.4,0.5,11,456,7.75,19.76
2026-06-06 07:45:29.425,0.4,0.9,0.4,0.5,7,459,7.81,19.72
2026-06-06 07:45:29.925,0.4,0.9,0.4,0.5,2,461,7.88,19.69
2026-06-06 07:45:30.419,0.4,0.9,0.4,0.4,2,461,7.88,19.69
2026-06-06 07:45:30.927,0.4,0.9,0.5,0.4,2,461,7.88,19.69
2026-06-06 07:45:31.428,0.5,0.9,0.6,0.4,50,457,7.18,19.75
2026-06-06 07:45:31.931,0.5,0.9,0.7,0.4,77,457,6.78,19.75
2026-06-06 07:45:32.398,0.5,0.9,0.7,0.5,77,457,6.78,19.75
2026-06-06 07:45:32.898,0.5,0.9,0.7,0.4,72,457,6.86,19.75
2026-06-06 07:45:33.427,0.5,0.9,0.7,0.4,61,458,7.02,19.73
2026-06-06 07:45:33.925,0.5,0.9,0.7,0.4,61,458,7.02,19.73
2026-06-06 07:45:34.399,0.4,0.9,0.6,0.4,30,458,7.47,19.73
2026-06-06 07:45:34.926,0.5,0.9,0.6,0.4,21,461,7.60,19.69
2026-06-06 07:45:35.427,0.5,0.9,0.6,0.4,26,457,7.53,19.75
2026-06-06 07:45:35.925,0.5,0.9,0.6,0.4,31,457,7.46,19.75
2026-06-06 07:45:36.398,0.4,0.9,0.6,0.4,26,458,7.53,19.73
2026-06-06 07:45:36.896,0.4,0.9,0.6,0.4,19,457,7.63,19.75
2026-06-06 07:45:37.427,0.4,0.9,0.7,0.4,16,456,7.68,19.76
2026-06-06 07:45:37.926,0.4,0.9,0.7,0.5,20,457,7.62,19.75
2026-06-06 07:45:38.441,0.4,0.9,0.8,0.6,20,457,7.62,19.75
2026-06-06 07:45:38.897,0.5,0.9,0.8,0.7,34,457,7.41,19.75
2026-06-06 07:45:39.398,0.5,0.9,0.8,0.6,68,458,6.91,19.73
2026-06-06 07:45:39.895,0.5,0.9,0.7,0.6,68,459,6.91,19.72
2026-06-06 07:45:40.415,0.7,0.9,0.7,0.6,87,456,6.64,19.76
2026-06-06 07:45:40.918,0.7,0.9,0.7,0.6,87,456,6.64,19.76
2026-06-06 07:45:41.428,0.7,0.9,0.5,0.6,87,456,6.64,19.76
2026-06-06 07:45:41.928,0.7,0.9,0.5,0.6,219,457,4.70,19.75
2026-06-06 07:45:42.416,0.7,0.9,0.5,0.6,202,457,4.95,19.75
2026-06-06 07:45:42.929,0.7,0.9,0.5,0.6,202,457,4.95,19.75
2026-06-06 07:45:43.427,0.7,0.9,0.5,0.6,202,457,4.95,19.75
2026-06-06 07:45:43.898,0.7,0.9,0.5,0.7,202,457,4.95,19.75
2026-06-06 07:45:44.398,0.7,0.9,0.5,0.7,0,0,7.91,26.44
2026-06-06 07:45:44.928,0.7,0.9,0.4,0.8,0,0,7.91,26.44
2026-06-06 07:45:45.428,0.7,0.9,0.4,0.8,0,0,7.91,26.44
2026-06-06 07:45:45.919,0.7,0.9,0.4,0.9,0,0,7.91,26.44
2026-06-06 07:45:46.427,0.7,0.9,0.4,0.8,0,0,7.91,26.44
2026-06-06 07:45:46.928,0.7,0.9,0.4,0.8,0,0,7.91,26.44
2026-06-06 07:45:47.427,1.1,0.9,0.4,0.8,414,457,1.85,19.75
2026-06-06 07:45:48.409,1.1,0.9,0.5,0.7,396,457,2.11,19.75
2026-06-06 07:45:48.410,1.1,0.9,0.5,0.7,384,457,2.29,19.75
2026-06-06 07:45:48.928,1.0,0.9,0.5,0.7,381,458,2.33,19.73
2026-06-06 07:45:49.397,1.0,0.9,0.5,0.6,353,457,2.74,19.75
2026-06-06 07:45:49.949,0.9,0.9,0.0,0.5,319,459,3.24,19.72
2026-06-06 07:45:50.440,0.9,0.9,0.0,0.5,319,459,3.24,19.72
2026-06-06 07:45:50.898,0.9,0.9,0.0,0.5,319,459,3.24,19.72
2026-06-06 07:45:51.429,0.9,0.9,0.0,0.5,319,459,3.24,19.72
2026-06-06 07:45:51.928,0.6,0.9,0.0,0.5,152,458,5.68,19.73
2026-06-06 07:45:52.397,0.6,0.9,0.0,0.5,152,458,5.68,19.73
2026-06-06 07:45:52.928,0.5,0.9,0.0,0.5,86,457,6.65,19.75
2026-06-06 07:45:53.448,0.5,0.9,0.0,0.5,76,458,6.80,19.73
2026-06-06 07:45:54.429,0.5,0.9,0.0,0.4,77,458,6.78,19.73
2026-06-06 07:45:54.430,0.5,0.9,0.0,0.4,77,458,6.78,19.73
2026-06-06 07:45:54.926,0.5,0.9,0.0,0.4,77,458,6.78,19.73
2026-06-06 07:45:55.419,0.7,0.9,0.0,0.4,116,456,6.21,19.76
2026-06-06 07:45:55.920,0.7,0.9,0.0,0.4,157,458,5.61,19.73
2026-06-06 07:45:56.414,0.8,0.9,0.0,0.5,189,457,5.14,19.75
2026-06-06 07:45:56.928,0.8,0.9,0.0,0.5,189,457,5.14,19.75
2026-06-06 07:45:57.428,0.8,0.9,0.0,0.5,218,458,4.72,19.73
2026-06-06 07:45:57.924,0.8,0.9,0.0,0.4,214,460,4.78,19.70
2026-06-06 07:45:58.428,0.8,0.9,0.0,0.4,214,460,4.78,19.70
2026-06-06 07:45:58.960,0.8,0.9,0.0,0.5,214,460,4.78,19.70
2026-06-06 07:45:59.447,0.7,0.9,0.4,0.4,200,457,4.98,19.75
2026-06-06 07:45:59.938,0.7,0.9,0.5,0.4,200,457,4.98,19.75
2026-06-06 07:46:00.446,0.7,0.9,0.5,0.4,189,456,5.14,19.76
2026-06-06 07:46:00.958,0.7,0.9,0.5,0.4,189,456,5.14,19.76
2026-06-06 07:46:01.413,0.7,0.9,0.6,0.4,189,456,5.14,19.76
2026-06-06 07:46:01.949,0.7,0.9,0.7,0.4,189,456,5.14,19.76
2026-06-06 07:46:02.458,0.8,0.9,0.7,0.4,235,457,4.47,19.75
2026-06-06 07:46:03.131,0.8,0.6,0.6,0.4,235,457,4.47,19.75
2026-06-06 07:46:03.444,0.8,0.6,0.7,0.4,228,457,4.57,19.75
2026-06-06 07:46:03.445,0.8,0.6,0.6,0.4,228,457,4.57,19.75
2026-06-06 07:46:03.942,0.8,0.6,0.6,0.5,222,457,4.66,19.75
2026-06-06 07:46:04.447,0.8,0.6,0.6,0.6,222,457,4.66,19.75
2026-06-06 07:46:04.927,0.7,0.6,0.6,0.7,193,457,5.08,19.75
2026-06-06 07:46:05.427,0.7,0.6,0.6,0.6,188,457,5.16,19.75
2026-06-06 07:46:05.938,0.7,0.6,0.7,0.6,172,459,5.39,19.72
2026-06-06 07:46:06.451,0.6,0.6,0.7,0.5,146,456,5.77,19.76
2026-06-06 07:46:06.947,0.6,0.6,0.8,0.6,125,458,6.08,19.73
2026-06-06 07:46:07.446,0.6,0.6,0.8,0.6,115,456,6.23,19.76
2026-06-06 07:46:07.942,0.6,0.6,0.9,0.7,102,458,6.42,19.73
2026-06-06 07:46:08.440,0.6,0.6,1.2,0.8,102,458,6.42,19.73
2026-06-06 07:46:08.907,0.5,0.6,1.2,0.9,64,457,6.97,19.75
2026-06-06 07:46:09.949,0.6,0.6,1.2,0.9,58,458,7.06,19.73
2026-06-06 07:46:09.951,0.6,0.6,1.3,0.9,58,458,7.06,19.73
2026-06-06 07:46:10.457,0.9,0.6,1.3,1.3,153,457,5.67,19.75
2026-06-06 07:46:10.912,0.9,0.6,1.3,1.5,153,457,5.67,19.75
2026-06-06 07:46:11.411,0.9,0.6,1.3,1.6,332,457,3.05,19.75
2026-06-06 07:46:11.918,0.9,0.6,1.3,1.6,311,458,3.35,19.73
2026-06-06 07:46:12.416,0.8,0.6,1.3,1.6,277,455,3.85,19.78
2026-06-06 07:46:12.911,0.7,0.6,1.0,1.5,221,458,4.67,19.73
2026-06-06 07:46:13.411,0.6,0.6,1.1,1.4,160,457,5.57,19.75
2026-06-06 07:46:13.927,0.5,0.6,1.0,1.4,103,458,6.40,19.73
2026-06-06 07:46:14.415,0.5,0.6,0.8,1.3,68,457,6.91,19.75
2026-06-06 07:46:14.914,0.5,0.6,0.8,1.2,68,457,6.91,19.75
2026-06-06 07:46:15.450,0.5,0.6,0.7,1.2,48,458,7.21,19.73
2026-06-06 07:46:15.950,0.8,0.6,0.7,1.2,105,458,6.37,19.73
2026-06-06 07:46:16.449,0.8,0.6,0.7,1.2,105,458,6.37,19.73
2026-06-06 07:46:16.915,1.0,0.6,0.7,1.3,285,457,3.74,19.75
2026-06-06 07:46:17.470,1.0,0.6,0.8,1.2,342,459,2.90,19.72
2026-06-06 07:46:17.917,1.0,0.6,0.8,1.2,380,457,2.34,19.75
2026-06-06 07:46:18.459,1.0,0.6,0.8,1.1,380,457,2.34,19.75
2026-06-06 07:46:18.923,1.0,0.6,0.8,1.0,380,457,2.34,19.75
2026-06-06 07:46:19.422,1.0,0.6,0.7,0.9,380,457,2.34,19.75
2026-06-06 07:46:19.919,1.0,0.6,0.7,0.8,0,0,7.91,26.44
2026-06-06 07:46:20.458,1.0,0.6,0.8,0.8,0,0,7.91,26.44
2026-06-06 07:46:20.941,1.0,0.6,0.8,0.7,385,458,2.27,19.73
2026-06-06 07:46:21.422,1.0,0.6,0.9,0.7,380,457,2.34,19.75
2026-06-06 07:46:22.427,1.0,0.6,0.9,0.7,348,457,2.81,19.75
2026-06-06 07:46:22.428,0.9,0.6,0.7,0.6,317,457,3.27,19.75
2026-06-06 07:46:22.927,0.9,0.6,0.7,0.5,317,457,3.27,19.75
2026-06-06 07:46:23.948,1.0,0.6,0.6,0.5,363,462,2.59,19.67
2026-06-06 07:46:23.949,0.8,0.6,0.5,0.5,324,457,3.16,19.75
2026-06-06 07:46:24.463,0.8,0.6,0.6,0.6,324,457,3.16,19.75
2026-06-06 07:46:24.958,0.8,0.6,0.7,0.5,324,457,3.16,19.75
2026-06-06 07:46:25.447,0.8,0.6,0.6,0.5,230,457,4.54,19.75
2026-06-06 07:46:25.949,0.8,0.6,0.5,0.5,230,457,4.54,19.75
2026-06-06 07:46:26.424,0.8,0.6,0.6,0.5,230,457,4.54,19.75
2026-06-06 07:46:26.921,0.8,0.6,0.8,0.5,230,457,4.54,19.75
2026-06-06 07:46:27.458,0.8,0.6,0.9,0.5,0,0,7.91,26.44
2026-06-06 07:46:27.940,0.8,0.6,0.9,0.5,0,0,7.91,26.44
2026-06-06 07:46:28.448,1.2,0.6,0.9,0.5,398,457,2.08,19.75
2026-06-06 07:46:28.926,1.4,0.6,1.4,0.4,475,458,0.95,19.73
2026-06-06 07:46:29.426,1.4,0.6,1.4,0.4,584,460,-0.64,19.70
2026-06-06 07:46:29.918,1.4,0.6,1.4,0.4,584,460,-0.64,19.70
2026-06-06 07:46:30.448,1.4,0.6,1.4,0.4,584,460,-0.64,19.70
2026-06-06 07:46:30.942,1.4,0.6,1.2,0.4,584,460,-0.64,19.70
2026-06-06 07:46:31.450,1.0,0.6,1.2,0.4,453,458,1.27,19.73
2026-06-06 07:46:31.949,1.0,0.6,1.3,0.4,381,459,2.33,19.72
2026-06-06 07:46:32.444,0.9,0.6,1.4,0.5,333,459,3.03,19.72
2026-06-06 07:46:32.941,0.9,0.6,1.6,0.6,305,456,3.44,19.76
2026-06-06 07:46:33.449,0.9,0.6,1.6,0.7,308,458,3.40,19.73
2026-06-06 07:46:33.947,0.9,0.6,1.7,0.7,306,457,3.43,19.75
2026-06-06 07:46:34.458,0.9,0.6,1.7,0.6,283,459,3.76,19.72
2026-06-06 07:46:34.926,0.9,0.6,1.4,0.6,283,456,3.76,19.76
2026-06-06 07:46:35.471,0.9,0.6,1.3,0.5,283,456,3.76,19.76
2026-06-06 07:46:36.428,0.9,0.6,1.3,0.5,283,456,3.76,19.76
2026-06-06 07:46:36.490,0.7,0.6,1.3,0.5,233,458,4.50,19.73
2026-06-06 07:46:36.976,0.7,0.6,1.2,0.5,233,458,4.50,19.73
2026-06-06 07:46:37.428,0.7,0.6,1.1,0.4,233,458,4.50,19.73
2026-06-06 07:46:37.928,0.7,0.6,1.1,0.4,233,458,4.50,19.73
2026-06-06 07:46:38.474,0.6,0.6,0.9,0.4,97,457,6.49,19.75
2026-06-06 07:46:38.921,0.6,0.6,0.8,0.4,97,457,6.49,19.75
2026-06-06 07:46:39.458,0.6,0.6,0.8,0.4,97,457,6.49,19.75
2026-06-06 07:46:39.927,0.5,0.6,0.7,0.4,52,457,7.15,19.75
2026-06-06 07:46:40.426,0.4,0.6,0.7,0.4,32,457,7.44,19.75
2026-06-06 07:46:40.948,0.4,0.6,0.6,0.4,32,457,7.44,19.75
2026-06-06 07:46:41.449,0.4,0.6,0.6,0.4,0,456,7.91,19.76
2026-06-06 07:46:41.941,0.4,0.6,0.6,0.4,0,456,7.91,19.76
2026-06-06 07:46:42.448,0.4,0.6,0.6,0.5,0,456,7.91,19.76
2026-06-06 07:46:42.943,0.4,0.6,0.6,0.5,1,458,7.90,19.73
2026-06-06 07:46:43.448,0.4,0.6,0.6,0.5,0,457,7.91,19.75
2026-06-06 07:46:43.927,0.4,0.6,0.5,0.5,0,456,7.91,19.76
2026-06-06 07:46:44.969,0.4,0.6,0.5,0.7,0,456,7.91,19.76
2026-06-06 07:46:44.971,0.4,0.6,0.5,0.6,0,456,7.91,19.76
2026-06-06 07:46:45.483,0.4,0.6,0.5,0.6,1,457,7.90,19.75
2026-06-06 07:46:45.927,0.4,0.6,0.5,0.6,1,457,7.90,19.75
2026-06-06 07:46:46.447,0.4,0.6,0.5,0.5,1,457,7.90,19.75
2026-06-06 07:46:46.940,0.4,0.6,0.4,0.5,1,457,7.90,19.75
2026-06-06 07:46:47.951,0.4,0.6,0.4,0.5,0,0,7.91,26.44
2026-06-06 07:46:47.951,0.4,0.6,0.4,0.4,0,0,7.91,26.44
2026-06-06 07:46:48.449,0.4,0.6,0.4,0.5,0,0,7.91,26.44
2026-06-06 07:46:48.929,0.4,0.6,0.4,0.5,0,0,7.91,26.44
2026-06-06 07:46:49.478,0.4,0.6,0.4,0.5,0,0,7.91,26.44
2026-06-06 07:46:50.475,0.8,0.6,0.5,0.5,261,456,4.09,19.76
2026-06-06 07:46:50.477,0.8,0.6,0.4,0.5,261,456,4.09,19.76
2026-06-06 07:46:50.989,0.8,0.6,0.4,0.5,261,456,4.09,19.76
2026-06-06 07:46:51.447,0.8,0.6,0.4,0.4,261,456,4.09,19.76
2026-06-06 07:46:51.951,0.8,0.6,0.4,0.4,227,463,4.58,19.66
2026-06-06 07:46:52.478,0.8,0.6,0.4,0.4,227,463,4.58,19.66
2026-06-06 07:46:52.975,0.8,0.6,0.4,0.4,227,463,4.58,19.66
2026-06-06 07:46:53.448,0.6,0.6,0.4,0.4,173,460,5.38,19.70
2026-06-06 07:46:53.950,0.6,0.6,0.4,0.4,173,460,5.38,19.70
2026-06-06 07:46:54.445,0.6,0.6,0.4,0.4,173,460,5.38,19.70
2026-06-06 07:46:54.942,0.6,0.6,0.4,0.4,173,460,5.38,19.70
2026-06-06 07:46:55.458,0.6,0.6,0.4,0.4,0,0,7.91,26.44
2026-06-06 07:46:55.990,0.5,0.6,0.4,0.5,70,458,6.88,19.73
2026-06-06 07:46:56.486,0.5,0.6,0.4,0.5,70,458,6.88,19.73
2026-06-06 07:46:56.943,0.5,0.6,0.4,0.5,66,458,6.94,19.73
2026-06-06 07:46:57.450,0.5,0.6,0.4,0.5,66,458,6.94,19.73
2026-06-06 07:46:57.992,0.5,0.6,0.4,0.5,66,458,6.94,19.73
2026-06-06 07:46:58.493,0.5,0.6,0.4,0.5,66,458,6.94,19.73
2026-06-06 07:46:58.972,0.4,0.6,0.4,0.5,33,456,7.43,19.76
2026-06-06 07:46:59.478,0.4,0.6,0.4,0.5,18,459,7.65,19.72
2026-06-06 07:46:59.982,0.4,0.6,0.4,0.5,3,459,7.87,19.72
2026-06-06 07:47:00.475,0.4,0.6,0.5,0.5,3,459,7.87,19.72
2026-06-06 07:47:00.955,0.4,0.6,0.5,0.5,0,456,7.91,19.76
2026-06-06 07:47:01.458,0.4,0.6,0.5,0.5,0,458,7.91,19.73
2026-06-06 07:47:01.958,0.4,0.6,0.5,0.5,0,457,7.91,19.75
2026-06-06 07:47:02.459,0.4,0.6,0.5,0.5,0,457,7.91,19.75
2026-06-06 07:47:03.480,0.4,0.6,0.5,0.5,0,456,7.91,19.76
2026-06-06 07:47:03.481,0.4,0.6,0.5,0.5,0,456,7.91,19.76
2026-06-06 07:47:03.996,0.4,0.6,0.4,0.5,1,456,7.90,19.76
2026-06-06 07:47:04.491,0.4,0.6,0.5,0.5,3,457,7.87,19.75
2026-06-06 07:47:04.971,0.4,0.6,0.5,0.4,0,457,7.91,19.75
2026-06-06 07:47:05.479,0.4,0.6,0.5,0.4,0,458,7.91,19.73
2026-06-06 07:47:05.964,0.4,0.6,0.5,0.4,0,460,7.91,19.70
2026-06-06 07:47:06.495,0.4,0.6,0.5,0.4,0,460,7.91,19.70
2026-06-06 07:47:06.989,0.4,0.6,0.5,0.4,0,460,7.91,19.70
2026-06-06 07:47:07.448,0.4,0.6,0.5,0.4,0,456,7.91,19.76
2026-06-06 07:47:07.978,0.4,0.6,0.5,0.4,0,458,7.91,19.73
2026-06-06 07:47:08.473,0.4,0.6,0.5,0.4,0,458,7.91,19.73
2026-06-06 07:47:08.981,0.4,0.6,0.5,0.5,0,456,7.91,19.76
2026-06-06 07:47:09.445,0.4,0.6,0.5,0.5,0,456,7.91,19.76
2026-06-06 07:47:09.970,0.4,0.6,0.5,0.5,9,458,7.78,19.73
2026-06-06 07:47:10.471,0.4,0.6,0.5,0.5,12,459,7.73,19.72
2026-06-06 07:47:10.975,0.4,0.6,0.5,0.5,17,459,7.66,19.72
2026-06-06 07:47:11.496,0.4,0.6,0.5,0.4,19,456,7.63,19.76
2026-06-06 07:47:11.990,0.4,0.6,0.5,0.5,14,460,7.71,19.70
2026-06-06 07:47:12.470,0.4,0.6,0.5,0.5,14,460,7.71,19.70
2026-06-06 07:47:12.991,0.5,0.6,0.6,0.5,15,458,7.69,19.73
2026-06-06 07:47:13.459,0.5,0.6,0.6,0.4,15,458,7.69,19.73
2026-06-06 07:47:13.960,0.5,0.6,0.6,0.4,45,458,7.25,19.73
2026-06-06 07:47:14.458,0.5,0.6,0.6,0.4,45,458,7.25,19.73
2026-06-06 07:47:14.982,0.5,0.6,0.7,0.4,37,457,7.37,19.75
2026-06-06 07:47:15.495,0.5,0.6,0.7,0.5,37,457,7.37,19.75
2026-06-06 07:47:15.989,0.5,0.6,0.6,0.4,45,457,7.25,19.75
2026-06-06 07:47:16.975,0.5,0.6,0.6,0.5,34,456,7.41,19.76
2026-06-06 07:47:16.976,0.5,0.6,0.6,0.5,30,445,7.47,19.92
2026-06-06 07:47:17.445,0.7,0.6,0.6,0.5,73,460,6.84,19.70
2026-06-06 07:47:17.998,0.8,0.6,0.6,0.5,177,458,5.32,19.73
2026-06-06 07:47:18.478,0.7,0.6,0.5,0.4,230,458,4.54,19.73
2026-06-06 07:47:18.973,0.7,0.6,0.5,0.4,230,458,4.54,19.73
2026-06-06 07:47:19.670,0.7,0.5,0.5,0.4,230,458,4.54,19.73
2026-06-06 07:47:19.978,0.7,0.5,0.6,0.4,230,458,4.54,19.73
2026-06-06 07:47:19.979,0.8,0.5,0.8,0.4,177,457,5.32,19.75
2026-06-06 07:47:20.444,0.8,0.5,0.8,0.4,177,457,5.32,19.75
2026-06-06 07:47:20.974,0.8,0.5,1.1,0.5,177,457,5.32,19.75
2026-06-06 07:47:21.458,0.0,0.5,1.2,0.5,321,0,3.21,26.44
2026-06-06 07:47:21.949,0.0,0.5,1.2,0.5,321,0,3.21,26.44
2026-06-06 07:47:22.451,0.0,0.5,1.1,0.6,321,0,3.21,26.44
2026-06-06 07:47:22.978,0.9,0.5,0.9,0.8,314,425,3.31,20.21
2026-06-06 07:47:23.478,0.9,0.5,0.9,0.8,314,425,3.31,20.21
2026-06-06 07:47:23.974,0.9,0.5,0.7,0.8,314,425,3.31,20.21
2026-06-06 07:47:24.467,0.7,0.5,0.7,0.7,235,425,4.47,20.21
2026-06-06 07:47:24.975,0.7,0.5,0.7,0.7,235,425,4.47,20.21
2026-06-06 07:47:25.458,0.7,0.5,0.7,0.7,235,425,4.47,20.21
2026-06-06 07:47:26.496,0.7,0.5,0.7,0.8,235,425,4.47,20.21
2026-06-06 07:47:26.497,0.7,0.5,0.7,0.9,0,0,7.91,26.44
2026-06-06 07:47:26.963,0.7,0.5,0.7,0.9,0,0,7.91,26.44
2026-06-06 07:47:27.458,0.7,0.5,0.7,0.7,178,605,5.30,17.58
2026-06-06 07:47:27.958,0.8,0.5,0.6,0.6,193,603,5.08,17.61
2026-06-06 07:47:28.503,0.9,0.5,0.5,0.5,222,604,4.66,17.59
2026-06-06 07:47:28.999,0.9,0.5,0.6,0.5,279,602,3.82,17.62
2026-06-06 07:47:29.448,0.9,0.5,0.6,0.6,300,441,3.52,19.98
2026-06-06 07:47:29.979,0.9,0.5,0.6,0.6,300,441,3.52,19.98
2026-06-06 07:47:30.473,0.8,0.5,0.6,0.5,244,425,4.34,20.21
2026-06-06 07:47:31.000,0.8,0.5,0.6,0.4,230,426,4.54,20.20
2026-06-06 07:47:31.507,0.8,0.5,0.7,0.4,220,440,4.69,20.00
2026-06-06 07:47:31.978,0.8,0.5,0.7,0.5,220,440,4.69,20.00
2026-06-06 07:47:32.477,0.8,0.5,0.7,0.5,220,440,4.69,20.00
2026-06-06 07:47:32.972,0.8,0.5,1.0,0.6,221,638,4.67,17.09
2026-06-06 07:47:33.480,0.8,0.5,1.2,0.7,221,638,4.67,17.09
2026-06-06 07:47:33.978,1.0,0.5,1.5,0.9,287,637,3.71,17.11
2026-06-06 07:47:34.476,1.0,0.5,1.5,1.1,287,637,3.71,17.11
2026-06-06 07:47:34.974,1.1,0.5,1.8,1.2,387,636,2.24,17.12
2026-06-06 07:47:35.498,1.3,0.5,1.9,1.2,414,637,1.85,17.11
2026-06-06 07:47:35.950,1.2,0.5,1.8,1.3,495,635,0.66,17.14
2026-06-06 07:47:36.490,1.2,0.5,1.8,1.3,483,635,0.83,17.14
2026-06-06 07:47:36.998,1.2,0.5,1.8,1.7,483,635,0.83,17.14
2026-06-06 07:47:37.509,1.0,0.5,1.4,1.6,397,637,2.09,17.11
2026-06-06 07:47:37.991,0.9,0.5,1.3,1.5,338,635,2.96,17.14
2026-06-06 07:47:38.471,0.9,0.5,1.3,1.4,298,635,3.54,17.14
2026-06-06 07:47:38.976,1.0,0.5,1.2,1.2,293,634,3.62,17.15
2026-06-06 07:47:39.494,1.0,0.5,1.3,1.0,293,634,3.62,17.15
2026-06-06 07:47:39.992,0.9,0.5,1.4,1.0,355,635,2.71,17.14
2026-06-06 07:47:40.490,0.9,0.5,1.4,1.0,355,635,2.71,17.14
2026-06-06 07:47:40.976,0.8,0.5,1.4,1.0,277,635,3.85,17.14
2026-06-06 07:47:41.484,0.9,0.5,1.4,0.9,268,635,3.98,17.14
2026-06-06 07:47:41.978,0.9,0.5,1.6,0.9,279,635,3.82,17.14
2026-06-06 07:47:42.475,0.9,0.5,1.5,0.8,279,635,3.82,17.14
2026-06-06 07:47:42.973,0.9,0.5,1.5,0.7,279,635,3.82,17.14
2026-06-06 07:47:43.477,0.8,0.5,1.1,0.7,264,636,4.04,17.12
2026-06-06 07:47:44.008,0.8,0.5,0.9,0.7,249,634,4.26,17.15
2026-06-06 07:47:44.506,0.8,0.5,0.9,0.7,249,634,4.26,17.15
2026-06-06 07:47:44.978,0.8,0.5,0.6,0.8,219,605,4.70,17.58
2026-06-06 07:47:45.478,0.8,0.5,0.5,0.9,219,605,4.70,17.58
2026-06-06 07:47:46.008,0.8,0.5,0.5,0.9,219,605,4.70,17.58
2026-06-06 07:47:46.494,0.7,0.5,0.5,0.9,163,634,5.52,17.15
2026-06-06 07:47:46.998,0.6,0.5,0.5,0.8,147,537,5.76,18.57
2026-06-06 07:47:47.492,0.6,0.5,0.5,0.8,122,422,6.12,20.26
2026-06-06 07:47:47.972,0.6,0.5,0.6,0.9,122,422,6.12,20.26
2026-06-06 07:47:48.479,0.5,0.5,0.6,1.0,90,423,6.59,20.24
2026-06-06 07:47:49.006,0.6,0.5,0.6,1.2,84,424,6.68,20.23
2026-06-06 07:47:49.506,0.6,0.5,0.6,1.4,84,424,6.68,20.23
2026-06-06 07:47:49.978,0.6,0.5,0.0,1.6,88,422,6.62,20.26
2026-06-06 07:47:50.508,0.6,0.5,0.8,1.9,88,422,6.62,20.26
2026-06-06 07:47:50.987,0.9,0.5,0.9,1.9,198,424,5.01,20.23
2026-06-06 07:47:51.507,0.9,0.5,0.9,2.0,281,432,3.79,20.11
2026-06-06 07:47:51.991,1.1,0.5,0.9,2.0,309,416,3.38,20.35
2026-06-06 07:47:52.488,1.1,0.5,0.9,2.1,309,416,3.38,20.35
2026-06-06 07:47:52.986,1.1,0.5,1.0,2.2,309,416,3.38,20.35
2026-06-06 07:47:53.500,1.3,0.5,1.0,1.9,561,424,-0.31,20.23
2026-06-06 07:47:54.008,1.3,0.5,1.0,2.1,563,423,-0.34,20.24
2026-06-06 07:47:54.507,1.3,0.5,1.0,2.1,563,423,-0.34,20.24
2026-06-06 07:47:55.007,1.3,0.5,1.0,2.1,563,423,-0.34,20.24
2026-06-06 07:47:55.478,1.3,0.5,1.0,2.1,536,424,0.06,20.23
2026-06-06 07:47:56.021,1.2,0.5,1.1,2.2,520,424,0.29,20.23
2026-06-06 07:47:56.495,1.2,0.5,1.2,2.4,520,424,0.29,20.23
2026-06-06 07:47:57.011,1.2,0.5,1.2,2.3,520,424,0.29,20.23
2026-06-06 07:47:57.489,1.2,0.5,1.3,1.9,520,424,0.29,20.23
2026-06-06 07:47:57.990,1.2,0.5,1.2,1.8,0,0,7.91,26.44
2026-06-06 07:47:58.509,1.2,0.5,1.1,1.8,0,0,7.91,26.44
2026-06-06 07:47:59.007,1.2,0.5,1.1,1.7,0,0,7.91,26.44
2026-06-06 07:47:59.491,0.9,0.5,1.0,1.7,341,426,2.92,20.20
2026-06-06 07:47:59.978,0.9,0.5,1.0,1.5,308,426,3.40,20.20
2026-06-06 07:48:00.507,0.9,0.5,1.0,1.5,298,422,3.54,20.26
2026-06-06 07:48:00.988,0.9,0.5,1.0,1.4,298,422,3.54,20.26
2026-06-06 07:48:01.502,0.9,0.5,1.1,1.4,274,415,3.90,20.36
2026-06-06 07:48:01.974,0.9,0.5,1.2,1.2,274,415,3.90,20.36
2026-06-06 07:48:02.470,0.9,0.5,1.3,1.1,274,415,3.90,20.36
2026-06-06 07:48:02.982,1.0,0.5,1.3,1.0,377,415,2.39,20.36
2026-06-06 07:48:03.520,1.0,0.5,1.3,1.0,381,423,2.33,20.24
2026-06-06 07:48:04.008,1.0,0.5,1.3,1.0,381,423,2.33,20.24
2026-06-06 07:48:04.478,1.0,0.5,1.1,1.0,381,423,2.33,20.24
2026-06-06 07:48:04.976,1.0,0.5,1.0,1.3,381,423,2.33,20.24
2026-06-06 07:48:05.474,0.9,0.5,0.8,1.4,257,426,4.15,20.20
2026-06-06 07:48:06.001,0.9,0.5,0.7,1.4,257,426,4.15,20.20
2026-06-06 07:48:06.501,0.8,0.5,0.7,1.3,271,425,3.94,20.21
2026-06-06 07:48:07.022,0.8,0.5,0.6,1.4,234,425,4.48,20.21
2026-06-06 07:48:07.522,0.8,0.5,0.6,1.3,234,425,4.48,20.21
2026-06-06 07:48:08.002,0.8,0.5,0.6,1.2,234,425,4.48,20.21
2026-06-06 07:48:08.507,0.8,0.5,0.6,1.0,218,424,4.72,20.23
2026-06-06 07:48:09.007,0.8,0.5,0.6,1.1,218,424,4.72,20.23
2026-06-06 07:48:09.504,0.8,0.5,0.6,1.2,183,409,5.23,20.45
2026-06-06 07:48:09.997,0.8,0.5,0.7,1.1,222,423,4.66,20.24
2026-06-06 07:48:10.507,0.8,0.5,0.7,1.0,235,423,4.47,20.24
2026-06-06 07:48:11.022,0.8,0.5,0.7,1.0,235,423,4.47,20.24
2026-06-06 07:48:11.479,0.8,0.5,0.7,1.2,231,426,4.53,20.20
2026-06-06 07:48:11.975,1.0,0.5,0.7,1.1,250,424,4.25,20.23
2026-06-06 07:48:12.473,0.9,0.5,0.7,1.0,325,427,3.15,20.19
2026-06-06 07:48:13.008,1.0,0.5,0.7,0.9,328,423,3.11,20.24
2026-06-06 07:48:13.472,1.1,0.5,0.8,0.8,359,424,2.65,20.23
2026-06-06 07:48:13.998,1.2,0.5,0.7,0.7,415,424,1.83,20.23
2026-06-06 07:48:14.507,1.1,0.5,0.7,0.6,445,423,1.39,20.24
2026-06-06 07:48:14.975,1.1,0.5,0.7,0.6,428,424,1.64,20.23
2026-06-06 07:48:15.478,1.0,0.5,0.7,0.7,428,422,1.64,20.26
2026-06-06 07:48:15.978,1.0,0.5,0.7,0.8,428,427,1.64,20.19
2026-06-06 07:48:16.523,1.0,0.5,0.7,0.8,428,427,1.64,20.19
2026-06-06 07:48:16.976,1.0,0.5,0.7,1.0,331,424,3.06,20.23
2026-06-06 07:48:17.481,1.0,0.5,0.7,1.4,335,423,3.00,20.24
2026-06-06 07:48:18.026,0.9,0.5,0.7,1.4,327,427,3.12,20.19
2026-06-06 07:48:18.518,0.9,0.5,0.7,1.3,327,427,3.12,20.19
2026-06-06 07:48:18.992,0.9,0.5,0.7,1.3,327,427,3.12,20.19
2026-06-06 07:48:19.497,1.3,0.5,0.7,1.4,401,423,2.04,20.24
2026-06-06 07:48:19.977,1.3,0.5,0.7,1.4,494,422,0.67,20.26
2026-06-06 07:48:20.478,1.3,0.5,0.7,1.5,539,425,0.01,20.21
2026-06-06 07:48:20.991,1.3,0.5,0.7,1.5,547,426,-0.10,20.20
2026-06-06 07:48:21.490,1.3,0.5,0.7,1.5,547,426,-0.10,20.20
2026-06-06 07:48:22.027,1.3,0.5,0.7,1.8,547,426,-0.10,20.20
2026-06-06 07:48:22.530,1.3,0.5,0.8,1.8,547,426,-0.10,20.20
2026-06-06 07:48:22.990,1.4,0.5,0.9,1.7,606,421,-0.97,20.27
2026-06-06 07:48:23.491,1.4,0.5,1.0,1.7,581,424,-0.60,20.23
2026-06-06 07:48:24.038,1.4,0.5,1.0,1.6,592,424,-0.76,20.23
2026-06-06 07:48:24.481,1.4,0.5,1.3,1.6,592,424,-0.76,20.23
2026-06-06 07:48:25.024,1.3,0.5,1.5,1.4,591,416,-0.75,20.35
2026-06-06 07:48:25.522,1.3,0.5,1.5,1.4,544,423,-0.06,20.24
2026-06-06 07:48:26.011,1.3,0.5,1.4,1.4,544,423,-0.06,20.24
2026-06-06 07:48:26.527,1.5,0.5,1.4,1.2,586,424,-0.67,20.23
2026-06-06 07:48:27.037,1.6,0.5,1.3,1.2,658,423,-1.73,20.24
2026-06-06 07:48:27.480,1.6,0.5,1.4,1.2,658,423,-1.73,20.24
2026-06-06 07:48:27.994,1.6,0.5,1.4,1.2,658,423,-1.73,20.24
2026-06-06 07:48:28.534,1.6,0.5,1.3,1.4,658,423,-1.73,20.24
2026-06-06 07:48:29.022,1.6,0.5,1.2,1.6,0,0,7.91,26.44
2026-06-06 07:48:29.498,1.6,0.5,1.2,1.6,0,0,7.91,26.44
2026-06-06 07:48:30.002,1.4,0.5,1.3,1.8,641,414,-1.48,20.38
2026-06-06 07:48:30.508,1.3,0.5,1.3,1.6,604,424,-0.94,20.23
2026-06-06 07:48:31.005,1.3,0.5,1.2,1.5,604,424,-0.94,20.23
2026-06-06 07:48:32.032,1.2,0.5,1.2,1.6,497,423,0.63,20.24
2026-06-06 07:48:32.033,1.2,0.5,1.4,1.5,478,439,0.91,20.01
2026-06-06 07:48:32.538,1.3,0.5,1.4,1.3,489,423,0.75,20.24
2026-06-06 07:48:33.021,1.3,0.5,1.4,1.2,489,423,0.75,20.24
2026-06-06 07:48:33.502,1.2,0.5,1.4,1.2,529,424,0.16,20.23
2026-06-06 07:48:34.008,1.2,0.5,1.4,1.2,529,424,0.16,20.23
2026-06-06 07:48:34.512,1.1,0.5,1.6,1.2,439,416,1.48,20.35
2026-06-06 07:48:34.989,1.1,0.5,1.6,1.3,439,416,1.48,20.35
2026-06-06 07:48:35.500,1.1,0.5,1.5,1.3,436,423,1.52,20.24
2026-06-06 07:48:36.009,1.1,0.5,1.5,1.3,436,423,1.52,20.24
2026-06-06 07:48:36.538,1.1,0.5,1.5,1.7,436,423,1.52,20.24
2026-06-06 07:48:37.037,1.1,0.5,1.5,1.8,414,425,1.85,20.21
2026-06-06 07:48:37.537,1.0,0.5,1.4,1.8,388,422,2.23,20.26
2026-06-06 07:48:38.008,1.0,0.5,1.2,1.8,358,423,2.67,20.24
2026-06-06 07:48:38.477,0.9,0.5,1.0,1.7,323,424,3.18,20.23
2026-06-06 07:48:39.035,0.8,0.5,1.0,1.6,295,423,3.59,20.24
2026-06-06 07:48:39.508,0.8,0.5,1.0,1.5,295,423,3.59,20.24
2026-06-06 07:48:40.007,0.8,0.5,0.6,1.4,295,423,3.59,20.24
2026-06-06 07:48:40.492,0.8,0.5,0.5,1.5,295,423,3.59,20.24
2026-06-06 07:48:41.022,0.9,0.5,0.5,1.4,272,423,3.93,20.24
2026-06-06 07:48:41.537,1.0,0.5,0.5,1.3,300,423,3.52,20.24
2026-06-06 07:48:42.037,1.1,0.5,0.6,1.4,356,431,2.70,20.13
2026-06-06 07:48:42.520,1.1,0.5,0.7,1.4,356,431,2.70,20.13
2026-06-06 07:48:43.030,1.2,0.5,0.7,1.4,475,424,0.95,20.23
2026-06-06 07:48:43.538,1.1,0.5,0.8,1.7,460,423,1.17,20.24
2026-06-06 07:48:43.994,1.1,0.5,0.9,1.7,422,424,1.73,20.23
2026-06-06 07:48:44.491,1.1,0.5,0.9,1.6,422,424,1.73,20.23
2026-06-06 07:48:45.050,1.0,0.5,0.9,1.5,379,424,2.36,20.23
2026-06-06 07:48:45.527,1.0,0.5,0.9,1.5,379,424,2.36,20.23
2026-06-06 07:48:46.037,1.0,0.5,0.9,1.5,379,424,2.36,20.23
2026-06-06 07:48:46.536,0.9,0.5,1.0,1.4,292,427,3.63,20.19
2026-06-06 07:48:47.034,0.9,0.5,1.0,1.4,292,427,3.63,20.19
2026-06-06 07:48:47.537,0.9,0.5,1.0,1.4,292,427,3.63,20.19
2026-06-06 07:48:48.037,1.0,0.5,1.0,1.4,351,424,2.77,20.23
2026-06-06 07:48:48.537,1.0,0.5,1.0,1.4,351,424,2.77,20.23
2026-06-06 07:48:48.999,1.0,0.5,1.0,1.4,353,424,2.74,20.23
2026-06-06 07:48:49.512,0.9,0.5,0.9,1.3,328,424,3.11,20.23
2026-06-06 07:48:49.994,0.9,0.5,0.9,1.1,328,424,3.11,20.23
2026-06-06 07:48:50.549,0.7,0.5,0.9,1.0,244,423,4.34,20.24
2026-06-06 07:48:50.998,0.7,0.5,0.9,1.0,244,423,4.34,20.24
2026-06-06 07:48:51.993,0.7,0.5,0.9,0.9,244,423,4.34,20.24
2026-06-06 07:48:52.054,0.6,0.5,0.9,0.8,136,423,5.92,20.24
2026-06-06 07:48:52.549,0.6,0.5,0.9,0.7,132,424,5.98,20.23
2026-06-06 07:48:53.007,0.6,0.5,0.9,0.7,132,424,5.98,20.23
2026-06-06 07:48:53.498,0.6,0.5,0.9,0.7,132,424,5.98,20.23
2026-06-06 07:48:54.007,0.6,0.5,0.9,0.7,132,424,5.98,20.23
2026-06-06 07:48:54.510,0.6,0.5,0.9,0.0,0,0,7.91,26.44
2026-06-06 07:48:54.990,0.6,0.5,1.0,0.9,0,0,7.91,26.44
2026-06-06 07:48:55.529,0.8,0.5,1.1,0.9,196,424,5.04,20.23
2026-06-06 07:48:56.054,0.8,0.5,1.1,1.0,196,424,5.04,20.23
2026-06-06 07:48:56.549,1.0,0.5,1.4,1.0,301,424,3.50,20.23
2026-06-06 07:48:57.511,1.0,0.5,1.6,1.1,301,424,3.50,20.23
2026-06-06 07:48:57.512,1.1,0.5,1.6,1.2,361,424,2.62,20.23
2026-06-06 07:48:58.051,1.1,0.5,1.6,1.3,361,424,2.62,20.23
2026-06-06 07:48:58.527,1.1,0.5,1.4,1.3,361,424,2.62,20.23
2026-06-06 07:48:59.031,1.1,0.5,1.3,1.2,361,424,2.62,20.23
2026-06-06 07:48:59.508,1.1,0.5,1.3,1.2,414,423,1.85,20.24
2026-06-06 07:49:00.050,1.1,0.5,1.3,1.2,386,424,2.26,20.23
2026-06-06 07:49:00.508,1.1,0.5,1.3,1.3,386,424,2.26,20.23
2026-06-06 07:49:01.007,1.1,0.5,1.2,1.2,389,416,2.21,20.35
2026-06-06 07:49:01.511,1.1,0.5,1.2,1.3,389,416,2.21,20.35
2026-06-06 07:49:02.038,1.2,0.5,1.2,1.3,496,424,0.64,20.23
2026-06-06 07:49:02.537,1.2,0.5,1.1,1.3,496,424,0.64,20.23
2026-06-06 07:49:03.037,1.1,0.5,0.9,1.3,457,422,1.22,20.26
2026-06-06 07:49:03.539,0.9,0.5,0.8,1.3,357,426,2.68,20.20
2026-06-06 07:49:04.014,0.9,0.5,0.7,1.3,357,426,2.68,20.20
2026-06-06 07:49:04.508,0.9,0.5,0.6,1.3,309,426,3.38,20.20
2026-06-06 07:49:05.005,0.8,0.5,0.6,1.3,270,424,3.96,20.23
2026-06-06 07:49:05.551,0.6,0.5,0.6,1.2,183,425,5.23,20.21
2026-06-06 07:49:06.001,0.6,0.5,0.6,1.0,183,425,5.23,20.21
2026-06-06 07:49:06.538,0.6,0.5,0.6,1.0,144,424,5.80,20.23
2026-06-06 07:49:07.023,0.5,0.5,0.6,1.0,112,426,6.27,20.20
2026-06-06 07:49:07.502,0.5,0.5,0.6,1.0,83,426,6.69,20.20
2026-06-06 07:49:08.015,0.5,0.5,0.6,1.0,73,423,6.84,20.24
2026-06-06 07:49:08.540,0.0,0.5,0.6,1.0,40,0,7.32,26.44
2026-06-06 07:49:09.032,0.0,0.5,0.7,1.0,52,0,7.15,26.44
2026-06-06 07:49:09.547,0.0,0.5,0.7,1.1,52,0,7.15,26.44
2026-06-06 07:49:10.009,0.5,0.5,0.7,1.1,92,424,6.56,20.23
2026-06-06 07:49:10.538,0.5,0.5,0.7,0.8,92,424,6.56,20.23
2026-06-06 07:49:11.034,0.5,0.5,0.7,0.8,72,424,6.86,20.23
2026-06-06 07:49:11.509,0.6,0.5,0.7,0.8,67,441,6.93,19.98
2026-06-06 07:49:12.525,0.6,0.5,0.7,0.8,67,441,6.93,19.98
2026-06-06 07:49:12.526,0.6,0.5,0.7,0.8,99,635,6.46,17.14
2026-06-06 07:49:13.054,0.6,0.5,0.8,0.7,99,635,6.46,17.14
2026-06-06 07:49:13.550,0.6,0.5,0.9,0.7,99,635,6.46,17.14
2026-06-06 07:49:14.008,0.6,0.5,0.9,0.7,0,0,7.91,26.44
2026-06-06 07:49:14.512,0.6,0.5,1.0,0.7,0,0,7.91,26.44
2026-06-06 07:49:15.011,0.8,0.5,1.0,0.8,149,619,5.73,17.37
2026-06-06 07:49:15.567,0.8,0.5,1.0,0.8,149,619,5.73,17.37
2026-06-06 07:49:16.008,0.9,0.5,1.3,0.8,271,632,3.94,17.18
2026-06-06 07:49:17.017,0.9,0.5,1.3,0.8,291,619,3.65,17.37
2026-06-06 07:49:17.018,0.8,0.5,1.3,0.7,283,590,3.76,17.80
2026-06-06 07:49:17.537,0.8,0.5,1.3,0.7,283,590,3.76,17.80
2026-06-06 07:49:18.023,0.8,0.5,1.2,0.5,283,590,3.76,17.80
2026-06-06 07:49:18.520,0.8,0.5,1.2,0.5,244,574,4.34,18.03
2026-06-06 07:49:19.004,0.8,0.5,1.2,0.5,244,574,4.34,18.03
2026-06-06 07:49:19.551,0.8,0.5,1.2,0.4,244,574,4.34,18.03
2026-06-06 07:49:20.069,0.7,0.5,0.0,0.4,166,571,5.48,18.08
2026-06-06 07:49:20.557,0.7,0.5,1.2,0.4,166,571,5.48,18.08
2026-06-06 07:49:21.053,0.7,0.5,1.2,0.4,166,571,5.48,18.08
2026-06-06 07:49:21.558,0.7,0.5,1.2,0.7,0,0,7.91,26.44
2026-06-06 07:49:22.057,0.7,0.5,1.2,0.7,0,0,7.91,26.44
2026-06-06 07:49:22.511,0.7,0.5,1.1,0.7,0,0,7.91,26.44
2026-06-06 07:49:23.037,0.7,0.5,1.1,0.8,0,0,7.91,26.44
2026-06-06 07:49:23.528,0.7,0.5,1.1,0.9,0,0,7.91,26.44
2026-06-06 07:49:24.036,0.8,0.5,1.3,0.9,142,573,5.83,18.05
2026-06-06 07:49:24.568,0.9,0.5,1.3,0.8,224,575,4.63,18.02
2026-06-06 07:49:25.066,0.9,0.5,1.3,0.8,273,573,3.91,18.05
2026-06-06 07:49:25.551,0.9,0.5,1.4,0.8,281,572,3.79,18.06
2026-06-06 07:49:26.060,0.9,0.5,1.4,0.7,302,573,3.49,18.05
2026-06-06 07:49:26.568,0.9,0.5,1.4,0.7,293,574,3.62,18.03
2026-06-06 07:49:27.059,0.9,0.5,1.2,0.7,293,574,3.62,18.03
2026-06-06 07:49:27.558,0.8,0.5,1.1,0.7,269,573,3.97,18.05
2026-06-06 07:49:28.051,0.9,0.5,1.1,0.7,241,572,4.38,18.06
2026-06-06 07:49:28.559,1.0,0.5,1.1,0.7,273,574,3.91,18.03
2026-06-06 07:49:29.069,1.0,0.5,1.4,0.7,273,574,3.91,18.03
2026-06-06 07:49:29.538,1.0,0.5,1.4,0.7,273,574,3.91,18.03
2026-06-06 07:49:30.037,1.0,0.5,1.3,0.7,345,573,2.86,18.05
2026-06-06 07:49:30.538,0.9,0.5,1.3,0.9,331,572,3.06,18.06
2026-06-06 07:49:31.061,0.9,0.5,1.3,0.9,331,572,3.06,18.06
2026-06-06 07:49:31.537,0.9,0.5,0.9,0.8,331,572,3.06,18.06
2026-06-06 07:49:32.067,0.8,0.5,0.9,0.8,236,573,4.45,18.05
2026-06-06 07:49:32.567,0.7,0.5,0.9,0.8,210,574,4.83,18.03
2026-06-06 07:49:33.038,0.7,0.5,0.7,0.8,210,574,4.83,18.03
2026-06-06 07:49:33.558,0.7,0.5,0.7,0.7,171,573,5.41,18.05
2026-06-06 07:49:34.057,0.7,0.5,0.6,0.7,158,573,5.60,18.05
2026-06-06 07:49:34.534,0.6,0.5,0.5,0.7,147,573,5.76,18.05
2026-06-06 07:49:35.057,0.6,0.5,0.5,0.7,132,573,5.98,18.05
2026-06-06 07:49:35.552,0.6,0.5,0.5,0.7,105,572,6.37,18.06
2026-06-06 07:49:36.062,0.6,0.5,0.5,0.8,105,572,6.37,18.06
2026-06-06 07:49:37.051,0.6,0.5,0.5,0.9,113,559,6.25,18.25
2026-06-06 07:49:37.051,0.6,0.5,0.4,1.1,118,558,6.18,18.27
2026-06-06 07:49:37.568,0.6,0.5,0.4,1.1,106,557,6.36,18.28
2026-06-06 07:49:38.055,0.6,0.5,0.4,1.1,106,557,6.36,18.28
2026-06-06 07:49:39.050,0.6,0.5,0.4,1.0,106,557,6.36,18.28
2026-06-06 07:49:39.051,0.6,0.5,0.4,1.1,106,557,6.36,18.28
2026-06-06 07:49:39.568,0.6,0.5,0.4,1.2,0,0,7.91,26.44
2026-06-06 07:49:40.028,0.6,0.5,0.4,1.3,0,0,7.91,26.44
2026-06-06 07:49:40.538,0.8,0.5,0.4,1.2,179,558,5.29,18.27
2026-06-06 07:49:41.033,0.9,0.5,0.4,1.2,206,557,4.89,18.28
2026-06-06 07:49:41.537,0.9,0.5,0.4,1.2,206,557,4.89,18.28
2026-06-06 07:49:42.567,1.0,0.5,0.4,1.0,361,557,2.62,18.28
2026-06-06 07:49:42.567,1.0,0.5,0.4,1.0,371,557,2.48,18.28
2026-06-06 07:49:43.070,1.0,0.5,0.4,1.0,371,557,2.48,18.28
2026-06-06 07:49:43.567,1.0,0.5,0.4,0.9,363,557,2.59,18.28
2026-06-06 07:49:44.058,0.9,0.5,0.4,0.8,332,569,3.05,18.11
2026-06-06 07:49:44.568,0.9,0.5,0.4,0.9,311,558,3.35,18.27
2026-06-06 07:49:45.054,0.9,0.5,0.5,1.0,317,558,3.27,18.27
2026-06-06 07:49:45.551,0.9,0.5,0.5,1.0,305,557,3.44,18.28
2026-06-06 07:49:46.028,0.8,0.5,0.6,0.9,283,557,3.76,18.28
2026-06-06 07:49:46.529,0.8,0.5,0.6,0.9,269,558,3.97,18.27
2026-06-06 07:49:47.024,0.8,0.5,0.6,0.9,252,557,4.22,18.28
2026-06-06 07:49:47.521,0.8,0.5,0.6,0.9,242,558,4.37,18.27
2026-06-06 07:49:48.061,0.8,0.5,0.6,0.9,228,558,4.57,18.27
2026-06-06 07:49:48.568,0.8,0.5,0.5,0.9,216,558,4.75,18.27
2026-06-06 07:49:49.068,0.8,0.5,0.5,0.8,211,568,4.82,18.12
2026-06-06 07:49:49.550,0.8,0.5,0.4,0.7,234,558,4.48,18.27
2026-06-06 07:49:50.028,0.8,0.5,0.4,0.7,234,558,4.48,18.27
2026-06-06 07:49:50.530,0.8,0.5,0.4,0.7,234,558,4.48,18.27
2026-06-06 07:49:51.067,0.8,0.5,0.4,0.7,231,556,4.53,18.30
2026-06-06 07:49:51.551,0.8,0.5,0.4,0.6,231,556,4.53,18.30
2026-06-06 07:49:52.052,0.8,0.5,0.4,0.6,217,557,4.73,18.28
2026-06-06 07:49:52.527,0.8,0.5,0.4,0.6,216,557,4.75,18.28
2026-06-06 07:49:53.049,0.8,0.5,0.4,0.6,228,557,4.57,18.28
2026-06-06 07:49:53.585,0.8,0.5,0.4,0.7,228,557,4.57,18.28
2026-06-06 07:49:54.057,0.8,0.5,0.4,0.7,228,557,4.57,18.28
2026-06-06 07:49:54.526,0.8,0.5,0.4,0.7,228,557,4.57,18.28
2026-06-06 07:49:55.086,0.8,0.5,0.4,0.8,0,0,7.91,26.44
2026-06-06 07:49:55.580,0.7,0.5,0.4,0.8,236,558,4.45,18.27
2026-06-06 07:49:56.065,0.7,0.5,0.5,0.8,236,558,4.45,18.27
2026-06-06 07:49:56.557,0.7,0.5,0.5,0.7,176,556,5.33,18.30
2026-06-06 07:49:57.055,0.7,0.5,0.5,0.7,176,556,5.33,18.30
2026-06-06 07:49:57.556,0.7,0.5,0.5,0.7,194,555,5.07,18.31
2026-06-06 07:49:58.053,0.7,0.5,0.5,0.6,192,555,5.10,18.31
2026-06-06 07:49:58.552,0.7,0.5,0.5,0.6,192,555,5.10,18.31
2026-06-06 07:49:59.038,0.7,0.5,0.5,0.6,192,555,5.10,18.31
2026-06-06 07:49:59.530,0.5,0.5,0.5,0.6,102,554,6.42,18.33
2026-06-06 07:50:00.038,0.5,0.5,0.5,0.6,75,554,6.81,18.33
2026-06-06 07:50:00.586,0.5,0.5,0.5,0.6,55,554,7.10,18.33
2026-06-06 07:50:01.083,0.5,0.5,0.6,0.5,51,554,7.16,18.33
2026-06-06 07:50:01.559,0.5,0.5,0.6,0.5,58,557,7.06,18.28
2026-06-06 07:50:02.067,0.5,0.5,0.6,0.5,75,526,6.81,18.74
2026-06-06 07:50:02.553,0.5,0.5,0.6,0.5,73,412,6.84,20.41
2026-06-06 07:50:03.022,0.5,0.5,0.5,0.6,72,423,6.86,20.24
2026-06-06 07:50:03.537,0.5,0.5,0.5,0.5,72,423,6.86,20.24
2026-06-06 07:50:04.059,0.5,0.5,0.5,0.5,47,425,7.22,20.21
2026-06-06 07:50:04.567,0.5,0.5,0.4,0.8,47,425,7.22,20.21
2026-06-06 07:50:05.039,0.5,0.5,0.4,1.3,47,425,7.22,20.21
2026-06-06 07:50:05.537,0.5,0.5,0.5,1.5,52,425,7.15,20.21
2026-06-06 07:50:06.086,0.5,0.5,0.5,1.7,53,425,7.13,20.21
2026-06-06 07:50:06.561,0.6,0.5,0.5,1.8,64,415,6.97,20.36
2026-06-06 07:50:07.086,0.6,0.5,0.5,1.7,64,425,6.97,20.21
2026-06-06 07:50:07.558,0.6,0.5,0.5,1.5,134,423,5.95,20.24
2026-06-06 07:50:08.087,0.6,0.5,0.6,1.4,142,427,5.83,20.19
2026-06-06 07:50:08.567,0.7,0.5,0.6,1.4,131,426,5.99,20.20
2026-06-06 07:50:09.055,0.8,0.5,0.6,1.3,184,424,5.21,20.23
2026-06-06 07:50:09.560,0.9,0.5,0.6,1.1,232,424,4.51,20.23
2026-06-06 07:50:10.039,0.8,0.5,0.6,0.9,257,425,4.15,20.21
2026-06-06 07:50:10.538,0.8,0.5,0.6,0.8,245,424,4.32,20.23
2026-06-06 07:50:11.538,0.7,0.5,0.6,0.8,217,424,4.73,20.23
2026-06-06 07:50:11.598,0.7,0.5,0.6,0.7,181,423,5.26,20.24
2026-06-06 07:50:12.081,0.7,0.5,0.5,0.7,153,424,5.67,20.23
2026-06-06 07:50:12.587,0.7,0.5,0.5,0.8,164,425,5.51,20.21
2026-06-06 07:50:13.038,0.8,0.5,0.5,0.8,182,424,5.24,20.23
2026-06-06 07:50:13.567,0.8,0.5,0.5,0.8,182,424,5.24,20.23
2026-06-06 07:50:14.057,0.7,0.5,0.7,0.9,214,423,4.78,20.24
2026-06-06 07:50:14.552,0.7,0.5,0.8,0.8,205,424,4.91,20.23
2026-06-06 07:50:15.062,0.7,0.5,0.8,0.8,193,428,5.08,20.17
2026-06-06 07:50:15.567,0.7,0.5,0.7,0.8,193,428,5.08,20.17
2026-06-06 07:50:16.055,0.8,0.5,0.7,0.7,219,424,4.70,20.23
2026-06-06 07:50:16.553,0.8,0.5,0.6,0.7,232,424,4.51,20.23
2026-06-06 07:50:17.065,0.8,0.5,0.5,0.7,251,423,4.23,20.24
2026-06-06 07:50:17.588,0.9,0.5,0.5,0.6,257,424,4.15,20.23
2026-06-06 07:50:18.038,0.9,0.5,0.5,0.6,257,424,4.15,20.23
2026-06-06 07:50:18.569,0.8,0.5,0.4,0.6,253,423,4.20,20.24
2026-06-06 07:50:19.056,0.8,0.5,0.4,0.5,253,423,4.20,20.24
2026-06-06 07:50:20.052,0.7,0.5,0.5,0.5,223,422,4.64,20.26
2026-06-06 07:50:20.053,0.7,0.5,0.7,0.5,204,416,4.92,20.35
2026-06-06 07:50:20.588,0.7,0.5,0.9,0.4,190,424,5.13,20.23
2026-06-06 07:50:21.088,0.7,0.5,0.9,0.4,190,424,5.13,20.23
2026-06-06 07:50:21.582,0.6,0.5,0.9,0.4,145,423,5.79,20.24
2026-06-06 07:50:22.086,0.6,0.5,0.8,0.4,132,423,5.98,20.24
2026-06-06 07:50:22.559,0.6,0.5,0.8,0.4,132,423,5.98,20.24
2026-06-06 07:50:23.056,0.6,0.5,0.8,0.4,132,423,5.98,20.24
2026-06-06 07:50:23.598,0.5,0.5,0.8,0.4,96,382,6.50,20.84
2026-06-06 07:50:24.082,0.5,0.5,0.8,0.5,96,382,6.50,20.84
2026-06-06 07:50:24.547,0.5,0.5,0.9,0.5,64,424,6.97,20.23
2026-06-06 07:50:25.068,0.5,0.5,0.9,0.5,61,431,7.02,20.13
2026-06-06 07:50:25.567,0.5,0.5,1.0,0.5,61,431,7.02,20.13
2026-06-06 07:50:26.064,0.5,0.5,0.9,0.5,61,431,7.02,20.13
2026-06-06 07:50:26.567,0.5,0.5,0.9,0.5,61,431,7.02,20.13
2026-06-06 07:50:27.053,0.5,0.5,0.9,0.5,0,0,7.91,26.44
2026-06-06 07:50:27.593,0.6,0.5,1.0,0.5,104,424,6.39,20.23
2026-06-06 07:50:28.107,0.6,0.5,0.9,0.5,104,424,6.39,20.23
2026-06-06 07:50:29.087,0.7,0.5,0.8,0.5,145,416,5.79,20.35
2026-06-06 07:50:29.088,0.6,0.5,0.9,0.4,150,444,5.71,19.94
2026-06-06 07:50:29.555,0.7,0.5,0.9,0.4,146,445,5.77,19.92
2026-06-06 07:50:30.054,0.6,0.5,0.9,0.5,141,446,5.84,19.91
2026-06-06 07:50:30.555,0.6,0.5,0.9,0.5,135,461,5.93,19.69
2026-06-06 07:50:31.056,0.6,0.5,0.8,0.5,135,461,5.93,19.69
2026-06-06 07:50:31.583,0.5,0.5,0.7,0.4,107,445,6.34,19.92
2026-06-06 07:50:32.088,0.5,0.5,0.7,0.4,92,445,6.56,19.92
2026-06-06 07:50:32.587,0.5,0.5,0.6,0.5,92,445,6.56,19.92
2026-06-06 07:50:33.089,0.4,0.5,0.6,0.5,42,444,7.29,19.94
2026-06-06 07:50:33.567,0.4,0.5,0.6,0.5,25,447,7.54,19.89
2026-06-06 07:50:34.058,0.4,0.5,0.5,0.5,8,446,7.79,19.91
2026-06-06 07:50:34.557,0.4,0.5,0.5,0.5,3,446,7.87,19.91
2026-06-06 07:50:35.061,0.4,0.5,0.5,0.4,9,454,7.78,19.79
2026-06-06 07:50:35.568,0.4,0.5,0.5,0.4,1,445,7.90,19.92
2026-06-06 07:50:36.067,0.4,0.5,0.5,0.4,0,446,7.91,19.91
2026-06-06 07:50:37.056,0.4,0.5,0.5,0.5,0,444,7.91,19.94
2026-06-06 07:50:37.118,0.4,0.5,0.5,0.5,2,446,7.88,19.91
2026-06-06 07:50:37.568,0.4,0.5,0.5,0.4,1,445,7.90,19.92
2026-06-06 07:50:38.097,0.4,0.5,0.5,0.4,0,445,7.91,19.92
2026-06-06 07:50:38.568,0.4,0.5,0.5,0.4,0,445,7.91,19.92
2026-06-06 07:50:39.068,0.4,0.5,0.5,0.4,0,445,7.91,19.92
2026-06-06 07:50:39.558,0.4,0.5,0.6,0.4,0,446,7.91,19.91
2026-06-06 07:50:40.057,0.4,0.5,0.7,0.4,0,445,7.91,19.92
2026-06-06 07:50:40.569,0.4,0.5,0.7,0.4,0,446,7.91,19.91
2026-06-06 07:50:41.069,0.4,0.5,0.6,0.4,0,444,7.91,19.94
2026-06-06 07:50:41.558,0.4,0.5,0.6,0.4,0,447,7.91,19.89
2026-06-06 07:50:42.059,0.4,0.5,0.6,0.4,0,441,7.91,19.98
2026-06-06 07:50:42.579,0.0,0.5,0.6,0.4,0,0,7.91,26.44
2026-06-06 07:50:43.053,0.0,0.5,0.6,0.4,1,0,7.90,26.44
2026-06-06 07:50:43.553,0.0,0.5,0.5,0.4,1,0,7.90,26.44
2026-06-06 07:50:44.080,0.4,0.5,0.5,0.4,0,448,7.91,19.88
2026-06-06 07:50:44.587,0.4,0.5,0.5,0.5,0,445,7.91,19.92
2026-06-06 07:50:45.053,0.4,0.5,0.4,0.5,0,445,7.91,19.92
2026-06-06 07:50:45.552,0.4,0.5,0.4,0.5,0,445,7.91,19.92
2026-06-06 07:50:46.058,0.4,0.5,0.4,0.6,0,445,7.91,19.92
2026-06-06 07:50:46.558,0.4,0.5,0.4,0.6,0,426,7.91,20.20
2026-06-06 07:50:47.567,0.4,0.5,0.5,0.6,0,446,7.91,19.91
2026-06-06 07:50:47.568,0.4,0.5,0.5,0.5,0,446,7.91,19.91
2026-06-06 07:50:48.068,0.5,0.5,0.5,0.5,21,446,7.60,19.91
2026-06-06 07:50:48.567,0.5,0.5,0.5,0.4,32,446,7.44,19.91
2026-06-06 07:50:49.065,0.5,0.5,0.5,0.5,58,446,7.06,19.91
2026-06-06 07:50:49.582,0.5,0.5,0.5,0.5,61,445,7.02,19.92
2026-06-06 07:50:50.098,0.5,0.5,0.5,0.5,68,445,6.91,19.92
2026-06-06 07:50:50.568,0.5,0.5,0.5,0.4,68,445,6.91,19.92
2026-06-06 07:50:51.087,0.5,0.5,0.5,0.4,63,444,6.99,19.94
2026-06-06 07:50:51.593,0.5,0.5,0.5,0.4,63,444,6.99,19.94
2026-06-06 07:50:52.055,0.6,0.5,0.5,0.4,74,445,6.83,19.92
2026-06-06 07:50:52.581,0.8,0.5,0.5,0.4,122,445,6.12,19.92
2026-06-06 07:50:53.089,0.9,0.5,0.5,0.4,187,445,5.17,19.92
2026-06-06 07:50:53.597,0.9,0.5,0.5,0.4,187,445,5.17,19.92
2026-06-06 07:50:54.068,0.9,0.5,0.6,0.4,187,445,5.17,19.92
2026-06-06 07:50:54.606,0.9,0.5,0.7,0.4,187,445,5.17,19.92
2026-06-06 07:50:55.068,0.9,0.5,0.7,0.4,0,0,7.91,26.44
2026-06-06 07:50:55.557,0.8,0.5,0.7,0.4,245,446,4.32,19.91
2026-06-06 07:50:56.103,0.7,0.5,1.0,0.5,218,460,4.72,19.70
2026-06-06 07:50:56.581,0.7,0.5,1.2,0.6,218,460,4.72,19.70
2026-06-06 07:50:57.078,0.7,0.5,1.3,0.6,166,446,5.48,19.91
2026-06-06 07:50:57.614,0.7,0.5,1.3,0.6,149,445,5.73,19.92
2026-06-06 07:50:58.055,0.7,0.5,1.3,0.6,149,445,5.73,19.92
2026-06-06 07:50:58.613,0.7,0.5,1.1,0.7,149,445,5.73,19.92
2026-06-06 07:50:59.614,0.8,0.5,1.0,0.8,289,446,3.68,19.91
2026-06-06 07:50:59.614,0.8,0.5,0.9,0.8,270,446,3.96,19.91
2026-06-06 07:51:00.088,0.8,0.5,0.8,0.7,270,446,3.96,19.91
2026-06-06 07:51:01.090,0.7,0.5,0.8,0.7,248,445,4.28,19.92
2026-06-06 07:51:01.091,0.7,0.5,0.7,0.7,248,445,4.28,19.92
2026-06-06 07:51:01.589,0.7,0.5,0.7,0.6,248,445,4.28,19.92
2026-06-06 07:51:02.068,0.7,0.5,0.6,0.6,166,432,5.48,20.11
2026-06-06 07:51:02.568,0.7,0.5,0.6,0.6,166,455,5.48,19.78
2026-06-06 07:51:03.090,0.6,0.5,0.6,0.6,151,445,5.70,19.92
2026-06-06 07:51:03.613,0.6,0.5,0.6,0.5,142,444,5.83,19.94
2026-06-06 07:51:04.111,0.6,0.5,0.5,0.4,142,444,5.83,19.94
2026-06-06 07:51:04.567,0.6,0.5,0.5,0.4,142,444,5.83,19.94
2026-06-06 07:51:05.068,0.6,0.5,0.5,0.4,130,446,6.01,19.91
2026-06-06 07:51:05.612,0.6,0.5,0.5,0.4,125,445,6.08,19.92
2026-06-06 07:51:06.065,0.6,0.5,0.4,0.4,108,445,6.33,19.92
2026-06-06 07:51:06.579,0.5,0.5,0.4,0.5,72,446,6.86,19.91
2026-06-06 07:51:07.085,0.5,0.5,0.4,0.5,59,446,7.05,19.91
2026-06-06 07:51:07.590,0.5,0.5,0.4,0.5,51,456,7.16,19.76
2026-06-06 07:51:08.568,0.5,0.5,0.4,0.5,58,444,7.06,19.94
2026-06-06 07:51:08.635,0.5,0.5,0.4,0.5,44,445,7.27,19.92
2026-06-06 07:51:09.064,0.5,0.5,0.4,0.5,31,445,7.46,19.92
2026-06-06 07:51:09.617,0.4,0.5,0.4,0.4,21,447,7.60,19.89
2026-06-06 07:51:10.068,0.4,0.5,0.4,0.4,16,445,7.68,19.92
2026-06-06 07:51:10.569,0.4,0.5,0.4,0.4,16,445,7.68,19.92
2026-06-06 07:51:11.086,0.4,0.5,0.4,0.4,20,427,7.62,20.19
2026-06-06 07:51:11.567,0.4,0.5,0.4,0.5,15,427,7.69,20.19
2026-06-06 07:51:12.067,0.4,0.5,0.4,0.5,15,427,7.69,20.19
2026-06-06 07:51:12.619,0.4,0.5,0.5,0.5,15,427,7.69,20.19
2026-06-06 07:51:13.120,0.4,0.5,0.5,0.5,0,427,7.91,20.19
2026-06-06 07:51:13.631,0.4,0.5,0.5,0.6,0,427,7.91,20.19
2026-06-06 07:51:14.068,0.4,0.5,0.5,0.6,0,427,7.91,20.19
2026-06-06 07:51:14.567,0.0,0.5,0.4,0.7,1,0,7.90,26.44
2026-06-06 07:51:15.087,0.0,0.5,0.4,0.8,1,0,7.90,26.44
2026-06-06 07:51:15.583,0.0,0.5,0.5,0.8,1,0,7.90,26.44
2026-06-06 07:51:16.089,0.4,0.5,0.5,0.9,18,427,7.65,20.19
2026-06-06 07:51:16.569,0.4,0.5,0.5,0.9,18,427,7.65,20.19
2026-06-06 07:51:17.065,0.4,0.5,0.7,0.9,18,427,7.65,20.19
2026-06-06 07:51:17.589,0.5,0.5,0.7,0.8,59,427,7.05,20.19
2026-06-06 07:51:18.104,0.5,0.5,0.8,0.8,59,427,7.05,20.19
2026-06-06 07:51:19.081,0.5,0.5,0.8,0.8,78,427,6.77,20.19
2026-06-06 07:51:19.081,0.6,0.5,0.8,0.9,82,428,6.71,20.17
2026-06-06 07:51:19.592,0.6,0.5,0.8,0.9,123,428,6.11,20.17
2026-06-06 07:51:20.090,0.6,0.5,0.8,0.8,123,428,6.11,20.17
2026-06-06 07:51:20.582,1.0,0.5,0.8,0.8,389,428,2.21,20.17
2026-06-06 07:51:21.127,1.1,0.5,0.8,0.8,392,429,2.17,20.16
2026-06-06 07:51:22.105,1.0,0.5,0.7,0.9,359,426,2.65,20.20
2026-06-06 07:51:22.106,1.0,0.5,0.7,0.8,359,426,2.65,20.20
2026-06-06 07:51:22.599,0.8,0.5,0.6,0.8,249,428,4.26,20.17
2026-06-06 07:51:23.108,0.8,0.5,0.6,0.8,249,428,4.26,20.17
2026-06-06 07:51:23.630,0.7,0.5,0.6,0.7,174,410,5.36,20.43
2026-06-06 07:51:24.118,0.7,0.5,0.6,0.8,157,427,5.61,20.19
2026-06-06 07:51:24.613,0.7,0.5,0.6,1.0,151,426,5.70,20.20
2026-06-06 07:51:25.591,0.7,0.5,0.6,1.3,158,426,5.60,20.20
2026-06-06 07:51:25.591,0.7,0.5,0.6,1.4,158,426,5.60,20.20
2026-06-06 07:51:26.104,0.7,0.5,0.6,1.3,158,426,5.60,20.20
2026-06-06 07:51:26.603,0.7,0.5,0.6,1.3,158,426,5.60,20.20
2026-06-06 07:51:27.100,0.7,0.5,0.6,1.3,0,0,7.91,26.44
2026-06-06 07:51:27.613,0.7,0.5,0.7,1.3,0,0,7.91,26.44
2026-06-06 07:51:28.119,0.6,0.5,0.7,1.3,90,427,6.59,20.19
2026-06-06 07:51:28.638,0.5,0.5,0.8,1.3,76,427,6.80,20.19
2026-06-06 07:51:29.128,0.5,0.5,0.8,1.3,76,427,6.80,20.19
2026-06-06 07:51:29.583,0.5,0.5,1.0,1.1,76,427,6.80,20.19
2026-06-06 07:51:30.102,0.5,0.5,1.0,1.1,76,427,6.80,20.19
2026-06-06 07:51:30.600,0.5,0.5,1.1,1.1,0,0,7.91,26.44
2026-06-06 07:51:31.118,0.8,0.5,1.2,1.0,258,426,4.13,20.20
2026-06-06 07:51:31.587,0.9,0.5,1.2,0.9,295,536,3.59,18.59
2026-06-06 07:51:32.079,0.9,0.5,1.1,0.8,295,536,3.59,18.59
2026-06-06 07:51:32.590,1.0,0.5,0.9,0.7,359,634,2.65,17.15
2026-06-06 07:51:33.117,1.0,0.5,0.9,0.7,369,635,2.50,17.14
2026-06-06 07:51:33.616,0.9,0.5,0.7,0.6,335,633,3.00,17.17
2026-06-06 07:51:34.109,1.0,0.5,0.7,0.5,337,634,2.97,17.15
2026-06-06 07:51:34.617,1.0,0.5,0.7,0.5,334,632,3.02,17.18
2026-06-06 07:51:35.101,0.9,0.5,0.6,0.5,312,630,3.34,17.21
2026-06-06 07:51:35.583,0.8,0.5,0.6,0.4,248,617,4.28,17.40
2026-06-06 07:51:36.103,0.8,0.5,0.6,0.4,248,617,4.28,17.40
2026-06-06 07:51:36.597,0.6,0.5,0.5,0.4,156,587,5.62,17.84
2026-06-06 07:51:37.117,0.6,0.5,0.5,0.4,122,572,6.12,18.06
2026-06-06 07:51:37.599,0.6,0.5,0.5,0.4,122,572,6.12,18.06
2026-06-06 07:51:38.080,0.5,0.5,0.5,0.4,53,556,7.13,18.30
2026-06-06 07:51:38.586,0.4,0.5,0.6,0.4,28,555,7.50,18.31
2026-06-06 07:51:39.134,0.4,0.5,0.6,0.4,6,552,7.82,18.35
2026-06-06 07:51:39.583,0.4,0.5,0.8,0.4,6,552,7.82,18.35
2026-06-06 07:51:40.117,0.4,0.5,0.7,0.4,8,540,7.79,18.53
2026-06-06 07:51:40.614,0.4,0.5,0.7,0.4,6,539,7.82,18.54
2026-06-06 07:51:41.108,0.5,0.5,0.6,0.4,28,540,7.50,18.53
2026-06-06 07:51:41.622,0.5,0.5,0.6,0.4,28,540,7.50,18.53
2026-06-06 07:51:42.101,0.6,0.5,0.6,0.4,107,541,6.34,18.52
2026-06-06 07:51:43.108,0.6,0.5,0.5,0.4,120,548,6.15,18.41
2026-06-06 07:51:43.108,0.7,0.5,0.5,0.4,150,541,5.71,18.52
2026-06-06 07:51:43.630,0.7,0.5,0.5,0.4,164,540,5.51,18.53
2026-06-06 07:51:44.117,0.7,0.5,0.5,0.4,164,538,5.51,18.56
2026-06-06 07:51:44.615,0.7,0.5,0.5,0.4,164,538,5.51,18.56
2026-06-06 07:51:45.148,0.7,0.5,0.5,0.4,164,538,5.51,18.56
2026-06-06 07:51:45.598,0.6,0.5,0.5,0.4,133,526,5.96,18.74
2026-06-06 07:51:46.099,0.7,0.5,0.5,0.5,144,526,5.80,18.74
2026-06-06 07:51:46.638,0.7,0.5,0.5,0.4,155,525,5.64,18.75
2026-06-06 07:51:47.098,0.6,0.5,0.4,0.4,130,524,6.01,18.76
2026-06-06 07:51:48.351,0.6,0.5,0.4,0.4,107,523,6.34,18.78
2026-06-06 07:51:48.601,0.6,0.5,0.4,0.5,107,523,6.34,18.78
2026-06-06 07:51:48.602,0.6,0.5,0.4,0.5,107,523,6.34,18.78
2026-06-06 07:51:48.603,0.5,0.5,0.5,0.4,64,524,6.97,18.76
2026-06-06 07:51:49.099,0.5,0.5,0.5,0.5,46,522,7.24,18.79
2026-06-06 07:51:49.615,0.5,0.5,0.5,0.4,51,512,7.16,18.94
2026-06-06 07:51:50.089,0.5,0.5,0.5,0.4,51,512,7.16,18.94
2026-06-06 07:51:50.648,0.5,0.5,0.5,0.4,47,505,7.22,19.04
2026-06-06 07:51:51.144,0.5,0.5,0.5,0.4,32,474,7.44,19.50
2026-06-06 07:51:51.643,0.5,0.5,0.5,0.4,32,474,7.44,19.50
2026-06-06 07:51:52.092,0.4,0.5,0.5,0.4,1,463,7.90,19.66
2026-06-06 07:51:52.618,0.4,0.5,0.5,0.4,1,463,7.90,19.66
2026-06-06 07:51:53.119,0.4,0.5,0.5,0.4,1,463,7.90,19.66
2026-06-06 07:51:53.616,0.4,0.5,0.5,0.4,1,463,7.90,19.66
2026-06-06 07:51:54.148,0.4,0.5,0.5,0.4,0,0,7.91,26.44
2026-06-06 07:51:54.603,0.4,0.5,0.4,0.4,0,0,7.91,26.44
2026-06-06 07:51:55.103,0.4,0.5,0.4,0.4,15,470,7.69,19.56
2026-06-06 07:51:55.599,0.4,0.5,0.5,0.4,23,463,7.57,19.66
2026-06-06 07:51:56.101,0.4,0.5,0.5,0.4,12,460,7.73,19.70
2026-06-06 07:51:56.638,0.4,0.5,0.5,0.4,12,460,7.73,19.70
2026-06-06 07:51:57.135,0.4,0.5,0.5,0.4,12,460,7.73,19.70
2026-06-06 07:51:57.614,0.4,0.5,0.5,0.4,12,460,7.73,19.70
2026-06-06 07:51:58.118,0.4,0.5,0.5,0.4,1,470,7.90,19.56
2026-06-06 07:51:58.617,0.4,0.5,0.5,0.4,1,463,7.90,19.66
2026-06-06 07:51:59.114,0.4,0.5,0.6,0.4,1,463,7.90,19.66
2026-06-06 07:51:59.639,0.4,0.5,0.6,0.5,10,464,7.76,19.64
2026-06-06 07:52:00.118,0.4,0.5,0.9,0.6,10,464,7.76,19.64
2026-06-06 07:52:00.605,0.5,0.5,1.1,0.7,52,472,7.15,19.53
2026-06-06 07:52:01.108,0.6,0.5,1.1,0.7,96,461,6.50,19.69
2026-06-06 07:52:01.630,0.6,0.5,1.1,0.8,96,461,6.50,19.69
2026-06-06 07:52:02.108,0.7,0.5,0.9,0.8,174,443,5.36,19.95
2026-06-06 07:52:02.611,0.7,0.5,0.8,0.8,174,443,5.36,19.95
2026-06-06 07:52:03.120,1.0,0.5,0.9,0.8,350,441,2.78,19.98
2026-06-06 07:52:03.598,1.2,0.5,1.1,0.9,401,441,2.04,19.98
2026-06-06 07:52:04.097,1.2,0.5,1.1,1.0,401,441,2.04,19.98
2026-06-06 07:52:04.635,1.2,0.5,1.1,1.1,401,441,2.04,19.98
2026-06-06 07:52:05.128,1.3,0.5,0.8,1.3,556,440,-0.23,20.00
2026-06-06 07:52:05.639,1.2,0.5,0.7,1.3,504,443,0.53,19.95
2026-06-06 07:52:06.104,1.0,0.5,0.6,1.3,398,446,2.08,19.91
2026-06-06 07:52:06.601,1.0,0.5,0.5,1.4,398,446,2.08,19.91
2026-06-06 07:52:07.094,1.0,0.5,0.6,1.4,353,447,2.74,19.89
2026-06-06 07:52:07.648,1.1,0.5,0.6,1.3,387,446,2.24,19.91
2026-06-06 07:52:08.104,1.1,0.5,0.6,1.4,387,446,2.24,19.91
2026-06-06 07:52:08.597,1.1,0.5,0.6,1.4,387,446,2.24,19.91
2026-06-06 07:52:09.138,1.1,0.5,0.6,1.4,458,446,1.20,19.91
2026-06-06 07:52:09.638,1.1,0.5,0.7,1.2,458,446,1.20,19.91
2026-06-06 07:52:10.105,1.1,0.5,0.8,1.2,458,446,1.20,19.91
2026-06-06 07:52:10.633,1.0,0.5,0.8,0.9,368,445,2.52,19.92
2026-06-06 07:52:11.134,1.0,0.5,1.0,0.7,368,445,2.52,19.92
2026-06-06 07:52:11.630,1.0,0.5,0.9,0.6,350,442,2.78,19.97
2026-06-06 07:52:12.112,1.0,0.5,0.8,0.5,345,442,2.86,19.97
2026-06-06 07:52:12.617,0.9,0.5,0.8,0.5,305,442,3.44,19.97
2026-06-06 07:52:13.147,0.9,0.5,0.8,0.5,294,440,3.60,20.00
2026-06-06 07:52:13.627,0.9,0.5,0.8,0.5,294,440,3.60,20.00
2026-06-06 07:52:14.148,0.9,0.5,1.0,0.5,294,440,3.60,20.00
2026-06-06 07:52:14.647,0.8,0.5,1.1,0.5,256,440,4.16,20.00
2026-06-06 07:52:15.134,0.9,0.5,1.1,0.5,263,441,4.06,19.98
2026-06-06 07:52:15.651,0.8,0.5,1.0,0.5,264,440,4.04,20.00
2026-06-06 07:52:16.147,0.8,0.5,1.0,0.4,247,441,4.29,19.98
2026-06-06 07:52:16.617,0.9,0.5,0.8,0.4,282,440,3.78,20.00
2026-06-06 07:52:17.121,1.0,0.5,0.8,0.4,319,442,3.24,19.97
2026-06-06 07:52:17.614,1.0,0.5,1.0,0.5,358,428,2.67,20.17
2026-06-06 07:52:18.147,1.1,0.5,1.0,0.6,394,442,2.14,19.97
2026-06-06 07:52:18.617,1.1,0.5,1.0,0.7,394,442,2.14,19.97
2026-06-06 07:52:19.110,1.2,0.5,0.9,0.7,471,425,1.01,20.21
2026-06-06 07:52:19.615,1.2,0.5,0.9,0.7,471,425,1.01,20.21
2026-06-06 07:52:20.119,1.2,0.5,1.0,0.7,500,426,0.59,20.20
2026-06-06 07:52:20.647,1.2,0.5,1.0,0.7,500,426,0.59,20.20
2026-06-06 07:52:21.144,1.4,0.5,0.9,0.8,605,424,-0.95,20.23
2026-06-06 07:52:21.648,1.4,0.5,0.9,0.8,591,428,-0.75,20.17
2026-06-06 07:52:22.147,1.4,0.5,1.1,0.9,577,427,-0.54,20.19
2026-06-06 07:52:22.646,1.2,0.5,1.1,1.1,530,429,0.15,20.16
2026-06-06 07:52:23.147,1.2,0.5,1.1,1.2,492,427,0.70,20.19
2026-06-06 07:52:23.646,1.3,0.5,1.1,1.2,517,427,0.34,20.19
2026-06-06 07:52:24.111,1.3,0.5,1.1,1.5,517,427,0.34,20.19
2026-06-06 07:52:24.617,1.3,0.5,1.1,1.6,571,429,-0.45,20.16
2026-06-06 07:52:25.147,1.3,0.5,1.1,1.7,553,429,-0.19,20.16
2026-06-06 07:52:25.609,1.4,0.5,1.1,1.7,595,439,-0.81,20.01
2026-06-06 07:52:26.137,1.4,0.5,1.4,1.7,595,439,-0.81,20.01
2026-06-06 07:52:26.631,1.4,0.5,1.5,1.7,603,427,-0.92,20.19
2026-06-06 07:52:27.139,1.3,0.5,1.4,0.0,548,428,-0.12,20.17
2026-06-06 07:52:27.663,1.2,0.5,1.4,1.5,487,429,0.78,20.16
2026-06-06 07:52:28.136,1.1,0.5,1.4,1.5,427,428,1.66,20.17
2026-06-06 07:52:28.643,1.2,0.5,1.4,1.5,445,429,1.39,20.16
2026-06-06 07:52:29.139,1.2,0.5,0.0,1.5,445,429,1.39,20.16
2026-06-06 07:52:29.652,1.2,0.5,0.0,1.5,445,429,1.39,20.16
2026-06-06 07:52:30.118,1.0,0.5,0.8,1.2,347,427,2.83,20.19
2026-06-06 07:52:30.646,1.0,0.5,0.8,1.2,347,427,2.83,20.19
2026-06-06 07:52:31.169,1.0,0.5,0.8,1.2,347,427,2.83,20.19
2026-06-06 07:52:31.664,0.9,0.5,0.9,1.2,272,425,3.93,20.21
2026-06-06 07:52:32.147,1.0,0.5,0.8,1.0,319,439,3.24,20.01
2026-06-06 07:52:32.618,1.0,0.5,0.8,1.0,319,439,3.24,20.01
2026-06-06 07:52:33.116,1.4,0.5,0.8,1.0,561,459,-0.31,19.72
2026-06-06 07:52:33.611,1.3,0.5,0.8,1.0,544,461,-0.06,19.69
2026-06-06 07:52:34.158,1.4,0.5,0.8,1.3,579,464,-0.57,19.64
2026-06-06 07:52:34.621,1.4,0.5,0.8,1.5,628,463,-1.29,19.66
2026-06-06 07:52:35.829,1.5,0.5,1.0,1.5,621,462,-1.19,19.67
2026-06-06 07:52:36.117,1.5,0.5,1.0,1.7,621,462,-1.19,19.67
2026-06-06 07:52:36.118,1.5,0.5,1.1,1.7,621,462,-1.19,19.67
2026-06-06 07:52:36.177,1.5,0.5,1.3,1.8,621,462,-1.19,19.67
2026-06-06 07:52:36.620,1.5,0.5,1.5,1.6,621,462,-1.19,19.67
2026-06-06 07:52:37.181,1.5,0.5,1.7,1.4,0,0,7.91,26.44
2026-06-06 07:52:37.610,1.5,0.5,1.5,1.4,0,0,7.91,26.44
2026-06-06 07:52:38.118,1.2,0.5,1.5,1.4,508,416,0.47,20.35
2026-06-06 07:52:38.661,1.1,0.5,1.3,1.6,442,416,1.44,20.35
2026-06-06 07:52:39.117,1.1,0.5,1.3,1.6,405,416,1.98,20.35
2026-06-06 07:52:39.614,1.1,0.5,1.3,1.5,405,416,1.98,20.35
2026-06-06 07:52:40.120,1.2,0.5,1.3,1.5,455,411,1.25,20.42
2026-06-06 07:52:41.121,1.2,0.5,1.3,1.5,455,411,1.25,20.42
2026-06-06 07:52:41.178,1.1,0.5,1.5,1.5,417,424,1.80,20.23
2026-06-06 07:52:41.615,1.1,0.5,1.5,1.5,406,424,1.96,20.23
2026-06-06 07:52:42.139,1.2,0.5,1.4,1.6,434,422,1.55,20.26
2026-06-06 07:52:42.667,1.3,0.5,1.3,1.6,509,424,0.45,20.23
2026-06-06 07:52:43.163,1.3,0.5,1.3,1.6,538,424,0.03,20.23
2026-06-06 07:52:43.647,1.3,0.5,1.3,1.5,521,425,0.28,20.21
2026-06-06 07:52:44.138,1.2,0.5,1.3,1.4,463,423,1.13,20.24
2026-06-06 07:52:44.645,1.2,0.5,1.3,1.4,463,423,1.13,20.24
2026-06-06 07:52:45.119,1.0,0.5,0.9,1.4,408,424,1.93,20.23
2026-06-06 07:52:45.677,1.1,0.5,0.9,1.5,385,424,2.27,20.23
2026-06-06 07:52:46.177,1.1,0.5,0.9,1.5,414,415,1.85,20.36
2026-06-06 07:52:46.657,1.1,0.5,1.0,1.5,414,415,1.85,20.36
2026-06-06 07:52:47.148,1.2,0.5,1.0,1.4,480,423,0.88,20.24
2026-06-06 07:52:47.647,1.2,0.5,1.0,1.4,476,423,0.94,20.24
2026-06-06 07:52:48.148,1.2,0.5,1.0,1.1,476,423,0.94,20.24
2026-06-06 07:52:48.619,1.3,0.5,1.1,1.1,577,424,-0.54,20.23
2026-06-06 07:52:49.165,1.4,0.5,1.1,1.1,573,422,-0.48,20.26
2026-06-06 07:52:49.663,1.4,0.5,1.2,1.2,573,422,-0.48,20.26
2026-06-06 07:52:50.175,1.4,0.5,1.2,1.2,573,422,-0.48,20.26
2026-06-06 07:52:50.648,1.6,0.5,1.2,1.2,682,415,-2.08,20.36
2026-06-06 07:52:51.147,1.6,0.5,1.1,1.2,682,415,-2.08,20.36
2026-06-06 07:52:51.644,1.6,0.5,1.1,1.2,682,415,-2.08,20.36
2026-06-06 07:52:52.168,1.5,0.5,1.1,1.2,641,415,-1.48,20.36
2026-06-06 07:52:52.621,1.4,0.5,1.1,1.2,642,424,-1.49,20.23
2026-06-06 07:52:53.167,1.4,0.5,1.1,1.3,642,424,-1.49,20.23
2026-06-06 07:52:53.662,1.4,0.5,1.1,1.3,642,424,-1.49,20.23
2026-06-06 07:52:54.168,1.4,0.5,1.1,1.3,642,424,-1.49,20.23
2026-06-06 07:52:54.622,1.1,0.5,1.1,1.3,448,573,1.35,18.05
2026-06-06 07:52:55.177,1.1,0.5,0.0,0.0,448,573,1.35,18.05
2026-06-06 07:52:55.648,1.1,0.5,0.0,1.5,448,573,1.35,18.05
2026-06-06 07:52:56.147,0.8,0.5,0.0,1.5,286,588,3.72,17.83
2026-06-06 07:52:56.677,0.8,0.5,0.0,1.5,247,586,4.29,17.86
2026-06-06 07:52:57.178,0.8,0.5,0.9,1.5,250,574,4.25,18.03
2026-06-06 07:52:57.669,0.8,0.5,1.0,1.6,250,574,4.25,18.03
2026-06-06 07:52:58.166,0.8,0.5,1.0,1.6,253,489,4.20,19.28
2026-06-06 07:52:58.647,0.8,0.5,1.0,1.6,259,457,4.12,19.75
2026-06-06 07:52:59.150,0.8,0.5,1.1,1.6,259,457,4.12,19.75
2026-06-06 07:52:59.679,0.8,0.5,1.1,0.0,259,457,4.12,19.75
2026-06-06 07:53:00.168,0.8,0.5,1.1,0.0,259,457,4.12,19.75
2026-06-06 07:53:00.667,0.8,0.5,1.1,0.0,0,0,7.91,26.44
2026-06-06 07:53:01.178,0.8,0.5,0.0,0.0,0,0,7.91,26.44
2026-06-06 07:53:01.650,0.8,0.5,0.0,0.0,0,0,7.91,26.44
2026-06-06 07:53:02.147,0.8,0.5,0.9,1.1,0,0,7.91,26.44
2026-06-06 07:53:02.648,0.8,0.5,0.9,1.0,261,426,4.09,20.20
2026-06-06 07:53:03.148,0.8,0.5,0.9,1.0,237,428,4.44,20.17
2026-06-06 07:53:03.627,0.8,0.5,0.9,1.0,237,428,4.44,20.17
2026-06-06 07:53:04.148,0.8,0.5,1.0,1.0,237,428,4.44,20.17
2026-06-06 07:53:04.678,0.7,0.5,1.0,1.2,158,426,5.60,20.20
2026-06-06 07:53:05.157,0.7,0.5,0.9,1.2,158,426,5.60,20.20
2026-06-06 07:53:05.669,0.7,0.5,0.9,1.2,192,424,5.10,20.23
2026-06-06 07:53:06.136,0.7,0.5,0.9,1.2,192,424,5.10,20.23
2026-06-06 07:53:07.142,0.6,0.5,0.9,1.2,109,426,6.31,20.20
2026-06-06 07:53:07.198,0.5,0.5,0.9,1.2,76,426,6.80,20.20
2026-06-06 07:53:07.647,0.5,0.5,0.9,1.2,50,427,7.18,20.19
2026-06-06 07:53:08.172,0.4,0.5,0.9,1.2,28,427,7.50,20.19
2026-06-06 07:53:08.638,0.4,0.5,0.9,1.2,28,427,7.50,20.19
2026-06-06 07:53:09.148,0.4,0.5,0.9,1.2,5,426,7.84,20.20
2026-06-06 07:53:09.631,0.4,0.5,0.8,1.1,2,426,7.88,20.20
2026-06-06 07:53:10.130,0.4,0.5,0.8,1.2,1,424,7.90,20.23
2026-06-06 07:53:10.628,0.4,0.5,0.8,1.3,1,426,7.90,20.20
2026-06-06 07:53:11.141,0.4,0.5,0.7,1.3,0,430,7.91,20.14
2026-06-06 07:53:12.166,0.4,0.5,0.6,1.3,0,426,7.91,20.20
2026-06-06 07:53:12.167,0.4,0.5,0.6,1.3,3,424,7.87,20.23
2026-06-06 07:53:12.665,0.4,0.5,0.6,1.2,1,430,7.90,20.14
2026-06-06 07:53:13.144,0.4,0.5,0.6,1.2,3,426,7.87,20.20
2026-06-06 07:53:13.673,0.4,0.5,0.5,1.2,3,426,7.87,20.20
2026-06-06 07:53:14.647,0.4,0.5,0.5,1.0,10,424,7.76,20.23
2026-06-06 07:53:14.647,0.4,0.5,0.5,1.0,10,424,7.76,20.23
2026-06-06 07:53:15.134,0.5,0.5,0.6,1.0,22,429,7.59,20.16
2026-06-06 07:53:15.653,0.5,0.5,0.6,1.3,29,425,7.49,20.21
2026-06-06 07:53:16.177,0.5,0.5,0.6,1.3,29,425,7.49,20.21
2026-06-06 07:53:16.664,0.4,0.5,0.8,1.7,14,426,7.71,20.20
2026-06-06 07:53:17.162,0.4,0.5,0.8,1.8,14,426,7.71,20.20
2026-06-06 07:53:17.671,0.5,0.5,0.8,1.8,25,426,7.54,20.20
2026-06-06 07:53:18.163,0.7,0.5,1.2,1.8,102,426,6.42,20.20
2026-06-06 07:53:18.662,0.7,0.5,1.3,2.0,102,426,6.42,20.20
2026-06-06 07:53:19.178,0.7,0.5,1.3,2.0,102,426,6.42,20.20
2026-06-06 07:53:19.677,1.4,0.5,1.6,2.2,532,440,0.12,20.00
2026-06-06 07:53:20.178,1.8,0.5,1.6,2.4,731,425,-2.80,20.21
2026-06-06 07:53:20.678,1.8,0.5,1.6,2.4,731,425,-2.80,20.21
2026-06-06 07:53:21.167,1.7,0.5,1.5,2.6,840,426,-4.39,20.20
2026-06-06 07:53:21.677,1.9,0.5,1.5,2.4,840,426,-4.39,20.20
2026-06-06 07:53:22.177,1.9,0.5,1.5,2.4,884,425,-5.04,20.21
2026-06-06 07:53:22.695,1.9,0.5,1.5,2.4,884,425,-5.04,20.21
2026-06-06 07:53:23.189,1.9,0.5,1.5,2.4,884,425,-5.04,20.21
2026-06-06 07:53:23.644,1.9,0.5,0.0,2.4,884,425,-5.04,20.21
2026-06-06 07:53:24.167,1.9,0.5,1.0,0.0,0,0,7.91,26.44
2026-06-06 07:53:24.678,1.8,0.5,1.0,0.0,790,425,-3.66,20.21
2026-06-06 07:53:25.177,1.7,0.5,1.3,0.0,792,426,-3.69,20.20
2026-06-06 07:53:25.678,1.7,0.5,1.4,2.8,792,426,-3.69,20.20
2026-06-06 07:53:26.168,1.7,0.5,1.5,2.7,792,426,-3.69,20.20
2026-06-06 07:53:26.677,1.8,0.5,1.5,2.6,818,425,-4.07,20.21
2026-06-06 07:53:27.177,1.8,0.5,1.5,2.5,818,425,-4.07,20.21
2026-06-06 07:53:27.679,1.7,0.5,1.4,2.3,811,426,-3.97,20.20
2026-06-06 07:53:28.140,1.7,0.5,1.4,2.1,811,426,-3.97,20.20
2026-06-06 07:53:28.665,1.7,0.5,1.5,2.1,811,426,-3.97,20.20
2026-06-06 07:53:29.167,1.7,0.5,1.5,1.8,811,426,-3.97,20.20
2026-06-06 07:53:29.664,1.7,0.5,1.5,1.8,0,0,7.91,26.44
2026-06-06 07:53:30.176,1.7,0.5,1.5,1.8,0,0,7.91,26.44
2026-06-06 07:53:30.698,1.5,0.5,1.5,1.8,606,424,-0.97,20.23
2026-06-06 07:53:31.147,1.5,0.5,1.6,0.0,606,424,-0.97,20.23
2026-06-06 07:53:31.694,1.6,0.5,1.6,1.5,697,425,-2.30,20.21
2026-06-06 07:53:32.190,1.6,0.5,1.5,1.4,690,426,-2.20,20.20
2026-06-06 07:53:32.655,1.6,0.5,1.6,1.3,729,425,-2.77,20.21
2026-06-06 07:53:33.178,1.6,0.5,1.5,1.2,720,425,-2.64,20.21
2026-06-06 07:53:33.664,1.6,0.5,1.5,1.3,720,425,-2.64,20.21
2026-06-06 07:53:34.177,1.6,0.5,1.5,1.3,762,426,-3.25,20.20
2026-06-06 07:53:34.648,1.6,0.5,1.4,1.3,762,426,-3.25,20.20
2026-06-06 07:53:35.150,1.7,0.5,1.4,1.7,748,425,-3.05,20.21
2026-06-06 07:53:35.643,1.7,0.5,1.4,1.7,748,425,-3.05,20.21
2026-06-06 07:53:36.178,1.7,0.5,1.4,1.9,748,425,-3.05,20.21
2026-06-06 07:53:36.678,2.1,0.5,0.0,2.0,1005,426,-6.81,20.20
2026-06-06 07:53:37.147,2.1,0.5,0.0,2.0,1005,426,-6.81,20.20
2026-06-06 07:53:37.678,2.1,0.5,0.0,2.0,1005,426,-6.81,20.20
2026-06-06 07:53:38.168,0.5,0.5,0.0,2.2,507,426,0.48,20.20
2026-06-06 07:53:38.672,1.2,0.5,0.0,2.4,309,424,3.38,20.23
2026-06-06 07:53:39.177,1.8,0.5,2.2,2.4,685,427,-2.12,20.19
2026-06-06 07:53:39.678,2.1,0.5,2.2,2.1,936,426,-5.80,20.20
2026-06-06 07:53:40.147,2.1,0.5,2.3,2.1,936,426,-5.80,20.20
2026-06-06 07:53:40.678,2.0,0.5,2.3,2.0,993,425,-6.64,20.21
2026-06-06 07:53:41.177,2.0,0.5,2.3,2.0,993,425,-6.64,20.21
2026-06-06 07:53:41.678,2.0,0.5,1.8,2.0,993,425,-6.64,20.21
2026-06-06 07:53:42.168,2.0,0.5,1.6,2.1,993,425,-6.64,20.21
2026-06-06 07:53:42.677,1.6,0.5,1.4,2.0,728,415,-2.75,20.36
2026-06-06 07:53:43.171,1.4,0.5,1.4,2.1,645,415,-1.54,20.36
2026-06-06 07:53:43.694,1.3,0.5,1.4,1.8,575,415,-0.51,20.36
2026-06-06 07:53:44.194,1.2,0.5,1.4,1.8,514,424,0.38,20.23
2026-06-06 07:53:44.669,1.2,0.5,1.6,1.9,514,424,0.38,20.23
2026-06-06 07:53:45.177,1.2,0.5,1.6,2.0,514,424,0.38,20.23
2026-06-06 07:53:45.677,1.2,0.5,1.6,2.3,497,416,0.63,20.35
2026-06-06 07:53:46.176,1.2,0.5,1.6,2.3,497,416,0.63,20.35
2026-06-06 07:53:46.697,1.2,0.5,1.6,2.6,497,416,0.63,20.35
2026-06-06 07:53:47.146,1.2,0.5,1.5,2.5,497,416,0.63,20.35
2026-06-06 07:53:47.692,1.2,0.5,1.4,2.5,0,0,7.91,26.44
2026-06-06 07:53:48.192,1.2,0.5,1.3,1.8,0,0,7.91,26.44
2026-06-06 07:53:48.645,1.5,0.5,1.2,1.7,646,423,-1.55,20.24
2026-06-06 07:53:49.146,1.5,0.5,1.2,1.7,646,423,-1.55,20.24
2026-06-06 07:53:49.696,1.4,0.5,1.1,2.4,579,416,-0.57,20.35
2026-06-06 07:53:50.147,1.4,0.5,1.1,2.4,579,416,-0.57,20.35
2026-06-06 07:53:50.669,1.4,0.5,1.0,2.5,579,416,-0.57,20.35
2026-06-06 07:53:51.207,1.2,0.5,0.9,2.3,521,1199,0.28,8.88
2026-06-06 07:53:51.704,1.3,0.5,0.9,2.3,521,422,0.28,20.26
2026-06-06 07:53:52.147,1.4,0.5,0.9,2.3,592,415,-0.76,20.36
2026-06-06 07:53:52.700,1.4,0.5,1.2,2.1,606,423,-0.97,20.24
2026-06-06 07:53:53.147,1.3,0.5,1.6,2.0,566,423,-0.38,20.24
2026-06-06 07:53:53.703,1.3,0.5,1.7,2.1,556,1199,-0.23,8.88
2026-06-06 07:53:54.202,1.3,0.5,2.0,2.3,556,1199,-0.23,8.88
2026-06-06 07:53:55.167,1.4,0.5,2.2,2.4,546,414,-0.09,20.38
2026-06-06 07:53:55.168,1.4,0.5,2.3,2.7,546,414,-0.09,20.38
2026-06-06 07:53:55.658,1.4,0.5,2.2,2.6,546,414,-0.09,20.38
2026-06-06 07:53:56.178,1.4,0.5,2.2,2.4,546,414,-0.09,20.38
2026-06-06 07:53:56.668,2.3,0.5,2.5,2.6,1178,1197,-9.35,8.91
2026-06-06 07:53:57.176,2.4,0.5,2.5,2.5,1178,415,-9.35,20.36
2026-06-06 07:53:57.695,2.2,0.5,3.1,2.1,1146,415,-8.88,20.36
2026-06-06 07:53:58.167,2.2,0.5,3.2,2.1,1146,415,-8.88,20.36
2026-06-06 07:53:58.678,2.1,0.5,3.2,2.3,1025,412,-7.10,20.41
2026-06-06 07:53:59.177,2.2,0.5,3.2,2.3,1062,423,-7.65,20.24
2026-06-06 07:53:59.673,2.2,0.5,3.2,2.3,1079,415,-7.90,20.36
2026-06-06 07:54:00.170,2.0,0.5,3.2,2.4,1008,422,-6.86,20.26
2026-06-06 07:54:00.694,2.0,0.5,3.2,2.6,951,415,-6.02,20.36
2026-06-06 07:54:01.174,2.1,0.5,2.1,2.6,1015,415,-6.96,20.36
2026-06-06 07:54:01.668,2.1,0.5,2.2,2.6,1015,415,-6.96,20.36
2026-06-06 07:54:02.178,2.1,0.5,2.1,2.6,1015,415,-6.96,20.36
2026-06-06 07:54:02.664,2.1,0.5,2.0,2.3,1015,415,-6.96,20.36
2026-06-06 07:54:03.189,2.1,0.5,1.9,2.3,0,0,7.91,26.44
2026-06-06 07:54:03.703,2.1,0.5,1.6,2.3,0,0,7.91,26.44
2026-06-06 07:54:04.199,2.1,0.5,1.6,2.1,0,0,7.91,26.44
2026-06-06 07:54:04.678,1.6,0.5,1.4,2.0,647,415,-1.57,20.36
2026-06-06 07:54:05.177,1.8,0.5,1.4,2.0,805,414,-3.88,20.38
2026-06-06 07:54:05.705,1.7,0.5,1.4,2.0,787,422,-3.62,20.26
2026-06-06 07:54:06.678,1.8,0.5,1.5,2.0,807,422,-3.91,20.26
2026-06-06 07:54:06.679,1.8,0.5,1.7,1.9,807,422,-3.91,20.26
2026-06-06 07:54:07.173,1.8,0.5,1.7,1.9,807,422,-3.91,20.26
2026-06-06 07:54:07.694,1.8,0.5,1.7,1.8,807,422,-3.91,20.26
2026-06-06 07:54:08.197,1.6,0.5,1.7,1.7,740,415,-2.93,20.36
2026-06-06 07:54:08.678,1.5,0.5,1.5,1.6,665,415,-1.83,20.36
2026-06-06 07:54:09.676,1.5,0.5,1.5,1.6,665,415,-1.83,20.36
2026-06-06 07:54:09.677,1.2,0.5,1.6,1.6,619,415,-1.16,20.36
2026-06-06 07:54:10.198,1.2,0.5,1.7,1.6,619,415,-1.16,20.36
2026-06-06 07:54:10.680,1.2,0.5,1.7,1.6,619,415,-1.16,20.36
2026-06-06 07:54:11.198,1.3,0.5,1.8,1.7,537,415,0.04,20.36
2026-06-06 07:54:11.700,1.3,0.5,1.8,1.7,520,422,0.29,20.26
2026-06-06 07:54:12.208,1.2,0.5,1.8,1.7,506,414,0.50,20.38
2026-06-06 07:54:12.677,1.0,0.5,1.8,1.7,405,414,1.98,20.38
2026-06-06 07:54:13.177,1.0,0.5,1.8,1.3,338,415,2.96,20.36
2026-06-06 07:54:13.686,0.9,0.5,1.8,1.2,330,422,3.08,20.26
2026-06-06 07:54:14.164,0.9,0.5,1.8,1.1,330,422,3.08,20.26
2026-06-06 07:54:14.698,1.0,0.5,1.5,1.1,360,415,2.64,20.36
2026-06-06 07:54:15.177,1.2,0.5,1.5,1.1,426,415,1.67,20.36
2026-06-06 07:54:15.719,1.2,0.5,1.3,1.1,482,400,0.85,20.58
2026-06-06 07:54:16.678,1.1,0.5,1.2,1.1,424,422,1.70,20.26
2026-06-06 07:54:16.678,1.0,0.5,1.3,0.8,402,414,2.02,20.38
2026-06-06 07:54:17.178,1.0,0.5,1.3,0.7,402,414,2.02,20.38
2026-06-06 07:54:17.680,1.0,0.5,1.4,0.6,366,394,2.55,20.67
2026-06-06 07:54:18.170,1.0,0.5,1.4,0.5,348,414,2.81,20.38
2026-06-06 07:54:19.218,0.9,0.5,1.3,0.5,332,414,3.05,20.38
2026-06-06 07:54:19.220,0.9,0.5,0.8,0.5,269,422,3.97,20.26
2026-06-06 07:54:19.693,0.8,0.5,0.8,0.5,280,423,3.81,20.24
2026-06-06 07:54:20.192,0.7,0.5,0.8,0.4,210,414,4.83,20.38
2026-06-06 07:54:20.721,0.7,0.5,0.6,0.5,210,414,4.83,20.38
2026-06-06 07:54:21.169,0.5,0.5,0.6,0.5,51,416,7.16,20.35
2026-06-06 07:54:21.672,0.5,0.5,0.9,0.5,22,415,7.59,20.36
2026-06-06 07:54:22.178,0.5,0.5,0.8,0.4,22,415,7.59,20.36
2026-06-06 07:54:22.697,0.4,0.5,0.8,0.5,12,414,7.73,20.38
2026-06-06 07:54:23.186,0.5,0.5,0.8,0.5,12,415,7.73,20.36
2026-06-06 07:54:23.679,0.4,0.5,0.8,0.5,15,426,7.69,20.20
2026-06-06 07:54:24.177,0.4,0.5,0.0,0.5,15,426,7.69,20.20
2026-06-06 07:54:24.707,0.4,0.5,0.0,0.5,10,415,7.76,20.36
2026-06-06 07:54:25.218,0.4,0.5,0.0,0.9,9,416,7.78,20.35
2026-06-06 07:54:25.670,0.4,0.5,0.0,0.8,9,416,7.78,20.35
2026-06-06 07:54:26.170,0.4,0.5,0.0,0.8,5,414,7.84,20.38
2026-06-06 07:54:26.726,0.4,0.5,0.6,0.8,5,414,7.84,20.38
2026-06-06 07:54:27.206,0.4,0.5,0.6,0.7,5,414,7.84,20.38
2026-06-06 07:54:27.673,0.4,0.5,0.5,0.7,2,415,7.88,20.36
2026-06-06 07:54:28.177,0.4,0.5,0.5,0.6,15,414,7.69,20.38
2026-06-06 07:54:28.676,0.4,0.5,0.6,0.5,6,415,7.82,20.36
2026-06-06 07:54:29.178,0.5,0.5,0.6,0.5,17,430,7.66,20.14
2026-06-06 07:54:30.227,0.4,0.5,0.6,0.5,26,415,7.53,20.36
2026-06-06 07:54:30.228,0.4,0.5,0.6,0.5,15,415,7.69,20.36
2026-06-06 07:54:30.671,0.4,0.5,0.5,0.5,15,415,7.69,20.36
2026-06-06 07:54:31.178,0.4,0.5,0.5,0.5,15,415,7.69,20.36
2026-06-06 07:54:31.679,0.5,0.5,0.5,0.5,15,415,7.69,20.36
2026-06-06 07:54:32.221,0.5,0.5,0.5,0.5,29,415,7.49,20.36
2026-06-06 07:54:32.700,0.5,0.5,0.6,0.4,74,416,6.83,20.35
2026-06-06 07:54:33.207,0.4,0.5,0.6,0.4,91,414,6.58,20.38
2026-06-06 07:54:33.680,0.5,0.5,0.7,0.4,48,412,7.21,20.41
2026-06-06 07:54:34.180,0.4,0.5,0.7,0.4,27,413,7.51,20.39
2026-06-06 07:54:34.678,0.4,0.5,0.6,0.5,27,413,7.51,20.39
2026-06-06 07:54:35.174,0.4,0.5,0.6,0.4,27,413,7.51,20.39
2026-06-06 07:54:35.706,0.4,0.5,0.5,0.4,0,414,7.91,20.38
2026-06-06 07:54:36.228,0.4,0.5,0.5,0.4,0,429,7.91,20.16
2026-06-06 07:54:36.671,0.4,0.5,0.5,0.4,1,416,7.90,20.35
2026-06-06 07:54:37.228,0.4,0.5,0.5,0.4,0,422,7.91,20.26
2026-06-06 07:54:37.727,0.4,0.5,0.5,0.4,0,422,7.91,20.26
2026-06-06 07:54:38.179,0.4,0.5,0.5,0.4,0,422,7.91,20.26
2026-06-06 07:54:38.708,0.4,0.5,0.5,0.4,0,422,7.91,20.26
2026-06-06 07:54:39.207,0.4,0.5,0.5,0.4,1,422,7.90,20.26
2026-06-06 07:54:39.682,0.4,0.5,0.5,0.4,1,422,7.90,20.26
2026-06-06 07:54:40.179,0.4,0.5,0.5,0.4,3,413,7.87,20.39
2026-06-06 07:54:40.677,0.4,0.5,0.5,0.4,11,427,7.75,20.19
2026-06-06 07:54:41.177,0.4,0.5,0.5,0.5,11,427,7.75,20.19
2026-06-06 07:54:41.678,0.4,0.5,0.5,0.5,11,427,7.75,20.19
2026-06-06 07:54:42.221,0.6,0.5,0.5,0.5,85,426,6.67,20.20
2026-06-06 07:54:42.708,0.6,0.5,0.5,0.5,85,426,6.67,20.20
2026-06-06 07:54:43.208,0.6,0.5,0.5,0.4,85,426,6.67,20.20
2026-06-06 07:54:43.722,0.6,0.5,0.5,0.4,85,426,6.67,20.20
2026-06-06 07:54:44.222,0.8,0.5,0.5,0.4,195,422,5.05,20.26
2026-06-06 07:54:44.693,0.8,0.5,0.6,0.5,195,422,5.05,20.26
2026-06-06 07:54:45.229,0.7,0.5,0.6,0.5,170,414,5.42,20.38
2026-06-06 07:54:45.694,0.6,0.5,0.6,0.4,137,423,5.90,20.24
2026-06-06 07:54:46.208,0.6,0.5,0.6,0.4,137,423,5.90,20.24
2026-06-06 07:54:46.708,0.6,0.5,0.6,0.4,137,423,5.90,20.24
2026-06-06 07:54:47.209,0.7,0.5,0.6,0.4,170,415,5.42,20.36
2026-06-06 07:54:47.707,0.6,0.5,0.6,0.4,147,415,5.76,20.36
2026-06-06 07:54:48.224,0.6,0.5,0.0,0.4,147,415,5.76,20.36
2026-06-06 07:54:48.728,0.4,0.5,0.0,0.4,42,414,7.29,20.38
2026-06-06 07:54:49.198,0.5,0.5,0.0,0.4,34,413,7.41,20.39
2026-06-06 07:54:49.694,0.5,0.5,0.0,0.5,31,422,7.46,20.26
2026-06-06 07:54:50.201,0.5,0.5,0.0,0.5,22,415,7.59,20.36
2026-06-06 07:54:51.199,0.4,0.5,0.9,0.5,21,414,7.60,20.38
2026-06-06 07:54:51.200,0.4,0.5,0.9,0.5,8,416,7.79,20.35
2026-06-06 07:54:51.694,0.4,0.5,0.9,0.7,6,429,7.82,20.16
2026-06-06 07:54:52.198,0.4,0.5,0.7,0.7,0,3159,7.91,-19.83
2026-06-06 07:54:52.696,0.4,0.5,0.6,0.6,0,3159,7.91,-19.83
2026-06-06 07:54:53.194,0.4,0.5,0.6,0.6,2,415,7.88,20.36
2026-06-06 07:54:53.694,0.4,0.5,0.5,0.5,10,3159,7.76,-19.83
2026-06-06 07:54:54.237,0.4,0.5,0.5,0.5,10,413,7.76,20.39
2026-06-06 07:54:54.697,0.4,0.5,0.5,0.5,10,413,7.76,20.39
2026-06-06 07:54:55.219,0.4,0.5,0.5,0.6,10,413,7.76,20.39
2026-06-06 07:54:55.728,0.4,0.5,0.5,0.8,10,413,7.76,20.39
2026-06-06 07:54:56.232,0.4,0.5,0.5,0.7,1,425,7.90,20.21
2026-06-06 07:54:56.728,0.4,0.5,0.4,0.6,1,425,7.90,20.21
2026-06-06 07:54:57.228,0.4,0.5,0.4,0.6,4,423,7.85,20.24
2026-06-06 07:54:57.728,0.4,0.5,0.4,0.6,1,423,7.90,20.24
2026-06-06 07:54:58.247,0.4,0.5,0.5,0.6,1,414,7.90,20.38
2026-06-06 07:54:58.726,0.4,0.5,0.5,0.6,0,416,7.91,20.35
2026-06-06 07:54:59.227,0.4,0.5,0.5,0.5,0,416,7.91,20.35
2026-06-06 07:54:59.695,0.4,0.5,0.5,0.5,0,416,7.91,20.35
2026-06-06 07:55:00.208,0.4,0.5,0.5,0.5,0,416,7.91,20.35
2026-06-06 07:55:00.708,0.4,0.5,0.5,0.5,5,414,7.84,20.38
2026-06-06 07:55:01.203,0.4,0.5,0.5,0.5,2,415,7.88,20.36
2026-06-06 07:55:02.194,0.4,0.5,0.4,0.5,3,413,7.87,20.39
2026-06-06 07:55:02.257,0.4,0.5,0.4,0.5,1,415,7.90,20.36
2026-06-06 07:55:02.694,0.4,0.5,0.5,0.5,0,414,7.91,20.38
2026-06-06 07:55:03.194,0.4,0.5,0.4,0.5,1,415,7.90,20.36
2026-06-06 07:55:03.722,0.4,0.5,0.4,0.5,1,415,7.90,20.36
2026-06-06 07:55:04.248,0.4,0.5,0.5,0.5,4,415,7.85,20.36
2026-06-06 07:55:04.745,0.4,0.5,0.6,0.5,10,414,7.76,20.38
2026-06-06 07:55:05.209,0.5,0.5,0.6,0.5,4,421,7.85,20.27
2026-06-06 07:55:05.709,0.5,0.5,0.6,0.7,4,421,7.85,20.27
2026-06-06 07:55:06.208,0.5,0.5,0.6,0.8,4,421,7.85,20.27
2026-06-06 07:55:06.708,0.7,0.5,0.6,0.8,147,414,5.76,20.38
2026-06-06 07:55:07.206,0.7,0.5,0.5,0.8,147,414,5.76,20.38
2026-06-06 07:55:07.693,1.1,0.5,0.6,1.0,366,415,2.55,20.36
2026-06-06 07:55:08.239,1.2,0.5,0.6,1.0,473,415,0.98,20.36
2026-06-06 07:55:08.698,1.0,0.5,0.6,0.8,406,415,1.96,20.36
2026-06-06 07:55:09.198,1.0,0.5,0.6,1.1,406,415,1.96,20.36
2026-06-06 07:55:09.696,1.0,0.5,0.6,1.3,406,415,1.96,20.36
2026-06-06 07:55:10.208,1.0,0.5,0.6,1.2,406,415,1.96,20.36
2026-06-06 07:55:10.710,0.8,0.5,0.6,1.2,245,422,4.32,20.26
2026-06-06 07:55:11.249,1.0,0.5,0.6,1.2,283,414,3.76,20.38
2026-06-06 07:55:11.702,1.1,0.5,0.5,1.2,376,414,2.40,20.38
2026-06-06 07:55:12.199,1.3,0.5,0.5,1.2,376,414,2.40,20.38
2026-06-06 07:55:12.727,1.4,0.5,0.5,1.2,600,424,-0.88,20.23
2026-06-06 07:55:13.225,1.3,0.5,0.4,1.2,582,415,-0.62,20.36
2026-06-06 07:55:13.721,1.1,0.5,0.4,1.3,483,424,0.83,20.23
2026-06-06 07:55:14.737,1.1,0.5,0.4,1.3,483,424,0.83,20.23
2026-06-06 07:55:14.737,0.8,0.5,0.4,1.1,411,415,1.89,20.36
2026-06-06 07:55:15.198,0.8,0.5,0.0,0.9,411,415,1.89,20.36
2026-06-06 07:55:15.696,0.8,0.5,0.0,0.8,411,415,1.89,20.36
2026-06-06 07:55:16.229,0.4,0.5,0.0,0.7,31,425,7.46,20.21
2026-06-06 07:55:16.744,0.4,0.5,0.4,0.7,18,415,7.65,20.36
2026-06-06 07:55:17.241,0.4,0.5,0.4,0.7,12,425,7.73,20.21
2026-06-06 07:55:17.743,0.4,0.5,0.4,0.6,12,423,7.73,20.24
2026-06-06 07:55:18.240,0.4,0.5,0.4,0.5,12,423,7.73,20.24
2026-06-06 07:55:18.729,0.4,0.5,0.4,0.5,0,423,7.91,20.24
2026-06-06 07:55:19.228,0.4,0.5,0.4,0.4,5,415,7.84,20.36
2026-06-06 07:55:19.701,0.4,0.5,0.4,0.4,5,413,7.84,20.39
2026-06-06 07:55:20.200,0.4,0.5,0.4,0.4,0,424,7.91,20.23
2026-06-06 07:55:20.745,0.4,0.5,0.0,0.5,2,413,7.88,20.39
2026-06-06 07:55:21.240,0.4,0.5,0.0,0.7,2,413,7.88,20.39
2026-06-06 07:55:21.738,0.4,0.5,0.0,0.7,1,412,7.90,20.41
2026-06-06 07:55:22.430,0.4,0.8,0.8,0.7,1,412,7.90,20.41
2026-06-06 07:55:22.745,0.4,0.8,0.6,0.9,3,414,7.87,20.38
2026-06-06 07:55:22.746,0.4,0.8,0.6,0.8,3,414,7.87,20.38
2026-06-06 07:55:23.247,0.4,0.8,0.5,0.7,3,413,7.87,20.39
2026-06-06 07:55:23.745,0.4,0.8,0.5,0.6,3,424,7.87,20.23
2026-06-06 07:55:24.240,0.4,0.8,0.5,0.5,1,422,7.90,20.26
2026-06-06 07:55:24.728,0.4,0.8,0.5,0.5,1,414,7.90,20.38
2026-06-06 07:55:25.235,0.4,0.8,0.4,0.6,3,415,7.87,20.36
2026-06-06 07:55:25.750,0.4,0.8,0.4,0.5,0,415,7.91,20.36
2026-06-06 07:55:26.254,0.4,0.8,0.4,0.5,1,415,7.90,20.36
2026-06-06 07:55:26.744,0.4,0.8,0.4,0.6,10,415,7.76,20.36
2026-06-06 07:55:27.244,0.4,0.8,0.0,0.6,10,415,7.76,20.36
2026-06-06 07:55:27.733,0.4,0.8,1.2,0.5,10,415,7.76,20.36
2026-06-06 07:55:28.203,0.4,0.8,1.2,0.5,5,415,7.84,20.36
2026-06-06 07:55:28.702,0.5,0.8,1.3,0.4,17,415,7.66,20.36
2026-06-06 07:55:29.228,0.6,0.8,1.3,0.4,98,349,6.47,21.33
2026-06-06 07:55:29.708,0.8,0.8,1.3,0.4,187,416,5.17,20.35
2026-06-06 07:55:30.258,0.8,0.8,1.3,0.4,187,416,5.17,20.35
2026-06-06 07:55:30.744,0.8,0.8,1.3,0.4,187,416,5.17,20.35
2026-06-06 07:55:31.742,0.9,0.8,1.3,0.4,290,415,3.66,20.36
2026-06-06 07:55:31.743,1.2,0.8,0.0,0.4,388,415,2.23,20.36
2026-06-06 07:55:32.238,1.2,0.8,0.0,0.4,388,415,2.23,20.36
2026-06-06 07:55:32.743,0.9,0.8,0.0,0.6,449,415,1.33,20.36
2026-06-06 07:55:33.742,0.8,0.8,0.0,0.6,251,414,4.23,20.38
2026-06-06 07:55:33.744,0.9,0.8,0.5,1.0,255,414,4.17,20.38
2026-06-06 07:55:34.239,1.2,0.8,0.4,1.1,315,421,3.30,20.27
2026-06-06 07:55:34.739,1.2,0.8,0.4,1.3,315,421,3.30,20.27
2026-06-06 07:55:35.207,0.9,0.8,0.4,1.0,465,416,1.10,20.35
2026-06-06 07:55:35.744,0.6,0.8,0.5,0.8,217,413,4.73,20.39
2026-06-06 07:55:36.239,0.6,0.8,0.5,0.7,217,413,4.73,20.39
2026-06-06 07:55:36.755,0.6,0.8,0.5,0.7,217,413,4.73,20.39
2026-06-06 07:55:37.259,0.6,0.8,0.5,0.5,217,413,4.73,20.39
2026-06-06 07:55:37.737,0.6,0.8,0.5,0.5,0,0,7.91,26.44
2026-06-06 07:55:38.206,0.7,0.8,0.4,0.5,187,415,5.17,20.36
2026-06-06 07:55:39.227,0.7,0.8,0.4,0.4,134,423,5.95,20.24
2026-06-06 07:55:39.228,0.8,0.8,0.4,0.4,204,425,4.92,20.21
2026-06-06 07:55:39.743,0.8,0.8,0.4,0.5,204,425,4.92,20.21
2026-06-06 07:55:40.229,0.6,0.8,0.5,0.5,171,415,5.41,20.36
2026-06-06 07:55:40.728,0.6,0.8,0.5,0.5,171,415,5.41,20.36
2026-06-06 07:55:41.228,0.6,0.8,0.5,0.4,171,415,5.41,20.36
2026-06-06 07:55:41.726,0.6,0.8,0.7,0.4,171,415,5.41,20.36
2026-06-06 07:55:42.223,0.7,0.8,0.7,0.4,90,413,6.59,20.39
2026-06-06 07:55:42.769,0.8,0.8,0.7,0.5,227,421,4.58,20.27
2026-06-06 07:55:43.248,1.0,0.8,0.8,0.5,269,413,3.97,20.39
2026-06-06 07:55:43.762,0.9,0.8,0.8,0.4,343,423,2.89,20.24
2026-06-06 07:55:44.230,0.9,0.8,0.8,0.4,281,415,3.79,20.36
2026-06-06 07:55:45.227,0.9,0.8,0.8,0.4,281,415,3.79,20.36
2026-06-06 07:55:45.228,0.9,0.8,0.6,0.4,281,415,3.79,20.36
2026-06-06 07:55:45.727,0.9,0.8,0.6,0.4,281,415,3.79,20.36
2026-06-06 07:55:46.226,1.2,0.8,0.6,0.4,445,425,1.39,20.21
2026-06-06 07:55:46.724,1.2,0.8,0.6,0.5,445,425,1.39,20.21
2026-06-06 07:55:47.224,1.2,0.8,0.6,0.5,445,425,1.39,20.21
2026-06-06 07:55:47.753,1.3,0.8,0.6,0.6,532,415,0.12,20.36
2026-06-06 07:55:48.268,1.4,0.8,0.8,0.7,548,416,-0.12,20.35
2026-06-06 07:55:48.740,1.4,0.8,0.8,0.7,548,416,-0.12,20.35
2026-06-06 07:55:49.247,1.2,0.8,0.8,1.0,447,416,1.36,20.35
2026-06-06 07:55:49.749,1.4,0.8,0.8,1.1,507,410,0.48,20.43
2026-06-06 07:55:50.228,1.4,0.8,0.0,1.1,507,410,0.48,20.43
2026-06-06 07:55:50.758,1.4,0.8,0.8,1.1,507,410,0.48,20.43
2026-06-06 07:55:51.245,1.4,0.8,0.8,1.1,507,410,0.48,20.43
2026-06-06 07:55:51.744,1.4,0.8,0.7,1.4,0,0,7.91,26.44
2026-06-06 07:55:52.221,1.7,0.8,0.7,1.4,743,414,-2.97,20.38
2026-06-06 07:55:52.729,1.7,0.8,0.7,1.2,802,414,-3.84,20.38
2026-06-06 07:55:53.228,1.7,0.8,0.5,1.2,802,414,-3.84,20.38
2026-06-06 07:55:53.728,1.7,0.8,0.5,1.1,802,414,-3.84,20.38
2026-06-06 07:55:54.248,1.1,0.8,0.5,1.0,551,423,-0.16,20.24
2026-06-06 07:55:54.730,1.1,0.8,0.5,1.0,551,423,-0.16,20.24
2026-06-06 07:55:55.258,1.0,0.8,0.5,0.9,356,423,2.70,20.24
2026-06-06 07:55:55.742,0.9,0.8,0.5,0.8,341,416,2.92,20.35
2026-06-06 07:55:56.240,0.7,0.8,0.5,0.7,266,415,4.01,20.36
2026-06-06 07:55:56.741,0.7,0.8,0.5,0.6,168,413,5.45,20.39
2026-06-06 07:55:57.243,0.5,0.8,0.0,0.6,115,413,6.23,20.39
2026-06-06 07:55:57.738,0.4,0.8,0.9,0.6,38,423,7.35,20.24
2026-06-06 07:55:58.248,0.5,0.8,0.9,0.5,49,415,7.19,20.36
2026-06-06 07:55:58.757,0.5,0.8,0.9,0.5,20,414,7.62,20.38
2026-06-06 07:55:59.265,0.4,0.8,0.9,0.5,18,378,7.65,20.90
2026-06-06 07:55:59.726,0.5,0.8,0.0,0.5,14,414,7.71,20.38
2026-06-06 07:56:00.228,0.5,0.8,0.0,0.4,14,414,7.71,20.38
2026-06-06 07:56:00.727,0.7,0.8,0.0,0.4,139,422,5.87,20.26
2026-06-06 07:56:01.280,0.6,0.8,0.0,0.5,172,414,5.39,20.38
2026-06-06 07:56:01.727,0.5,0.8,0.0,0.5,172,415,5.39,20.36
2026-06-06 07:56:02.239,0.5,0.8,0.5,0.4,172,415,5.39,20.36
2026-06-06 07:56:02.728,0.5,0.8,0.5,0.5,172,415,5.39,20.36
2026-06-06 07:56:03.228,0.5,0.8,0.5,0.6,24,415,7.56,20.36
2026-06-06 07:56:03.725,0.4,0.8,0.5,0.7,18,415,7.65,20.36
2026-06-06 07:56:04.226,0.4,0.8,0.5,0.7,8,423,7.79,20.24
2026-06-06 07:56:05.237,0.5,0.8,0.5,0.6,26,416,7.53,20.35
2026-06-06 07:56:05.238,0.6,0.8,0.5,0.6,59,414,7.05,20.38
2026-06-06 07:56:05.748,0.6,0.8,0.5,0.5,59,414,7.05,20.38
2026-06-06 07:56:06.271,0.4,0.8,0.0,0.5,41,424,7.31,20.23
2026-06-06 07:56:06.744,0.4,0.8,0.0,0.4,11,414,7.75,20.38
2026-06-06 07:56:07.243,0.4,0.8,0.0,0.4,11,414,7.75,20.38
2026-06-06 07:56:07.740,0.4,0.8,0.0,0.4,11,414,7.75,20.38
2026-06-06 07:56:08.259,0.4,0.8,0.0,0.4,11,414,7.75,20.38
2026-06-06 07:56:08.759,0.8,0.8,0.0,0.0,148,423,5.74,20.24
2026-06-06 07:56:09.247,0.8,0.8,0.0,0.0,233,423,4.50,20.24
2026-06-06 07:56:09.744,0.8,0.8,0.0,0.0,233,423,4.50,20.24
2026-06-06 07:56:10.260,0.7,0.8,0.0,0.0,204,423,4.92,20.24
2026-06-06 07:56:10.758,0.7,0.8,0.0,0.0,204,423,4.92,20.24
2026-06-06 07:56:11.259,0.9,0.8,0.0,0.0,191,414,5.11,20.38
2026-06-06 07:56:11.757,0.9,0.8,0.0,0.5,191,414,5.11,20.38
2026-06-06 07:56:12.240,0.9,0.8,0.0,0.4,191,414,5.11,20.38
2026-06-06 07:56:12.727,0.9,0.8,0.0,0.4,191,414,5.11,20.38
2026-06-06 07:56:13.258,1.1,0.8,0.0,0.4,417,416,1.80,20.35
2026-06-06 07:56:13.758,1.0,0.8,0.0,0.4,421,415,1.74,20.36
2026-06-06 07:56:14.240,1.0,0.8,0.0,0.0,421,415,1.74,20.36
2026-06-06 07:56:14.741,0.4,0.8,0.0,0.0,137,422,5.90,20.26
2026-06-06 07:56:15.242,0.4,0.8,0.0,0.0,137,422,5.90,20.26
2026-06-06 07:56:15.741,0.7,0.8,0.0,0.5,83,414,6.69,20.38
2026-06-06 07:56:16.237,0.9,0.8,0.0,0.5,209,424,4.85,20.23
2026-06-06 07:56:16.750,0.9,0.8,0.0,0.5,296,410,3.57,20.43
2026-06-06 07:56:17.249,1.0,0.8,0.0,0.5,340,415,2.93,20.36
2026-06-06 07:56:17.758,0.9,0.8,0.0,0.5,340,422,2.93,20.26
2026-06-06 07:56:18.256,0.6,0.8,0.0,0.5,207,422,4.88,20.26
2026-06-06 07:56:18.758,0.4,0.8,0.6,0.4,84,414,6.68,20.38
2026-06-06 07:56:19.287,0.5,0.8,0.6,0.5,21,425,7.60,20.21
2026-06-06 07:56:19.730,0.4,0.8,0.6,0.5,27,425,7.51,20.21
2026-06-06 07:56:20.255,0.4,0.8,0.6,0.5,27,425,7.51,20.21
2026-06-06 07:56:20.730,0.5,0.8,0.0,0.4,44,415,7.27,20.36
2026-06-06 07:56:21.276,0.6,0.8,0.5,0.4,77,415,6.78,20.36
2026-06-06 07:56:21.958,0.8,0.4,0.4,0.4,77,415,6.78,20.36
2026-06-06 07:56:22.254,0.8,0.4,0.5,0.4,159,412,5.58,20.41
2026-06-06 07:56:22.255,1.1,0.4,0.5,0.4,284,414,3.75,20.38
2026-06-06 07:56:22.758,1.1,0.4,0.5,0.4,420,416,1.76,20.35
2026-06-06 07:56:23.740,1.1,0.4,0.5,0.5,420,423,1.76,20.24
2026-06-06 07:56:23.741,1.1,0.4,0.5,0.5,374,414,2.43,20.38
2026-06-06 07:56:24.243,1.1,0.4,0.5,0.5,374,414,2.43,20.38
2026-06-06 07:56:24.741,0.7,0.4,0.7,0.5,268,415,3.98,20.36
2026-06-06 07:56:25.242,0.7,0.4,0.7,0.6,187,415,5.17,20.36
2026-06-06 07:56:25.742,0.9,0.4,0.7,0.6,210,414,4.83,20.38
2026-06-06 07:56:26.284,1.0,0.4,0.7,0.6,295,415,3.59,20.36
2026-06-06 07:56:26.777,0.9,0.4,0.7,0.6,327,415,3.12,20.36
2026-06-06 07:56:27.288,0.9,0.4,0.6,0.7,300,415,3.52,20.36
2026-06-06 07:56:27.774,0.7,0.4,0.5,0.8,235,415,4.47,20.36
2026-06-06 07:56:28.272,0.5,0.4,0.5,0.8,110,415,6.30,20.36
2026-06-06 07:56:28.775,0.5,0.4,0.5,0.8,60,414,7.03,20.38
2026-06-06 07:56:29.257,0.4,0.4,0.5,0.7,31,415,7.46,20.36
2026-06-06 07:56:29.759,0.4,0.4,0.6,0.6,23,414,7.57,20.38
2026-06-06 07:56:30.241,0.4,0.4,0.6,0.5,23,414,7.57,20.38
2026-06-06 07:56:30.741,0.5,0.4,1.1,0.4,21,422,7.60,20.26
2026-06-06 07:56:31.238,0.5,0.4,1.2,0.5,62,422,7.00,20.26
2026-06-06 07:56:31.739,0.8,0.4,1.3,0.6,106,424,6.36,20.23
2026-06-06 07:56:32.252,0.8,0.4,1.3,0.6,106,424,6.36,20.23
2026-06-06 07:56:32.778,1.1,0.4,1.4,0.7,377,415,2.39,20.36
2026-06-06 07:56:33.258,1.1,0.4,1.4,0.8,377,415,2.39,20.36
2026-06-06 07:56:33.754,1.3,0.4,1.4,0.8,547,413,-0.10,20.39
2026-06-06 07:56:34.249,1.3,0.4,1.2,0.8,540,422,0.00,20.26
2026-06-06 07:56:34.750,1.3,0.4,1.2,0.9,540,422,0.00,20.26
2026-06-06 07:56:35.258,1.3,0.4,1.1,0.9,517,414,0.34,20.38
2026-06-06 07:56:35.787,1.4,0.4,1.1,0.9,543,415,-0.04,20.36
2026-06-06 07:56:36.287,1.4,0.4,1.1,0.9,610,424,-1.03,20.23
2026-06-06 07:56:36.757,1.5,0.4,1.1,1.2,592,415,-0.76,20.36
2026-06-06 07:56:37.258,1.6,0.4,0.0,1.2,654,414,-1.67,20.38
2026-06-06 07:56:37.760,1.6,0.4,0.0,1.4,654,414,-1.67,20.38
2026-06-06 07:56:38.245,1.7,0.4,0.0,1.4,793,414,-3.71,20.38
2026-06-06 07:56:38.739,1.7,0.4,0.0,1.4,793,414,-3.71,20.38
2026-06-06 07:56:39.302,1.5,0.4,0.0,1.4,647,422,-1.57,20.26
2026-06-06 07:56:39.739,1.5,0.4,0.0,0.0,647,422,-1.57,20.26
2026-06-06 07:56:40.284,1.1,0.4,0.0,0.0,446,424,1.38,20.23
2026-06-06 07:56:40.753,1.1,0.4,0.0,0.0,446,424,1.38,20.23
2026-06-06 07:56:41.258,0.9,0.4,0.0,0.0,286,409,3.72,20.45
2026-06-06 07:56:41.757,0.8,0.4,0.0,0.0,299,414,3.53,20.38
2026-06-06 07:56:42.287,0.8,0.4,0.0,0.0,299,414,3.53,20.38
2026-06-06 07:56:42.789,0.8,0.4,0.0,0.0,299,414,3.53,20.38
2026-06-06 07:56:43.276,0.8,0.4,0.0,0.0,299,414,3.53,20.38
2026-06-06 07:56:43.757,0.8,0.4,0.0,0.0,0,0,7.91,26.44
2026-06-06 07:56:44.288,0.5,0.4,0.0,0.0,56,414,7.09,20.38
2026-06-06 07:56:44.777,0.4,0.4,0.0,0.4,41,414,7.31,20.38
2026-06-06 07:56:45.252,0.5,0.4,0.0,0.4,33,414,7.43,20.38
2026-06-06 07:56:45.775,0.6,0.4,0.0,0.4,64,424,6.97,20.23
2026-06-06 07:56:46.282,0.5,0.4,0.8,0.5,88,411,6.62,20.42
2026-06-06 07:56:46.781,0.7,0.4,0.9,0.5,98,414,6.47,20.38
2026-06-06 07:56:47.288,0.7,0.4,1.0,0.5,175,416,5.35,20.35
2026-06-06 07:56:48.303,0.5,0.4,1.0,0.4,104,414,6.39,20.38
2026-06-06 07:56:48.303,0.6,0.4,0.8,0.4,105,413,6.37,20.39
2026-06-06 07:56:48.804,0.7,0.4,0.7,0.4,127,424,6.05,20.23
2026-06-06 07:56:49.246,0.9,0.4,0.6,0.5,230,414,4.54,20.38
2026-06-06 07:56:49.806,1.1,0.4,0.5,0.5,326,413,3.13,20.39
2026-06-06 07:56:50.304,1.0,0.4,0.5,0.5,391,422,2.18,20.26
2026-06-06 07:56:50.797,0.8,0.4,0.5,0.7,309,414,3.38,20.38
2026-06-06 07:56:51.246,0.7,0.4,0.6,0.9,232,416,4.51,20.35
2026-06-06 07:56:51.758,0.8,0.4,0.7,1.1,207,414,4.88,20.38
2026-06-06 07:56:52.256,0.8,0.4,0.7,1.3,223,422,4.64,20.26
2026-06-06 07:56:52.755,0.7,0.4,0.7,1.3,236,416,4.45,20.35
2026-06-06 07:56:53.280,0.8,0.4,0.5,1.3,213,422,4.79,20.26
2026-06-06 07:56:53.781,0.9,0.4,0.5,0.9,267,421,4.00,20.27
2026-06-06 07:56:54.255,0.9,0.4,0.5,0.8,290,414,3.66,20.38
2026-06-06 07:56:54.758,0.8,0.4,0.5,0.8,275,415,3.88,20.36
2026-06-06 07:56:55.248,0.8,0.4,0.5,0.9,251,415,4.23,20.36
2026-06-06 07:56:55.800,0.8,0.4,0.4,0.9,219,423,4.70,20.24
2026-06-06 07:56:56.286,0.6,0.4,0.4,0.8,187,415,5.17,20.36
2026-06-06 07:56:56.778,0.6,0.4,0.4,0.8,134,414,5.95,20.38
2026-06-06 07:56:57.811,0.6,0.4,0.5,0.8,115,413,6.23,20.39
2026-06-06 07:56:57.811,0.4,0.4,0.5,0.8,88,415,6.62,20.36
2026-06-06 07:56:58.258,0.4,0.4,0.6,0.8,21,423,7.60,20.24
2026-06-06 07:56:58.788,0.4,0.4,0.7,0.6,9,423,7.78,20.24
2026-06-06 07:56:59.287,0.4,0.4,0.7,0.5,12,413,7.73,20.39
2026-06-06 07:56:59.772,0.5,0.4,0.8,0.5,10,415,7.76,20.36
2026-06-06 07:57:00.274,0.4,0.4,0.8,0.5,28,424,7.50,20.23
2026-06-06 07:57:00.771,0.4,0.4,0.8,0.5,23,414,7.57,20.38
2026-06-06 07:57:01.308,0.5,0.4,0.7,0.5,8,414,7.79,20.38
2026-06-06 07:57:02.286,0.4,0.4,0.6,0.5,14,416,7.71,20.35
2026-06-06 07:57:02.287,0.4,0.4,0.6,0.5,8,416,7.79,20.35
2026-06-06 07:57:02.787,0.4,0.4,0.5,0.5,11,428,7.75,20.17
2026-06-06 07:57:03.288,0.4,0.4,0.5,0.5,3,423,7.87,20.24
2026-06-06 07:57:03.788,0.4,0.4,0.5,0.5,15,422,7.69,20.26
2026-06-06 07:57:04.288,0.4,0.4,0.5,0.5,25,425,7.54,20.21
2026-06-06 07:57:04.787,0.5,0.4,0.5,0.5,25,414,7.54,20.38
2026-06-06 07:57:05.277,0.4,0.4,0.5,0.5,14,414,7.71,20.38
2026-06-06 07:57:05.802,0.4,0.4,0.4,0.4,2,415,7.88,20.36
2026-06-06 07:57:06.303,0.4,0.4,0.4,0.4,26,424,7.53,20.23
2026-06-06 07:57:06.778,0.4,0.4,0.5,0.4,13,381,7.72,20.86
2026-06-06 07:57:07.279,0.4,0.4,0.5,0.4,13,381,7.72,20.86
2026-06-06 07:57:07.788,0.4,0.4,0.5,0.0,12,427,7.73,20.19
2026-06-06 07:57:08.287,0.4,0.4,0.5,0.0,8,423,7.79,20.24
2026-06-06 07:57:08.778,0.4,0.4,0.5,0.0,8,423,7.79,20.24
2026-06-06 07:57:09.256,0.4,0.4,0.5,0.0,9,422,7.78,20.26
2026-06-06 07:57:09.809,0.4,0.4,0.5,0.0,14,414,7.71,20.38
2026-06-06 07:57:10.271,0.5,0.4,0.4,0.0,11,415,7.75,20.36
2026-06-06 07:57:10.774,0.5,0.4,0.5,0.0,59,415,7.05,20.36
2026-06-06 07:57:11.301,0.6,0.4,0.5,0.0,88,414,6.62,20.38
2026-06-06 07:57:11.814,0.5,0.4,0.5,0.0,75,423,6.81,20.24
2026-06-06 07:57:12.309,0.5,0.4,0.5,0.0,32,414,7.44,20.38
2026-06-06 07:57:12.787,0.5,0.4,0.5,0.0,40,415,7.32,20.36
2026-06-06 07:57:13.288,0.6,0.4,0.5,0.0,87,414,6.64,20.38
2026-06-06 07:57:13.784,0.6,0.4,0.5,0.5,143,423,5.82,20.24
2026-06-06 07:57:14.302,0.4,0.4,0.0,0.5,90,416,6.59,20.35
2026-06-06 07:57:14.811,0.5,0.4,0.0,0.5,32,415,7.44,20.36
2026-06-06 07:57:15.261,0.5,0.4,1.0,0.4,43,423,7.28,20.24
2026-06-06 07:57:15.808,0.4,0.4,1.1,0.4,55,414,7.10,20.38
2026-06-06 07:57:16.304,0.6,0.4,1.0,0.4,74,415,6.83,20.36
2026-06-06 07:57:16.803,0.5,0.4,0.9,0.5,96,422,6.50,20.26
2026-06-06 07:57:17.304,0.6,0.4,0.9,0.5,48,416,7.21,20.35
2026-06-06 07:57:17.806,0.8,0.4,0.9,0.7,135,415,5.93,20.36
2026-06-06 07:57:18.291,0.8,0.4,0.8,1.0,219,422,4.70,20.26
2026-06-06 07:57:18.762,0.8,0.4,0.7,1.0,219,424,4.70,20.23
2026-06-06 07:57:19.805,0.7,0.4,0.7,1.1,232,414,4.51,20.38
2026-06-06 07:57:19.808,0.6,0.4,0.7,1.1,179,425,5.29,20.21
2026-06-06 07:57:20.302,0.5,0.4,0.7,1.0,109,414,6.31,20.38
2026-06-06 07:57:20.803,0.4,0.4,0.6,1.0,23,416,7.57,20.35
2026-06-06 07:57:21.305,0.4,0.4,0.6,1.0,15,423,7.69,20.24
2026-06-06 07:57:21.806,0.4,0.4,0.6,0.8,8,413,7.79,20.39
2026-06-06 07:57:22.283,0.4,0.4,0.6,0.6,9,422,7.78,20.26
2026-06-06 07:57:22.799,0.4,0.4,0.5,0.5,6,412,7.82,20.41
2026-06-06 07:57:23.309,0.4,0.4,0.6,0.5,4,410,7.85,20.43
2026-06-06 07:57:23.807,0.4,0.4,0.6,0.5,4,412,7.85,20.41
2026-06-06 07:57:24.303,0.4,0.4,0.6,0.4,3,415,7.87,20.36
2026-06-06 07:57:24.801,0.4,0.4,0.6,0.4,5,422,7.84,20.26
2026-06-06 07:57:25.301,0.4,0.4,0.6,0.4,2,416,7.88,20.35
2026-06-06 07:57:25.798,0.4,0.4,0.6,0.4,9,416,7.78,20.35
2026-06-06 07:57:26.318,0.4,0.4,0.5,0.4,1,415,7.90,20.36
2026-06-06 07:57:26.817,0.4,0.4,0.5,0.6,1,415,7.90,20.36
2026-06-06 07:57:27.317,0.5,0.4,0.6,0.6,42,424,7.29,20.23
2026-06-06 07:57:27.818,0.5,0.4,0.7,0.6,66,414,6.94,20.38
2026-06-06 07:57:28.319,0.5,0.4,0.8,0.6,53,423,7.13,20.24
2026-06-06 07:57:28.803,0.4,0.4,0.8,0.5,36,422,7.38,20.26
2026-06-06 07:57:29.299,0.4,0.4,1.0,0.5,18,425,7.65,20.21
2026-06-06 07:57:29.813,0.4,0.4,1.1,0.5,13,415,7.72,20.36
2026-06-06 07:57:30.310,0.4,0.4,1.1,0.5,9,415,7.78,20.36
2026-06-06 07:57:30.789,0.4,0.4,0.9,0.5,9,415,7.78,20.36
2026-06-06 07:57:31.317,0.4,0.4,0.8,0.5,9,415,7.78,20.36
2026-06-06 07:57:31.775,0.4,0.4,0.8,0.5,9,415,7.78,20.36
2026-06-06 07:57:32.335,0.4,0.4,0.8,0.0,6,415,7.82,20.36
2026-06-06 07:57:32.769,0.4,0.4,1.1,0.0,6,415,7.82,20.36
2026-06-06 07:57:33.287,0.4,0.4,1.2,1.1,7,416,7.81,20.35
2026-06-06 07:57:33.807,0.4,0.4,1.2,1.1,9,423,7.78,20.24
2026-06-06 07:57:34.312,0.4,0.4,1.3,1.1,9,416,7.78,20.35
2026-06-06 07:57:34.809,0.4,0.4,1.2,0.9,11,415,7.75,20.36
2026-06-06 07:57:35.311,0.4,0.4,1.0,0.9,6,414,7.82,20.38
2026-06-06 07:57:35.818,0.4,0.4,0.9,0.9,6,414,7.82,20.38
2026-06-06 07:57:36.288,0.4,0.4,0.9,0.9,6,415,7.82,20.36
2026-06-06 07:57:36.787,0.4,0.4,0.9,0.0,6,415,7.82,20.36
2026-06-06 07:57:37.379,0.5,0.4,0.9,0.5,27,423,7.51,20.24
2026-06-06 07:57:37.782,0.5,0.4,0.9,0.5,43,415,7.28,20.36
2026-06-06 07:57:38.285,0.6,0.4,0.9,0.6,78,415,6.77,20.36
2026-06-06 07:57:38.818,0.5,0.4,1.0,0.6,75,413,6.81,20.39
2026-06-06 07:57:39.310,0.4,0.4,0.9,0.6,24,414,7.56,20.38
2026-06-06 07:57:39.817,0.5,0.4,1.0,0.6,20,414,7.62,20.38
2026-06-06 07:57:40.317,0.4,0.4,1.1,0.6,19,423,7.63,20.24
2026-06-06 07:57:40.809,0.5,0.4,1.1,0.6,10,423,7.76,20.24
2026-06-06 07:57:41.288,0.4,0.4,1.1,0.6,13,424,7.72,20.23
2026-06-06 07:57:41.817,0.4,0.4,1.1,0.8,11,415,7.75,20.36
2026-06-06 07:57:42.309,0.4,0.4,1.1,0.8,10,414,7.76,20.38
2026-06-06 07:57:42.789,0.4,0.4,1.1,1.0,10,414,7.76,20.38
2026-06-06 07:57:43.279,0.4,0.4,1.4,1.0,7,415,7.81,20.36
2026-06-06 07:57:43.783,0.4,0.4,1.4,1.0,2,414,7.88,20.38
2026-06-06 07:57:44.295,0.5,0.4,1.4,1.2,6,415,7.82,20.36
2026-06-06 07:57:44.811,0.7,0.4,1.4,1.2,95,414,6.52,20.38
2026-06-06 07:57:45.309,0.7,0.4,1.3,1.2,214,423,4.78,20.24
2026-06-06 07:57:45.786,0.8,0.4,1.3,1.1,192,413,5.10,20.39
2026-06-06 07:57:46.331,0.8,0.4,1.0,1.1,213,424,4.79,20.23
2026-06-06 07:57:46.807,0.7,0.4,0.8,1.0,215,414,4.76,20.38
2026-06-06 07:57:47.319,0.8,0.4,0.7,1.0,188,415,5.16,20.36
2026-06-06 07:57:47.817,0.8,0.4,0.6,1.1,226,423,4.60,20.24
2026-06-06 07:57:48.287,0.7,0.4,0.5,1.3,203,421,4.94,20.27
2026-06-06 07:57:48.788,0.7,0.4,0.6,1.2,183,414,5.23,20.38
2026-06-06 07:57:49.280,0.6,0.4,0.5,1.2,164,421,5.51,20.27
2026-06-06 07:57:49.805,0.6,0.4,0.5,1.0,126,415,6.06,20.36
2026-06-06 07:57:50.303,0.6,0.4,0.6,0.8,96,415,6.50,20.36
2026-06-06 07:57:50.787,0.6,0.4,0.7,0.8,90,422,6.59,20.26
2026-06-06 07:57:51.336,0.5,0.4,0.6,0.8,89,414,6.61,20.38
2026-06-06 07:57:51.817,0.6,0.4,0.5,0.9,79,422,6.75,20.26
2026-06-06 07:57:52.303,0.5,0.4,0.4,0.8,75,415,6.81,20.36
2026-06-06 07:57:53.306,0.5,0.4,0.5,0.7,39,415,7.34,20.36
2026-06-06 07:57:53.308,0.5,0.4,0.5,0.7,61,415,7.02,20.36
2026-06-06 07:57:54.318,0.5,0.4,0.5,0.6,45,414,7.25,20.38
2026-06-06 07:57:54.319,0.5,0.4,0.6,0.6,45,415,7.25,20.36
2026-06-06 07:57:54.817,0.5,0.4,0.7,0.6,45,415,7.25,20.36
2026-06-06 07:57:55.289,0.5,0.4,0.8,0.5,45,415,7.25,20.36
2026-06-06 07:57:56.283,0.6,0.4,0.9,0.4,72,423,6.86,20.24
2026-06-06 07:57:56.346,0.6,0.4,0.9,0.4,72,423,6.86,20.24
2026-06-06 07:57:56.788,0.6,0.4,0.9,0.4,126,423,6.06,20.24
2026-06-06 07:57:57.286,0.8,0.4,0.9,0.5,134,414,5.95,20.38
2026-06-06 07:57:57.831,0.6,0.4,0.9,0.4,202,414,4.95,20.38
2026-06-06 07:57:58.302,0.6,0.4,0.9,0.4,202,414,4.95,20.38
2026-06-06 07:57:58.786,0.7,0.4,0.8,0.5,152,415,5.68,20.36
2026-06-06 07:57:59.288,0.7,0.4,0.7,0.5,163,414,5.52,20.38
2026-06-06 07:57:59.787,0.7,0.4,0.7,0.6,170,413,5.42,20.39
2026-06-06 07:58:00.286,0.7,0.4,0.5,0.7,167,423,5.46,20.24
2026-06-06 07:58:00.787,0.7,0.4,0.5,0.8,166,415,5.48,20.36
2026-06-06 07:58:01.286,0.6,0.4,0.5,0.9,158,415,5.60,20.36
2026-06-06 07:58:01.784,0.6,0.4,0.5,0.9,136,425,5.92,20.21
2026-06-06 07:58:02.302,0.5,0.4,0.5,0.8,114,415,6.24,20.36
2026-06-06 07:58:02.807,0.5,0.4,0.5,0.8,77,415,6.78,20.36
2026-06-06 07:58:03.312,0.5,0.4,0.5,0.8,72,415,6.86,20.36
2026-06-06 07:58:03.812,0.5,0.4,0.6,0.8,49,415,7.19,20.36
2026-06-06 07:58:04.304,0.5,0.4,0.6,0.7,17,423,7.66,20.24
2026-06-06 07:58:04.802,0.5,0.4,0.6,0.7,40,414,7.32,20.38
2026-06-06 07:58:05.304,0.4,0.4,0.5,0.6,19,415,7.63,20.36
2026-06-06 07:58:05.806,0.4,0.4,0.6,0.5,19,415,7.63,20.36
2026-06-06 07:58:06.302,0.4,0.4,0.6,0.4,22,414,7.59,20.38
2026-06-06 07:58:06.803,0.4,0.4,0.6,0.4,14,415,7.71,20.36
2026-06-06 07:58:07.304,0.4,0.4,0.7,0.5,6,415,7.82,20.36
2026-06-06 07:58:07.801,0.4,0.4,1.0,0.5,6,415,7.82,20.36
2026-06-06 07:58:08.314,0.5,0.4,1.1,0.5,6,414,7.82,20.38
2026-06-06 07:58:08.818,0.7,0.4,1.2,0.6,81,415,6.72,20.36
2026-06-06 07:58:09.317,0.9,0.4,1.2,0.9,231,414,4.53,20.38
2026-06-06 07:58:09.818,0.8,0.4,1.0,1.3,273,415,3.91,20.36
2026-06-06 07:58:10.303,0.8,0.4,0.9,1.3,273,415,3.91,20.36
2026-06-06 07:58:10.807,0.8,0.4,0.8,1.0,273,415,3.91,20.36
2026-06-06 07:58:11.308,0.8,0.4,0.7,0.9,273,415,3.91,20.36
2026-06-06 07:58:11.808,0.6,0.4,0.7,1.0,174,414,5.36,20.38
2026-06-06 07:58:12.305,0.6,0.4,0.6,0.9,136,383,5.92,20.83
2026-06-06 07:58:12.848,0.5,0.4,0.5,0.9,99,413,6.46,20.39
2026-06-06 07:58:13.338,0.5,0.4,0.5,0.9,71,415,6.87,20.36
2026-06-06 07:58:13.830,0.5,0.4,0.5,1.0,69,415,6.90,20.36
2026-06-06 07:58:14.302,0.5,0.4,0.5,1.0,69,415,6.90,20.36
2026-06-06 07:58:14.849,0.4,0.4,0.5,1.0,31,424,7.46,20.23
2026-06-06 07:58:15.347,0.4,0.4,0.5,1.0,2,415,7.88,20.36
2026-06-06 07:58:15.848,0.4,0.4,0.5,1.0,6,415,7.82,20.36
2026-06-06 07:58:16.347,0.5,0.4,0.5,1.0,16,415,7.68,20.36
2026-06-06 07:58:16.809,0.5,0.4,0.6,0.6,41,414,7.31,20.38
2026-06-06 07:58:17.328,0.4,0.4,0.6,0.5,70,415,6.88,20.36
2026-06-06 07:58:17.839,0.7,0.4,0.6,0.5,86,429,6.65,20.16
2026-06-06 07:58:18.343,0.8,0.4,0.8,0.5,199,423,5.00,20.24
2026-06-06 07:58:18.837,0.8,0.4,0.9,0.6,252,414,4.22,20.38
2026-06-06 07:58:19.301,0.8,0.4,0.9,0.5,240,422,4.39,20.26
2026-06-06 07:58:19.814,0.7,0.4,1.1,0.5,207,416,4.88,20.35
2026-06-06 07:58:20.328,0.7,0.4,1.2,0.5,192,412,5.10,20.41
2026-06-06 07:58:20.845,0.7,0.4,1.2,0.5,192,412,5.10,20.41
2026-06-06 07:58:21.343,0.8,0.4,1.3,0.5,220,425,4.69,20.21
2026-06-06 07:58:21.841,0.9,0.4,1.2,0.5,269,413,3.97,20.39
2026-06-06 07:58:22.846,0.9,0.4,1.2,0.7,269,413,3.97,20.39
2026-06-06 07:58:22.846,1.1,0.4,1.2,0.7,359,413,2.65,20.39
2026-06-06 07:58:23.350,1.1,0.4,1.0,0.8,397,425,2.09,20.21
2026-06-06 07:58:23.848,1.2,0.4,0.9,0.8,412,416,1.88,20.35
2026-06-06 07:58:24.351,1.3,0.4,0.9,0.8,481,415,0.86,20.36
2026-06-06 07:58:24.851,1.3,0.4,0.9,0.8,481,415,0.86,20.36
2026-06-06 07:58:25.350,1.3,0.4,0.9,0.8,481,415,0.86,20.36
2026-06-06 07:58:25.854,1.9,0.4,0.9,0.8,895,414,-5.20,20.38
2026-06-06 07:58:26.340,1.6,0.4,1.1,1.0,847,423,-4.50,20.24
2026-06-06 07:58:26.843,1.3,0.4,1.2,1.0,671,393,-1.92,20.68
2026-06-06 07:58:27.313,1.2,0.4,1.5,1.0,496,423,0.64,20.24
2026-06-06 07:58:28.352,0.4,0.4,1.5,1.5,321,415,3.21,20.36
2026-06-06 07:58:28.354,0.4,0.4,1.3,1.5,5,421,7.84,20.27
2026-06-06 07:58:28.848,0.7,0.4,1.2,1.5,21,415,7.60,20.36
2026-06-06 07:58:29.348,0.5,0.4,1.2,1.5,106,425,6.36,20.21
2026-06-06 07:58:29.841,0.5,0.4,1.4,1.2,106,425,6.36,20.21
2026-06-06 07:58:30.334,0.5,0.4,1.2,1.2,106,425,6.36,20.21
2026-06-06 07:58:30.848,0.5,0.4,1.0,1.2,106,425,6.36,20.21
2026-06-06 07:58:31.349,0.5,0.4,0.9,1.2,122,1268,6.12,7.87
2026-06-06 07:58:32.348,0.6,0.4,0.9,1.1,122,414,6.12,20.38
2026-06-06 07:58:32.348,0.9,0.4,0.9,1.1,124,413,6.09,20.39
2026-06-06 07:58:32.850,1.6,0.4,1.0,1.1,427,424,1.66,20.23
2026-06-06 07:58:33.319,1.5,0.4,0.9,1.1,710,427,-2.49,20.19
2026-06-06 07:58:33.817,1.5,0.4,0.8,0.9,710,427,-2.49,20.19
2026-06-06 07:58:34.319,1.5,0.4,0.8,0.9,710,427,-2.49,20.19
2026-06-06 07:58:34.818,1.5,0.4,0.6,0.9,710,427,-2.49,20.19
2026-06-06 07:58:35.318,1.5,0.4,0.5,1.0,0,0,7.91,26.44
2026-06-06 07:58:35.807,0.6,0.4,0.5,1.0,112,415,6.27,20.36
2026-06-06 07:58:36.340,0.6,0.4,0.5,1.2,112,415,6.27,20.36
2026-06-06 07:58:36.838,0.6,0.4,0.6,1.3,112,415,6.27,20.36
2026-06-06 07:58:37.357,0.6,0.4,0.8,1.3,104,415,6.39,20.36
2026-06-06 07:58:37.818,0.8,0.4,1.0,1.2,171,423,5.41,20.24
2026-06-06 07:58:38.370,0.6,0.4,1.2,1.1,187,415,5.17,20.36
2026-06-06 07:58:38.841,0.6,0.4,1.4,1.0,107,415,6.34,20.36
2026-06-06 07:58:39.354,0.5,0.4,1.5,0.7,71,424,6.87,20.23
2026-06-06 07:58:39.838,0.6,0.4,1.2,0.5,70,423,6.88,20.24
2026-06-06 07:58:40.340,0.6,0.4,1.1,0.5,70,423,6.88,20.24
2026-06-06 07:58:40.818,0.6,0.4,0.9,0.5,70,423,6.88,20.24
2026-06-06 07:58:41.341,0.6,0.4,0.8,0.5,70,423,6.88,20.24
2026-06-06 07:58:41.838,1.1,0.4,0.6,0.5,316,415,3.28,20.36
2026-06-06 07:58:42.336,1.7,0.4,0.7,0.5,484,422,0.82,20.26
2026-06-06 07:58:42.832,1.7,0.4,0.9,0.5,786,414,-3.60,20.38
2026-06-06 07:58:43.333,1.9,0.4,1.2,0.6,791,415,-3.68,20.36
2026-06-06 07:58:43.833,1.7,0.4,1.3,0.5,883,414,-5.02,20.38
2026-06-06 07:58:44.362,1.7,0.4,1.2,0.5,790,412,-3.66,20.41
2026-06-06 07:58:45.330,1.5,0.4,1.1,0.5,722,422,-2.67,20.26
2026-06-06 07:58:45.331,1.3,0.4,1.1,0.5,629,414,-1.30,20.38
2026-06-06 07:58:45.827,1.2,0.4,0.7,0.5,529,413,0.16,20.39
2026-06-06 07:58:46.339,1.2,0.4,0.7,0.5,529,413,0.16,20.39
2026-06-06 07:58:46.809,1.2,0.4,0.5,0.5,529,413,0.16,20.39
2026-06-06 07:58:47.315,1.2,0.4,0.5,0.6,529,413,0.16,20.39
2026-06-06 07:58:48.317,2.2,0.4,0.5,0.8,787,415,-3.62,20.36
2026-06-06 07:58:48.318,2.2,0.4,0.5,1.0,1085,421,-7.98,20.27
2026-06-06 07:58:48.818,2.2,0.4,0.9,1.1,1085,421,-7.98,20.27
2026-06-06 07:58:49.360,1.8,0.4,1.1,1.0,950,415,-6.01,20.36
2026-06-06 07:58:49.817,1.8,0.4,1.1,0.8,950,415,-6.01,20.36
2026-06-06 07:58:50.309,1.8,0.4,0.9,0.7,950,415,-6.01,20.36
2026-06-06 07:58:50.841,1.8,0.4,0.9,0.6,950,415,-6.01,20.36
2026-06-06 07:58:51.317,1.8,0.4,0.8,0.5,0,0,7.91,26.44
2026-06-06 07:58:51.868,2.5,0.4,0.7,0.7,1297,421,-11.09,20.27
2026-06-06 07:58:52.324,2.1,0.4,0.8,1.0,1194,414,-9.58,20.38
2026-06-06 07:58:52.842,2.2,0.4,0.9,1.1,1006,423,-6.83,20.24
2026-06-06 07:58:53.341,2.2,0.4,1.1,1.1,1080,426,-7.91,20.20
2026-06-06 07:58:53.868,2.2,0.4,1.4,1.0,1080,426,-7.91,20.20
2026-06-06 07:58:54.318,2.5,0.4,1.4,0.9,1123,393,-8.54,20.68
2026-06-06 07:58:54.868,2.4,0.4,1.5,0.7,1248,413,-10.37,20.39
2026-06-06 07:58:55.369,2.3,0.4,1.1,0.7,1198,415,-9.64,20.36
2026-06-06 07:58:55.839,2.0,0.4,1.1,0.6,1079,415,-7.90,20.36
2026-06-06 07:58:56.356,2.0,0.4,1.1,0.7,1079,415,-7.90,20.36
2026-06-06 07:58:56.857,2.0,0.4,0.9,0.7,1079,415,-7.90,20.36
2026-06-06 07:58:57.872,2.0,0.4,0.9,1.0,1079,415,-7.90,20.36
2026-06-06 07:58:57.873,1.6,0.4,0.9,1.1,565,415,-0.37,20.36
2026-06-06 07:58:58.366,1.8,0.4,0.8,1.1,766,422,-3.31,20.26
2026-06-06 07:58:58.869,2.0,0.4,0.7,0.9,892,423,-5.16,20.24
2026-06-06 07:58:59.340,1.9,0.4,0.6,1.0,935,415,-5.79,20.36
2026-06-06 07:58:59.839,1.9,0.4,0.5,0.7,935,415,-5.79,20.36
2026-06-06 07:59:00.342,1.8,0.4,0.5,0.7,916,414,-5.51,20.38
2026-06-06 07:59:00.839,1.9,0.4,0.6,0.8,847,423,-4.50,20.24
2026-06-06 07:59:01.318,2.0,0.4,0.6,0.9,912,423,-5.45,20.24
2026-06-06 07:59:01.855,2.2,0.4,0.6,0.9,957,413,-6.11,20.39
2026-06-06 07:59:02.349,2.1,0.4,0.6,0.8,1052,414,-7.50,20.38
2026-06-06 07:59:02.835,2.2,0.4,0.7,0.6,1039,415,-7.31,20.36
2026-06-06 07:59:03.339,2.3,0.4,0.7,0.5,1092,423,-8.09,20.24
2026-06-06 07:59:03.838,2.6,0.4,0.7,0.5,1092,422,-8.09,20.26
2026-06-06 07:59:04.334,2.6,0.4,0.7,0.5,1092,422,-8.09,20.26
2026-06-06 07:59:04.818,2.2,0.4,0.7,0.5,1309,415,-11.26,20.36
2026-06-06 07:59:05.357,2.0,0.4,0.7,0.5,1039,414,-7.31,20.38
2026-06-06 07:59:06.366,2.0,0.4,0.7,0.6,1039,414,-7.31,20.38
2026-06-06 07:59:06.368,2.0,0.4,0.8,0.7,1039,414,-7.31,20.38
2026-06-06 07:59:06.865,2.0,0.4,0.8,0.9,1039,414,-7.31,20.38
2026-06-06 07:59:07.348,2.0,0.4,0.6,0.9,968,424,-6.27,20.23
2026-06-06 07:59:07.849,1.9,0.4,0.6,0.8,931,415,-5.73,20.36
2026-06-06 07:59:08.868,1.9,0.4,0.8,0.8,931,415,-5.73,20.36
2026-06-06 07:59:08.871,1.6,0.4,0.8,0.6,819,415,-4.09,20.36
2026-06-06 07:59:09.340,1.4,0.4,0.7,0.5,688,422,-2.17,20.26
2026-06-06 07:59:09.842,1.4,0.4,0.7,0.5,688,422,-2.17,20.26
2026-06-06 07:59:10.337,1.4,0.4,0.8,0.5,688,422,-2.17,20.26
2026-06-06 07:59:10.859,1.4,0.4,0.8,0.6,688,422,-2.17,20.26
2026-06-06 07:59:11.337,1.5,0.4,0.8,0.8,610,414,-1.03,20.38
2026-06-06 07:59:11.855,1.5,0.4,0.8,0.7,662,415,-1.79,20.36
2026-06-06 07:59:12.336,1.5,0.4,0.8,0.6,662,415,-1.79,20.36
2026-06-06 07:59:12.849,1.9,0.4,0.8,0.5,794,416,-3.72,20.35
2026-06-06 07:59:13.351,1.9,0.4,0.0,0.5,794,416,-3.72,20.35
2026-06-06 07:59:13.848,2.6,0.4,0.0,0.5,1129,415,-8.63,20.36
2026-06-06 07:59:14.351,2.7,0.4,0.0,0.5,1335,415,-11.65,20.36
2026-06-06 07:59:14.849,2.6,0.4,0.0,0.5,1355,414,-11.94,20.38
2026-06-06 07:59:15.353,2.5,0.4,0.0,0.4,1261,422,-10.56,20.26
2026-06-06 07:59:15.851,2.5,0.4,0.0,0.5,1261,422,-10.56,20.26
2026-06-06 07:59:16.349,2.4,0.4,0.0,0.5,1322,413,-11.46,20.39
2026-06-06 07:59:16.848,2.4,0.4,0.0,0.4,1322,413,-11.46,20.39
2026-06-06 07:59:17.338,2.4,0.4,0.0,0.5,1322,413,-11.46,20.39
2026-06-06 07:59:17.838,1.6,0.4,0.0,0.6,767,415,-3.33,20.36
2026-06-06 07:59:18.841,1.6,0.4,0.0,0.8,767,415,-3.33,20.36
2026-06-06 07:59:18.842,1.6,0.4,0.0,1.0,634,415,-1.38,20.36
2026-06-06 07:59:19.341,1.9,0.4,0.0,1.2,743,422,-2.97,20.26
2026-06-06 07:59:19.868,1.9,0.4,0.0,1.2,743,422,-2.97,20.26
2026-06-06 07:59:20.373,1.9,0.4,0.6,1.1,1039,414,-7.31,20.38
2026-06-06 07:59:20.838,1.4,0.4,0.6,0.9,806,414,-3.90,20.38
2026-06-06 07:59:21.341,1.4,0.4,0.6,0.8,806,414,-3.90,20.38
2026-06-06 07:59:21.854,1.1,0.4,0.7,0.9,367,415,2.53,20.36
2026-06-06 07:59:22.373,1.1,0.4,0.7,1.1,367,415,2.53,20.36
2026-06-06 07:59:22.888,1.1,0.4,0.7,1.2,367,415,2.53,20.36
2026-06-06 07:59:23.339,1.1,0.4,0.7,1.1,367,415,2.53,20.36
2026-06-06 07:59:23.843,3.2,0.4,0.0,1.1,1557,423,-14.90,20.24
2026-06-06 07:59:24.334,2.8,0.4,0.0,0.8,1588,422,-15.35,20.26
2026-06-06 07:59:24.869,2.5,0.4,0.0,0.6,1396,414,-12.54,20.38
2026-06-06 07:59:25.368,2.1,0.4,0.0,0.8,1201,423,-9.68,20.24
2026-06-06 07:59:25.871,2.1,0.4,0.0,1.1,1201,423,-9.68,20.24
2026-06-06 07:59:26.382,1.2,0.4,0.0,1.2,622,415,-1.20,20.36
2026-06-06 07:59:26.868,0.9,0.4,0.0,1.4,417,424,1.80,20.23
2026-06-06 07:59:27.338,0.9,0.4,0.0,1.5,307,427,3.41,20.19
2026-06-06 07:59:27.841,1.1,0.4,0.0,1.4,341,414,2.92,20.38
2026-06-06 07:59:28.355,1.3,0.4,0.0,1.4,437,423,1.51,20.24
2026-06-06 07:59:28.839,1.3,0.4,0.0,1.3,520,381,0.29,20.86
2026-06-06 07:59:29.372,1.1,0.4,0.0,1.2,486,415,0.79,20.36
2026-06-06 07:59:29.840,1.1,0.4,0.0,1.3,486,415,0.79,20.36
2026-06-06 07:59:30.350,1.0,0.4,0.0,1.3,379,422,2.36,20.26
2026-06-06 07:59:30.837,1.0,0.4,0.0,1.5,354,414,2.72,20.38
2026-06-06 07:59:31.337,1.0,0.4,0.0,1.3,356,424,2.70,20.23
2026-06-06 07:59:31.838,1.0,0.4,0.0,1.2,331,416,3.06,20.35
2026-06-06 07:59:32.334,1.1,0.4,1.3,1.2,362,423,2.61,20.24
2026-06-06 07:59:32.833,1.1,0.4,1.3,1.1,362,423,2.61,20.24
2026-06-06 07:59:33.332,1.1,0.4,1.3,1.0,362,423,2.61,20.24
2026-06-06 07:59:33.835,1.1,0.4,1.3,1.0,405,415,1.98,20.36
2026-06-06 07:59:34.380,1.1,0.4,0.0,1.1,426,414,1.67,20.38
2026-06-06 07:59:34.838,1.1,0.4,0.0,1.0,380,416,2.34,20.35
2026-06-06 07:59:35.361,1.1,0.4,0.0,0.9,423,414,1.71,20.38
2026-06-06 07:59:35.859,1.1,0.4,0.0,0.9,423,414,1.71,20.38
2026-06-06 07:59:36.361,1.1,0.4,0.0,0.9,423,414,1.71,20.38
2026-06-06 07:59:36.848,1.1,0.4,0.0,0.9,423,414,1.71,20.38
2026-06-06 07:59:37.348,1.1,0.4,0.0,0.9,0,0,7.91,26.44
2026-06-06 07:59:37.851,1.2,0.4,0.0,0.9,404,423,1.99,20.24
2026-06-06 07:59:38.849,1.2,0.4,0.0,0.7,499,415,0.60,20.36
2026-06-06 07:59:38.849,1.3,0.4,0.0,0.7,479,425,0.89,20.21
2026-06-06 07:59:39.348,1.7,0.4,0.0,0.7,621,422,-1.19,20.26
2026-06-06 07:59:39.870,2.0,0.4,0.0,0.8,824,413,-4.16,20.39
2026-06-06 07:59:40.338,1.8,0.4,0.0,0.8,886,414,-5.07,20.38
2026-06-06 07:59:40.886,0.9,0.4,0.0,0.8,743,415,-2.97,20.36
2026-06-06 07:59:41.385,0.6,0.4,0.0,0.8,270,415,3.96,20.36
2026-06-06 07:59:41.882,0.4,0.4,0.0,0.8,82,415,6.71,20.36
2026-06-06 07:59:42.382,0.4,0.4,0.0,0.9,82,415,6.71,20.36
2026-06-06 07:59:42.880,0.8,0.4,0.0,1.0,219,415,4.70,20.36
2026-06-06 07:59:43.378,0.8,0.4,0.0,1.0,219,415,4.70,20.36
2026-06-06 07:59:43.887,0.5,0.4,0.0,0.9,95,422,6.52,20.26
2026-06-06 07:59:44.359,0.4,0.4,0.8,0.9,54,414,7.12,20.38
2026-06-06 07:59:44.868,0.4,0.4,0.8,0.9,54,414,7.12,20.38
2026-06-06 07:59:45.369,0.5,0.4,0.8,0.8,10,423,7.76,20.24
2026-06-06 07:59:45.869,0.5,0.4,0.7,0.8,29,415,7.49,20.36
2026-06-06 07:59:46.369,0.8,0.4,0.7,0.7,43,422,7.28,20.26
2026-06-06 07:59:46.851,0.8,0.4,0.7,0.5,206,416,4.89,20.35
2026-06-06 07:59:47.373,0.8,0.4,0.6,0.6,209,414,4.85,20.38
2026-06-06 07:59:47.871,0.7,0.4,0.6,1.0,207,416,4.88,20.35
2026-06-06 07:59:48.392,0.7,0.4,0.6,1.1,207,416,4.88,20.35
2026-06-06 07:59:48.891,0.5,0.4,0.6,1.3,87,416,6.64,20.35
2026-06-06 07:59:49.343,0.5,0.4,0.0,1.3,87,416,6.64,20.35
2026-06-06 07:59:49.898,0.4,0.4,0.0,1.2,9,415,7.78,20.36
2026-06-06 07:59:50.892,0.4,0.4,0.0,1.2,3,416,7.87,20.35
2026-06-06 07:59:50.893,0.4,0.4,0.0,1.2,15,415,7.69,20.36
2026-06-06 07:59:51.397,0.4,0.4,0.0,1.2,18,416,7.65,20.35
2026-06-06 07:59:51.839,0.4,0.4,0.0,1.2,18,416,7.65,20.35
2026-06-06 07:59:52.391,0.4,0.4,0.0,0.0,18,416,7.65,20.35
2026-06-06 07:59:52.897,0.4,0.4,0.0,0.6,18,416,7.65,20.35
2026-06-06 07:59:53.398,0.4,0.4,0.0,0.6,0,0,7.91,26.44
2026-06-06 07:59:53.868,0.4,0.4,1.1,0.6,3,421,7.87,20.27
2026-06-06 07:59:54.368,0.4,0.4,1.1,0.8,5,414,7.84,20.38
2026-06-06 07:59:54.879,0.5,0.4,1.1,0.9,28,416,7.50,20.35
2026-06-06 07:59:55.383,0.7,0.4,1.1,1.0,88,422,6.62,20.26
2026-06-06 07:59:55.882,0.7,0.4,1.1,1.0,88,422,6.62,20.26
2026-06-06 07:59:56.379,1.6,0.4,1.1,1.0,653,422,-1.66,20.26
2026-06-06 07:59:56.870,1.7,0.4,0.0,1.0,720,422,-2.64,20.26
2026-06-06 07:59:57.367,2.0,0.4,0.0,1.0,808,424,-3.93,20.23
2026-06-06 07:59:57.868,2.2,0.4,0.0,0.0,954,414,-6.06,20.38
2026-06-06 07:59:58.373,2.2,0.4,0.0,0.0,954,414,-6.06,20.38
2026-06-06 07:59:58.869,2.2,0.4,0.0,1.0,954,414,-6.06,20.38
2026-06-06 07:59:59.372,2.2,0.4,0.0,0.8,954,414,-6.06,20.38
2026-06-06 07:59:59.880,1.4,0.4,0.0,0.6,703,415,-2.39,20.36
2026-06-06 08:00:00.362,1.1,0.4,1.3,0.6,579,414,-0.57,20.38
2026-06-06 08:00:00.850,1.2,0.4,1.1,0.6,427,431,1.66,20.13
2026-06-06 08:00:01.350,1.3,0.4,1.1,0.5,470,407,1.03,20.48
2026-06-06 08:00:02.414,1.3,0.4,1.1,0.5,470,407,1.03,20.48
2026-06-06 08:00:02.415,1.3,0.4,1.1,0.5,470,407,1.03,20.48
2026-06-06 08:00:02.849,1.3,0.4,0.0,0.4,0,0,7.91,26.44
2026-06-06 08:00:03.367,2.8,0.4,0.0,0.6,1281,414,-10.85,20.38
2026-06-06 08:00:03.865,2.8,0.4,0.0,1.0,1422,415,-12.92,20.36
2026-06-06 08:00:04.366,2.6,0.4,0.0,1.0,1407,415,-12.70,20.36
2026-06-06 08:00:05.408,2.6,0.4,0.0,1.0,1328,415,-11.54,20.36
2026-06-06 08:00:05.409,2.5,0.4,0.0,1.0,1328,414,-11.54,20.38
2026-06-06 08:00:05.888,2.3,0.4,0.0,0.0,1328,423,-11.54,20.24
2026-06-06 08:00:06.407,2.3,0.4,0.0,0.0,1107,396,-8.31,20.64
2026-06-06 08:00:06.869,2.0,0.4,0.0,0.0,1140,414,-8.79,20.38
2026-06-06 08:00:07.393,1.8,0.4,0.0,1.4,927,423,-5.67,20.24
2026-06-06 08:00:07.887,1.6,0.4,0.0,1.1,847,414,-4.50,20.38
2026-06-06 08:00:08.344,1.3,0.4,0.0,1.0,703,415,-2.39,20.36
2026-06-06 08:00:08.907,1.1,0.4,0.0,0.7,497,424,0.63,20.23
2026-06-06 08:00:09.367,1.6,0.4,0.0,0.7,469,415,1.04,20.36
2026-06-06 08:00:09.871,1.9,0.4,0.0,0.8,738,416,-2.90,20.35
2026-06-06 08:00:10.415,2.1,0.4,0.0,0.9,910,423,-5.42,20.24
2026-06-06 08:00:10.854,2.4,0.4,0.0,0.9,1039,423,-7.31,20.24
2026-06-06 08:00:11.414,2.0,0.4,0.0,0.9,1151,414,-8.95,20.38
2026-06-06 08:00:11.853,2.0,0.4,0.0,0.9,1151,414,-8.95,20.38
2026-06-06 08:00:12.417,2.0,0.4,0.0,0.0,1151,414,-8.95,20.38
2026-06-06 08:00:12.871,2.0,0.4,0.0,1.0,0,0,7.91,26.44
2026-06-06 08:00:13.387,2.0,0.4,0.0,0.9,0,0,7.91,26.44
2026-06-06 08:00:13.898,1.3,0.4,0.0,0.9,653,415,-1.66,20.36
2026-06-06 08:00:14.381,1.0,0.4,0.0,0.9,484,422,0.82,20.26
2026-06-06 08:00:14.868,1.0,0.4,0.6,0.8,322,416,3.19,20.35
2026-06-06 08:00:15.370,1.0,0.4,0.6,0.8,322,416,3.19,20.35
2026-06-06 08:00:15.896,0.7,0.4,0.6,0.8,12,393,7.73,20.68
2026-06-06 08:00:16.401,0.6,0.4,0.6,0.8,48,415,7.21,20.36
2026-06-06 08:00:16.896,0.7,0.4,0.0,1.0,93,424,6.55,20.23
2026-06-06 08:00:17.371,0.9,0.4,0.0,1.0,182,426,5.24,20.20
2026-06-06 08:00:17.868,1.0,0.4,0.0,1.1,312,414,3.34,20.38
2026-06-06 08:00:18.369,1.0,0.4,0.0,1.2,312,414,3.34,20.38
2026-06-06 08:00:18.870,1.0,0.4,0.0,1.2,312,414,3.34,20.38
2026-06-06 08:00:19.418,1.0,0.4,0.0,1.1,312,414,3.34,20.38
2026-06-06 08:00:19.854,1.6,0.4,0.0,1.0,712,422,-2.52,20.26
2026-06-06 08:00:20.416,1.8,0.4,0.0,1.0,748,415,-3.05,20.36
2026-06-06 08:00:20.852,2.1,0.4,0.0,1.0,876,423,-4.92,20.24
2026-06-06 08:00:21.416,2.6,0.4,0.0,1.0,1053,414,-7.51,20.38
2026-06-06 08:00:21.916,2.6,0.4,0.0,0.0,1053,414,-7.51,20.38
2026-06-06 08:00:22.415,2.7,0.4,0.0,1.2,1400,414,-12.60,20.38
2026-06-06 08:00:22.911,2.5,0.4,0.0,1.2,1353,416,-11.91,20.35
2026-06-06 08:00:23.413,2.1,0.4,0.0,1.2,1221,398,-9.98,20.61
2026-06-06 08:00:23.911,2.1,0.4,0.0,1.2,1021,414,-7.05,20.38
2026-06-06 08:00:24.401,2.1,0.4,0.0,0.0,1021,414,-7.05,20.38
2026-06-06 08:00:24.868,2.1,0.4,0.0,0.0,1021,414,-7.05,20.38
2026-06-06 08:00:25.375,2.1,0.4,0.0,1.2,0,0,7.91,26.44
2026-06-06 08:00:25.874,1.4,0.4,0.0,1.2,892,425,-5.16,20.21
2026-06-06 08:00:26.377,0.9,0.4,0.0,1.1,563,421,-0.34,20.27
2026-06-06 08:00:26.863,0.4,0.4,0.0,1.1,248,415,4.28,20.36
2026-06-06 08:00:27.392,0.4,0.4,0.0,1.0,248,415,4.28,20.36
2026-06-06 08:00:27.909,0.4,0.4,0.0,0.9,12,425,7.73,20.21
2026-06-06 08:00:28.399,0.4,0.4,0.0,0.9,4,413,7.85,20.39
2026-06-06 08:00:28.900,0.4,0.4,0.5,0.9,4,413,7.85,20.39
2026-06-06 08:00:29.399,0.4,0.4,0.5,0.9,4,413,7.85,20.39
2026-06-06 08:00:29.883,0.4,0.4,0.7,0.0,15,415,7.69,20.36
2026-06-06 08:00:30.384,0.4,0.4,0.7,0.0,2,413,7.88,20.39
2026-06-06 08:00:30.884,0.4,0.4,0.7,1.1,19,415,7.63,20.36
2026-06-06 08:00:31.364,0.4,0.4,0.6,0.9,19,415,7.63,20.36
2026-06-06 08:00:31.863,0.4,0.4,0.5,1.0,12,414,7.73,20.38
2026-06-06 08:00:32.411,0.4,0.4,0.5,1.1,12,414,7.73,20.38
2026-06-06 08:00:32.868,0.4,0.4,0.4,1.1,7,414,7.81,20.38
2026-06-06 08:00:33.369,0.4,0.4,0.5,1.1,7,414,7.81,20.38
2026-06-06 08:00:33.888,0.5,0.4,0.5,1.1,8,415,7.79,20.36
2026-06-06 08:00:34.389,0.5,0.4,0.7,1.1,8,415,7.79,20.36
2026-06-06 08:00:34.897,0.5,0.4,0.7,0.0,8,415,7.79,20.36
2026-06-06 08:00:35.418,0.5,0.4,0.7,0.0,0,0,7.91,26.44
2026-06-06 08:00:36.400,0.4,0.4,0.6,0.5,5,424,7.84,20.23
2026-06-06 08:00:36.402,0.4,0.4,0.6,0.4,2,425,7.88,20.21
2026-06-06 08:00:36.898,0.5,0.4,0.7,0.5,3,415,7.87,20.36
2026-06-06 08:00:37.398,0.5,0.4,0.9,0.5,3,415,7.87,20.36
2026-06-06 08:00:37.887,0.5,0.4,1.1,0.6,3,415,7.87,20.36
2026-06-06 08:00:38.398,0.5,0.4,1.1,0.7,3,415,7.87,20.36
2026-06-06 08:00:38.894,0.5,0.4,1.0,0.7,0,0,7.91,26.44
2026-06-06 08:00:39.373,0.5,0.4,0.9,0.7,0,0,7.91,26.44
2026-06-06 08:00:39.897,0.9,0.4,0.9,0.5,164,424,5.51,20.23
2026-06-06 08:00:40.382,0.7,0.4,0.9,0.5,261,413,4.09,20.39
2026-06-06 08:00:40.882,0.6,0.4,0.8,0.5,177,415,5.32,20.36
2026-06-06 08:00:41.382,0.6,0.4,0.8,0.5,177,415,5.32,20.36
2026-06-06 08:00:41.881,0.6,0.4,0.9,0.6,116,423,6.21,20.24
2026-06-06 08:00:42.383,0.6,0.4,1.0,0.6,116,423,6.21,20.24
2026-06-06 08:00:42.929,0.6,0.4,1.0,0.6,134,424,5.95,20.23
2026-06-06 08:00:43.428,0.6,0.4,1.0,0.9,134,424,5.95,20.23
2026-06-06 08:00:43.919,0.6,0.4,1.0,0.7,134,424,5.95,20.23
2026-06-06 08:00:44.415,0.6,0.4,1.0,0.8,134,424,5.95,20.23
2026-06-06 08:00:44.920,0.7,0.4,1.0,0.8,217,3321,4.73,-22.21
2026-06-06 08:00:45.421,0.7,0.4,1.1,1.0,217,3321,4.73,-22.21
2026-06-06 08:00:45.868,0.9,0.4,1.1,1.0,215,414,4.76,20.38
2026-06-06 08:00:46.428,0.9,0.4,1.1,0.9,273,415,3.91,20.36
2026-06-06 08:00:47.425,0.9,0.4,1.0,0.9,314,413,3.31,20.39
2026-06-06 08:00:47.427,0.9,0.4,1.0,1.0,314,413,3.31,20.39
2026-06-06 08:00:47.929,0.8,0.4,0.9,1.0,292,414,3.63,20.38
2026-06-06 08:00:48.399,0.8,0.4,0.9,1.0,253,415,4.20,20.36
2026-06-06 08:00:48.903,0.9,0.4,0.9,1.0,259,414,4.12,20.38
2026-06-06 08:00:49.398,0.9,0.4,1.0,1.0,297,425,3.56,20.21
2026-06-06 08:00:49.910,1.0,0.4,1.0,1.0,351,415,2.77,20.36
2026-06-06 08:00:50.370,1.0,0.4,1.0,1.0,361,414,2.62,20.38
2026-06-06 08:00:50.900,1.1,0.4,0.9,0.7,378,415,2.37,20.36
2026-06-06 08:00:51.398,1.1,0.4,0.8,0.7,424,422,1.70,20.26
2026-06-06 08:00:51.918,1.1,0.4,0.8,0.8,411,414,1.89,20.38
2026-06-06 08:00:52.382,1.1,0.4,0.6,0.8,411,414,1.89,20.38
2026-06-06 08:00:52.897,0.9,0.4,0.7,0.6,416,413,1.82,20.39
2026-06-06 08:00:53.398,0.9,0.4,0.7,0.8,416,413,1.82,20.39
2026-06-06 08:00:53.920,0.9,0.4,0.8,0.8,416,413,1.82,20.39
2026-06-06 08:00:54.399,0.9,0.4,0.8,0.8,416,413,1.82,20.39
2026-06-06 08:00:55.429,0.9,0.4,0.8,0.6,0,0,7.91,26.44
2026-06-06 08:00:55.430,0.6,0.4,0.8,0.6,144,415,5.80,20.36
2026-06-06 08:00:55.929,0.6,0.4,0.9,0.6,120,423,6.15,20.24
2026-06-06 08:00:56.428,0.7,0.4,0.9,0.6,141,422,5.84,20.26
2026-06-06 08:00:56.929,0.7,0.4,0.9,0.7,163,415,5.52,20.36
2026-06-06 08:00:57.400,0.7,0.4,0.9,0.7,163,415,5.52,20.36
2026-06-06 08:00:57.899,0.5,0.4,0.9,0.8,104,424,6.39,20.23
2026-06-06 08:00:58.398,0.5,0.4,0.8,0.8,71,423,6.87,20.24
2026-06-06 08:00:58.928,0.5,0.4,0.7,0.8,81,415,6.72,20.36
2026-06-06 08:00:59.418,0.4,0.4,0.7,0.7,68,413,6.91,20.39
2026-06-06 08:00:59.886,0.5,0.4,0.7,0.6,19,413,7.63,20.39
2026-06-06 08:01:00.429,0.5,0.4,0.7,0.6,27,414,7.51,20.38
2026-06-06 08:01:00.928,0.5,0.4,0.7,0.6,27,414,7.51,20.38
2026-06-06 08:01:01.429,0.8,0.4,0.7,0.7,210,414,4.83,20.38
2026-06-06 08:01:01.928,0.8,0.4,0.0,0.7,254,414,4.19,20.38
2026-06-06 08:01:02.429,0.9,0.4,0.5,0.6,249,415,4.26,20.36
2026-06-06 08:01:02.930,0.9,0.4,0.5,0.6,249,415,4.26,20.36
2026-06-06 08:01:03.428,0.9,0.4,0.6,0.6,249,415,4.26,20.36
2026-06-06 08:01:03.929,0.9,0.4,0.6,0.6,249,415,4.26,20.36
2026-06-06 08:01:04.427,0.7,0.4,0.6,0.5,209,423,4.85,20.24
2026-06-06 08:01:04.928,0.7,0.4,0.6,0.5,184,423,5.21,20.24
2026-06-06 08:01:05.402,0.7,0.4,0.6,0.5,146,416,5.77,20.35
2026-06-06 08:01:05.929,0.7,0.4,0.7,0.6,140,424,5.86,20.23
2026-06-06 08:01:06.399,0.6,0.4,0.7,0.7,147,425,5.76,20.21
2026-06-06 08:01:06.920,0.7,0.4,0.7,0.8,140,415,5.86,20.36
2026-06-06 08:01:07.416,0.6,0.4,0.7,0.9,147,423,5.76,20.24
2026-06-06 08:01:07.918,0.8,0.4,0.7,0.9,156,426,5.62,20.20
2026-06-06 08:01:08.440,0.8,0.4,0.7,0.9,226,413,4.60,20.39
2026-06-06 08:01:08.910,0.6,0.4,0.5,0.9,200,415,4.98,20.36
2026-06-06 08:01:09.408,0.6,0.4,0.5,0.8,145,415,5.79,20.36
2026-06-06 08:01:10.406,0.6,0.4,0.5,0.8,105,415,6.37,20.36
2026-06-06 08:01:10.407,0.6,0.4,0.5,0.8,105,415,6.37,20.36
2026-06-06 08:01:10.920,0.6,0.4,0.4,0.8,105,415,6.37,20.36
2026-06-06 08:01:11.435,0.6,0.4,0.5,0.8,108,414,6.33,20.38
2026-06-06 08:01:11.898,0.7,0.4,0.5,0.7,131,398,5.99,20.61
2026-06-06 08:01:12.428,0.7,0.4,0.5,0.7,173,416,5.38,20.35
2026-06-06 08:01:12.897,0.7,0.4,0.9,0.7,173,416,5.38,20.35
2026-06-06 08:01:13.427,0.7,0.4,0.9,0.7,173,416,5.38,20.35
2026-06-06 08:01:13.935,0.7,0.4,0.9,0.6,173,416,5.38,20.35
2026-06-06 08:01:14.400,0.7,0.4,0.9,0.5,0,0,7.91,26.44
2026-06-06 08:01:14.928,0.7,0.4,1.0,0.5,0,0,7.91,26.44
2026-06-06 08:01:15.391,1.2,0.4,0.9,0.5,457,410,1.22,20.43
2026-06-06 08:01:15.918,1.1,0.4,0.8,0.5,471,413,1.01,20.39
2026-06-06 08:01:16.415,1.0,0.4,0.8,0.5,397,415,2.09,20.36
2026-06-06 08:01:16.929,0.9,0.4,0.8,0.5,340,416,2.93,20.35
2026-06-06 08:01:17.423,0.9,0.4,0.8,0.5,321,416,3.21,20.35
2026-06-06 08:01:17.895,0.9,0.4,0.7,0.4,323,414,3.18,20.38
2026-06-06 08:01:18.440,0.8,0.4,0.6,0.4,290,422,3.66,20.26
2026-06-06 08:01:18.891,0.9,0.4,0.6,0.4,256,416,4.16,20.35
2026-06-06 08:01:19.398,0.9,0.4,0.6,0.5,256,416,4.16,20.35
2026-06-06 08:01:19.897,0.9,0.4,0.6,0.4,256,416,4.16,20.35
2026-06-06 08:01:20.387,0.9,0.4,0.7,0.5,256,416,4.16,20.35
2026-06-06 08:01:20.897,0.9,0.4,0.8,0.4,0,0,7.91,26.44
2026-06-06 08:01:21.429,1.1,0.4,0.8,0.4,457,426,1.22,20.20
2026-06-06 08:01:21.916,1.1,0.4,0.8,0.5,417,424,1.80,20.23
2026-06-06 08:01:22.398,0.8,0.4,0.7,0.5,385,414,2.27,20.38
2026-06-06 08:01:22.911,0.8,0.4,0.6,0.5,253,414,4.20,20.38
2026-06-06 08:01:23.414,0.8,0.4,0.6,0.5,253,414,4.20,20.38
2026-06-06 08:01:23.914,0.4,0.4,0.5,0.5,72,416,6.86,20.35
2026-06-06 08:01:24.415,0.4,0.4,0.5,0.5,6,415,7.82,20.36
2026-06-06 08:01:24.916,0.7,0.4,0.5,0.5,32,415,7.44,20.36
2026-06-06 08:01:25.416,0.8,0.4,0.5,0.4,208,415,4.86,20.36
2026-06-06 08:01:25.915,0.6,0.4,0.5,0.4,217,414,4.73,20.38
2026-06-06 08:01:26.413,0.4,0.4,0.5,0.5,90,414,6.59,20.38
2026-06-06 08:01:26.914,0.5,0.4,0.5,0.4,16,423,7.68,20.24
2026-06-06 08:01:27.413,0.5,0.4,0.5,0.4,45,422,7.25,20.26
2026-06-06 08:01:27.916,0.4,0.4,0.5,0.4,43,423,7.28,20.24
2026-06-06 08:01:28.398,0.4,0.4,0.5,0.5,8,427,7.79,20.19
2026-06-06 08:01:29.427,0.4,0.4,0.4,0.5,8,414,7.79,20.38
2026-06-06 08:01:29.427,0.4,0.4,0.4,0.4,8,414,7.79,20.38
2026-06-06 08:01:30.391,0.5,0.4,0.4,0.5,0,412,7.91,20.41
2026-06-06 08:01:30.447,0.5,0.4,0.5,0.5,0,412,7.91,20.41
2026-06-06 08:01:30.953,0.5,0.4,0.5,0.4,0,412,7.91,20.41
2026-06-06 08:01:31.447,1.0,0.4,0.6,0.4,238,415,4.42,20.36
2026-06-06 08:01:31.898,0.9,0.4,0.6,0.5,386,414,2.26,20.38
2026-06-06 08:01:32.421,0.7,0.4,0.8,0.4,327,415,3.12,20.36
2026-06-06 08:01:32.920,0.9,0.4,0.8,0.5,205,414,4.91,20.38
2026-06-06 08:01:33.429,0.9,0.4,0.6,0.4,205,414,4.91,20.38
2026-06-06 08:01:33.920,0.9,0.4,0.7,0.5,205,414,4.91,20.38
2026-06-06 08:01:34.435,1.2,0.4,0.7,0.5,545,422,-0.07,20.26
2026-06-06 08:01:34.899,1.0,0.4,0.7,0.4,461,413,1.16,20.39
2026-06-06 08:01:35.399,0.9,0.4,0.7,0.4,330,423,3.08,20.24
2026-06-06 08:01:35.929,0.9,0.4,0.8,0.4,330,423,3.08,20.24
2026-06-06 08:01:36.397,0.9,0.4,0.7,0.4,330,423,3.08,20.24
2026-06-06 08:01:36.898,0.9,0.4,0.8,0.4,330,423,3.08,20.24
2026-06-06 08:01:37.417,1.1,0.4,1.0,0.5,463,416,1.13,20.35
2026-06-06 08:01:37.925,0.9,0.4,1.0,0.6,407,415,1.95,20.36
2026-06-06 08:01:38.443,0.9,0.4,1.0,0.9,331,413,3.06,20.39
2026-06-06 08:01:38.942,0.9,0.4,1.1,0.9,288,422,3.69,20.26
2026-06-06 08:01:39.428,0.9,0.4,1.2,0.9,307,422,3.41,20.26
2026-06-06 08:01:39.918,0.9,0.4,1.3,0.9,307,422,3.41,20.26
2026-06-06 08:01:40.421,0.9,0.4,1.2,0.8,307,422,3.41,20.26
2026-06-06 08:01:40.920,0.9,0.4,1.3,0.7,307,422,3.41,20.26
2026-06-06 08:01:41.429,0.5,0.4,1.3,0.6,66,415,6.94,20.36
2026-06-06 08:01:41.927,0.4,0.4,1.3,0.6,41,415,7.31,20.36
2026-06-06 08:01:42.458,0.4,0.4,1.3,0.7,23,415,7.57,20.36
2026-06-06 08:01:42.929,0.4,0.4,1.2,0.9,7,414,7.81,20.38
2026-06-06 08:01:43.427,0.4,0.4,1.2,1.0,6,414,7.82,20.38
2026-06-06 08:01:43.957,0.5,0.4,1.2,1.2,8,414,7.79,20.38
2026-06-06 08:01:44.447,0.4,0.4,1.2,1.3,28,422,7.50,20.26
2026-06-06 08:01:44.928,0.4,0.4,1.1,1.3,11,415,7.75,20.36
2026-06-06 08:01:45.427,0.5,0.4,1.2,1.2,9,415,7.78,20.36
2026-06-06 08:01:45.929,0.4,0.4,1.2,1.2,36,415,7.38,20.36
2026-06-06 08:01:46.427,0.4,0.4,1.3,1.2,18,414,7.65,20.38
2026-06-06 08:01:46.928,0.4,0.4,1.3,1.2,27,415,7.51,20.36
2026-06-06 08:01:47.428,0.4,0.4,1.3,1.2,12,422,7.73,20.26
2026-06-06 08:01:47.928,0.4,0.4,1.2,1.2,14,397,7.71,20.62
2026-06-06 08:01:48.428,0.5,0.4,1.2,1.0,20,413,7.62,20.39
2026-06-06 08:01:48.917,0.5,0.4,1.2,0.8,37,423,7.37,20.24
2026-06-06 08:01:49.416,0.5,0.4,1.1,0.9,37,423,7.37,20.24
2026-06-06 08:01:49.959,0.4,0.4,1.2,1.1,30,423,7.47,20.24
2026-06-06 08:01:50.458,0.4,0.4,1.2,1.1,20,415,7.62,20.36
2026-06-06 08:01:50.943,0.5,0.4,1.1,1.0,28,414,7.50,20.38
2026-06-06 08:01:51.446,0.5,0.4,0.9,1.1,34,427,7.41,20.19
2026-06-06 08:01:51.947,0.4,0.4,0.9,1.0,17,415,7.66,20.36
2026-06-06 08:01:52.444,0.4,0.4,0.8,1.0,12,413,7.73,20.39
2026-06-06 08:01:52.944,0.4,0.4,0.8,1.0,5,422,7.84,20.26
2026-06-06 08:01:53.443,0.4,0.4,0.9,0.7,4,414,7.85,20.38
2026-06-06 08:01:53.943,0.4,0.4,0.9,0.7,6,429,7.82,20.16
2026-06-06 08:01:54.440,0.4,0.4,0.9,0.5,8,394,7.79,20.67
2026-06-06 08:01:55.424,0.4,0.4,0.9,0.5,11,414,7.75,20.38
2026-06-06 08:01:55.425,0.4,0.4,0.9,0.6,11,414,7.75,20.38
2026-06-06 08:01:55.948,0.4,0.4,0.8,0.7,11,414,7.75,20.38
2026-06-06 08:01:56.447,0.4,0.4,0.8,0.8,11,414,7.75,20.38
2026-06-06 08:01:57.452,0.4,0.4,1.0,1.0,0,0,7.91,26.44
2026-06-06 08:01:57.453,0.4,0.4,1.0,1.3,6,415,7.82,20.36
2026-06-06 08:01:57.947,0.4,0.4,1.0,1.5,0,414,7.91,20.38
2026-06-06 08:01:58.447,0.4,0.4,1.0,1.9,0,413,7.91,20.39
2026-06-06 08:01:58.943,0.4,0.4,0.9,1.9,0,422,7.91,20.26
2026-06-06 08:01:59.451,0.4,0.4,0.9,1.3,0,422,7.91,20.26
2026-06-06 08:01:59.952,0.4,0.4,0.9,0.8,0,414,7.91,20.38
2026-06-06 08:02:00.458,0.4,0.4,0.6,1.2,0,425,7.91,20.21
2026-06-06 08:02:00.960,0.4,0.4,0.6,1.3,0,415,7.91,20.36
2026-06-06 08:02:01.427,0.4,0.4,0.6,1.4,0,415,7.91,20.36
2026-06-06 08:02:01.928,0.4,0.4,0.5,1.4,0,415,7.91,20.36
2026-06-06 08:02:02.429,0.4,0.4,0.5,1.4,0,415,7.91,20.36
2026-06-06 08:02:03.427,0.4,0.4,0.5,1.4,0,415,7.91,20.36
2026-06-06 08:02:03.428,0.4,0.4,0.5,1.3,0,416,7.91,20.35
2026-06-06 08:02:03.928,0.4,0.4,0.7,1.3,0,416,7.91,20.35
2026-06-06 08:02:04.457,0.4,0.4,0.7,1.2,0,415,7.91,20.36
2026-06-06 08:02:04.943,0.4,0.4,0.7,1.2,0,423,7.91,20.24
2026-06-06 08:02:05.447,0.4,0.4,0.6,1.2,0,423,7.91,20.24
2026-06-06 08:02:05.950,0.4,0.4,0.5,0.9,0,423,7.91,20.24
2026-06-06 08:02:06.415,0.4,0.4,0.5,0.6,0,414,7.91,20.38
2026-06-06 08:02:06.921,0.4,0.4,0.5,0.6,0,415,7.91,20.36
2026-06-06 08:02:07.444,0.4,0.4,0.5,0.7,0,414,7.91,20.38
2026-06-06 08:02:07.942,0.4,0.4,0.5,0.8,0,422,7.91,20.26
2026-06-06 08:02:08.443,0.4,0.4,0.5,0.9,0,413,7.91,20.39
2026-06-06 08:02:08.944,0.4,0.4,0.5,0.8,0,414,7.91,20.38
2026-06-06 08:02:09.447,0.4,0.4,0.5,0.9,0,415,7.91,20.36
2026-06-06 08:02:09.946,0.4,0.4,0.5,0.9,0,415,7.91,20.36
2026-06-06 08:02:10.443,0.4,0.4,0.5,1.3,0,414,7.91,20.38
2026-06-06 08:02:10.929,0.4,0.4,0.6,1.6,0,414,7.91,20.38
2026-06-06 08:02:11.472,0.4,0.4,0.6,1.6,0,408,7.91,20.46
2026-06-06 08:02:11.939,0.4,0.4,0.6,1.5,0,424,7.91,20.23
2026-06-06 08:02:12.454,0.4,0.4,0.7,1.4,0,416,7.91,20.35
2026-06-06 08:02:12.943,0.4,0.4,0.8,1.4,0,416,7.91,20.35
2026-06-06 08:02:13.454,0.4,0.4,0.8,1.4,0,416,7.91,20.35
2026-06-06 08:02:13.950,0.4,0.4,0.8,1.3,0,414,7.91,20.38
2026-06-06 08:02:14.479,0.4,0.4,0.8,1.4,0,422,7.91,20.26
2026-06-06 08:02:14.949,0.4,0.4,0.8,1.8,0,414,7.91,20.38
2026-06-06 08:02:15.428,0.4,0.4,0.7,1.8,0,414,7.91,20.38
2026-06-06 08:02:15.927,0.4,0.4,0.7,1.5,0,414,7.91,20.38
2026-06-06 08:02:16.458,0.4,0.4,0.6,1.4,0,414,7.91,20.38
2026-06-06 08:02:16.968,0.4,0.4,0.6,1.3,0,0,7.91,26.44
2026-06-06 08:02:17.428,0.4,0.4,0.6,1.2,0,411,7.91,20.42
2026-06-06 08:02:17.927,0.4,0.4,0.6,1.1,0,423,7.91,20.24
2026-06-06 08:02:18.428,0.4,0.4,0.8,1.0,0,414,7.91,20.38
2026-06-06 08:02:18.948,0.4,0.4,0.8,0.9,0,391,7.91,20.71
2026-06-06 08:02:19.430,0.4,0.4,0.8,1.0,0,391,7.91,20.71
2026-06-06 08:02:19.928,0.4,0.4,0.6,1.2,0,422,7.91,20.26
2026-06-06 08:02:20.430,0.4,0.4,0.6,1.2,0,414,7.91,20.38
2026-06-06 08:02:20.927,0.4,0.4,0.6,1.0,0,414,7.91,20.38
2026-06-06 08:02:21.428,0.4,0.4,0.7,1.0,0,414,7.91,20.38
2026-06-06 08:02:21.929,0.4,0.4,0.7,0.9,0,423,7.91,20.24
2026-06-06 08:02:22.427,0.4,0.4,0.9,0.7,0,423,7.91,20.24
2026-06-06 08:02:22.928,0.4,0.4,1.0,0.6,0,423,7.91,20.24
2026-06-06 08:02:23.428,0.4,0.4,1.0,0.5,0,414,7.91,20.38
2026-06-06 08:02:23.927,0.4,0.4,1.0,0.5,0,414,7.91,20.38
2026-06-06 08:02:24.430,0.4,0.4,1.0,0.5,0,415,7.91,20.36
2026-06-06 08:02:24.973,0.4,0.4,0.9,0.4,0,415,7.91,20.36
2026-06-06 08:02:25.472,0.4,0.4,0.7,0.4,0,415,7.91,20.36
2026-06-06 08:02:25.979,0.4,0.4,0.6,0.4,0,425,7.91,20.21
2026-06-06 08:02:26.422,0.4,0.4,0.5,0.4,0,415,7.91,20.36
2026-06-06 08:02:26.921,0.4,0.4,0.5,0.5,0,412,7.91,20.41
2026-06-06 08:02:27.458,0.4,0.4,0.5,0.6,0,410,7.91,20.43
2026-06-06 08:02:27.973,0.4,0.4,0.5,0.9,0,429,7.91,20.16
2026-06-06 08:02:28.456,0.4,0.4,0.5,1.1,0,416,7.91,20.35
2026-06-06 08:02:28.971,0.4,0.4,0.5,1.1,0,423,7.91,20.24
2026-06-06 08:02:29.475,0.4,0.4,0.7,1.1,0,424,7.91,20.23
2026-06-06 08:02:29.975,0.4,0.4,0.7,1.1,0,415,7.91,20.36
2026-06-06 08:02:30.459,0.4,0.4,0.7,0.9,0,424,7.91,20.23
2026-06-06 08:02:30.956,0.4,0.4,0.7,0.8,0,413,7.91,20.39
2026-06-06 08:02:31.477,0.4,0.4,0.0,0.7,0,413,7.91,20.39
2026-06-06 08:02:31.929,0.4,0.4,0.6,0.5,0,413,7.91,20.39
2026-06-06 08:02:32.430,0.4,0.4,0.6,0.5,0,416,7.91,20.35
2026-06-06 08:02:32.928,0.4,0.4,0.6,0.5,0,415,7.91,20.36
2026-06-06 08:02:33.449,0.4,0.4,0.6,0.6,0,422,7.91,20.26
2026-06-06 08:02:33.928,0.4,0.4,0.6,0.6,0,414,7.91,20.38
2026-06-06 08:02:34.458,0.4,0.4,0.6,0.6,0,415,7.91,20.36
2026-06-06 08:02:34.959,0.4,0.4,0.6,0.6,0,423,7.91,20.24
2026-06-06 08:02:35.428,0.4,0.4,0.0,0.5,0,423,7.91,20.24
2026-06-06 08:02:35.928,0.4,0.4,0.0,0.5,0,415,7.91,20.36
2026-06-06 08:02:36.463,0.4,0.4,0.0,0.5,0,423,7.91,20.24
2026-06-06 08:02:36.927,0.4,0.4,0.0,0.6,0,423,7.91,20.24
2026-06-06 08:02:37.677,0.4,0.7,0.7,0.6,0,423,7.91,20.24
2026-06-06 08:02:37.978,0.4,0.7,0.0,0.7,0,415,7.91,20.36
2026-06-06 08:02:37.979,0.4,0.7,0.0,0.8,0,415,7.91,20.36
2026-06-06 08:02:38.433,0.4,0.7,0.0,0.6,0,415,7.91,20.36
2026-06-06 08:02:38.975,0.4,0.7,0.0,0.6,0,415,7.91,20.36
2026-06-06 08:02:39.443,0.4,0.7,0.0,0.6,0,415,7.91,20.36
2026-06-06 08:02:39.992,0.4,0.7,0.0,0.6,0,412,7.91,20.41
2026-06-06 08:02:40.428,0.4,0.7,0.0,0.6,0,427,7.91,20.19
2026-06-06 08:02:40.991,0.4,0.7,0.0,0.5,0,415,7.91,20.36
2026-06-06 08:02:41.458,0.4,0.7,0.0,0.5,0,415,7.91,20.36
2026-06-06 08:02:41.958,0.4,0.7,0.0,0.6,0,415,7.91,20.36
2026-06-06 08:02:42.434,0.4,0.7,0.0,0.7,0,415,7.91,20.36
2026-06-06 08:02:42.951,0.4,0.7,0.0,0.6,0,0,7.91,26.44
2026-06-06 08:02:43.458,0.4,0.7,0.0,0.6,0,415,7.91,20.36
2026-06-06 08:02:43.958,0.4,0.7,0.0,0.6,0,424,7.91,20.23
2026-06-06 08:02:44.459,0.4,0.7,0.0,0.7,0,413,7.91,20.39
2026-06-06 08:02:44.958,0.4,0.7,0.0,0.7,0,415,7.91,20.36
2026-06-06 08:02:45.458,0.4,0.7,0.0,0.8,0,416,7.91,20.35
2026-06-06 08:02:45.941,0.4,0.7,0.0,0.8,0,415,7.91,20.36
2026-06-06 08:02:46.480,0.4,0.7,0.0,0.9,0,415,7.91,20.36
2026-06-06 08:02:46.986,0.4,0.7,0.0,1.0,0,425,7.91,20.21
2026-06-06 08:02:47.452,0.4,0.7,0.0,1.1,0,414,7.91,20.38
2026-06-06 08:02:47.975,0.4,0.7,0.0,1.1,0,413,7.91,20.39
2026-06-06 08:02:48.469,0.4,0.7,0.0,1.0,0,427,7.91,20.19
2026-06-06 08:02:48.981,0.4,0.7,0.0,0.9,0,427,7.91,20.19
2026-06-06 08:02:49.453,0.4,0.7,0.0,0.8,0,413,7.91,20.39
2026-06-06 08:02:49.951,0.4,0.7,0.0,0.8,0,383,7.91,20.83
2026-06-06 08:02:50.450,0.4,0.7,0.0,0.7,0,414,7.91,20.38
2026-06-06 08:02:51.451,0.4,0.7,0.0,0.6,0,415,7.91,20.36
2026-06-06 08:02:51.453,0.4,0.7,0.0,0.6,0,414,7.91,20.38
2026-06-06 08:02:51.950,0.4,0.7,0.0,0.5,0,414,7.91,20.38
2026-06-06 08:02:52.459,0.4,0.7,0.0,0.5,0,415,7.91,20.36
2026-06-06 08:02:52.950,0.4,0.7,0.0,0.7,0,416,7.91,20.35
2026-06-06 08:02:53.453,0.4,0.7,0.0,0.7,0,414,7.91,20.38
2026-06-06 08:02:53.953,0.4,0.7,1.5,0.6,0,415,7.91,20.36
2026-06-06 08:02:54.445,0.4,0.7,1.5,0.6,0,424,7.91,20.23
2026-06-06 08:02:54.991,0.4,0.7,1.5,0.6,0,414,7.91,20.38
2026-06-06 08:02:55.477,0.4,0.7,1.5,0.6,0,414,7.91,20.38
2026-06-06 08:02:55.958,0.4,0.7,0.0,0.6,0,414,7.91,20.38
2026-06-06 08:02:56.457,0.4,0.7,0.0,0.6,0,424,7.91,20.23
2026-06-06 08:02:56.957,0.4,0.7,0.0,0.6,0,415,7.91,20.36
2026-06-06 08:02:57.447,0.4,0.7,0.0,0.6,0,415,7.91,20.36
2026-06-06 08:02:57.995,0.4,0.7,0.0,1.0,0,415,7.91,20.36
2026-06-06 08:02:58.451,0.4,0.7,0.0,1.2,0,415,7.91,20.36
2026-06-06 08:02:58.960,0.4,0.7,0.0,1.2,0,0,7.91,26.44
2026-06-06 08:02:59.497,0.4,0.7,0.0,1.2,0,431,7.91,20.13
2026-06-06 08:02:59.980,0.4,0.7,0.0,1.0,0,415,7.91,20.36
2026-06-06 08:03:00.478,0.4,0.7,0.0,1.0,0,415,7.91,20.36
2026-06-06 08:03:00.975,0.4,0.7,0.0,1.1,0,414,7.91,20.38
2026-06-06 08:03:01.477,0.4,0.7,0.0,1.2,0,414,7.91,20.38
2026-06-06 08:03:01.977,0.4,0.7,0.0,1.2,0,414,7.91,20.38
2026-06-06 08:03:02.477,0.4,0.7,0.0,1.3,0,414,7.91,20.38
2026-06-06 08:03:02.976,0.4,0.7,0.0,1.4,0,428,7.91,20.17
2026-06-06 08:03:03.472,0.4,0.7,0.0,1.4,0,415,7.91,20.36
2026-06-06 08:03:03.971,0.4,0.7,0.0,1.2,0,415,7.91,20.36
2026-06-06 08:03:04.458,0.4,0.7,0.5,1.0,0,411,7.91,20.42
2026-06-06 08:03:04.982,0.4,0.7,0.5,1.0,0,411,7.91,20.42
2026-06-06 08:03:05.463,0.4,0.7,0.5,1.0,0,423,7.91,20.24
2026-06-06 08:03:05.947,0.4,0.7,0.4,1.0,0,424,7.91,20.23
2026-06-06 08:03:06.445,0.4,0.7,0.4,1.0,0,414,7.91,20.38
2026-06-06 08:03:06.993,0.4,0.7,0.4,0.0,0,414,7.91,20.38
2026-06-06 08:03:07.995,0.4,0.7,0.4,0.7,0,414,7.91,20.38
2026-06-06 08:03:07.995,0.4,0.7,0.0,0.6,0,414,7.91,20.38
2026-06-06 08:03:08.457,0.4,0.7,0.0,0.6,0,414,7.91,20.38
2026-06-06 08:03:08.960,0.4,0.7,0.0,0.7,0,0,7.91,26.44
2026-06-06 08:03:09.458,0.4,0.7,0.0,0.7,0,414,7.91,20.38
2026-06-06 08:03:09.947,0.4,0.7,0.0,0.7,0,414,7.91,20.38
2026-06-06 08:03:10.448,0.4,0.7,0.0,0.9,0,414,7.91,20.38
2026-06-06 08:03:11.007,0.4,0.7,0.0,0.8,0,411,7.91,20.42
2026-06-06 08:03:11.979,0.4,0.7,0.0,0.9,0,415,7.91,20.36
2026-06-06 08:03:11.980,0.4,0.7,0.0,0.8,0,421,7.91,20.27
2026-06-06 08:03:12.983,0.4,0.7,0.0,0.9,0,424,7.91,20.23
2026-06-06 08:03:12.984,0.4,0.7,0.0,1.1,0,425,7.91,20.21
2026-06-06 08:03:13.477,0.4,0.7,0.0,1.2,0,423,7.91,20.24
2026-06-06 08:03:13.981,0.4,0.7,0.0,1.1,0,414,7.91,20.38
2026-06-06 08:03:14.481,0.4,0.7,0.0,1.1,0,414,7.91,20.38
2026-06-06 08:03:14.960,0.4,0.7,0.8,1.2,0,424,7.91,20.23
2026-06-06 08:03:15.496,0.4,0.7,0.8,1.2,0,413,7.91,20.39
2026-06-06 08:03:15.995,0.4,0.7,0.8,1.1,0,424,7.91,20.23
2026-06-06 08:03:16.492,0.4,0.7,0.8,1.0,0,414,7.91,20.38
2026-06-06 08:03:16.991,0.4,0.7,0.0,1.0,0,422,7.91,20.26
2026-06-06 08:03:17.480,0.4,0.7,0.0,0.9,0,422,7.91,20.26
2026-06-06 08:03:17.981,0.4,0.7,0.0,0.8,0,422,7.91,20.26
2026-06-06 08:03:18.478,0.4,0.7,0.0,0.9,0,422,7.91,20.26
2026-06-06 08:03:18.991,0.4,0.7,0.0,0.9,0,0,7.91,26.44
2026-06-06 08:03:19.479,0.4,0.7,0.0,0.9,0,408,7.91,20.46
2026-06-06 08:03:19.978,0.4,0.7,0.0,0.9,0,400,7.91,20.58
2026-06-06 08:03:20.473,0.4,0.7,0.0,0.7,0,414,7.91,20.38
2026-06-06 08:03:20.976,0.4,0.7,0.0,0.7,0,415,7.91,20.36
2026-06-06 08:03:21.478,0.4,0.7,0.0,0.7,0,415,7.91,20.36
2026-06-06 08:03:21.975,0.4,0.7,0.0,0.7,0,415,7.91,20.36
2026-06-06 08:03:22.474,0.4,0.7,0.0,0.7,0,415,7.91,20.36
2026-06-06 08:03:22.955,0.4,0.7,0.0,0.7,0,0,7.91,26.44
2026-06-06 08:03:23.471,0.4,0.7,0.5,0.5,0,415,7.91,20.36
2026-06-06 08:03:23.970,0.4,0.7,0.5,0.5,0,428,7.91,20.17
2026-06-06 08:03:24.478,0.4,0.7,0.5,0.5,0,414,7.91,20.38
2026-06-06 08:03:24.976,0.4,0.7,0.5,0.5,0,414,7.91,20.38
2026-06-06 08:03:25.477,0.4,0.7,0.5,0.0,0,423,7.91,20.24
2026-06-06 08:03:25.983,0.4,0.7,0.5,0.6,0,414,7.91,20.38
2026-06-06 08:03:26.458,0.4,0.7,0.0,0.6,0,415,7.91,20.36
2026-06-06 08:03:26.987,0.4,0.7,0.0,0.6,0,412,7.91,20.41
2026-06-06 08:03:27.454,0.4,0.7,0.5,0.6,0,412,7.91,20.41
2026-06-06 08:03:27.991,0.4,0.7,0.5,0.0,0,416,7.91,20.35
2026-06-06 08:03:28.494,0.4,0.7,0.5,0.9,0,415,7.91,20.36
2026-06-06 08:03:28.992,0.4,0.7,0.5,0.9,0,415,7.91,20.36
2026-06-06 08:03:29.481,0.4,0.7,0.0,1.1,0,423,7.91,20.24
2026-06-06 08:03:29.983,0.4,0.7,0.9,1.1,0,415,7.91,20.36
2026-06-06 08:03:30.477,0.4,0.7,0.9,1.1,0,415,7.91,20.36
2026-06-06 08:03:30.975,0.4,0.7,1.0,1.1,0,423,7.91,20.24
2026-06-06 08:03:31.477,0.4,0.7,1.2,0.0,0,416,7.91,20.35
2026-06-06 08:03:31.977,0.4,0.7,1.2,0.0,0,415,7.91,20.36
2026-06-06 08:03:32.670,0.4,0.7,1.2,0.0,0,415,7.91,20.36
2026-06-06 08:03:32.976,0.4,0.7,0.9,0.0,0,415,7.91,20.36
2026-06-06 08:03:32.976,0.4,0.7,0.5,0.0,0,424,7.91,20.23
2026-06-06 08:03:33.509,0.4,0.7,0.6,0.0,0,424,7.91,20.23
2026-06-06 08:03:33.959,0.4,0.7,0.6,0.0,0,423,7.91,20.24
2026-06-06 08:03:34.677,0.4,0.6,0.6,0.0,0,423,7.91,20.24
2026-06-06 08:03:34.959,0.4,0.6,0.6,0.0,0,415,7.91,20.36
2026-06-06 08:03:35.012,0.4,0.6,1.0,0.0,0,422,7.91,20.26
2026-06-06 08:03:35.479,0.4,0.6,0.9,0.0,0,414,7.91,20.38
2026-06-06 08:03:35.957,0.4,0.6,0.9,0.0,0,415,7.91,20.36
2026-06-06 08:03:36.513,0.4,0.6,0.6,0.5,0,423,7.91,20.24
2026-06-06 08:03:37.009,0.4,0.6,0.5,0.5,0,414,7.91,20.38
2026-06-06 08:03:37.979,0.4,0.6,0.5,0.5,0,414,7.91,20.38
2026-06-06 08:03:37.982,0.4,0.6,0.5,0.5,0,414,7.91,20.38
2026-06-06 08:03:38.502,0.4,0.6,0.5,0.0,0,415,7.91,20.36
2026-06-06 08:03:39.001,0.4,0.6,0.5,0.0,0,415,7.91,20.36
2026-06-06 08:03:39.503,0.4,0.6,0.5,0.0,0,423,7.91,20.24
2026-06-06 08:03:40.507,0.4,0.6,0.5,0.0,0,423,7.91,20.24
2026-06-06 08:03:40.508,0.4,0.6,0.5,0.0,0,423,7.91,20.24
2026-06-06 08:03:41.012,0.4,0.6,0.6,0.0,0,423,7.91,20.24
2026-06-06 08:03:41.479,0.4,0.6,0.5,0.0,0,415,7.91,20.36
2026-06-06 08:03:41.998,0.4,0.6,0.5,0.0,0,424,7.91,20.23
2026-06-06 08:03:42.511,0.4,0.6,0.5,0.0,0,422,7.91,20.26
2026-06-06 08:03:42.993,0.4,0.6,0.6,0.0,0,424,7.91,20.23
2026-06-06 08:03:43.527,0.4,0.6,0.7,0.6,0,424,7.91,20.23
2026-06-06 08:03:44.009,0.4,0.6,0.7,0.6,0,424,7.91,20.23
2026-06-06 08:03:44.507,0.4,0.6,0.7,0.6,0,424,7.91,20.23
2026-06-06 08:03:45.008,0.4,0.6,0.6,0.6,0,0,7.91,26.44
2026-06-06 08:03:45.510,0.4,0.6,0.6,0.0,0,424,7.91,20.23
2026-06-06 08:03:45.996,0.4,0.6,0.6,0.0,0,414,7.91,20.38
2026-06-06 08:03:46.496,0.4,0.6,0.6,0.0,0,416,7.91,20.35
2026-06-06 08:03:46.991,0.4,0.6,0.6,0.0,0,413,7.91,20.39
2026-06-06 08:03:47.495,0.4,0.6,0.6,0.4,0,413,7.91,20.39
2026-06-06 08:03:47.994,0.4,0.6,0.6,0.5,0,415,7.91,20.36
2026-06-06 08:03:48.495,0.4,0.6,0.6,0.5,0,424,7.91,20.23
2026-06-06 08:03:48.992,0.4,0.6,0.7,0.5,0,424,7.91,20.23
2026-06-06 08:03:49.472,0.4,0.6,0.8,0.5,0,423,7.91,20.24
2026-06-06 08:03:50.022,0.4,0.6,0.8,0.5,0,423,7.91,20.24
2026-06-06 08:03:50.518,0.4,0.6,0.9,0.5,0,423,7.91,20.24
2026-06-06 08:03:50.976,0.4,0.6,1.0,0.5,0,423,7.91,20.24
2026-06-06 08:03:51.505,0.4,0.6,1.0,0.0,0,423,7.91,20.24
2026-06-06 08:03:52.008,0.4,0.6,1.3,0.0,0,423,7.91,20.24
2026-06-06 08:03:52.508,0.4,0.6,1.4,0.0,0,423,7.91,20.24
2026-06-06 08:03:53.007,0.4,0.6,1.4,0.0,0,416,7.91,20.35
2026-06-06 08:03:53.508,0.4,0.6,1.4,0.5,0,423,7.91,20.24
2026-06-06 08:03:54.008,0.4,0.6,1.5,0.5,0,424,7.91,20.23
2026-06-06 08:03:54.507,0.4,0.6,1.6,0.5,0,414,7.91,20.38
2026-06-06 08:03:54.981,0.4,0.6,1.6,0.5,0,424,7.91,20.23
2026-06-06 08:03:55.478,0.4,0.6,1.4,0.0,0,416,7.91,20.35
2026-06-06 08:03:55.971,0.4,0.6,1.3,0.0,0,423,7.91,20.24
2026-06-06 08:03:56.519,0.4,0.6,1.2,0.0,0,423,7.91,20.24
2026-06-06 08:03:57.020,0.4,0.6,1.1,0.0,0,424,7.91,20.23
2026-06-06 08:03:57.498,0.4,0.6,1.0,0.0,0,423,7.91,20.24
2026-06-06 08:03:57.990,0.4,0.6,0.9,0.6,0,412,7.91,20.41
2026-06-06 08:03:58.498,0.4,0.6,0.9,0.6,0,416,7.91,20.35
2026-06-06 08:03:58.981,0.4,0.6,0.9,0.6,0,424,7.91,20.23
2026-06-06 08:03:59.481,0.4,0.6,0.9,0.6,0,424,7.91,20.23
2026-06-06 08:03:59.982,0.4,0.6,1.0,0.0,0,424,7.91,20.23
2026-06-06 08:04:00.512,0.4,0.6,1.0,0.0,0,424,7.91,20.23
2026-06-06 08:04:01.006,0.4,0.6,1.0,0.0,0,0,7.91,26.44
2026-06-06 08:04:01.507,0.4,0.6,1.0,0.0,0,424,7.91,20.23
2026-06-06 08:04:02.007,0.4,0.6,1.2,0.0,0,424,7.91,20.23
2026-06-06 08:04:02.512,0.4,0.6,1.5,0.0,0,423,7.91,20.24
2026-06-06 08:04:03.007,0.4,0.6,1.7,0.0,0,423,7.91,20.24
2026-06-06 08:04:03.528,0.4,0.6,1.9,0.0,0,423,7.91,20.24
2026-06-06 08:04:03.999,0.4,0.6,2.0,0.0,0,423,7.91,20.24
2026-06-06 08:04:04.487,0.4,0.6,1.9,0.0,0,423,7.91,20.24
2026-06-06 08:04:05.020,0.4,0.6,1.9,0.0,0,0,7.91,26.44
2026-06-06 08:04:05.477,0.4,0.6,1.9,0.0,0,424,7.91,20.23
2026-06-06 08:04:05.999,0.4,0.6,1.8,0.0,0,423,7.91,20.24
2026-06-06 08:04:06.510,0.4,0.6,1.7,0.0,0,423,7.91,20.24
2026-06-06 08:04:07.012,0.4,0.6,1.7,0.0,0,423,7.91,20.24
2026-06-06 08:04:07.479,0.4,0.6,1.5,0.0,0,413,7.91,20.39
2026-06-06 08:04:07.978,0.4,0.6,1.5,0.0,0,423,7.91,20.24
2026-06-06 08:04:08.484,0.4,0.6,1.5,0.4,0,422,7.91,20.26
2026-06-06 08:04:09.032,0.4,0.6,1.6,0.4,0,415,7.91,20.36
2026-06-06 08:04:09.478,0.4,0.6,1.6,0.4,0,415,7.91,20.36
2026-06-06 08:04:09.979,0.4,0.6,1.5,0.4,0,415,7.91,20.36
2026-06-06 08:04:10.478,0.4,0.6,1.5,0.0,0,415,7.91,20.36
2026-06-06 08:04:11.030,0.4,0.6,1.5,0.0,0,422,7.91,20.26
2026-06-06 08:04:11.481,0.4,0.6,1.5,0.0,0,426,7.91,20.20
2026-06-06 08:04:12.538,0.4,0.6,1.6,0.0,0,416,7.91,20.35
2026-06-06 08:04:12.539,0.4,0.6,1.7,0.0,0,425,7.91,20.21
2026-06-06 08:04:13.007,0.4,0.6,1.7,0.0,0,415,7.91,20.36
2026-06-06 08:04:14.030,0.4,0.6,1.6,0.7,0,426,7.91,20.20
2026-06-06 08:04:14.031,0.4,0.6,1.6,0.7,0,394,7.91,20.67
2026-06-06 08:04:14.536,0.4,0.6,1.6,0.7,0,423,7.91,20.24
2026-06-06 08:04:14.984,0.4,0.6,1.6,0.7,0,422,7.91,20.26
2026-06-06 08:04:16.015,0.4,0.6,1.5,0.0,0,424,7.91,20.23
2026-06-06 08:04:16.016,0.4,0.6,1.3,0.6,0,416,7.91,20.35
2026-06-06 08:04:16.507,0.4,0.6,1.2,0.6,0,415,7.91,20.36
2026-06-06 08:04:16.991,0.4,0.6,1.2,0.6,0,424,7.91,20.23
2026-06-06 08:04:17.540,0.4,0.6,1.3,0.6,0,416,7.91,20.35
2026-06-06 08:04:18.008,0.4,0.6,1.4,0.0,0,422,7.91,20.26
2026-06-06 08:04:18.512,0.4,0.6,1.3,0.0,0,424,7.91,20.23
2026-06-06 08:04:19.022,0.4,0.6,1.1,0.0,0,423,7.91,20.24
2026-06-06 08:04:19.538,0.4,0.6,0.8,0.6,0,423,7.91,20.24
2026-06-06 08:04:20.027,0.4,0.6,0.5,0.6,0,423,7.91,20.24
2026-06-06 08:04:20.510,0.4,0.6,0.6,0.6,0,423,7.91,20.24
2026-06-06 08:04:20.993,0.4,0.6,0.7,0.7,0,0,7.91,26.44
2026-06-06 08:04:21.497,0.4,0.6,0.9,0.7,0,423,7.91,20.24
2026-06-06 08:04:22.038,0.4,0.6,0.9,0.7,0,415,7.91,20.36
2026-06-06 08:04:22.538,0.4,0.6,1.1,0.6,0,415,7.91,20.36
2026-06-06 08:04:23.023,0.4,0.6,1.1,0.5,0,424,7.91,20.23
2026-06-06 08:04:23.507,0.4,0.6,1.1,0.5,0,424,7.91,20.23
2026-06-06 08:04:23.995,0.4,0.6,0.9,0.5,0,427,7.91,20.19
2026-06-06 08:04:24.538,0.4,0.6,0.9,0.5,0,427,7.91,20.19
2026-06-06 08:04:25.007,0.4,0.6,1.0,0.5,0,423,7.91,20.24
2026-06-06 08:04:26.558,0.4,0.6,0.9,0.6,0,414,7.91,20.38
2026-06-06 08:04:26.561,0.4,0.6,0.7,0.6,0,414,7.91,20.38
2026-06-06 08:04:26.563,0.4,0.6,0.7,0.6,0,414,7.91,20.38
2026-06-06 08:04:27.035,0.4,0.6,0.7,0.6,0,414,7.91,20.38
2026-06-06 08:04:27.538,0.4,0.6,0.7,0.7,0,423,7.91,20.24
2026-06-06 08:04:28.038,0.4,0.6,0.7,0.6,0,423,7.91,20.24
2026-06-06 08:04:28.508,0.4,0.6,0.6,0.6,0,423,7.91,20.24
2026-06-06 08:04:29.006,0.4,0.6,0.5,0.5,0,428,7.91,20.17
2026-06-06 08:04:29.503,0.4,0.6,0.5,0.5,0,424,7.91,20.23
2026-06-06 08:04:29.991,0.4,0.6,0.5,0.4,0,416,7.91,20.35
2026-06-06 08:04:30.495,0.4,0.6,0.5,0.5,0,414,7.91,20.38
2026-06-06 08:04:31.007,0.4,0.6,0.6,0.5,0,415,7.91,20.36
2026-06-06 08:04:31.507,0.4,0.6,0.6,0.5,0,424,7.91,20.23
2026-06-06 08:04:32.007,0.4,0.6,0.6,0.5,0,416,7.91,20.35
2026-06-06 08:04:32.517,0.4,0.6,0.6,0.5,0,415,7.91,20.36
2026-06-06 08:04:33.033,0.4,0.6,0.7,0.6,0,415,7.91,20.36
2026-06-06 08:04:33.533,0.4,0.6,0.7,0.6,0,415,7.91,20.36
2026-06-06 08:04:34.033,0.4,0.6,0.8,0.5,0,426,7.91,20.20
2026-06-06 08:04:35.036,0.4,0.6,0.7,0.5,0,422,7.91,20.26
2026-06-06 08:04:35.037,0.4,0.6,0.7,0.5,0,425,7.91,20.21
2026-06-06 08:04:35.528,0.4,0.6,0.6,0.5,0,424,7.91,20.23
2026-06-06 08:04:36.031,0.4,0.6,0.6,0.5,0,423,7.91,20.24
2026-06-06 08:04:36.534,0.4,0.6,0.6,0.4,0,415,7.91,20.36
2026-06-06 08:04:37.035,0.4,0.6,0.7,0.5,0,430,7.91,20.14
2026-06-06 08:04:37.506,0.4,0.6,0.7,0.5,0,424,7.91,20.23
2026-06-06 08:04:38.008,0.4,0.6,0.6,0.5,0,429,7.91,20.16
2026-06-06 08:04:38.495,0.4,0.6,0.6,0.5,0,429,7.91,20.16
2026-06-06 08:04:39.000,0.4,0.6,0.6,0.5,0,430,7.91,20.14
2026-06-06 08:04:39.508,0.4,0.6,0.5,0.4,0,430,7.91,20.14
2026-06-06 08:04:40.031,0.4,0.6,0.5,0.5,0,430,7.91,20.14
2026-06-06 08:04:40.532,0.4,0.6,0.5,0.4,0,430,7.91,20.14
2026-06-06 08:04:41.000,0.4,0.6,0.6,0.5,0,430,7.91,20.14
2026-06-06 08:04:41.528,0.4,0.6,0.6,0.5,0,428,7.91,20.17
2026-06-06 08:04:42.039,0.4,0.6,0.6,0.5,0,428,7.91,20.17
2026-06-06 08:04:42.537,0.4,0.6,0.6,0.4,0,428,7.91,20.17
2026-06-06 08:04:43.022,0.4,0.6,0.6,0.4,0,428,7.91,20.17
2026-06-06 08:04:43.532,0.4,0.6,0.6,0.5,0,430,7.91,20.14
2026-06-06 08:04:44.039,0.4,0.6,0.5,0.4,0,430,7.91,20.14
2026-06-06 08:04:44.513,0.4,0.6,0.5,0.4,0,429,7.91,20.16
2026-06-06 08:04:44.990,0.4,0.6,0.5,0.5,0,430,7.91,20.14
2026-06-06 08:04:45.537,0.4,0.6,0.5,0.4,0,430,7.91,20.14
2026-06-06 08:04:46.008,0.4,0.6,0.5,0.4,0,430,7.91,20.14
2026-06-06 08:04:46.539,0.4,0.6,0.5,0.4,0,430,7.91,20.14
2026-06-06 08:04:47.038,0.4,0.6,0.5,0.4,0,0,7.91,26.44
2026-06-06 08:04:47.527,0.4,0.6,0.4,0.5,0,430,7.91,20.14
2026-06-06 08:04:48.038,0.4,0.6,0.5,0.5,0,428,7.91,20.17
2026-06-06 08:04:48.538,0.4,0.6,0.5,0.5,0,429,7.91,20.16
2026-06-06 08:04:49.023,0.4,0.6,0.4,0.5,0,430,7.91,20.14
2026-06-06 08:04:49.511,0.4,0.6,0.5,0.5,0,429,7.91,20.16
2026-06-06 08:04:50.007,0.4,0.6,0.5,0.5,0,429,7.91,20.16
2026-06-06 08:04:50.506,0.4,0.6,0.4,0.4,0,430,7.91,20.14
2026-06-06 08:04:51.050,0.4,0.6,0.4,0.4,0,428,7.91,20.17
2026-06-06 08:04:51.529,0.4,0.6,0.4,0.4,0,429,7.91,20.16
2026-06-06 08:04:52.024,0.4,0.6,0.5,0.4,0,429,7.91,20.16
2026-06-06 08:04:52.527,0.4,0.6,0.6,0.4,0,429,7.91,20.16
2026-06-06 08:04:53.023,0.4,0.6,0.6,0.4,0,429,7.91,20.16
2026-06-06 08:04:53.522,0.4,0.6,0.5,0.4,0,460,7.91,19.70
2026-06-06 08:04:54.021,0.4,0.6,0.5,0.4,0,488,7.91,19.29
2026-06-06 08:04:54.523,0.4,0.6,0.5,0.4,0,494,7.91,19.20
2026-06-06 08:04:55.018,0.4,0.6,0.6,0.5,0,488,7.91,19.29
2026-06-06 08:04:55.497,0.4,0.6,0.5,0.5,0,480,7.91,19.41
2026-06-06 08:04:56.023,0.4,0.6,0.5,0.5,0,606,7.91,17.56
2026-06-06 08:04:56.525,0.4,0.6,0.5,0.5,0,607,7.91,17.55
2026-06-06 08:04:57.025,0.4,0.6,0.5,0.7,0,607,7.91,17.55
2026-06-06 08:04:57.523,0.4,0.6,0.8,0.9,0,616,7.91,17.42
2026-06-06 08:04:58.020,0.4,0.6,0.9,1.0,0,616,7.91,17.42
2026-06-06 08:04:58.502,0.4,0.6,0.8,1.0,0,621,7.91,17.34
2026-06-06 08:04:59.024,0.4,0.6,0.8,1.0,0,616,7.91,17.42
2026-06-06 08:04:59.538,0.4,0.6,1.0,1.0,0,616,7.91,17.42
2026-06-06 08:05:00.040,0.4,0.6,1.0,0.9,0,608,7.91,17.53
2026-06-06 08:05:00.508,0.4,0.6,0.9,1.0,0,616,7.91,17.42
2026-06-06 08:05:01.006,0.4,0.6,1.0,1.0,0,619,7.91,17.37
2026-06-06 08:05:01.508,0.4,0.6,1.0,0.9,0,617,7.91,17.40
2026-06-06 08:05:02.008,0.4,0.6,1.1,1.0,0,617,7.91,17.40
2026-06-06 08:05:02.513,0.4,0.6,1.1,1.0,0,617,7.91,17.40
2026-06-06 08:05:03.037,0.4,0.6,1.1,1.0,0,617,7.91,17.40
2026-06-06 08:05:03.510,0.4,0.6,1.1,1.0,0,668,7.91,16.66
2026-06-06 08:05:04.008,0.4,0.6,1.1,1.0,0,681,7.91,16.46
2026-06-06 08:05:04.509,0.4,0.6,1.0,1.0,0,714,7.91,15.98
2026-06-06 08:05:05.007,0.4,0.6,1.0,1.0,0,718,7.91,15.92
2026-06-06 08:05:05.537,0.4,0.6,0.8,1.0,0,718,7.91,15.92
2026-06-06 08:05:06.063,0.4,0.6,0.6,1.2,0,718,7.91,15.92
2026-06-06 08:05:06.567,0.4,0.6,0.5,1.2,0,718,7.91,15.92
2026-06-06 08:05:07.069,0.4,0.6,0.6,1.2,0,0,7.91,26.44
2026-06-06 08:05:07.508,0.4,0.6,0.8,1.1,0,746,7.91,15.51
2026-06-06 08:05:08.008,0.4,0.6,0.8,1.0,0,746,7.91,15.51
2026-06-06 08:05:08.511,0.4,0.6,1.1,1.0,0,746,7.91,15.51
2026-06-06 08:05:09.507,0.4,0.6,1.1,0.8,0,746,7.91,15.51
2026-06-06 08:05:09.568,0.4,0.6,1.1,0.7,0,748,7.91,15.48
2026-06-06 08:05:10.011,0.4,0.6,1.1,0.6,0,745,7.91,15.53
2026-06-06 08:05:10.538,0.4,0.6,1.1,0.5,0,746,7.91,15.51
2026-06-06 08:05:11.038,0.4,0.6,1.2,0.4,0,748,7.91,15.48
2026-06-06 08:05:11.539,0.4,0.6,1.2,0.4,0,748,7.91,15.48
2026-06-06 08:05:12.012,0.4,0.6,1.3,0.5,0,856,7.91,13.90
2026-06-06 08:05:12.542,0.4,0.6,1.3,0.5,0,857,7.91,13.89
2026-06-06 08:05:13.038,0.4,0.6,1.2,0.6,0,857,7.91,13.89
2026-06-06 08:05:13.525,0.4,0.6,1.2,0.6,0,860,7.91,13.84
2026-06-06 08:05:14.009,0.4,0.6,1.3,0.6,0,861,7.91,13.83
2026-06-06 08:05:14.507,0.4,0.6,1.3,0.5,0,872,7.91,13.67
2026-06-06 08:05:15.069,0.4,0.6,1.3,0.5,0,871,7.91,13.68
2026-06-06 08:05:15.568,0.4,0.6,1.4,0.5,0,873,7.91,13.65
2026-06-06 08:05:16.058,0.4,0.6,1.4,0.5,0,872,7.91,13.67
2026-06-06 08:05:16.553,0.4,0.6,1.4,0.5,0,876,7.91,13.61
2026-06-06 08:05:17.069,0.4,0.6,1.3,0.5,0,875,7.91,13.62
2026-06-06 08:05:17.567,0.4,0.6,1.3,0.4,0,875,7.91,13.62
2026-06-06 08:05:18.069,0.4,0.6,1.3,0.4,0,876,7.91,13.61
2026-06-06 08:05:18.569,0.4,0.6,1.3,0.4,0,888,7.91,13.43
2026-06-06 08:05:19.054,0.4,0.6,1.2,0.4,0,876,7.91,13.61
2026-06-06 08:05:19.537,0.4,0.6,1.2,0.4,0,876,7.91,13.61
2026-06-06 08:05:20.038,0.4,0.6,1.3,0.4,0,880,7.91,13.55
2026-06-06 08:05:20.539,0.4,0.6,1.3,0.4,0,857,7.91,13.89
2026-06-06 08:05:21.039,0.4,0.6,1.3,0.5,0,856,7.91,13.90
2026-06-06 08:05:21.523,0.4,0.6,1.4,0.5,0,856,7.91,13.90
2026-06-06 08:05:22.023,0.4,0.6,1.4,0.5,0,856,7.91,13.90
2026-06-06 08:05:22.522,0.4,0.6,1.3,0.4,0,859,7.91,13.86
2026-06-06 08:05:23.020,0.4,0.6,1.2,0.4,0,859,7.91,13.86
2026-06-06 08:05:23.531,0.4,0.6,1.2,0.4,0,859,7.91,13.86
2026-06-06 08:05:24.039,0.4,0.6,1.2,0.4,0,856,7.91,13.90
2026-06-06 08:05:24.538,0.4,0.6,1.1,0.4,0,858,7.91,13.87
2026-06-06 08:05:25.056,0.4,0.6,1.0,0.4,0,856,7.91,13.90
2026-06-06 08:05:25.520,0.4,0.6,1.0,0.4,0,856,7.91,13.90
2026-06-06 08:05:26.033,0.4,0.6,1.1,0.4,0,859,7.91,13.86
2026-06-06 08:05:26.538,0.4,0.6,1.2,0.4,0,872,7.91,13.67
2026-06-06 08:05:27.061,0.4,0.6,1.4,0.4,0,857,7.91,13.89
2026-06-06 08:05:27.560,0.4,0.6,1.6,0.6,0,858,7.91,13.87
2026-06-06 08:05:28.032,0.4,0.6,1.5,0.8,0,858,7.91,13.87
2026-06-06 08:05:28.538,0.4,0.6,1.4,1.1,0,858,7.91,13.87
2026-06-06 08:05:29.040,0.4,0.6,1.4,1.2,0,858,7.91,13.87
2026-06-06 08:05:29.538,0.4,0.6,1.1,1.3,0,857,7.91,13.89
2026-06-06 08:05:30.034,0.4,0.6,1.1,1.2,0,858,7.91,13.87
2026-06-06 08:05:30.539,0.4,0.6,1.0,1.3,0,856,7.91,13.90
2026-06-06 08:05:31.030,0.4,0.6,0.7,1.3,0,857,7.91,13.89
2026-06-06 08:05:32.038,0.4,0.6,0.6,1.1,0,857,7.91,13.89
2026-06-06 08:05:32.039,0.4,0.6,0.5,0.6,0,857,7.91,13.89
2026-06-06 08:05:32.538,0.4,0.6,0.5,0.5,0,857,7.91,13.89
2026-06-06 08:05:33.055,0.4,0.6,0.5,0.5,0,848,7.91,14.02
2026-06-06 08:05:33.564,0.4,0.6,0.5,0.5,0,857,7.91,13.89
2026-06-06 08:05:34.030,0.4,0.6,0.5,0.5,0,857,7.91,13.89
2026-06-06 08:05:34.540,0.4,0.6,0.5,0.4,0,857,7.91,13.89
2026-06-06 08:05:35.053,0.4,0.6,0.5,0.4,0,857,7.91,13.89
2026-06-06 08:05:35.568,0.4,0.6,0.5,0.4,0,857,7.91,13.89
2026-06-06 08:05:36.074,0.4,0.6,0.6,0.4,0,861,7.91,13.83
2026-06-06 08:05:36.537,0.4,0.6,0.6,0.5,0,846,7.91,14.05
2026-06-06 08:05:37.038,0.4,0.6,0.8,0.5,0,858,7.91,13.87
2026-06-06 08:05:37.538,0.4,0.6,0.8,0.5,0,858,7.91,13.87
2026-06-06 08:05:38.037,0.4,0.6,0.8,0.5,0,857,7.91,13.89
2026-06-06 08:05:38.561,0.4,0.6,0.8,0.4,0,857,7.91,13.89
2026-06-06 08:05:39.084,0.4,0.6,0.9,0.4,0,857,7.91,13.89
2026-06-06 08:05:39.556,0.4,0.6,0.9,0.4,0,857,7.91,13.89
2026-06-06 08:05:40.067,0.4,0.6,0.9,0.4,0,859,7.91,13.86
2026-06-06 08:05:40.561,0.4,0.6,0.8,0.4,0,862,7.91,13.81
2026-06-06 08:05:41.062,0.4,0.6,0.9,0.4,0,848,7.91,14.02
2026-06-06 08:05:42.069,0.4,0.6,1.2,0.5,0,848,7.91,14.02
2026-06-06 08:05:42.070,0.4,0.6,1.2,0.4,0,848,7.91,14.02
2026-06-06 08:05:42.567,0.4,0.6,1.5,0.5,0,857,7.91,13.89
2026-06-06 08:05:43.039,0.4,0.6,1.5,0.5,0,856,7.91,13.90
2026-06-06 08:05:43.568,0.4,0.6,1.5,0.5,0,857,7.91,13.89
2026-06-06 08:05:44.062,0.4,0.6,1.5,0.4,0,857,7.91,13.89
2026-06-06 08:05:44.569,0.4,0.6,1.4,0.4,0,857,7.91,13.89
2026-06-06 08:05:45.089,0.4,0.6,1.3,0.5,0,857,7.91,13.89
2026-06-06 08:05:45.538,0.4,0.6,1.2,0.5,0,857,7.91,13.89
2026-06-06 08:05:46.037,0.4,0.6,1.1,0.5,0,861,7.91,13.83
2026-06-06 08:05:46.588,0.4,0.6,1.0,0.5,0,858,7.91,13.87
2026-06-06 08:05:47.061,0.4,0.6,0.9,0.4,0,858,7.91,13.87
2026-06-06 08:05:47.563,0.4,0.6,1.0,0.4,0,858,7.91,13.87
2026-06-06 08:05:48.567,0.4,0.6,1.0,0.4,0,858,7.91,13.87
2026-06-06 08:05:48.568,0.4,0.6,1.0,0.4,0,858,7.91,13.87
2026-06-06 08:05:49.288,0.4,0.6,1.0,0.4,0,858,7.91,13.87
2026-06-06 08:05:49.561,0.4,0.6,1.1,0.4,0,0,7.91,26.44
2026-06-06 08:05:49.561,0.4,0.6,1.0,0.5,0,856,7.91,13.90
2026-06-06 08:05:50.083,0.4,0.6,0.9,0.5,0,857,7.91,13.89
2026-06-06 08:05:50.587,0.4,0.6,0.8,0.4,0,856,7.91,13.90
2026-06-06 08:05:51.082,0.4,0.6,0.7,0.5,0,856,7.91,13.90
2026-06-06 08:05:51.584,0.4,0.6,0.6,0.4,0,858,7.91,13.87
2026-06-06 08:05:52.066,0.4,0.6,0.6,0.5,0,857,7.91,13.89
2026-06-06 08:05:52.567,0.4,0.6,0.6,0.5,0,858,7.91,13.87
2026-06-06 08:05:53.068,0.4,0.6,0.8,0.5,0,858,7.91,13.87
2026-06-06 08:05:53.567,0.4,0.6,0.8,0.6,0,856,7.91,13.90
2026-06-06 08:05:54.068,0.4,0.6,0.8,0.6,0,858,7.91,13.87
2026-06-06 08:05:54.538,0.4,0.6,1.0,0.6,0,857,7.91,13.89
2026-06-06 08:05:55.088,0.4,0.6,1.1,0.6,0,857,7.91,13.89
2026-06-06 08:05:55.583,0.4,0.6,1.3,0.6,0,858,7.91,13.87
2026-06-06 08:05:56.085,0.4,0.6,1.3,0.5,0,862,7.91,13.81
2026-06-06 08:05:56.587,0.4,0.6,1.3,0.5,0,858,7.91,13.87
2026-06-06 08:05:57.087,0.4,0.6,1.3,0.5,0,857,7.91,13.89
2026-06-06 08:05:57.583,0.4,0.6,0.9,0.4,0,857,7.91,13.89
2026-06-06 08:05:58.086,0.4,0.6,0.9,0.4,0,858,7.91,13.87
2026-06-06 08:05:58.587,0.4,0.6,0.9,0.5,0,858,7.91,13.87
2026-06-06 08:05:59.071,0.4,0.6,0.5,0.5,0,858,7.91,13.87
2026-06-06 08:05:59.567,0.4,0.6,0.5,0.5,0,858,7.91,13.87
2026-06-06 08:06:00.059,0.4,0.6,0.8,0.5,0,858,7.91,13.87
2026-06-06 08:06:00.569,0.4,0.6,0.8,0.5,0,858,7.91,13.87
2026-06-06 08:06:01.060,0.4,0.6,0.8,0.5,0,858,7.91,13.87
2026-06-06 08:06:01.562,0.4,0.6,0.7,0.5,0,858,7.91,13.87
2026-06-06 08:06:02.057,0.4,0.6,0.7,0.4,0,844,7.91,14.08
2026-06-06 08:06:02.548,0.4,0.6,0.7,0.4,0,858,7.91,13.87
2026-06-06 08:06:03.583,0.4,0.6,0.7,0.4,0,858,7.91,13.87
2026-06-06 08:06:03.584,0.4,0.6,0.0,0.4,0,858,7.91,13.87
2026-06-06 08:06:04.091,0.4,0.6,0.0,0.4,0,858,7.91,13.87
2026-06-06 08:06:04.553,0.4,0.6,0.0,0.4,0,858,7.91,13.87
2026-06-06 08:06:05.056,0.4,0.6,0.8,0.4,0,857,7.91,13.89
2026-06-06 08:06:05.553,0.4,0.6,0.8,0.5,0,858,7.91,13.87
2026-06-06 08:06:06.554,0.4,0.6,0.8,0.5,0,859,7.91,13.86
2026-06-06 08:06:06.554,0.4,0.6,0.5,0.5,0,858,7.91,13.87
2026-06-06 08:06:07.095,0.4,0.6,0.5,0.5,0,857,7.91,13.89
2026-06-06 08:06:07.566,0.4,0.6,0.5,0.6,0,857,7.91,13.89
2026-06-06 08:06:08.098,0.4,0.6,0.4,0.6,0,857,7.91,13.89
2026-06-06 08:06:08.601,0.4,0.6,0.4,0.5,0,857,7.91,13.89
2026-06-06 08:06:09.103,0.4,0.6,0.4,0.5,0,0,7.91,26.44
2026-06-06 08:06:09.600,0.4,0.6,0.5,0.4,0,858,7.91,13.87
2026-06-06 08:06:10.093,0.4,0.6,0.5,0.4,0,857,7.91,13.89
2026-06-06 08:06:10.588,0.4,0.6,0.5,0.4,0,857,7.91,13.89
2026-06-06 08:06:11.551,0.4,0.6,0.5,0.4,0,874,7.91,13.64
2026-06-06 08:06:11.552,0.4,0.6,0.5,0.4,0,858,7.91,13.87
2026-06-06 08:06:12.052,0.4,0.6,0.0,0.4,0,858,7.91,13.87
2026-06-06 08:06:12.580,0.4,0.6,0.0,0.4,0,857,7.91,13.89
2026-06-06 08:06:13.053,0.4,0.6,0.0,0.4,0,858,7.91,13.87
2026-06-06 08:06:13.594,0.4,0.6,0.5,0.4,0,858,7.91,13.87
2026-06-06 08:06:14.039,0.4,0.6,0.5,0.4,0,858,7.91,13.87
2026-06-06 08:06:14.567,0.4,0.6,0.5,0.4,0,859,7.91,13.86
2026-06-06 08:06:15.079,0.4,0.6,0.5,0.4,0,858,7.91,13.87
2026-06-06 08:06:15.582,0.4,0.6,0.5,0.4,0,858,7.91,13.87
2026-06-06 08:06:16.088,0.4,0.6,0.5,0.4,0,856,7.91,13.90
2026-06-06 08:06:16.558,0.4,0.6,0.5,0.4,0,858,7.91,13.87
2026-06-06 08:06:17.082,0.4,0.6,0.0,0.4,0,859,7.91,13.86
2026-06-06 08:06:17.568,0.4,0.6,0.0,0.4,0,858,7.91,13.87
2026-06-06 08:06:18.068,0.4,0.6,0.0,0.4,0,873,7.91,13.65
2026-06-06 08:06:18.568,0.4,0.6,0.0,0.4,0,843,7.91,14.09
2026-06-06 08:06:19.104,0.4,0.6,0.4,0.4,0,858,7.91,13.87
2026-06-06 08:06:19.562,0.4,0.6,0.4,0.5,0,858,7.91,13.87
2026-06-06 08:06:20.062,0.4,0.6,0.4,0.5,0,858,7.91,13.87
2026-06-06 08:06:20.568,0.4,0.6,0.5,0.4,0,859,7.91,13.86
2026-06-06 08:06:21.098,0.4,0.6,0.5,0.5,0,873,7.91,13.65
2026-06-06 08:06:21.598,0.4,0.6,0.5,0.5,0,858,7.91,13.87
2026-06-06 08:06:22.067,0.4,0.6,0.5,0.6,0,857,7.91,13.89
2026-06-06 08:06:22.598,0.4,0.6,0.5,0.5,0,857,7.91,13.89
2026-06-06 08:06:23.560,0.4,0.6,0.0,0.5,0,858,7.91,13.87
2026-06-06 08:06:23.561,0.4,0.6,0.0,0.5,0,858,7.91,13.87
2026-06-06 08:06:24.069,0.4,0.6,0.5,0.4,0,858,7.91,13.87
2026-06-06 08:06:24.567,0.4,0.6,0.5,0.4,0,858,7.91,13.87
2026-06-06 08:06:25.067,0.4,0.6,0.5,0.4,0,0,7.91,26.44
2026-06-06 08:06:25.600,0.4,0.6,0.5,0.4,0,857,7.91,13.89
2026-06-06 08:06:26.062,0.4,0.6,0.5,0.5,0,858,7.91,13.87
2026-06-06 08:06:26.567,0.4,0.6,0.6,0.5,0,859,7.91,13.86
2026-06-06 08:06:27.061,0.4,0.6,0.6,0.6,0,858,7.91,13.87
2026-06-06 08:06:27.567,0.4,0.6,0.6,0.6,0,858,7.91,13.87
2026-06-06 08:06:28.100,0.4,0.6,0.6,0.6,0,857,7.91,13.89
2026-06-06 08:06:28.560,0.4,0.6,0.0,0.6,0,857,7.91,13.89
2026-06-06 08:06:29.592,0.4,0.6,0.0,0.6,0,857,7.91,13.89
2026-06-06 08:06:29.593,0.4,0.6,0.0,0.6,0,857,7.91,13.89
2026-06-06 08:06:30.100,0.4,0.6,0.0,0.5,0,857,7.91,13.89
2026-06-06 08:06:30.567,0.4,0.6,0.4,0.5,0,857,7.91,13.89
2026-06-06 08:06:31.055,0.4,0.6,0.4,0.5,0,857,7.91,13.89
2026-06-06 08:06:31.808,0.4,0.5,0.5,0.5,0,857,7.91,13.89
2026-06-06 08:06:32.057,0.4,0.5,0.4,0.6,0,858,7.91,13.87
2026-06-06 08:06:32.057,0.4,0.5,0.4,0.6,0,857,7.91,13.89
2026-06-06 08:06:32.591,0.4,0.5,0.0,0.6,0,860,7.91,13.84
2026-06-06 08:06:33.055,0.4,0.5,0.0,0.5,0,860,7.91,13.84
2026-06-06 08:06:33.616,0.4,0.5,0.0,0.6,0,860,7.91,13.84
2026-06-06 08:06:34.118,0.4,0.5,0.0,0.6,0,857,7.91,13.89
2026-06-06 08:06:34.618,0.4,0.5,0.0,0.7,0,857,7.91,13.89
2026-06-06 08:06:35.054,0.4,0.5,0.4,0.8,0,857,7.91,13.89
2026-06-06 08:06:35.555,0.4,0.5,0.4,0.8,0,857,7.91,13.89
2026-06-06 08:06:36.104,0.4,0.5,0.4,0.9,0,829,7.91,14.30
2026-06-06 08:06:36.605,0.4,0.5,0.4,0.9,0,873,7.91,13.65
2026-06-06 08:06:37.100,0.4,0.5,0.0,0.9,0,859,7.91,13.86
2026-06-06 08:06:37.598,0.4,0.5,0.0,0.8,0,861,7.91,13.83
2026-06-06 08:06:38.100,0.4,0.5,0.0,0.8,0,859,7.91,13.86
2026-06-06 08:06:38.600,0.4,0.5,0.0,0.7,0,857,7.91,13.89
2026-06-06 08:06:39.067,0.4,0.5,0.0,0.6,0,860,7.91,13.84
2026-06-06 08:06:39.582,0.4,0.5,0.5,0.5,0,858,7.91,13.87
2026-06-06 08:06:40.612,0.4,0.5,0.5,0.5,0,858,7.91,13.87
2026-06-06 08:06:40.613,0.4,0.5,0.5,0.5,0,858,7.91,13.87
2026-06-06 08:06:41.065,0.4,0.5,0.5,0.4,0,858,7.91,13.87
2026-06-06 08:06:41.586,0.4,0.5,0.0,0.4,0,859,7.91,13.86
2026-06-06 08:06:42.087,0.4,0.5,0.0,0.5,0,846,7.91,14.05
2026-06-06 08:06:42.584,0.4,0.5,0.4,0.5,0,856,7.91,13.90
2026-06-06 08:06:43.082,0.4,0.5,0.5,0.5,0,857,7.91,13.89
2026-06-06 08:06:43.566,0.4,0.5,0.5,0.5,0,857,7.91,13.89
2026-06-06 08:06:44.067,0.4,0.5,0.4,0.6,0,857,7.91,13.89
2026-06-06 08:06:44.615,0.4,0.5,0.4,0.6,0,857,7.91,13.89
2026-06-06 08:06:45.107,0.4,0.5,0.4,0.7,0,0,7.91,26.44
2026-06-06 08:06:45.566,0.4,0.5,0.4,0.7,0,857,7.91,13.89
2026-06-06 08:06:46.096,0.4,0.5,0.4,0.7,0,858,7.91,13.87
2026-06-06 08:06:46.589,0.4,0.5,0.4,0.8,0,858,7.91,13.87
2026-06-06 08:06:47.092,0.4,0.5,0.4,0.9,0,857,7.91,13.89
2026-06-06 08:06:47.587,0.4,0.5,0.4,1.1,0,861,7.91,13.83
2026-06-06 08:06:48.094,0.4,0.5,0.4,1.2,0,858,7.91,13.87
2026-06-06 08:06:48.610,0.4,0.5,0.4,1.2,0,859,7.91,13.86
2026-06-06 08:06:49.099,0.4,0.5,0.4,1.6,0,858,7.91,13.87
2026-06-06 08:06:50.099,0.4,0.5,0.4,1.6,0,858,7.91,13.87
2026-06-06 08:06:50.100,0.4,0.5,0.4,1.6,0,858,7.91,13.87
2026-06-06 08:06:50.602,0.4,0.5,0.4,1.4,0,858,7.91,13.87
2026-06-06 08:06:51.087,0.4,0.5,0.4,1.5,0,0,7.91,26.44
2026-06-06 08:06:51.567,0.4,0.5,0.4,1.6,0,858,7.91,13.87
2026-06-06 08:06:52.094,0.4,0.5,0.4,1.7,0,857,7.91,13.89
2026-06-06 08:06:52.594,0.4,0.5,0.4,1.8,0,857,7.91,13.89
2026-06-06 08:06:53.094,0.4,0.5,0.4,1.7,0,857,7.91,13.89
2026-06-06 08:06:53.587,0.4,0.5,0.5,1.5,0,857,7.91,13.89
2026-06-06 08:06:54.094,0.4,0.5,0.5,1.5,0,857,7.91,13.89
2026-06-06 08:06:54.592,0.4,0.5,0.4,1.4,0,858,7.91,13.87
2026-06-06 08:06:55.284,0.4,0.9,0.9,1.4,0,858,7.91,13.87
2026-06-06 08:06:55.582,0.4,0.9,0.4,1.4,0,859,7.91,13.86
2026-06-06 08:06:55.583,0.4,0.9,0.4,1.5,0,858,7.91,13.87
2026-06-06 08:06:56.083,0.4,0.9,0.4,1.5,0,858,7.91,13.87
2026-06-06 08:06:56.580,0.4,0.9,0.0,1.8,0,857,7.91,13.89
2026-06-06 08:06:57.111,0.4,0.9,0.4,1.7,0,856,7.91,13.90
2026-06-06 08:06:57.615,0.4,0.9,0.4,1.6,0,857,7.91,13.89
2026-06-06 08:06:58.080,0.4,0.9,0.4,1.6,0,858,7.91,13.87
2026-06-06 08:06:58.615,0.4,0.9,0.4,1.6,0,861,7.91,13.83
2026-06-06 08:06:59.585,0.4,0.9,0.4,1.5,0,856,7.91,13.90
2026-06-06 08:06:59.586,0.4,0.9,0.4,1.5,0,856,7.91,13.90
2026-06-06 08:07:00.113,0.4,0.9,0.4,1.6,0,859,7.91,13.86
2026-06-06 08:07:00.613,0.4,0.9,0.4,1.6,0,859,7.91,13.86
2026-06-06 08:07:01.079,0.4,0.9,0.4,1.5,0,859,7.91,13.86
2026-06-06 08:07:01.596,0.4,0.9,0.4,1.4,0,859,7.91,13.86
2026-06-06 08:07:02.113,0.4,0.9,0.4,1.4,0,858,7.91,13.87
2026-06-06 08:07:02.618,0.4,0.9,0.4,1.4,0,858,7.91,13.87
2026-06-06 08:07:03.092,0.4,0.9,0.4,1.3,0,859,7.91,13.86
2026-06-06 08:07:03.589,0.4,0.9,0.4,1.3,0,859,7.91,13.86
2026-06-06 08:07:04.085,0.4,0.9,0.4,1.2,0,858,7.91,13.87
2026-06-06 08:07:04.587,0.4,0.9,0.4,1.2,0,858,7.91,13.87
2026-06-06 08:07:05.087,0.4,0.9,0.4,1.1,0,857,7.91,13.89
2026-06-06 08:07:05.588,0.4,0.9,0.4,1.0,0,858,7.91,13.87
2026-06-06 08:07:06.091,0.4,0.9,0.5,0.9,0,858,7.91,13.87
2026-06-06 08:07:06.589,0.4,0.9,0.5,0.8,0,858,7.91,13.87
2026-06-06 08:07:07.087,0.4,0.9,0.4,0.8,0,858,7.91,13.87
2026-06-06 08:07:07.593,0.4,0.9,0.4,0.8,0,857,7.91,13.89
2026-06-06 08:07:08.088,0.4,0.9,0.4,0.8,0,859,7.91,13.86
2026-06-06 08:07:08.595,0.4,0.9,0.4,0.9,0,858,7.91,13.87
2026-06-06 08:07:09.117,0.4,0.9,0.4,1.0,0,861,7.91,13.83
2026-06-06 08:07:09.623,0.4,0.9,0.4,1.0,0,860,7.91,13.84
2026-06-06 08:07:10.119,0.4,0.9,0.4,0.9,0,858,7.91,13.87
2026-06-06 08:07:10.588,0.4,0.9,0.4,0.9,0,858,7.91,13.87
2026-06-06 08:07:11.092,0.4,0.9,0.4,0.8,0,858,7.91,13.87
2026-06-06 08:07:11.588,0.4,0.9,0.4,0.9,0,857,7.91,13.89
2026-06-06 08:07:12.087,0.4,0.9,0.4,0.9,0,859,7.91,13.86
2026-06-06 08:07:12.612,0.4,0.9,0.4,0.9,0,857,7.91,13.89
2026-06-06 08:07:13.129,0.4,0.9,0.4,1.0,0,858,7.91,13.87
2026-06-06 08:07:13.595,0.4,0.9,0.5,1.0,0,828,7.91,14.31
2026-06-06 08:07:14.117,0.4,0.9,0.5,1.0,0,828,7.91,14.31
2026-06-06 08:07:14.618,0.4,0.9,0.4,2.7,0,859,7.91,13.86
2026-06-06 08:07:15.588,0.4,0.9,0.4,3.0,0,858,7.91,13.87
2026-06-06 08:07:15.647,0.4,0.9,0.4,3.0,0,858,7.91,13.87
2026-06-06 08:07:16.123,0.4,0.9,0.5,3.0,0,858,7.91,13.87
2026-06-06 08:07:16.591,0.4,0.9,0.5,3.0,0,857,7.91,13.89
2026-06-06 08:07:17.099,0.4,0.9,0.4,1.1,0,858,7.91,13.87
2026-06-06 08:07:17.592,0.4,0.9,0.5,0.8,0,859,7.91,13.86
2026-06-06 08:07:18.101,0.4,0.9,0.5,0.8,0,858,7.91,13.87
2026-06-06 08:07:18.587,0.4,0.9,0.5,0.5,0,858,7.91,13.87
2026-06-06 08:07:19.099,0.4,0.9,0.4,0.5,0,859,7.91,13.86
2026-06-06 08:07:19.594,0.4,0.9,0.4,0.4,0,858,7.91,13.87
2026-06-06 08:07:20.087,0.4,0.9,0.4,0.5,0,857,7.91,13.89
2026-06-06 08:07:20.591,0.4,0.9,0.4,0.5,0,858,7.91,13.87
2026-06-06 08:07:21.103,0.4,0.9,0.4,0.8,0,856,7.91,13.90
2026-06-06 08:07:21.630,0.4,0.9,0.4,0.8,0,858,7.91,13.87
2026-06-06 08:07:22.105,0.4,0.9,0.4,1.0,0,858,7.91,13.87
2026-06-06 08:07:22.636,0.4,0.9,0.4,1.0,0,858,7.91,13.87
2026-06-06 08:07:23.134,0.4,0.9,0.4,1.1,0,857,7.91,13.89
2026-06-06 08:07:23.633,0.4,0.9,0.4,1.0,0,857,7.91,13.89
2026-06-06 08:07:24.136,0.4,0.9,0.4,1.0,0,858,7.91,13.87
2026-06-06 08:07:24.622,0.4,0.9,0.4,1.0,0,858,7.91,13.87
2026-06-06 08:07:25.087,0.4,0.9,0.4,1.0,0,859,7.91,13.86
2026-06-06 08:07:25.599,0.4,0.9,0.4,0.9,0,870,7.91,13.70
2026-06-06 08:07:26.137,0.4,0.9,0.4,0.9,0,856,7.91,13.90
2026-06-06 08:07:26.637,0.4,0.9,0.4,0.9,0,856,7.91,13.90
2026-06-06 08:07:27.109,0.4,0.9,0.4,0.7,0,859,7.91,13.86
2026-06-06 08:07:27.622,0.4,0.9,0.4,0.6,0,859,7.91,13.86
2026-06-06 08:07:28.100,0.4,0.9,0.4,0.6,0,858,7.91,13.87
2026-06-06 08:07:28.599,0.4,0.9,0.4,0.4,0,858,7.91,13.87
2026-06-06 08:07:29.099,0.4,0.9,0.4,0.5,0,859,7.91,13.86
2026-06-06 08:07:29.584,0.4,0.9,0.4,0.5,0,859,7.91,13.86
2026-06-06 08:07:30.138,0.4,0.9,0.4,0.4,0,857,7.91,13.89
2026-06-06 08:07:30.593,0.4,0.9,0.4,0.4,0,857,7.91,13.89
2026-06-06 08:07:31.103,0.4,0.9,0.4,0.4,0,858,7.91,13.87
2026-06-06 08:07:31.588,0.4,0.9,0.4,0.5,0,858,7.91,13.87
2026-06-06 08:07:32.092,0.4,0.9,0.4,0.5,0,858,7.91,13.87
2026-06-06 08:07:32.598,0.4,0.9,0.4,0.5,0,859,7.91,13.86
2026-06-06 08:07:33.119,0.4,0.9,0.4,0.5,0,859,7.91,13.86
2026-06-06 08:07:33.598,0.4,0.9,0.4,0.5,0,856,7.91,13.90
2026-06-06 08:07:34.113,0.4,0.9,0.4,0.7,0,859,7.91,13.86
2026-06-06 08:07:34.618,0.4,0.9,0.4,0.7,0,857,7.91,13.89
2026-06-06 08:07:35.127,0.4,0.9,0.4,0.8,0,858,7.91,13.87
2026-06-06 08:07:35.613,0.4,0.9,0.4,0.9,0,858,7.91,13.87
2026-06-06 08:07:36.614,0.4,0.9,0.4,0.9,0,858,7.91,13.87
2026-06-06 08:07:36.615,0.4,0.9,0.4,1.0,0,858,7.91,13.87
2026-06-06 08:07:37.642,0.4,0.9,0.4,1.0,0,856,7.91,13.90
2026-06-06 08:07:37.643,0.4,0.9,0.4,1.0,0,858,7.91,13.87
2026-06-06 08:07:38.332,0.4,0.9,0.4,1.0,0,858,7.91,13.87
2026-06-06 08:07:38.648,0.4,0.9,0.4,1.0,0,858,7.91,13.87
2026-06-06 08:07:38.649,0.4,0.9,0.4,0.9,0,857,7.91,13.89
2026-06-06 08:07:39.147,0.4,0.9,0.4,0.9,0,857,7.91,13.89
2026-06-06 08:07:39.646,0.4,0.9,0.4,0.8,0,858,7.91,13.87
2026-06-06 08:07:40.133,0.4,0.9,0.4,0.9,0,857,7.91,13.89
2026-06-06 08:07:40.591,0.4,0.9,0.4,0.9,0,857,7.91,13.89
2026-06-06 08:07:41.148,0.4,0.9,0.4,0.7,0,857,7.91,13.89
2026-06-06 08:07:41.592,0.4,0.9,0.4,0.6,0,861,7.91,13.83
2026-06-06 08:07:42.092,0.4,0.9,0.4,0.6,0,857,7.91,13.89
2026-06-06 08:07:42.587,0.4,0.9,0.4,0.6,0,857,7.91,13.89
2026-06-06 08:07:43.091,0.4,0.9,0.4,0.6,0,860,7.91,13.84
2026-06-06 08:07:43.645,0.4,0.9,0.4,0.5,0,858,7.91,13.87
2026-06-06 08:07:44.090,0.4,0.9,0.4,0.5,0,857,7.91,13.89
2026-06-06 08:07:44.650,0.4,0.9,0.4,0.5,0,857,7.91,13.89
2026-06-06 08:07:45.113,0.4,0.9,0.4,0.5,0,856,7.91,13.90
2026-06-06 08:07:45.644,0.4,0.9,0.4,0.5,0,858,7.91,13.87
2026-06-06 08:07:46.145,0.4,0.9,0.4,0.5,0,842,7.91,14.11
2026-06-06 08:07:46.638,0.4,0.9,0.4,0.7,0,857,7.91,13.89
2026-06-06 08:07:47.111,0.4,0.9,0.4,0.9,0,862,7.91,13.81
2026-06-06 08:07:47.632,0.4,0.9,0.4,0.9,0,843,7.91,14.09
2026-06-06 08:07:48.115,0.4,0.9,0.4,0.8,0,858,7.91,13.87
2026-06-06 08:07:48.599,0.4,0.9,0.4,0.6,0,858,7.91,13.87
2026-06-06 08:07:49.629,0.4,0.9,0.4,0.5,0,857,7.91,13.89
2026-06-06 08:07:49.630,0.4,0.9,0.4,0.4,0,846,7.91,14.05
2026-06-06 08:07:50.119,0.4,0.9,0.4,0.4,0,859,7.91,13.86
2026-06-06 08:07:50.649,0.4,0.9,0.4,0.5,0,859,7.91,13.86
2026-06-06 08:07:51.110,0.4,0.9,0.4,0.4,0,857,7.91,13.89
2026-06-06 08:07:51.640,0.4,0.9,0.4,0.5,0,858,7.91,13.87
2026-06-06 08:07:52.093,0.4,0.9,0.4,0.4,0,856,7.91,13.90
2026-06-06 08:07:52.649,0.4,0.9,0.4,0.5,0,858,7.91,13.87
2026-06-06 08:07:53.150,0.4,0.9,0.4,0.6,0,858,7.91,13.87
2026-06-06 08:07:53.602,0.4,0.9,0.4,0.6,0,855,7.91,13.92
2026-06-06 08:07:54.121,0.4,0.9,0.4,0.8,0,858,7.91,13.87
2026-06-06 08:07:54.622,0.4,0.9,0.4,0.9,0,858,7.91,13.87
2026-06-06 08:07:55.139,0.4,0.9,0.4,1.0,0,859,7.91,13.86
2026-06-06 08:07:55.614,0.4,0.9,0.4,1.0,0,857,7.91,13.89
2026-06-06 08:07:56.136,0.4,0.9,0.4,1.0,0,858,7.91,13.87
2026-06-06 08:07:56.806,0.4,0.9,0.4,1.0,0,858,7.91,13.87
2026-06-06 08:07:57.114,0.4,0.9,0.4,0.9,0,857,7.91,13.89
2026-06-06 08:07:57.115,0.4,0.9,0.4,0.6,0,857,7.91,13.89
2026-06-06 08:07:57.648,0.4,0.9,0.4,0.5,0,858,7.91,13.87
2026-06-06 08:07:58.115,0.4,0.9,0.4,0.5,0,858,7.91,13.87
2026-06-06 08:07:58.644,0.4,0.9,0.4,0.5,0,858,7.91,13.87
2026-06-06 08:07:59.129,0.4,0.9,0.4,0.5,0,858,7.91,13.87
2026-06-06 08:07:59.611,0.4,0.9,0.4,0.0,0,858,7.91,13.87
2026-06-06 08:08:00.099,0.4,0.9,0.4,0.0,0,858,7.91,13.87
2026-06-06 08:08:00.669,0.4,0.9,0.4,0.0,0,857,7.91,13.89
2026-06-06 08:08:01.647,0.4,0.9,0.4,0.0,0,857,7.91,13.89
2026-06-06 08:08:01.648,0.4,0.9,0.4,0.0,0,857,7.91,13.89
2026-06-06 08:08:02.648,0.4,0.9,0.4,0.0,0,858,7.91,13.87
2026-06-06 08:08:02.649,0.4,0.9,0.4,0.0,0,858,7.91,13.87
2026-06-06 08:08:03.098,0.4,0.9,0.4,0.0,0,859,7.91,13.86
2026-06-06 08:08:03.623,0.4,0.9,0.4,0.0,0,858,7.91,13.87
2026-06-06 08:08:04.150,0.4,0.9,0.4,0.0,0,857,7.91,13.89
2026-06-06 08:08:04.620,0.4,0.9,0.4,0.0,0,858,7.91,13.87
2026-06-06 08:08:05.145,0.4,0.9,0.4,0.0,0,858,7.91,13.87
2026-06-06 08:08:05.631,0.4,0.9,0.4,0.0,0,858,7.91,13.87
2026-06-06 08:08:06.131,0.4,0.9,0.4,0.0,0,858,7.91,13.87
2026-06-06 08:08:06.633,0.4,0.9,0.4,0.0,0,858,7.91,13.87
2026-06-06 08:08:07.130,0.4,0.9,0.4,0.0,0,857,7.91,13.89
2026-06-06 08:08:07.630,0.4,0.9,0.4,0.0,0,857,7.91,13.89
2026-06-06 08:08:08.118,0.4,0.9,0.4,0.0,0,857,7.91,13.89
2026-06-06 08:08:09.136,0.4,0.9,0.4,0.0,0,857,7.91,13.89
2026-06-06 08:08:09.138,0.4,0.9,0.4,0.0,0,858,7.91,13.87
2026-06-06 08:08:09.654,0.4,0.9,0.4,0.0,0,858,7.91,13.87
2026-06-06 08:08:10.119,0.4,0.9,0.4,0.7,0,857,7.91,13.89
2026-06-06 08:08:10.648,0.4,0.9,0.4,0.7,0,858,7.91,13.87
2026-06-06 08:08:11.166,0.4,0.9,0.4,0.7,0,858,7.91,13.87
2026-06-06 08:08:11.624,0.4,0.9,0.4,0.7,0,858,7.91,13.87
2026-06-06 08:08:12.118,0.4,0.9,0.4,0.0,0,858,7.91,13.87
2026-06-06 08:08:12.622,0.4,0.9,0.4,0.0,0,858,7.91,13.87
2026-06-06 08:08:13.119,0.4,0.9,0.4,0.0,0,0,7.91,26.44
2026-06-06 08:08:13.628,0.4,0.9,0.4,0.0,0,861,7.91,13.83
2026-06-06 08:08:14.129,0.4,0.9,0.4,0.0,0,858,7.91,13.87
2026-06-06 08:08:14.631,0.4,0.9,0.4,0.0,0,857,7.91,13.89
2026-06-06 08:08:15.129,0.4,0.9,0.4,0.0,0,859,7.91,13.86
2026-06-06 08:08:15.631,0.4,0.9,0.4,0.0,0,859,7.91,13.86
2026-06-06 08:08:16.137,0.4,0.9,0.4,0.0,0,858,7.91,13.87
2026-06-06 08:08:16.621,0.4,0.9,0.4,0.0,0,858,7.91,13.87
2026-06-06 08:08:17.147,0.4,0.9,0.4,0.0,0,859,7.91,13.86
2026-06-06 08:08:17.651,0.4,0.9,0.4,0.0,0,858,7.91,13.87
2026-06-06 08:08:18.123,0.4,0.9,0.4,0.0,0,859,7.91,13.86
2026-06-06 08:08:18.625,0.4,0.9,0.4,0.4,0,860,7.91,13.84
2026-06-06 08:08:19.114,0.4,0.9,0.4,0.4,0,857,7.91,13.89
2026-06-06 08:08:19.615,0.4,0.9,0.4,0.4,0,857,7.91,13.89
2026-06-06 08:08:20.118,0.4,0.9,0.4,0.4,0,846,7.91,14.05
2026-06-06 08:08:20.669,0.4,0.9,0.4,0.0,0,858,7.91,13.87
2026-06-06 08:08:21.136,0.4,0.9,0.4,0.0,0,861,7.91,13.83
2026-06-06 08:08:21.615,0.4,0.9,0.4,0.0,0,858,7.91,13.87
2026-06-06 08:08:22.647,0.4,0.9,0.4,0.0,0,859,7.91,13.86
2026-06-06 08:08:22.648,0.4,0.9,0.4,0.0,0,862,7.91,13.81
2026-06-06 08:08:23.140,0.4,0.9,0.4,0.5,0,857,7.91,13.89
2026-06-06 08:08:23.622,0.4,0.9,0.4,0.5,0,863,7.91,13.80
2026-06-06 08:08:24.122,0.4,0.9,0.4,0.5,0,859,7.91,13.86
2026-06-06 08:08:24.622,0.4,0.9,0.4,0.5,0,857,7.91,13.89
2026-06-06 08:08:25.148,0.4,0.9,0.4,0.0,0,860,7.91,13.84
2026-06-06 08:08:25.647,0.4,0.9,0.4,0.0,0,857,7.91,13.89
2026-06-06 08:08:26.148,0.4,0.9,0.4,0.0,0,858,7.91,13.87
2026-06-06 08:08:26.622,0.4,0.9,0.4,0.0,0,858,7.91,13.87
2026-06-06 08:08:27.149,0.4,0.9,0.4,0.0,0,857,7.91,13.89
2026-06-06 08:08:27.616,0.4,0.9,0.4,0.0,0,857,7.91,13.89
2026-06-06 08:08:28.117,0.4,0.9,0.4,0.0,0,857,7.91,13.89
2026-06-06 08:08:28.619,0.4,0.9,0.4,0.0,0,857,7.91,13.89
2026-06-06 08:08:29.120,0.4,0.9,0.4,0.4,0,858,7.91,13.87
2026-06-06 08:08:29.614,0.4,0.9,0.4,0.5,0,856,7.91,13.90
2026-06-06 08:08:30.178,0.4,0.9,0.5,0.5,0,859,7.91,13.86
2026-06-06 08:08:30.614,0.4,0.9,0.4,0.5,0,857,7.91,13.89
2026-06-06 08:08:31.113,0.4,0.9,0.5,0.5,0,859,7.91,13.86
2026-06-06 08:08:31.644,0.4,0.9,0.5,0.5,0,859,7.91,13.86
2026-06-06 08:08:32.148,0.4,0.9,0.5,0.5,0,859,7.91,13.86
2026-06-06 08:08:32.668,0.4,0.9,0.5,0.0,0,859,7.91,13.86
2026-06-06 08:08:33.144,0.4,0.9,0.4,0.0,0,860,7.91,13.84
2026-06-06 08:08:33.662,0.4,0.9,0.4,0.5,0,858,7.91,13.87
2026-06-06 08:08:34.163,0.4,0.9,0.4,0.5,0,858,7.91,13.87
2026-06-06 08:08:34.662,0.4,0.9,0.4,0.6,0,858,7.91,13.87
2026-06-06 08:08:35.662,0.4,0.9,0.5,0.6,0,858,7.91,13.87
2026-06-06 08:08:35.664,0.4,0.9,0.5,0.6,0,858,7.91,13.87
2026-06-06 08:08:36.163,0.4,0.9,0.5,0.6,0,864,7.91,13.78
2026-06-06 08:08:36.847,0.4,0.9,0.5,0.6,0,864,7.91,13.78
2026-06-06 08:08:37.165,0.4,0.9,0.5,0.5,0,858,7.91,13.87
2026-06-06 08:08:37.167,0.4,0.9,0.5,0.5,0,859,7.91,13.86
2026-06-06 08:08:37.661,0.4,0.9,0.5,0.5,0,860,7.91,13.84
2026-06-06 08:08:38.162,0.4,0.9,0.5,0.6,0,860,7.91,13.84
2026-06-06 08:08:39.147,0.4,0.9,0.5,0.6,0,859,7.91,13.86
2026-06-06 08:08:39.148,0.4,0.9,0.5,0.6,0,857,7.91,13.89
2026-06-06 08:08:39.645,0.4,0.9,0.5,0.5,0,857,7.91,13.89
2026-06-06 08:08:40.145,0.4,0.9,0.4,0.5,0,856,7.91,13.90
2026-06-06 08:08:40.631,0.4,0.9,0.4,0.4,0,858,7.91,13.87
2026-06-06 08:08:41.128,0.4,0.9,0.4,0.4,0,858,7.91,13.87
2026-06-06 08:08:41.673,0.4,0.9,0.5,0.5,0,857,7.91,13.89
2026-06-06 08:08:42.122,0.4,0.9,0.5,0.5,0,858,7.91,13.87
2026-06-06 08:08:42.678,0.4,0.9,0.5,0.5,0,860,7.91,13.84
2026-06-06 08:08:43.631,0.4,0.9,0.5,0.5,0,858,7.91,13.87
2026-06-06 08:08:43.696,0.4,0.9,0.5,0.5,0,858,7.91,13.87
2026-06-06 08:08:44.132,0.4,0.9,0.5,0.5,0,858,7.91,13.87
2026-06-06 08:08:44.633,0.4,0.9,0.5,0.5,0,858,7.91,13.87
2026-06-06 08:08:45.166,0.4,0.9,0.5,0.5,0,858,7.91,13.87
2026-06-06 08:08:46.166,0.4,0.9,0.4,0.5,0,859,7.91,13.86
2026-06-06 08:08:46.168,0.4,0.9,0.5,0.5,0,858,7.91,13.87
2026-06-06 08:08:46.670,0.4,0.9,0.5,0.5,0,858,7.91,13.87
2026-06-06 08:08:47.168,0.4,0.9,0.5,0.4,0,858,7.91,13.87
2026-06-06 08:08:47.671,0.4,0.9,0.5,0.4,0,858,7.91,13.87
2026-06-06 08:08:48.129,0.4,0.9,0.5,0.5,0,858,7.91,13.87
2026-06-06 08:08:48.632,0.4,0.9,0.5,0.4,0,858,7.91,13.87
2026-06-06 08:08:49.178,0.4,0.9,0.4,0.4,0,0,7.91,26.44
2026-06-06 08:08:49.679,0.4,0.9,0.5,0.4,0,0,7.91,26.44
2026-06-06 08:08:50.147,0.4,0.9,0.5,0.5,0,857,7.91,13.89
2026-06-06 08:08:50.677,0.4,0.9,0.5,0.5,0,857,7.91,13.89
2026-06-06 08:08:51.124,0.4,0.9,0.5,0.6,0,856,7.91,13.90
2026-06-06 08:08:51.674,0.4,0.9,0.0,0.6,0,829,7.91,14.30
2026-06-06 08:08:52.189,0.4,0.9,0.0,0.8,0,858,7.91,13.87
2026-06-06 08:08:52.661,0.4,0.9,0.0,0.5,0,858,7.91,13.87
2026-06-06 08:08:53.127,0.4,0.9,0.0,0.5,0,859,7.91,13.86
2026-06-06 08:08:53.634,0.4,0.9,0.0,0.8,0,859,7.91,13.86
2026-06-06 08:08:54.133,0.4,0.9,0.0,0.5,0,859,7.91,13.86
2026-06-06 08:08:54.632,0.4,0.9,0.0,0.5,0,859,7.91,13.86
2026-06-06 08:08:55.167,0.4,0.9,0.0,0.5,0,0,7.91,26.44
2026-06-06 08:08:55.689,0.4,0.9,0.0,0.4,0,857,7.91,13.89
2026-06-06 08:08:56.140,0.4,0.9,0.0,0.5,0,859,7.91,13.86
2026-06-06 08:08:56.630,0.4,0.9,0.0,0.5,0,872,7.91,13.67
2026-06-06 08:08:57.130,0.4,0.9,0.0,0.5,0,857,7.91,13.89
2026-06-06 08:08:57.631,0.4,0.9,0.0,0.5,0,859,7.91,13.86
2026-06-06 08:08:58.132,0.4,0.9,0.0,0.5,0,858,7.91,13.87
2026-06-06 08:08:58.870,0.4,0.9,0.0,0.5,0,858,7.91,13.87
2026-06-06 08:08:59.148,0.4,0.9,0.0,0.5,0,858,7.91,13.87
2026-06-06 08:08:59.148,0.4,0.9,0.0,0.5,0,859,7.91,13.86
2026-06-06 08:08:59.664,0.4,0.9,0.0,0.5,0,863,7.91,13.80
2026-06-06 08:09:00.178,0.4,0.9,0.0,0.5,0,781,7.91,15.00
2026-06-06 08:09:00.625,0.4,0.9,0.0,0.0,0,781,7.91,15.00
2026-06-06 08:09:01.179,0.4,0.9,0.0,0.0,0,861,7.91,13.83
2026-06-06 08:09:01.647,0.4,0.9,0.0,0.0,0,858,7.91,13.87
2026-06-06 08:09:02.148,0.4,0.9,0.0,0.0,0,857,7.91,13.89
2026-06-06 08:09:02.643,0.4,0.9,0.0,0.0,0,862,7.91,13.81
2026-06-06 08:09:03.140,0.4,0.9,0.0,0.0,0,859,7.91,13.86
2026-06-06 08:09:03.642,0.4,0.9,0.0,0.0,0,859,7.91,13.86
2026-06-06 08:09:04.192,0.4,0.9,0.0,0.0,0,859,7.91,13.86
2026-06-06 08:09:04.676,0.4,0.9,0.0,0.0,0,861,7.91,13.83
2026-06-06 08:09:05.162,0.4,0.9,0.0,0.0,0,858,7.91,13.87
2026-06-06 08:09:05.664,0.4,0.9,0.0,0.0,0,859,7.91,13.86
2026-06-06 08:09:06.148,0.4,0.9,0.0,0.0,0,859,7.91,13.86
2026-06-06 08:09:06.648,0.4,0.9,0.0,0.0,0,860,7.91,13.84
2026-06-06 08:09:07.177,0.4,0.9,0.0,0.0,0,862,7.91,13.81
2026-06-06 08:09:07.679,0.4,0.9,0.0,0.0,0,862,7.91,13.81
2026-06-06 08:09:08.191,0.4,0.9,0.0,0.0,0,857,7.91,13.89
2026-06-06 08:09:08.658,0.4,0.9,0.0,0.0,0,856,7.91,13.90
2026-06-06 08:09:09.142,0.4,0.9,0.0,0.0,0,858,7.91,13.87
2026-06-06 08:09:09.659,0.4,0.9,0.0,0.0,0,862,7.91,13.81
2026-06-06 08:09:10.169,0.4,0.9,0.0,0.0,0,862,7.91,13.81
2026-06-06 08:09:10.668,0.4,0.9,0.0,0.0,0,862,7.91,13.81
2026-06-06 08:09:11.168,0.4,0.9,0.0,0.0,0,862,7.91,13.81
2026-06-06 08:09:11.670,0.4,0.9,0.0,0.0,0,858,7.91,13.87
2026-06-06 08:09:12.168,0.4,0.9,0.0,0.0,0,857,7.91,13.89
2026-06-06 08:09:12.678,0.4,0.9,0.0,0.0,0,858,7.91,13.87
2026-06-06 08:09:13.177,0.4,0.9,0.0,0.0,0,859,7.91,13.86
2026-06-06 08:09:13.678,0.4,0.9,0.0,0.0,0,859,7.91,13.86
2026-06-06 08:09:14.151,0.4,0.9,0.0,0.0,0,859,7.91,13.86
2026-06-06 08:09:14.648,0.4,0.9,0.0,0.0,0,859,7.91,13.86
2026-06-06 08:09:15.150,0.4,0.9,0.0,0.0,0,0,7.91,26.44
2026-06-06 08:09:15.647,0.4,0.9,0.0,0.0,0,858,7.91,13.87
2026-06-06 08:09:16.149,0.4,0.9,0.0,0.0,0,857,7.91,13.89
2026-06-06 08:09:16.701,0.4,0.9,0.0,0.0,0,857,7.91,13.89
2026-06-06 08:09:17.158,0.4,0.9,0.0,0.0,0,845,7.91,14.06
2026-06-06 08:09:17.659,0.4,0.9,0.0,0.0,0,860,7.91,13.84
2026-06-06 08:09:18.168,0.4,0.9,0.0,0.0,0,857,7.91,13.89
2026-06-06 08:09:18.679,0.4,0.9,0.0,0.0,0,858,7.91,13.87
2026-06-06 08:09:19.199,0.4,0.9,0.0,0.0,0,859,7.91,13.86
2026-06-06 08:09:19.651,0.4,0.9,0.0,0.0,0,859,7.91,13.86
2026-06-06 08:09:20.178,0.4,0.9,0.0,0.0,0,859,7.91,13.86
2026-06-06 08:09:20.679,0.4,0.9,0.0,0.0,0,859,7.91,13.86
2026-06-06 08:09:21.178,0.4,0.9,0.0,0.0,0,858,7.91,13.87
2026-06-06 08:09:21.679,0.4,0.9,0.0,0.0,0,857,7.91,13.89
2026-06-06 08:09:22.174,0.4,0.9,0.0,0.0,0,859,7.91,13.86
2026-06-06 08:09:23.149,0.4,0.9,0.0,0.0,0,859,7.91,13.86
2026-06-06 08:09:23.208,0.4,0.9,0.0,0.0,0,871,7.91,13.68
2026-06-06 08:09:23.679,0.4,0.9,0.0,0.0,0,862,7.91,13.81
2026-06-06 08:09:24.178,0.4,0.9,0.0,0.0,0,858,7.91,13.87
2026-06-06 08:09:24.678,0.4,0.9,0.0,0.0,0,858,7.91,13.87
2026-06-06 08:09:25.178,0.4,0.9,0.0,0.0,0,857,7.91,13.89
2026-06-06 08:09:26.179,0.4,0.9,0.0,0.0,0,857,7.91,13.89
2026-06-06 08:09:26.180,0.4,0.9,0.0,0.0,0,857,7.91,13.89
2026-06-06 08:09:26.676,0.4,0.9,0.0,0.0,0,857,7.91,13.89
2026-06-06 08:09:27.176,0.4,0.9,0.0,0.0,0,861,7.91,13.83
2026-06-06 08:09:27.642,0.4,0.9,0.0,0.0,0,859,7.91,13.86
2026-06-06 08:09:28.148,0.4,0.9,0.0,0.0,0,858,7.91,13.87
2026-06-06 08:09:28.679,0.4,0.9,0.0,0.0,0,857,7.91,13.89
2026-06-06 08:09:29.177,0.4,0.9,0.0,0.0,0,859,7.91,13.86
2026-06-06 08:09:29.705,0.4,0.9,0.0,0.0,0,859,7.91,13.86
2026-06-06 08:09:30.178,0.4,0.9,0.0,0.0,0,859,7.91,13.86
2026-06-06 08:09:30.661,0.4,0.9,0.0,0.0,0,859,7.91,13.86
2026-06-06 08:09:31.160,0.4,0.9,0.0,0.0,0,0,7.91,26.44
2026-06-06 08:09:31.709,0.4,0.9,0.0,0.0,0,859,7.91,13.86
2026-06-06 08:09:32.147,0.4,0.9,0.0,0.0,0,858,7.91,13.87
2026-06-06 08:09:32.695,0.4,0.9,0.0,0.0,0,859,7.91,13.86
2026-06-06 08:09:33.166,0.4,0.9,0.0,0.0,0,857,7.91,13.89
2026-06-06 08:09:33.694,0.4,0.9,0.0,0.0,0,857,7.91,13.89
2026-06-06 08:09:34.198,0.4,0.9,0.0,0.0,0,858,7.91,13.87
2026-06-06 08:09:34.699,0.4,0.9,0.0,0.0,0,858,7.91,13.87
2026-06-06 08:09:35.178,0.4,0.9,0.0,0.0,0,858,7.91,13.87
2026-06-06 08:09:35.670,0.4,0.9,0.0,0.0,0,859,7.91,13.86
2026-06-06 08:09:36.397,0.4,0.9,0.0,0.0,0,859,7.91,13.86
2026-06-06 08:09:36.696,0.4,0.9,0.0,0.0,0,859,7.91,13.86
2026-06-06 08:09:36.698,0.4,0.9,0.0,0.0,0,859,7.91,13.86
2026-06-06 08:09:37.202,0.4,0.9,0.0,0.0,0,859,7.91,13.86
2026-06-06 08:09:37.652,0.4,0.9,0.0,0.0,0,858,7.91,13.87
2026-06-06 08:09:38.177,0.4,0.9,0.0,0.0,0,857,7.91,13.89
2026-06-06 08:09:38.699,0.4,0.9,0.0,0.0,0,858,7.91,13.87
2026-06-06 08:09:39.694,0.4,0.9,0.0,0.0,0,856,7.91,13.90
2026-06-06 08:09:39.695,0.4,0.9,0.0,0.0,0,856,7.91,13.90
2026-06-06 08:09:40.208,0.4,0.9,0.0,0.0,0,859,7.91,13.86
2026-06-06 08:09:40.708,0.4,0.9,0.0,0.0,0,826,7.91,14.34
2026-06-06 08:09:41.206,0.4,0.9,0.0,0.0,0,826,7.91,14.34
2026-06-06 08:09:42.168,0.4,0.9,0.0,0.0,0,857,7.91,13.89
2026-06-06 08:09:42.170,0.4,0.9,0.0,0.0,0,859,7.91,13.86
2026-06-06 08:09:42.707,0.4,0.9,0.0,0.0,0,858,7.91,13.87
2026-06-06 08:09:43.167,0.4,0.9,0.0,0.0,0,858,7.91,13.87
2026-06-06 08:09:43.672,0.4,0.9,0.0,0.0,0,858,7.91,13.87
2026-06-06 08:09:44.172,0.4,0.9,0.0,0.0,0,858,7.91,13.87
2026-06-06 08:09:44.671,0.4,0.9,0.0,0.0,0,857,7.91,13.89
2026-06-06 08:09:45.171,0.4,0.9,0.0,0.0,0,857,7.91,13.89
2026-06-06 08:09:45.671,0.4,0.9,0.0,0.0,0,859,7.91,13.86
2026-06-06 08:09:46.171,0.4,0.9,0.0,0.0,0,859,7.91,13.86
2026-06-06 08:09:46.673,0.4,0.9,0.0,0.0,0,857,7.91,13.89
2026-06-06 08:09:47.167,0.4,0.9,0.0,0.0,0,858,7.91,13.87
2026-06-06 08:09:47.703,0.4,0.9,0.0,0.0,0,859,7.91,13.86
2026-06-06 08:09:48.169,0.4,0.9,0.0,0.0,0,857,7.91,13.89
2026-06-06 08:09:48.673,0.4,0.9,0.0,0.0,0,859,7.91,13.86
2026-06-06 08:09:49.208,0.4,0.9,0.0,0.0,0,783,7.91,14.97
2026-06-06 08:09:49.679,0.4,0.9,0.0,0.0,0,783,7.91,14.97
2026-06-06 08:09:50.178,0.4,0.9,0.0,0.0,0,783,7.91,14.97
2026-06-06 08:09:50.708,0.4,0.9,0.0,0.0,0,783,7.91,14.97
2026-06-06 08:09:51.199,0.4,0.9,0.0,0.0,0,0,7.91,26.44
2026-06-06 08:09:51.679,0.4,0.9,0.0,0.0,0,858,7.91,13.87
2026-06-06 08:09:52.198,0.4,0.9,0.0,0.0,0,857,7.91,13.89
2026-06-06 08:09:52.673,0.4,0.9,0.0,0.0,0,858,7.91,13.87
2026-06-06 08:09:53.173,0.4,0.9,0.0,0.0,0,858,7.91,13.87
2026-06-06 08:09:53.690,0.4,0.9,0.0,0.0,0,859,7.91,13.86
2026-06-06 08:09:54.161,0.4,0.9,0.0,0.0,0,859,7.91,13.86
2026-06-06 08:09:54.664,0.4,0.9,0.0,0.0,0,863,7.91,13.80
2026-06-06 08:09:55.165,0.4,0.9,0.0,0.0,0,860,7.91,13.84
2026-06-06 08:09:55.709,0.4,0.9,0.0,0.0,0,859,7.91,13.86
2026-06-06 08:09:56.207,0.4,0.9,0.0,0.0,0,859,7.91,13.86
2026-06-06 08:09:56.708,0.4,0.9,0.0,0.0,0,859,7.91,13.86
2026-06-06 08:09:57.199,0.4,0.9,0.0,0.0,0,858,7.91,13.87
2026-06-06 08:09:57.708,0.4,0.9,0.0,0.0,0,858,7.91,13.87
2026-06-06 08:09:58.170,0.4,0.9,0.0,0.0,0,859,7.91,13.86
2026-06-06 08:09:58.673,0.4,0.9,0.0,0.0,0,858,7.91,13.87
2026-06-06 08:09:59.224,0.4,0.9,0.0,0.0,0,857,7.91,13.89
2026-06-06 08:09:59.664,0.4,0.9,0.0,0.0,0,857,7.91,13.89
2026-06-06 08:10:00.165,0.4,0.9,0.0,0.0,0,858,7.91,13.87
2026-06-06 08:10:00.725,0.4,0.9,0.0,0.0,0,858,7.91,13.87
2026-06-06 08:10:01.162,0.4,0.9,0.0,0.0,0,859,7.91,13.86
2026-06-06 08:10:02.223,0.4,0.9,0.0,0.0,0,858,7.91,13.87
2026-06-06 08:10:02.223,0.4,0.9,0.0,0.0,0,858,7.91,13.87
2026-06-06 08:10:02.724,0.4,0.9,0.0,0.0,0,859,7.91,13.86
2026-06-06 08:10:03.165,0.4,0.9,0.0,0.0,0,859,7.91,13.86
2026-06-06 08:10:03.709,0.4,0.9,0.0,0.0,0,859,7.91,13.86
2026-06-06 08:10:04.208,0.4,0.9,0.0,0.0,0,860,7.91,13.84
2026-06-06 08:10:04.707,0.4,0.9,0.0,0.0,0,857,7.91,13.89
2026-06-06 08:10:05.207,0.4,0.9,0.0,0.0,0,857,7.91,13.89
2026-06-06 08:10:05.679,0.4,0.9,0.0,0.0,0,858,7.91,13.87
2026-06-06 08:10:06.208,0.4,0.9,0.0,0.0,0,858,7.91,13.87
2026-06-06 08:10:06.704,0.4,0.9,0.0,0.0,0,858,7.91,13.87
2026-06-06 08:10:07.173,0.4,0.9,0.0,0.0,0,859,7.91,13.86
2026-06-06 08:10:07.673,0.4,0.9,0.0,0.0,0,858,7.91,13.87
2026-06-06 08:10:08.171,0.4,0.9,0.0,0.0,0,858,7.91,13.87
2026-06-06 08:10:08.671,0.4,0.9,0.0,0.0,0,858,7.91,13.87
2026-06-06 08:10:09.192,0.4,0.9,0.0,0.0,0,860,7.91,13.84
2026-06-06 08:10:09.693,0.4,0.9,0.0,0.0,0,860,7.91,13.84
2026-06-06 08:10:10.193,0.4,0.9,0.0,0.0,0,857,7.91,13.89
2026-06-06 08:10:10.695,0.4,0.9,0.0,0.0,0,857,7.91,13.89
2026-06-06 08:10:11.194,0.4,0.9,0.0,0.0,0,869,7.91,13.71
2026-06-06 08:10:11.695,0.4,0.9,0.0,0.0,0,858,7.91,13.87
2026-06-06 08:10:12.193,0.4,0.9,0.0,0.0,0,859,7.91,13.86
2026-06-06 08:10:12.698,0.4,0.9,0.0,0.0,0,859,7.91,13.86
2026-06-06 08:10:13.198,0.4,0.9,0.0,0.0,0,859,7.91,13.86
2026-06-06 08:10:13.693,0.4,0.9,0.0,0.0,0,858,7.91,13.87
2026-06-06 08:10:14.198,0.4,0.9,0.0,0.0,0,859,7.91,13.86
2026-06-06 08:10:14.694,0.4,0.9,0.0,0.0,0,857,7.91,13.89
2026-06-06 08:10:15.207,0.4,0.9,0.0,0.0,0,859,7.91,13.86
2026-06-06 08:10:15.708,0.4,0.9,0.0,0.0,0,858,7.91,13.87
2026-06-06 08:10:16.208,0.4,0.9,0.0,0.0,0,858,7.91,13.87
2026-06-06 08:10:16.699,0.4,0.9,0.0,0.0,0,858,7.91,13.87
2026-06-06 08:10:17.199,0.4,0.9,0.0,0.0,0,858,7.91,13.87
2026-06-06 08:10:18.177,0.4,0.9,0.0,0.0,0,859,7.91,13.86
2026-06-06 08:10:18.239,0.4,0.9,0.0,0.0,0,856,7.91,13.90
2026-06-06 08:10:18.679,0.4,0.9,0.0,0.0,0,858,7.91,13.87
2026-06-06 08:10:19.179,0.4,0.9,0.0,0.0,0,858,7.91,13.87
2026-06-06 08:10:19.727,0.4,0.9,0.0,0.0,0,859,7.91,13.86
2026-06-06 08:10:20.228,0.4,0.9,0.0,0.0,0,858,7.91,13.87
2026-06-06 08:10:20.728,0.4,0.9,0.0,0.0,0,857,7.91,13.89
2026-06-06 08:10:21.691,0.4,0.9,0.0,0.0,0,857,7.91,13.89
2026-06-06 08:10:21.692,0.4,0.9,0.0,0.0,0,857,7.91,13.89
2026-06-06 08:10:22.178,0.4,0.9,0.0,0.0,0,857,7.91,13.89
2026-06-06 08:10:22.678,0.4,0.9,0.0,0.0,0,857,7.91,13.89
2026-06-06 08:10:23.177,0.4,0.9,0.0,0.0,0,857,7.91,13.89
2026-06-06 08:10:23.678,0.4,0.9,0.0,0.0,0,859,7.91,13.86
2026-06-06 08:10:24.229,0.4,0.9,0.0,0.0,0,857,7.91,13.89
2026-06-06 08:10:24.678,0.4,0.9,0.0,0.0,0,859,7.91,13.86
2026-06-06 08:10:25.177,0.4,0.9,0.0,0.0,0,858,7.91,13.87
2026-06-06 08:10:25.693,0.4,0.9,0.0,0.0,0,857,7.91,13.89
2026-06-06 08:10:26.229,0.4,0.9,0.0,0.0,0,856,7.91,13.90
2026-06-06 08:10:26.700,0.4,0.9,0.0,0.0,0,859,7.91,13.86
2026-06-06 08:10:27.228,0.4,0.9,0.0,0.0,0,858,7.91,13.87
2026-06-06 08:10:27.707,0.4,0.9,0.0,0.0,0,859,7.91,13.86
2026-06-06 08:10:28.209,0.4,0.9,0.0,0.0,0,857,7.91,13.89
2026-06-06 08:10:28.896,0.4,0.0,0.0,0.0,0,857,7.91,13.89
2026-06-06 08:10:29.210,0.4,0.0,0.0,0.0,0,859,7.91,13.86
2026-06-06 08:10:29.210,0.4,0.0,0.0,0.0,0,858,7.91,13.87
2026-06-06 08:10:29.710,0.4,0.0,0.0,0.0,0,857,7.91,13.89
2026-06-06 08:10:30.208,0.4,0.0,0.0,0.0,0,858,7.91,13.87
2026-06-06 08:10:30.708,0.4,0.0,0.0,0.0,0,857,7.91,13.89
2026-06-06 08:10:31.207,0.4,0.0,0.0,0.0,0,858,7.91,13.87
2026-06-06 08:10:31.738,0.4,0.0,0.0,0.0,0,858,7.91,13.87
2026-06-06 08:10:32.207,0.4,0.0,0.0,0.0,0,858,7.91,13.87
2026-06-06 08:10:32.709,0.4,0.0,0.0,0.0,0,858,7.91,13.87
2026-06-06 08:10:33.210,0.4,0.0,0.0,0.0,0,0,7.91,26.44
2026-06-06 08:10:33.743,0.4,0.0,0.0,0.0,0,858,7.91,13.87
2026-06-06 08:10:34.243,0.4,0.0,0.0,0.0,0,858,7.91,13.87
2026-06-06 08:10:34.743,0.4,0.0,0.0,0.0,0,858,7.91,13.87
2026-06-06 08:10:35.178,0.4,0.0,0.0,0.0,0,858,7.91,13.87
2026-06-06 08:10:35.742,0.4,0.0,0.0,0.0,0,858,7.91,13.87
2026-06-06 08:10:36.176,0.4,0.0,0.0,0.0,0,858,7.91,13.87
2026-06-06 08:10:36.740,0.4,0.0,0.0,0.0,0,859,7.91,13.86
2026-06-06 08:10:37.177,0.4,0.0,0.0,0.0,0,858,7.91,13.87
2026-06-06 08:10:37.690,0.4,0.0,0.0,0.0,0,858,7.91,13.87
2026-06-06 08:10:38.199,0.4,0.0,0.0,0.0,0,858,7.91,13.87
2026-06-06 08:10:38.705,0.4,0.0,0.0,0.0,0,858,7.91,13.87
2026-06-06 08:10:39.237,0.4,0.0,0.0,0.0,0,858,7.91,13.87
2026-06-06 08:10:39.708,0.4,0.0,0.0,0.0,0,858,7.91,13.87
2026-06-06 08:10:40.199,0.4,0.0,0.0,0.0,0,857,7.91,13.89
2026-06-06 08:10:40.738,0.4,0.0,0.0,0.0,0,858,7.91,13.87
2026-06-06 08:10:41.221,0.4,0.0,0.0,0.0,0,855,7.91,13.92
2026-06-06 08:10:41.724,0.4,0.0,0.0,0.0,0,855,7.91,13.92
2026-06-06 08:10:42.199,0.4,0.0,0.0,0.0,0,862,7.91,13.81
2026-06-06 08:10:42.727,0.4,0.0,0.0,0.0,0,858,7.91,13.87
2026-06-06 08:10:43.189,0.4,0.0,0.0,0.0,0,858,7.91,13.87
2026-06-06 08:10:43.723,0.4,0.0,0.0,0.0,0,859,7.91,13.86
2026-06-06 08:10:44.227,0.4,0.0,0.0,0.0,0,861,7.91,13.83
2026-06-06 08:10:44.700,0.4,0.0,0.0,0.0,0,858,7.91,13.87
2026-06-06 08:10:45.229,0.4,0.0,0.0,0.0,0,858,7.91,13.87
2026-06-06 08:10:45.729,0.4,0.0,0.0,0.0,0,857,7.91,13.89
2026-06-06 08:10:46.200,0.4,0.0,0.0,0.0,0,857,7.91,13.89
2026-06-06 08:10:46.727,0.4,0.0,0.0,0.0,0,857,7.91,13.89
2026-06-06 08:10:47.208,0.4,0.0,0.0,0.0,0,858,7.91,13.87
2026-06-06 08:10:47.695,0.4,0.0,0.0,0.0,0,863,7.91,13.80
2026-06-06 08:10:48.196,0.4,0.0,0.0,0.0,0,858,7.91,13.87
2026-06-06 08:10:48.695,0.4,0.0,0.0,0.0,0,859,7.91,13.86
2026-06-06 08:10:49.194,0.4,0.0,0.0,0.0,0,858,7.91,13.87
2026-06-06 08:10:49.683,0.4,0.0,0.0,0.0,0,858,7.91,13.87
2026-06-06 08:10:50.228,0.4,0.0,0.0,0.0,0,857,7.91,13.89
2026-06-06 08:10:51.234,0.4,0.0,0.0,0.0,0,859,7.91,13.86
2026-06-06 08:10:51.236,0.4,0.0,0.0,0.0,0,859,7.91,13.86
2026-06-06 08:10:51.707,0.4,0.0,0.0,0.0,0,859,7.91,13.86
2026-06-06 08:10:52.195,0.4,0.0,0.0,0.0,0,859,7.91,13.86
2026-06-06 08:10:52.744,0.4,0.0,0.0,0.0,0,859,7.91,13.86
2026-06-06 08:10:53.242,0.4,0.0,0.0,0.0,0,0,7.91,26.44
2026-06-06 08:10:53.741,0.4,0.0,0.0,0.0,0,862,7.91,13.81
2026-06-06 08:10:54.243,0.4,0.0,0.0,0.0,0,857,7.91,13.89
2026-06-06 08:10:54.696,0.4,0.0,0.0,0.0,0,857,7.91,13.89
2026-06-06 08:10:55.194,0.4,0.0,0.0,0.0,0,861,7.91,13.83
2026-06-06 08:10:55.693,0.4,0.0,0.0,0.0,0,858,7.91,13.87
2026-06-06 08:10:56.255,0.4,0.0,0.0,0.0,0,857,7.91,13.89
2026-06-06 08:10:56.695,0.4,0.0,0.0,0.0,0,857,7.91,13.89
2026-06-06 08:10:57.240,0.4,0.0,0.0,0.0,0,859,7.91,13.86
2026-06-06 08:10:57.740,0.4,0.0,0.0,0.0,0,858,7.91,13.87
2026-06-06 08:10:58.241,0.4,0.0,0.0,0.0,0,858,7.91,13.87
2026-06-06 08:10:58.741,0.4,0.0,0.0,0.0,0,858,7.91,13.87
2026-06-06 08:10:59.243,0.4,0.0,0.0,0.0,0,860,7.91,13.84
2026-06-06 08:11:00.231,0.4,0.0,0.0,0.0,0,860,7.91,13.84
2026-06-06 08:11:00.232,0.4,0.0,0.0,0.0,0,858,7.91,13.87
2026-06-06 08:11:01.199,0.4,0.0,0.0,0.0,0,858,7.91,13.87
2026-06-06 08:11:01.257,0.4,0.0,0.0,0.0,0,859,7.91,13.86
2026-06-06 08:11:01.726,0.4,0.0,0.0,0.0,0,859,7.91,13.86
2026-06-06 08:11:02.207,0.4,0.0,0.0,0.0,0,856,7.91,13.90
2026-06-06 08:11:02.707,0.4,0.0,0.0,0.0,0,858,7.91,13.87
2026-06-06 08:11:03.207,0.4,0.0,0.0,0.0,0,858,7.91,13.87
2026-06-06 08:11:03.707,0.4,0.0,0.0,0.0,0,856,7.91,13.90
2026-06-06 08:11:04.228,0.4,0.0,0.0,0.0,0,856,7.91,13.90
2026-06-06 08:11:04.727,0.4,0.0,0.0,0.0,0,856,7.91,13.90
2026-06-06 08:11:05.227,0.4,0.0,0.0,0.0,0,856,7.91,13.90
2026-06-06 08:11:05.731,0.4,0.0,0.0,0.0,0,860,7.91,13.84
2026-06-06 08:11:06.232,0.4,0.0,0.0,0.0,0,858,7.91,13.87
2026-06-06 08:11:06.728,0.4,0.0,0.0,0.0,0,858,7.91,13.87
2026-06-06 08:11:07.231,0.4,0.0,0.0,0.0,0,858,7.91,13.87
2026-06-06 08:11:07.732,0.4,0.0,0.0,0.0,0,860,7.91,13.84
2026-06-06 08:11:08.228,0.4,0.0,0.0,0.0,0,859,7.91,13.86
2026-06-06 08:11:08.732,0.4,0.0,0.0,0.0,0,859,7.91,13.86
2026-06-06 08:11:09.257,0.4,0.0,0.0,0.0,0,859,7.91,13.86
2026-06-06 08:11:09.703,0.4,0.0,0.0,0.0,0,856,7.91,13.90
2026-06-06 08:11:10.255,0.4,0.0,0.0,0.0,0,857,7.91,13.89
2026-06-06 08:11:10.728,0.4,0.0,0.0,0.0,0,856,7.91,13.90
2026-06-06 08:11:11.257,0.4,0.0,0.0,0.0,0,857,7.91,13.89
2026-06-06 08:11:11.705,0.4,0.0,0.0,0.0,0,857,7.91,13.89
2026-06-06 08:11:12.255,0.4,0.0,0.0,0.0,0,857,7.91,13.89
2026-06-06 08:11:12.700,0.4,0.0,0.0,0.0,0,858,7.91,13.87
2026-06-06 08:11:13.247,0.4,0.0,0.0,0.0,0,857,7.91,13.89
2026-06-06 08:11:13.700,0.4,0.0,0.0,0.0,0,858,7.91,13.87
2026-06-06 08:11:14.228,0.4,0.0,0.0,0.0,0,857,7.91,13.89
2026-06-06 08:11:14.732,0.4,0.0,0.0,0.0,0,857,7.91,13.89
2026-06-06 08:11:15.258,0.4,0.0,0.0,0.0,0,857,7.91,13.89
2026-06-06 08:11:15.728,0.4,0.0,0.0,0.0,0,859,7.91,13.86
2026-06-06 08:11:16.228,0.4,0.0,0.0,0.0,0,858,7.91,13.87
2026-06-06 08:11:16.728,0.4,0.0,0.0,0.0,0,857,7.91,13.89
2026-06-06 08:11:17.227,0.4,0.0,0.0,0.0,0,857,7.91,13.89
2026-06-06 08:11:17.742,0.4,0.0,0.0,0.0,0,857,7.91,13.89
2026-06-06 08:11:18.243,0.4,0.0,0.0,0.0,0,857,7.91,13.89
2026-06-06 08:11:18.729,0.4,0.0,0.0,0.0,0,857,7.91,13.89
2026-06-06 08:11:19.231,0.4,0.0,0.0,0.0,0,864,7.91,13.78
2026-06-06 08:11:19.758,0.4,0.0,0.0,0.0,0,860,7.91,13.84
2026-06-06 08:11:20.238,0.4,0.0,0.0,0.0,0,857,7.91,13.89
2026-06-06 08:11:21.231,0.4,0.0,0.0,0.0,0,858,7.91,13.87
2026-06-06 08:11:21.232,0.4,0.0,0.0,0.0,0,858,7.91,13.87
2026-06-06 08:11:21.709,0.4,0.0,0.0,0.0,0,858,7.91,13.87
2026-06-06 08:11:22.206,0.4,0.0,0.0,0.0,0,859,7.91,13.86
2026-06-06 08:11:22.757,0.4,0.0,0.0,0.0,0,857,7.91,13.89
2026-06-06 08:11:23.258,0.4,0.0,0.0,0.0,0,858,7.91,13.87
2026-06-06 08:11:23.703,0.4,0.0,0.0,0.0,0,858,7.91,13.87
2026-06-06 08:11:24.254,0.4,0.0,0.0,0.0,0,858,7.91,13.87
2026-06-06 08:11:24.757,0.4,0.0,0.0,0.0,0,857,7.91,13.89
2026-06-06 08:11:25.208,0.4,0.0,0.0,0.0,0,858,7.91,13.87
2026-06-06 08:11:25.707,0.4,0.0,0.0,0.0,0,857,7.91,13.89
2026-06-06 08:11:26.232,0.4,0.0,0.0,0.0,0,858,7.91,13.87
2026-06-06 08:11:26.747,0.4,0.0,0.0,0.0,0,857,7.91,13.89
2026-06-06 08:11:27.227,0.4,0.0,0.0,0.0,0,857,7.91,13.89
2026-06-06 08:11:27.726,0.4,0.0,0.0,0.0,0,859,7.91,13.86
2026-06-06 08:11:28.225,0.4,0.0,0.0,0.0,0,860,7.91,13.84
2026-06-06 08:11:28.727,0.4,0.0,0.0,0.0,0,873,7.91,13.65
2026-06-06 08:11:29.228,0.4,0.0,0.0,0.0,0,860,7.91,13.84
2026-06-06 08:11:29.726,0.4,0.0,0.0,0.0,0,859,7.91,13.86
2026-06-06 08:11:30.224,0.4,0.0,0.0,0.0,0,859,7.91,13.86
2026-06-06 08:11:30.778,0.4,0.0,0.0,0.0,0,858,7.91,13.87
2026-06-06 08:11:31.257,0.4,0.0,0.0,0.0,0,858,7.91,13.87
2026-06-06 08:11:31.767,0.4,0.0,0.0,0.0,0,859,7.91,13.86
2026-06-06 08:11:32.447,0.4,0.0,0.0,0.0,0,859,7.91,13.86
2026-06-06 08:11:32.720,0.4,0.0,0.0,0.0,0,858,7.91,13.87
2026-06-06 08:11:32.721,0.4,0.0,0.0,0.0,0,859,7.91,13.86
2026-06-06 08:11:33.248,0.4,0.0,0.0,0.0,0,858,7.91,13.87
2026-06-06 08:11:33.757,0.4,0.0,0.0,0.0,0,858,7.91,13.87
2026-06-06 08:11:34.270,0.4,0.0,0.0,0.0,0,858,7.91,13.87
2026-06-06 08:11:34.770,0.4,0.0,0.0,0.0,0,858,7.91,13.87
2026-06-06 08:11:35.253,0.4,0.0,0.0,0.0,0,858,7.91,13.87
2026-06-06 08:11:35.771,0.4,0.0,0.0,0.0,0,859,7.91,13.86
2026-06-06 08:11:36.224,0.4,0.0,0.0,0.0,0,857,7.91,13.89
2026-06-06 08:11:36.767,0.4,0.0,0.0,0.0,0,858,7.91,13.87
2026-06-06 08:11:37.218,0.4,0.0,0.0,0.0,0,847,7.91,14.03
2026-06-06 08:11:37.757,0.4,0.0,0.0,0.0,0,847,7.91,14.03
2026-06-06 08:11:38.255,0.4,0.0,0.0,0.0,0,846,7.91,14.05
2026-06-06 08:11:38.751,0.4,0.0,0.0,0.0,0,858,7.91,13.87
2026-06-06 08:11:39.257,0.4,0.0,0.0,0.0,0,863,7.91,13.80
2026-06-06 08:11:39.720,0.4,0.0,0.0,0.0,0,858,7.91,13.87
2026-06-06 08:11:40.237,0.4,0.0,0.0,0.0,0,858,7.91,13.87
2026-06-06 08:11:40.737,0.4,0.0,0.0,0.0,0,858,7.91,13.87
2026-06-06 08:11:41.241,0.4,0.0,0.0,0.0,0,858,7.91,13.87
2026-06-06 08:11:41.744,0.4,0.0,0.0,0.0,0,857,7.91,13.89
2026-06-06 08:11:42.241,0.4,0.0,0.0,0.0,0,857,7.91,13.89
2026-06-06 08:11:42.741,0.4,0.0,0.0,0.0,0,857,7.91,13.89
2026-06-06 08:11:43.428,0.4,0.0,0.0,0.0,0,857,7.91,13.89
2026-06-06 08:11:43.742,0.4,0.0,0.0,0.0,0,859,7.91,13.86
2026-06-06 08:11:43.742,0.4,0.0,0.0,0.0,0,859,7.91,13.86
2026-06-06 08:11:44.241,0.4,0.0,0.0,0.0,0,859,7.91,13.86
2026-06-06 08:11:44.743,0.4,0.0,0.0,0.0,0,858,7.91,13.87
2026-06-06 08:11:45.241,0.4,0.0,0.0,0.0,0,860,7.91,13.84
2026-06-06 08:11:45.742,0.4,0.0,0.0,0.0,0,857,7.91,13.89
2026-06-06 08:11:46.242,0.4,0.0,0.0,0.0,0,859,7.91,13.86
2026-06-06 08:11:46.745,0.4,0.0,0.0,0.0,0,859,7.91,13.86
2026-06-06 08:11:47.242,0.4,0.0,0.0,0.0,0,860,7.91,13.84
2026-06-06 08:11:47.743,0.4,0.0,0.0,0.0,0,857,7.91,13.89
2026-06-06 08:11:48.240,0.4,0.0,0.0,0.0,0,859,7.91,13.86
2026-06-06 08:11:48.737,0.4,0.0,0.0,0.0,0,858,7.91,13.87
2026-06-06 08:11:49.240,0.4,0.0,0.0,0.0,0,857,7.91,13.89
2026-06-06 08:11:49.742,0.4,0.0,0.0,0.0,0,857,7.91,13.89
2026-06-06 08:11:50.243,0.4,0.0,0.0,0.0,0,858,7.91,13.87
2026-06-06 08:11:50.728,0.4,0.0,0.0,0.0,0,858,7.91,13.87
2026-06-06 08:11:51.248,0.4,0.0,0.0,0.0,0,858,7.91,13.87
2026-06-06 08:11:51.749,0.4,0.0,0.0,0.0,0,858,7.91,13.87
2026-06-06 08:11:52.219,0.4,0.0,0.0,0.0,0,858,7.91,13.87
2026-06-06 08:11:52.728,0.4,0.0,0.0,0.0,0,858,7.91,13.87
2026-06-06 08:11:53.228,0.4,0.0,0.0,0.0,0,858,7.91,13.87
2026-06-06 08:11:53.735,0.4,0.0,0.0,0.0,0,858,7.91,13.87
2026-06-06 08:11:54.257,0.4,0.0,0.0,0.0,0,858,7.91,13.87
2026-06-06 08:11:54.757,0.4,0.0,0.0,0.0,0,858,7.91,13.87
2026-06-06 08:11:55.261,0.4,0.0,0.0,0.0,0,0,7.91,26.44
2026-06-06 08:11:55.743,0.4,0.0,0.0,0.0,0,858,7.91,13.87
2026-06-06 08:11:56.255,0.4,0.0,0.0,0.0,0,858,7.91,13.87
2026-06-06 08:11:56.728,0.4,0.0,0.0,0.0,0,859,7.91,13.86
2026-06-06 08:11:57.257,0.4,0.0,0.0,0.0,0,858,7.91,13.87
2026-06-06 08:11:57.774,0.4,0.0,0.0,0.0,0,857,7.91,13.89
2026-06-06 08:11:58.260,0.4,0.0,0.0,0.0,0,858,7.91,13.87
2026-06-06 08:11:58.759,0.4,0.0,0.0,0.0,0,858,7.91,13.87
2026-06-06 08:11:59.228,0.4,0.0,0.0,0.0,0,859,7.91,13.86
2026-06-06 08:11:59.759,0.4,0.0,0.0,0.0,0,859,7.91,13.86
2026-06-06 08:12:00.258,0.4,0.0,0.0,0.0,0,859,7.91,13.86
2026-06-06 08:12:00.757,0.4,0.0,0.0,0.0,0,859,7.91,13.86
2026-06-06 08:12:01.230,0.4,0.0,0.0,0.0,0,0,7.91,26.44
2026-06-06 08:12:01.743,0.4,0.0,0.0,0.0,0,859,7.91,13.86
2026-06-06 08:12:02.240,0.4,0.0,0.0,0.0,0,859,7.91,13.86
2026-06-06 08:12:02.742,0.4,0.0,0.0,0.0,0,861,7.91,13.83
2026-06-06 08:12:03.240,0.4,0.0,0.0,0.0,0,861,7.91,13.83
2026-06-06 08:12:04.244,0.4,0.0,0.0,0.0,0,856,7.91,13.90
2026-06-06 08:12:04.244,0.4,0.0,0.0,0.0,0,858,7.91,13.87
2026-06-06 08:12:04.728,0.4,0.0,0.0,0.0,0,858,7.91,13.87
2026-06-06 08:12:05.231,0.4,0.0,0.0,0.0,0,858,7.91,13.87
2026-06-06 08:12:05.729,0.4,0.0,0.0,0.0,0,858,7.91,13.87
2026-06-06 08:12:06.286,0.4,0.0,0.0,0.0,0,858,7.91,13.87
2026-06-06 08:12:06.745,0.4,0.0,0.0,0.0,0,858,7.91,13.87
2026-06-06 08:12:07.288,0.4,0.0,0.0,0.0,0,858,7.91,13.87
2026-06-06 08:12:07.760,0.4,0.0,0.0,0.0,0,860,7.91,13.84
2026-06-06 08:12:08.244,0.4,0.0,0.0,0.0,0,858,7.91,13.87
2026-06-06 08:12:08.746,0.4,0.0,0.0,0.0,0,858,7.91,13.87
2026-06-06 08:12:09.246,0.4,0.0,0.0,0.0,0,857,7.91,13.89
2026-06-06 08:12:09.765,0.4,0.0,0.0,0.0,0,857,7.91,13.89
2026-06-06 08:12:10.240,0.4,0.0,0.0,0.0,0,857,7.91,13.89
2026-06-06 08:12:10.742,0.4,0.0,0.0,0.0,0,857,7.91,13.89
2026-06-06 08:12:11.239,0.4,0.0,0.0,0.0,0,0,7.91,26.44
2026-06-06 08:12:11.740,0.4,0.0,0.0,0.0,0,859,7.91,13.86
2026-06-06 08:12:12.243,0.4,0.0,0.0,0.0,0,860,7.91,13.84
2026-06-06 08:12:12.742,0.4,0.0,0.0,0.0,0,857,7.91,13.89
2026-06-06 08:12:13.241,0.4,0.0,0.0,0.0,0,857,7.91,13.89
2026-06-06 08:12:13.742,0.4,0.0,0.0,0.0,0,857,7.91,13.89
2026-06-06 08:12:14.241,0.4,0.0,0.0,0.0,0,858,7.91,13.87
2026-06-06 08:12:14.739,0.4,0.0,0.0,0.0,0,856,7.91,13.90
2026-06-06 08:12:15.239,0.4,0.0,0.0,0.0,0,856,7.91,13.90
2026-06-06 08:12:15.773,0.4,0.0,0.0,0.0,0,858,7.91,13.87
2026-06-06 08:12:16.272,0.4,0.0,0.0,0.0,0,858,7.91,13.87
2026-06-06 08:12:16.773,0.4,0.0,0.0,0.0,0,858,7.91,13.87
2026-06-06 08:12:17.270,0.4,0.0,0.0,0.0,0,858,7.91,13.87
2026-06-06 08:12:17.771,0.4,0.0,0.0,0.0,0,858,7.91,13.87
2026-06-06 08:12:18.271,0.4,0.0,0.0,0.0,0,860,7.91,13.84
2026-06-06 08:12:18.772,0.4,0.0,0.0,0.0,0,859,7.91,13.86
2026-06-06 08:12:19.270,0.4,0.0,0.0,0.0,0,859,7.91,13.86
2026-06-06 08:12:19.770,0.4,0.0,0.0,0.0,0,859,7.91,13.86
2026-06-06 08:12:20.253,0.4,0.0,0.0,0.0,0,859,7.91,13.86
2026-06-06 08:12:20.786,0.4,0.0,0.0,0.0,0,859,7.91,13.86
2026-06-06 08:12:21.288,0.4,0.0,0.0,0.0,0,0,7.91,26.44
2026-06-06 08:12:21.787,0.4,0.0,0.0,0.0,0,859,7.91,13.86
2026-06-06 08:12:22.286,0.4,0.0,0.0,0.0,0,857,7.91,13.89
2026-06-06 08:12:23.287,0.4,0.0,0.0,0.0,0,858,7.91,13.87
2026-06-06 08:12:23.288,0.4,0.0,0.0,0.0,0,858,7.91,13.87
2026-06-06 08:12:23.789,0.4,0.0,0.0,0.0,0,860,7.91,13.84
2026-06-06 08:12:24.286,0.4,0.0,0.0,0.0,0,858,7.91,13.87
2026-06-06 08:12:24.759,0.4,0.0,0.0,0.0,0,859,7.91,13.86
2026-06-06 08:12:25.288,0.4,0.0,0.0,0.0,0,858,7.91,13.87
2026-06-06 08:12:25.775,0.4,0.0,0.0,0.0,0,858,7.91,13.87
2026-06-06 08:12:26.286,0.4,0.0,0.0,0.0,0,860,7.91,13.84
2026-06-06 08:12:26.783,0.4,0.0,0.0,0.0,0,858,7.91,13.87
2026-06-06 08:12:27.289,0.4,0.0,0.0,0.0,0,859,7.91,13.86
2026-06-06 08:12:27.788,0.4,0.0,0.0,0.0,0,859,7.91,13.86
2026-06-06 08:12:28.288,0.4,0.0,0.0,0.0,0,858,7.91,13.87
2026-06-06 08:12:28.789,0.4,0.0,0.0,0.0,0,859,7.91,13.86
2026-06-06 08:12:29.788,0.4,0.0,0.0,0.0,0,858,7.91,13.87
2026-06-06 08:12:29.789,0.4,0.0,0.0,0.0,0,858,7.91,13.87
2026-06-06 08:12:30.288,0.4,0.0,0.0,0.0,0,856,7.91,13.90
2026-06-06 08:12:30.780,0.4,0.0,0.0,0.0,0,858,7.91,13.87
2026-06-06 08:12:31.273,0.4,0.0,0.0,0.0,0,858,7.91,13.87
2026-06-06 08:12:31.774,0.4,0.0,0.0,0.0,0,858,7.91,13.87
2026-06-06 08:12:32.273,0.4,0.0,0.0,0.0,0,861,7.91,13.83
2026-06-06 08:12:32.773,0.4,0.0,0.0,0.0,0,860,7.91,13.84
2026-06-06 08:12:33.276,0.4,0.0,0.0,0.0,0,857,7.91,13.89
2026-06-06 08:12:33.758,0.4,0.0,0.0,0.0,0,871,7.91,13.68
2026-06-06 08:12:34.267,0.4,0.0,0.0,0.0,0,856,7.91,13.90
2026-06-06 08:12:34.804,0.4,0.0,0.0,0.0,0,873,7.91,13.65
2026-06-06 08:12:35.278,0.4,0.0,0.0,0.0,0,858,7.91,13.87
2026-06-06 08:12:35.770,0.4,0.0,0.0,0.0,0,858,7.91,13.87
2026-06-06 08:12:36.272,0.4,0.0,0.0,0.0,0,858,7.91,13.87
2026-06-06 08:12:36.774,0.4,0.0,0.0,0.0,0,858,7.91,13.87
2026-06-06 08:12:37.260,0.4,0.0,0.0,0.0,0,859,7.91,13.86
2026-06-06 08:12:37.806,0.4,0.0,0.0,0.0,0,859,7.91,13.86
2026-06-06 08:12:38.292,0.4,0.0,0.0,0.0,0,856,7.91,13.90
2026-06-06 08:12:38.788,0.4,0.0,0.0,0.0,0,858,7.91,13.87
2026-06-06 08:12:39.288,0.4,0.0,0.0,0.0,0,862,7.91,13.81
2026-06-06 08:12:39.799,0.4,0.0,0.0,0.0,0,862,7.91,13.81
2026-06-06 08:12:40.287,0.4,0.0,0.0,0.0,0,862,7.91,13.81
2026-06-06 08:12:40.787,0.4,0.0,0.0,0.0,0,858,7.91,13.87
2026-06-06 08:12:41.286,0.4,0.0,0.0,0.0,0,858,7.91,13.87
2026-06-06 08:12:41.788,0.4,0.0,0.0,0.0,0,860,7.91,13.84
2026-06-06 08:12:42.286,0.4,0.0,0.0,0.0,0,860,7.91,13.84
2026-06-06 08:12:42.789,0.4,0.0,0.0,0.0,0,860,7.91,13.84
2026-06-06 08:12:43.275,0.4,0.0,0.0,0.0,0,860,7.91,13.84
2026-06-06 08:12:43.787,0.4,0.0,0.0,0.0,0,858,7.91,13.87
2026-06-06 08:12:44.289,0.4,0.0,0.0,0.0,0,860,7.91,13.84
2026-06-06 08:12:44.789,0.4,0.0,0.0,0.0,0,859,7.91,13.86
2026-06-06 08:12:45.299,0.4,0.0,0.0,0.0,0,857,7.91,13.89
2026-06-06 08:12:45.757,0.4,0.0,0.0,0.0,0,858,7.91,13.87
2026-06-06 08:12:46.265,0.4,0.0,0.0,0.0,0,857,7.91,13.89
2026-06-06 08:12:46.788,0.4,0.0,0.0,0.0,0,859,7.91,13.86
2026-06-06 08:12:47.255,0.4,0.0,0.0,0.0,0,859,7.91,13.86
2026-06-06 08:12:47.758,0.4,0.0,0.0,0.0,0,859,7.91,13.86
2026-06-06 08:12:48.304,0.4,0.0,0.0,0.0,0,860,7.91,13.84
2026-06-06 08:12:48.787,0.4,0.0,0.0,0.0,0,863,7.91,13.80
2026-06-06 08:12:49.258,0.4,0.0,0.0,0.0,0,859,7.91,13.86
2026-06-06 08:12:49.757,0.4,0.0,0.0,0.0,0,857,7.91,13.89
2026-06-06 08:12:50.287,0.4,0.0,0.0,0.0,0,857,7.91,13.89
2026-06-06 08:12:50.757,0.4,0.0,0.0,0.0,0,862,7.91,13.81
2026-06-06 08:12:51.254,0.4,0.0,0.0,0.0,0,857,7.91,13.89
2026-06-06 08:12:51.757,0.4,0.0,0.0,0.0,0,858,7.91,13.87
2026-06-06 08:12:52.253,0.4,0.0,0.0,0.0,0,859,7.91,13.86
2026-06-06 08:12:52.754,0.4,0.0,0.0,0.0,0,858,7.91,13.87
2026-06-06 08:12:53.258,0.4,0.0,0.0,0.0,0,859,7.91,13.86
2026-06-06 08:12:53.758,0.4,0.0,0.0,0.0,0,859,7.91,13.86
2026-06-06 08:12:54.256,0.4,0.0,0.0,0.0,0,862,7.91,13.81
2026-06-06 08:12:54.760,0.4,0.0,0.0,0.0,0,858,7.91,13.87
2026-06-06 08:12:55.259,0.4,0.0,0.0,0.0,0,857,7.91,13.89
2026-06-06 08:12:55.791,0.4,0.0,0.0,0.0,0,857,7.91,13.89
2026-06-06 08:12:56.259,0.4,0.0,0.0,0.0,0,857,7.91,13.89
2026-06-06 08:12:56.758,0.4,0.0,0.0,0.0,0,857,7.91,13.89
2026-06-06 08:12:57.259,0.4,0.0,0.0,0.0,0,0,7.91,26.44
2026-06-06 08:12:57.785,0.4,0.0,0.0,0.0,0,862,7.91,13.81
2026-06-06 08:12:58.287,0.4,0.0,0.0,0.0,0,858,7.91,13.87
2026-06-06 08:12:58.807,0.4,0.0,0.0,0.0,0,857,7.91,13.89
2026-06-06 08:12:59.283,0.4,0.0,0.0,0.0,0,858,7.91,13.87
2026-06-06 08:12:59.772,0.4,0.0,0.0,0.0,0,858,7.91,13.87
2026-06-06 08:13:00.283,0.4,0.0,0.0,0.0,0,862,7.91,13.81
2026-06-06 08:13:00.802,0.4,0.0,0.0,0.0,0,858,7.91,13.87
2026-06-06 08:13:01.287,0.4,0.0,0.0,0.0,0,859,7.91,13.86
2026-06-06 08:13:01.769,0.4,0.0,0.0,0.0,0,859,7.91,13.86
2026-06-06 08:13:02.313,0.4,0.0,0.0,0.0,0,859,7.91,13.86
2026-06-06 08:13:02.817,0.4,0.0,0.0,0.0,0,859,7.91,13.86
2026-06-06 08:13:03.318,0.4,0.0,0.0,0.0,0,0,7.91,26.44
2026-06-06 08:13:03.798,0.4,0.0,0.0,0.0,0,860,7.91,13.84
2026-06-06 08:13:04.312,0.4,0.0,0.0,0.0,0,858,7.91,13.87
2026-06-06 08:13:04.781,0.4,0.0,0.0,0.0,0,857,7.91,13.89
2026-06-06 08:13:05.286,0.4,0.0,0.0,0.0,0,857,7.91,13.89
2026-06-06 08:13:05.784,0.4,0.0,0.0,0.0,0,857,7.91,13.89
2026-06-06 08:13:06.287,0.4,0.0,0.0,0.0,0,859,7.91,13.86
2026-06-06 08:13:06.787,0.4,0.0,0.0,0.0,0,858,7.91,13.87
2026-06-06 08:13:07.289,0.4,0.0,0.0,0.0,0,858,7.91,13.87
2026-06-06 08:13:07.808,0.4,0.0,0.0,0.0,0,860,7.91,13.84
2026-06-06 08:13:08.306,0.4,0.0,0.0,0.0,0,858,7.91,13.87
2026-06-06 08:13:08.806,0.4,0.0,0.0,0.0,0,858,7.91,13.87
2026-06-06 08:13:09.289,0.4,0.0,0.0,0.0,0,859,7.91,13.86
2026-06-06 08:13:10.287,0.4,0.0,0.0,0.0,0,858,7.91,13.87
2026-06-06 08:13:10.288,0.4,0.0,0.0,0.0,0,858,7.91,13.87
2026-06-06 08:13:10.788,0.4,0.0,0.0,0.0,0,858,7.91,13.87
2026-06-06 08:13:11.288,0.4,0.0,0.0,0.0,0,859,7.91,13.86
2026-06-06 08:13:11.775,0.4,0.0,0.0,0.0,0,859,7.91,13.86
2026-06-06 08:13:12.272,0.4,0.0,0.0,0.0,0,859,7.91,13.86
2026-06-06 08:13:12.818,0.4,0.0,0.0,0.0,0,859,7.91,13.86
2026-06-06 08:13:13.310,0.4,0.0,0.0,0.0,0,857,7.91,13.89
2026-06-06 08:13:13.771,0.4,0.0,0.0,0.0,0,858,7.91,13.87
2026-06-06 08:13:14.279,0.4,0.0,0.0,0.0,0,856,7.91,13.90
2026-06-06 08:13:14.787,0.4,0.0,0.0,0.0,0,858,7.91,13.87
2026-06-06 08:13:15.289,0.4,0.0,0.0,0.0,0,857,7.91,13.89
2026-06-06 08:13:15.819,0.4,0.0,0.0,0.0,0,857,7.91,13.89
2026-06-06 08:13:16.319,0.4,0.0,0.0,0.0,0,858,7.91,13.87
2026-06-06 08:13:16.818,0.4,0.0,0.0,0.0,0,857,7.91,13.89
2026-06-06 08:13:17.319,0.4,0.0,0.0,0.0,0,859,7.91,13.86
2026-06-06 08:13:17.818,0.4,0.0,0.0,0.0,0,858,7.91,13.87
2026-06-06 08:13:18.319,0.4,0.0,0.0,0.0,0,858,7.91,13.87
2026-06-06 08:13:18.818,0.4,0.0,0.0,0.0,0,858,7.91,13.87
2026-06-06 08:13:19.319,0.4,0.0,0.0,0.0,0,858,7.91,13.87
2026-06-06 08:13:19.817,0.4,0.0,0.0,0.0,0,859,7.91,13.86
2026-06-06 08:13:20.320,0.4,0.0,0.0,0.0,0,844,7.91,14.08
2026-06-06 08:13:20.818,0.4,0.0,0.0,0.0,0,858,7.91,13.87
2026-06-06 08:13:21.317,0.4,0.0,0.0,0.0,0,858,7.91,13.87
2026-06-06 08:13:21.818,0.4,0.0,0.0,0.0,0,858,7.91,13.87
2026-06-06 08:13:22.317,0.4,0.0,0.0,0.0,0,858,7.91,13.87
2026-06-06 08:13:22.808,0.4,0.0,0.0,0.0,0,858,7.91,13.87
2026-06-06 08:13:23.307,0.4,0.0,0.0,0.0,0,858,7.91,13.87
2026-06-06 08:13:23.818,0.4,0.0,0.0,0.0,0,857,7.91,13.89
2026-06-06 08:13:24.280,0.4,0.0,0.0,0.0,0,858,7.91,13.87
2026-06-06 08:13:24.781,0.4,0.0,0.0,0.0,0,859,7.91,13.86
2026-06-06 08:13:25.280,0.4,0.0,0.0,0.0,0,848,7.91,14.02
2026-06-06 08:13:25.807,0.4,0.0,0.0,0.0,0,857,7.91,13.89
2026-06-06 08:13:26.328,0.4,0.0,0.0,0.0,0,856,7.91,13.90
2026-06-06 08:13:26.788,0.4,0.0,0.0,0.0,0,859,7.91,13.86
2026-06-06 08:13:27.287,0.4,0.0,0.0,0.0,0,857,7.91,13.89
2026-06-06 08:13:27.788,0.4,0.0,0.0,0.0,0,862,7.91,13.81
2026-06-06 08:13:28.283,0.4,0.0,0.0,0.0,0,858,7.91,13.87
2026-06-06 08:13:29.308,0.4,0.0,0.0,0.0,0,859,7.91,13.86
2026-06-06 08:13:29.308,0.4,0.0,0.0,0.0,0,859,7.91,13.86
2026-06-06 08:13:29.785,0.4,0.0,0.0,0.0,0,859,7.91,13.86
2026-06-06 08:13:30.337,0.4,0.0,0.0,0.0,0,858,7.91,13.87
2026-06-06 08:13:30.776,0.4,0.0,0.0,0.0,0,858,7.91,13.87
2026-06-06 08:13:31.273,0.4,0.0,0.0,0.0,0,861,7.91,13.83
2026-06-06 08:13:31.774,0.4,0.0,0.0,0.0,0,861,7.91,13.83
2026-06-06 08:13:32.318,0.4,0.0,0.0,0.0,0,858,7.91,13.87
2026-06-06 08:13:32.817,0.4,0.0,0.0,0.0,0,873,7.91,13.65
2026-06-06 08:13:33.317,0.4,0.0,0.0,0.0,0,857,7.91,13.89
2026-06-06 08:13:33.789,0.4,0.0,0.0,0.0,0,857,7.91,13.89
2026-06-06 08:13:34.321,0.4,0.0,0.0,0.0,0,858,7.91,13.87
2026-06-06 08:13:34.817,0.4,0.0,0.0,0.0,0,858,7.91,13.87
2026-06-06 08:13:35.287,0.4,0.0,0.0,0.0,0,858,7.91,13.87
2026-06-06 08:13:35.819,0.4,0.0,0.0,0.0,0,858,7.91,13.87
2026-06-06 08:13:36.319,0.4,0.0,0.0,0.0,0,857,7.91,13.89
2026-06-06 08:13:36.819,0.4,0.0,0.0,0.0,0,858,7.91,13.87
2026-06-06 08:13:37.287,0.4,0.0,0.0,0.0,0,859,7.91,13.86
2026-06-06 08:13:37.787,0.4,0.0,0.0,0.0,0,859,7.91,13.86
2026-06-06 08:13:38.320,0.4,0.0,0.0,0.0,0,859,7.91,13.86
2026-06-06 08:13:38.817,0.4,0.0,0.0,0.0,0,859,7.91,13.86
2026-06-06 08:13:39.288,0.4,0.0,0.0,0.0,0,0,7.91,26.44
2026-06-06 08:13:39.839,0.4,0.0,0.0,0.0,0,860,7.91,13.84
2026-06-06 08:13:40.336,0.4,0.0,0.0,0.0,0,832,7.91,14.25
2026-06-06 08:13:40.775,0.4,0.0,0.0,0.0,0,858,7.91,13.87
2026-06-06 08:13:41.317,0.4,0.0,0.0,0.0,0,859,7.91,13.86
2026-06-06 08:13:41.840,0.4,0.0,0.0,0.0,0,859,7.91,13.86
2026-06-06 08:13:42.289,0.4,0.0,0.0,0.0,0,858,7.91,13.87
2026-06-06 08:13:42.843,0.4,0.0,0.0,0.0,0,858,7.91,13.87
2026-06-06 08:13:43.282,0.4,0.0,0.0,0.0,0,827,7.91,14.33
2026-06-06 08:13:43.817,0.4,0.0,0.0,0.0,0,859,7.91,13.86
2026-06-06 08:13:44.319,0.4,0.0,0.0,0.0,0,858,7.91,13.87
2026-06-06 08:13:44.818,0.4,0.0,0.0,0.0,0,859,7.91,13.86
2026-06-06 08:13:45.308,0.4,0.0,0.0,0.0,0,859,7.91,13.86
2026-06-06 08:13:45.806,0.4,0.0,0.0,0.0,0,857,7.91,13.89
2026-06-06 08:13:46.304,0.4,0.0,0.0,0.0,0,858,7.91,13.87
2026-06-06 08:13:46.803,0.4,0.0,0.0,0.0,0,858,7.91,13.87
2026-06-06 08:13:47.304,0.4,0.0,0.0,0.0,0,860,7.91,13.84
2026-06-06 08:13:47.807,0.4,0.0,0.0,0.0,0,859,7.91,13.86
2026-06-06 08:13:48.303,0.4,0.0,0.0,0.0,0,859,7.91,13.86
2026-06-06 08:13:48.804,0.4,0.0,0.0,0.0,0,859,7.91,13.86
2026-06-06 08:13:49.341,0.4,0.0,0.0,0.0,0,857,7.91,13.89
2026-06-06 08:13:49.835,0.4,0.0,0.0,0.0,0,857,7.91,13.89
2026-06-06 08:13:50.336,0.4,0.0,0.0,0.0,0,859,7.91,13.86
2026-06-06 08:13:50.835,0.4,0.0,0.0,0.0,0,858,7.91,13.87
2026-06-06 08:13:51.319,0.4,0.0,0.0,0.0,0,862,7.91,13.81
2026-06-06 08:13:51.818,0.4,0.0,0.0,0.0,0,859,7.91,13.86
2026-06-06 08:13:52.318,0.4,0.0,0.0,0.0,0,857,7.91,13.89
2026-06-06 08:13:52.819,0.4,0.0,0.0,0.0,0,847,7.91,14.03
2026-06-06 08:13:53.319,0.4,0.0,0.0,0.0,0,856,7.91,13.90
2026-06-06 08:13:53.807,0.4,0.0,0.0,0.0,0,857,7.91,13.89
2026-06-06 08:13:54.308,0.4,0.0,0.0,0.0,0,857,7.91,13.89
2026-06-06 08:13:54.788,0.4,0.0,0.0,0.0,0,857,7.91,13.89
2026-06-06 08:13:55.287,0.4,0.0,0.0,0.0,0,857,7.91,13.89
2026-06-06 08:13:55.788,0.4,0.0,0.0,0.0,0,0,7.91,26.44
2026-06-06 08:13:56.317,0.4,0.0,0.0,0.0,0,858,7.91,13.87
2026-06-06 08:13:56.811,0.4,0.0,0.0,0.0,0,858,7.91,13.87
2026-06-06 08:13:57.333,0.4,0.0,0.0,0.0,0,859,7.91,13.86
2026-06-06 08:13:57.801,0.4,0.0,0.0,0.0,0,859,7.91,13.86
2026-06-06 08:13:58.312,0.4,0.0,0.0,0.0,0,859,7.91,13.86
2026-06-06 08:13:58.813,0.4,0.0,0.0,0.0,0,859,7.91,13.86
2026-06-06 08:13:59.346,0.4,0.0,0.0,0.0,0,0,7.91,26.44
2026-06-06 08:14:00.311,0.4,0.0,0.0,0.0,0,858,7.91,13.87
2026-06-06 08:14:00.312,0.4,0.0,0.0,0.0,0,857,7.91,13.89
2026-06-06 08:14:00.827,0.4,0.0,0.0,0.0,0,858,7.91,13.87
2026-06-06 08:14:01.338,0.4,0.0,0.0,0.0,0,858,7.91,13.87
2026-06-06 08:14:01.808,0.4,0.0,0.0,0.0,0,858,7.91,13.87
2026-06-06 08:14:02.312,0.4,0.0,0.0,0.0,0,858,7.91,13.87
2026-06-06 08:14:02.811,0.4,0.0,0.0,0.0,0,858,7.91,13.87
2026-06-06 08:14:03.312,0.4,0.0,0.0,0.0,0,858,7.91,13.87
2026-06-06 08:14:03.828,0.4,0.0,0.0,0.0,0,858,7.91,13.87
2026-06-06 08:14:04.344,0.4,0.0,0.0,0.0,0,858,7.91,13.87
2026-06-06 08:14:04.838,0.4,0.0,0.0,0.0,0,858,7.91,13.87
2026-06-06 08:14:05.342,0.4,0.0,0.0,0.0,0,0,7.91,26.44
2026-06-06 08:14:05.838,0.4,0.0,0.0,0.0,0,859,7.91,13.86
2026-06-06 08:14:06.341,0.4,0.0,0.0,0.0,0,858,7.91,13.87
2026-06-06 08:14:06.818,0.4,0.0,0.0,0.0,0,857,7.91,13.89
2026-06-06 08:14:07.355,0.4,0.0,0.0,0.0,0,859,7.91,13.86
2026-06-06 08:14:07.848,0.4,0.0,0.0,0.0,0,859,7.91,13.86
2026-06-06 08:14:08.318,0.4,0.0,0.0,0.0,0,859,7.91,13.86
2026-06-06 08:14:08.819,0.4,0.0,0.0,0.0,0,859,7.91,13.86
2026-06-06 08:14:09.317,0.4,0.0,0.0,0.0,0,859,7.91,13.86
2026-06-06 08:14:09.808,0.4,0.0,0.0,0.0,0,858,7.91,13.87
2026-06-06 08:14:10.351,0.4,0.0,0.0,0.0,0,859,7.91,13.86
2026-06-06 08:14:10.855,0.4,0.0,0.0,0.0,0,858,7.91,13.87
2026-06-06 08:14:11.347,0.4,0.0,0.0,0.0,0,858,7.91,13.87
2026-06-06 08:14:11.808,0.4,0.0,0.0,0.0,0,861,7.91,13.83
2026-06-06 08:14:12.304,0.4,0.0,0.0,0.0,0,859,7.91,13.86
2026-06-06 08:14:12.804,0.4,0.0,0.0,0.0,0,859,7.91,13.86
2026-06-06 08:14:13.304,0.4,0.0,0.0,0.0,0,844,7.91,14.08
2026-06-06 08:14:13.802,0.4,0.0,0.0,0.0,0,844,7.91,14.08
2026-06-06 08:14:14.312,0.4,0.0,0.0,0.0,0,844,7.91,14.08
2026-06-06 08:14:14.826,0.4,0.0,0.0,0.0,0,858,7.91,13.87
2026-06-06 08:14:15.509,0.4,0.0,0.0,0.0,0,858,7.91,13.87
2026-06-06 08:14:15.808,0.4,0.0,0.0,0.0,0,858,7.91,13.87
2026-06-06 08:14:15.810,0.4,0.0,0.0,0.0,0,858,7.91,13.87
2026-06-06 08:14:16.351,0.4,0.0,0.0,0.0,0,858,7.91,13.87
2026-06-06 08:14:16.852,0.4,0.0,0.0,0.0,0,860,7.91,13.84
2026-06-06 08:14:17.347,0.4,0.0,0.0,0.0,0,860,7.91,13.84
2026-06-06 08:14:17.837,0.4,0.0,0.0,0.0,0,860,7.91,13.84
2026-06-06 08:14:18.336,0.4,0.0,0.0,0.0,0,858,7.91,13.87
2026-06-06 08:14:18.834,0.4,0.0,0.0,0.0,0,861,7.91,13.83
2026-06-06 08:14:19.300,0.4,0.0,0.0,0.0,0,847,7.91,14.03
2026-06-06 08:14:19.804,0.4,0.0,0.0,0.0,0,859,7.91,13.86
2026-06-06 08:14:20.304,0.4,0.0,0.0,0.0,0,859,7.91,13.86
2026-06-06 08:14:20.809,0.4,0.0,0.0,0.0,0,859,7.91,13.86
2026-06-06 08:14:21.354,0.4,0.0,0.0,0.0,0,859,7.91,13.86
2026-06-06 08:14:22.316,0.4,0.0,0.0,0.0,0,858,7.91,13.87
2026-06-06 08:14:22.318,0.4,0.0,0.0,0.0,0,858,7.91,13.87
2026-06-06 08:14:22.816,0.4,0.0,0.0,0.0,0,856,7.91,13.90
2026-06-06 08:14:23.299,0.4,0.0,0.0,0.0,0,857,7.91,13.89
2026-06-06 08:14:23.829,0.4,0.0,0.0,0.0,0,857,7.91,13.89
2026-06-06 08:14:24.335,0.4,0.0,0.0,0.0,0,857,7.91,13.89
2026-06-06 08:14:24.844,0.4,0.0,0.0,0.0,0,857,7.91,13.89
2026-06-06 08:14:25.310,0.4,0.0,0.0,0.0,0,0,7.91,26.44
2026-06-06 08:14:25.808,0.4,0.0,0.0,0.0,0,857,7.91,13.89
2026-06-06 08:14:26.311,0.4,0.0,0.0,0.0,0,859,7.91,13.86
2026-06-06 08:14:26.843,0.4,0.0,0.0,0.0,0,861,7.91,13.83
2026-06-06 08:14:27.340,0.4,0.0,0.0,0.0,0,856,7.91,13.90
2026-06-06 08:14:27.854,0.4,0.0,0.0,0.0,0,859,7.91,13.86
2026-06-06 08:14:28.320,0.4,0.0,0.0,0.0,0,858,7.91,13.87
2026-06-06 08:14:28.842,0.4,0.0,0.0,0.0,0,862,7.91,13.81
2026-06-06 08:14:29.317,0.4,0.0,0.0,0.0,0,857,7.91,13.89
2026-06-06 08:14:29.839,0.4,0.0,0.0,0.0,0,857,7.91,13.89
2026-06-06 08:14:30.315,0.4,0.0,0.0,0.0,0,847,7.91,14.03
2026-06-06 08:14:30.841,0.4,0.0,0.0,0.0,0,847,7.91,14.03
2026-06-06 08:14:31.344,0.4,0.0,0.0,0.0,0,847,7.91,14.03
2026-06-06 08:14:31.810,0.4,0.0,0.0,0.0,0,858,7.91,13.87
2026-06-06 08:14:32.310,0.4,0.0,0.0,0.0,0,874,7.91,13.64
2026-06-06 08:14:32.809,0.4,0.0,0.0,0.0,0,857,7.91,13.89
2026-06-06 08:14:33.310,0.4,0.0,0.0,0.0,0,859,7.91,13.86
2026-06-06 08:14:33.817,0.4,0.0,0.0,0.0,0,859,7.91,13.86
2026-06-06 08:14:34.335,0.4,0.0,0.0,0.0,0,861,7.91,13.83
2026-06-06 08:14:34.809,0.4,0.0,0.0,0.0,0,859,7.91,13.86
2026-06-06 08:14:35.867,0.4,0.0,0.0,0.0,0,859,7.91,13.86
2026-06-06 08:14:35.868,0.4,0.0,0.0,0.0,0,862,7.91,13.81
2026-06-06 08:14:36.350,0.4,0.0,0.0,0.0,0,859,7.91,13.86
2026-06-06 08:14:36.869,0.4,0.0,0.0,0.0,0,873,7.91,13.65
2026-06-06 08:14:37.319,0.4,0.0,0.0,0.0,0,859,7.91,13.86
2026-06-06 08:14:37.868,0.4,0.0,0.0,0.0,0,857,7.91,13.89
2026-06-06 08:14:38.364,0.4,0.0,0.0,0.0,0,858,7.91,13.87
2026-06-06 08:14:38.869,0.4,0.0,0.0,0.0,0,860,7.91,13.84
2026-06-06 08:14:39.368,0.4,0.0,0.0,0.0,0,858,7.91,13.87
2026-06-06 08:14:39.869,0.4,0.0,0.0,0.0,0,857,7.91,13.89
2026-06-06 08:14:40.344,0.4,0.0,0.0,0.0,0,857,7.91,13.89
2026-06-06 08:14:40.868,0.4,0.0,0.0,0.0,0,857,7.91,13.89
2026-06-06 08:14:41.368,0.4,0.0,0.0,0.0,0,857,7.91,13.89
2026-06-06 08:14:41.817,0.4,0.0,0.0,0.0,0,858,7.91,13.87
2026-06-06 08:14:42.336,0.4,0.0,0.0,0.0,0,859,7.91,13.86
2026-06-06 08:14:43.370,0.4,0.0,0.0,0.0,0,858,7.91,13.87
2026-06-06 08:14:43.371,0.4,0.0,0.0,0.0,0,863,7.91,13.80
2026-06-06 08:14:43.840,0.4,0.0,0.0,0.0,0,863,7.91,13.80
2026-06-06 08:14:44.367,0.4,0.0,0.0,0.0,0,863,7.91,13.80
2026-06-06 08:14:44.851,0.4,0.0,0.0,0.0,0,863,7.91,13.80
2026-06-06 08:14:45.369,0.4,0.0,0.0,0.0,0,0,7.91,26.44
2026-06-06 08:14:45.869,0.4,0.0,0.0,0.0,0,857,7.91,13.89
2026-06-06 08:14:46.514,0.4,0.0,0.0,0.0,0,857,7.91,13.89
2026-06-06 08:14:46.846,0.4,0.0,0.0,0.0,0,857,7.91,13.89
2026-06-06 08:14:46.848,0.4,0.0,0.0,0.0,0,857,7.91,13.89
2026-06-06 08:14:47.316,0.4,0.0,0.0,0.0,0,857,7.91,13.89
2026-06-06 08:14:47.819,0.4,0.0,0.0,0.0,0,858,7.91,13.87
2026-06-06 08:14:48.319,0.4,0.0,0.0,0.0,0,858,7.91,13.87
2026-06-06 08:14:48.818,0.4,0.0,0.0,0.0,0,858,7.91,13.87
2026-06-06 08:14:49.868,0.4,0.0,0.0,0.0,0,857,7.91,13.89
2026-06-06 08:14:49.870,0.4,0.0,0.0,0.0,0,857,7.91,13.89
2026-06-06 08:14:50.342,0.4,0.0,0.0,0.0,0,859,7.91,13.86
2026-06-06 08:14:50.867,0.4,0.0,0.0,0.0,0,859,7.91,13.86
2026-06-06 08:14:51.355,0.4,0.0,0.0,0.0,0,859,7.91,13.86
2026-06-06 08:14:51.838,0.4,0.0,0.0,0.0,0,855,7.91,13.92
2026-06-06 08:14:52.368,0.4,0.0,0.0,0.0,0,859,7.91,13.86
2026-06-06 08:14:52.869,0.4,0.0,0.0,0.0,0,858,7.91,13.87
2026-06-06 08:14:53.354,0.4,0.0,0.0,0.0,0,858,7.91,13.87
2026-06-06 08:14:53.853,0.4,0.0,0.0,0.0,0,860,7.91,13.84
2026-06-06 08:14:54.350,0.4,0.0,0.0,0.0,0,847,7.91,14.03
2026-06-06 08:14:54.854,0.4,0.0,0.0,0.0,0,859,7.91,13.86
2026-06-06 08:14:55.352,0.4,0.0,0.0,0.0,0,859,7.91,13.86
2026-06-06 08:14:55.853,0.4,0.0,0.0,0.0,0,859,7.91,13.86
2026-06-06 08:14:56.352,0.4,0.0,0.0,0.0,0,859,7.91,13.86
2026-06-06 08:14:56.853,0.4,0.0,0.0,0.0,0,859,7.91,13.86
2026-06-06 08:14:57.348,0.4,0.0,0.0,0.0,0,0,7.91,26.44
2026-06-06 08:14:57.849,0.4,0.0,0.0,0.0,0,859,7.91,13.86
2026-06-06 08:14:58.349,0.4,0.0,0.0,0.0,0,857,7.91,13.89
2026-06-06 08:14:58.839,0.4,0.0,0.0,0.0,0,859,7.91,13.86
2026-06-06 08:14:59.364,0.4,0.0,0.0,0.0,0,859,7.91,13.86
2026-06-06 08:14:59.862,0.4,0.0,0.0,0.0,0,859,7.91,13.86
2026-06-06 08:15:00.379,0.4,0.0,0.0,0.0,0,859,7.91,13.86
2026-06-06 08:15:00.867,0.4,0.0,0.0,0.0,0,859,7.91,13.86
2026-06-06 08:15:01.340,0.4,0.0,0.0,0.0,0,0,7.91,26.44
2026-06-06 08:15:01.840,0.4,0.0,0.0,0.0,0,859,7.91,13.86
2026-06-06 08:15:02.351,0.4,0.0,0.0,0.0,0,857,7.91,13.89
2026-06-06 08:15:02.848,0.4,0.0,0.0,0.0,0,858,7.91,13.87
2026-06-06 08:15:03.356,0.4,0.0,0.0,0.0,0,858,7.91,13.87
2026-06-06 08:15:03.871,0.4,0.0,0.0,0.0,0,858,7.91,13.87
2026-06-06 08:15:04.338,0.4,0.0,0.0,0.0,0,858,7.91,13.87
2026-06-06 08:15:04.882,0.4,0.0,0.0,0.0,0,857,7.91,13.89
2026-06-06 08:15:05.387,0.4,0.0,0.0,0.0,0,856,7.91,13.90
2026-06-06 08:15:05.883,0.4,0.0,0.0,0.0,0,858,7.91,13.87
2026-06-06 08:15:06.384,0.4,0.0,0.0,0.0,0,858,7.91,13.87
2026-06-06 08:15:06.889,0.4,0.0,0.0,0.0,0,3317,7.91,-22.15
2026-06-06 08:15:07.387,0.4,0.0,0.0,0.0,0,3317,7.91,-22.15
2026-06-06 08:15:07.856,0.4,0.0,0.0,0.0,0,858,7.91,13.87
2026-06-06 08:15:08.868,0.4,0.0,0.0,0.0,0,858,7.91,13.87
2026-06-06 08:15:08.869,0.4,0.0,0.0,0.0,0,857,7.91,13.89
2026-06-06 08:15:09.341,0.4,0.0,0.0,0.0,0,859,7.91,13.86
2026-06-06 08:15:09.838,0.4,0.0,0.0,0.0,0,859,7.91,13.86
2026-06-06 08:15:10.336,0.4,0.0,0.0,0.0,0,859,7.91,13.86
2026-06-06 08:15:11.070,0.4,0.0,0.0,0.0,0,859,7.91,13.86
2026-06-06 08:15:11.386,0.4,0.0,0.0,0.0,0,858,7.91,13.87
2026-06-06 08:15:11.387,0.4,0.0,0.0,0.0,0,859,7.91,13.86
2026-06-06 08:15:11.843,0.4,0.0,0.0,0.0,0,858,7.91,13.87
2026-06-06 08:15:12.361,0.4,0.0,0.0,0.0,0,862,7.91,13.81
2026-06-06 08:15:12.867,0.4,0.0,0.0,0.0,0,842,7.91,14.11
2026-06-06 08:15:13.359,0.4,0.0,0.0,0.0,0,842,7.91,14.11
2026-06-06 08:15:13.869,0.4,0.0,0.0,0.0,0,859,7.91,13.86
2026-06-06 08:15:14.367,0.4,0.0,0.0,0.0,0,858,7.91,13.87
2026-06-06 08:15:14.868,0.4,0.0,0.0,0.0,0,860,7.91,13.84
2026-06-06 08:15:15.341,0.4,0.0,0.0,0.0,0,859,7.91,13.86
2026-06-06 08:15:15.885,0.4,0.0,0.0,0.0,0,859,7.91,13.86
2026-06-06 08:15:16.382,0.4,0.0,0.0,0.0,0,858,7.91,13.87
2026-06-06 08:15:16.887,0.4,0.0,0.0,0.0,0,858,7.91,13.87
2026-06-06 08:15:17.558,0.4,0.0,0.0,0.0,0,858,7.91,13.87
2026-06-06 08:15:17.868,0.4,0.0,0.0,0.0,0,859,7.91,13.86
2026-06-06 08:15:17.870,0.4,0.0,0.0,0.0,0,861,7.91,13.83
2026-06-06 08:15:18.354,0.4,0.0,0.0,0.0,0,858,7.91,13.87
2026-06-06 08:15:18.883,0.4,0.0,0.0,0.0,0,859,7.91,13.86
2026-06-06 08:15:19.387,0.4,0.0,0.0,0.0,0,858,7.91,13.87
2026-06-06 08:15:19.841,0.4,0.0,0.0,0.0,0,858,7.91,13.87
2026-06-06 08:15:20.358,0.4,0.0,0.0,0.0,0,858,7.91,13.87
2026-06-06 08:15:20.841,0.4,0.0,0.0,0.0,0,858,7.91,13.87
2026-06-06 08:15:21.342,0.4,0.0,0.0,0.0,0,862,7.91,13.81
2026-06-06 08:15:21.870,0.4,0.0,0.0,0.0,0,859,7.91,13.86
2026-06-06 08:15:22.341,0.4,0.0,0.0,0.0,0,859,7.91,13.86
2026-06-06 08:15:22.841,0.4,0.0,0.0,0.0,0,859,7.91,13.86
2026-06-06 08:15:23.344,0.4,0.0,0.0,0.0,0,859,7.91,13.86
2026-06-06 08:15:23.855,0.4,0.0,0.0,0.0,0,859,7.91,13.86
2026-06-06 08:15:24.392,0.4,0.0,0.0,0.0,0,858,7.91,13.87
2026-06-06 08:15:24.887,0.4,0.0,0.0,0.0,0,859,7.91,13.86
2026-06-06 08:15:25.337,0.4,0.0,0.0,0.0,0,859,7.91,13.86
2026-06-06 08:15:25.842,0.4,0.0,0.0,0.0,0,859,7.91,13.86
2026-06-06 08:15:26.351,0.4,0.0,0.0,0.0,0,859,7.91,13.86
2026-06-06 08:15:26.841,0.4,0.0,0.0,0.0,0,859,7.91,13.86
2026-06-06 08:15:27.367,0.4,0.0,0.0,0.0,0,0,7.91,26.44
2026-06-06 08:15:27.877,0.4,0.0,0.0,0.0,0,858,7.91,13.87
2026-06-06 08:15:28.351,0.4,0.0,0.0,0.0,0,859,7.91,13.86
2026-06-06 08:15:28.853,0.4,0.0,0.0,0.0,0,858,7.91,13.87
2026-06-06 08:15:29.339,0.4,0.0,0.0,0.0,0,860,7.91,13.84
2026-06-06 08:15:29.870,0.4,0.0,0.0,0.0,0,859,7.91,13.86
2026-06-06 08:15:30.343,0.4,0.0,0.0,0.0,0,859,7.91,13.86
2026-06-06 08:15:30.862,0.4,0.0,0.0,0.0,0,858,7.91,13.87
2026-06-06 08:15:31.395,0.4,0.0,0.0,0.0,0,857,7.91,13.89
2026-06-06 08:15:31.887,0.4,0.0,0.0,0.0,0,857,7.91,13.89
2026-06-06 08:15:32.392,0.4,0.0,0.0,0.0,0,857,7.91,13.89
2026-06-06 08:15:32.839,0.4,0.0,0.0,0.0,0,857,7.91,13.89
2026-06-06 08:15:33.345,0.4,0.0,0.0,0.0,0,857,7.91,13.89
2026-06-06 08:15:33.838,0.4,0.0,0.0,0.0,0,857,7.91,13.89
2026-06-06 08:15:34.354,0.4,0.0,0.0,0.0,0,858,7.91,13.87
2026-06-06 08:15:34.854,0.4,0.0,0.0,0.0,0,858,7.91,13.87
2026-06-06 08:15:35.354,0.4,0.0,0.0,0.0,0,862,7.91,13.81
2026-06-06 08:15:35.854,0.4,0.0,0.0,0.0,0,861,7.91,13.83
2026-06-06 08:15:36.350,0.4,0.0,0.0,0.0,0,858,7.91,13.87
2026-06-06 08:15:36.852,0.4,0.0,0.0,0.0,0,857,7.91,13.89
2026-06-06 08:15:37.356,0.4,0.0,0.0,0.0,0,857,7.91,13.89
2026-06-06 08:15:37.861,0.4,0.0,0.0,0.0,0,857,7.91,13.89
2026-06-06 08:15:38.390,0.4,0.0,0.0,0.0,0,859,7.91,13.86
2026-06-06 08:15:38.860,0.4,0.0,0.0,0.0,0,860,7.91,13.84
2026-06-06 08:15:39.348,0.4,0.0,0.0,0.0,0,859,7.91,13.86
2026-06-06 08:15:39.897,0.4,0.0,0.0,0.0,0,859,7.91,13.86
2026-06-06 08:15:40.399,0.4,0.0,0.0,0.0,0,858,7.91,13.87
2026-06-06 08:15:40.898,0.4,0.0,0.0,0.0,0,859,7.91,13.86
2026-06-06 08:15:41.382,0.4,0.0,0.0,0.0,0,871,7.91,13.68
2026-06-06 08:15:41.883,0.4,0.0,0.0,0.0,0,871,7.91,13.68
2026-06-06 08:15:42.382,0.4,0.0,0.0,0.0,0,871,7.91,13.68
2026-06-06 08:15:42.898,0.4,0.0,0.0,0.0,0,871,7.91,13.68
2026-06-06 08:15:43.398,0.4,0.0,0.0,0.0,0,0,7.91,26.44
2026-06-06 08:15:43.899,0.4,0.0,0.0,0.0,0,858,7.91,13.87
2026-06-06 08:15:44.402,0.4,0.0,0.0,0.0,0,858,7.91,13.87
2026-06-06 08:15:45.367,0.4,0.0,0.0,0.0,0,874,7.91,13.64
2026-06-06 08:15:45.368,0.4,0.0,0.0,0.0,0,858,7.91,13.87
2026-06-06 08:15:45.868,0.4,0.0,0.0,0.0,0,858,7.91,13.87
2026-06-06 08:15:46.365,0.4,0.0,0.0,0.0,0,858,7.91,13.87
2026-06-06 08:15:47.398,0.4,0.0,0.0,0.0,0,860,7.91,13.84
2026-06-06 08:15:47.400,0.4,0.0,0.0,0.0,0,860,7.91,13.84
2026-06-06 08:15:47.895,0.4,0.0,0.0,0.0,0,860,7.91,13.84
2026-06-06 08:15:48.397,0.4,0.0,0.0,0.0,0,860,7.91,13.84
2026-06-06 08:15:48.868,0.4,0.0,0.0,0.0,0,860,7.91,13.84
2026-06-06 08:15:49.368,0.4,0.0,0.0,0.0,0,860,7.91,13.84
2026-06-06 08:15:49.895,0.4,0.0,0.0,0.0,0,858,7.91,13.87
2026-06-06 08:15:50.358,0.4,0.0,0.0,0.0,0,858,7.91,13.87
2026-06-06 08:15:50.875,0.4,0.0,0.0,0.0,0,858,7.91,13.87
2026-06-06 08:15:51.373,0.4,0.0,0.0,0.0,0,858,7.91,13.87
2026-06-06 08:15:51.873,0.4,0.0,0.0,0.0,0,858,7.91,13.87
2026-06-06 08:15:52.368,0.0,0.0,0.0,0.0,0,0,7.91,26.44
2026-06-06 08:15:52.867,0.0,0.0,0.0,0.0,0,0,7.91,26.44
2026-06-06 08:15:53.369,0.4,0.0,0.0,0.0,0,0,7.91,26.44
2026-06-06 08:15:53.873,0.0,0.0,0.0,0.0,0,0,7.91,26.44
2026-06-06 08:15:54.372,0.0,0.0,0.0,0.0,0,0,7.91,26.44
2026-06-06 08:15:54.884,0.0,0.0,0.0,0.0,0,0,7.91,26.44
2026-06-06 08:15:55.368,0.0,0.0,0.0,0.0,0,0,7.91,26.44
2026-06-06 08:15:55.865,0.0,0.0,0.0,0.0,0,0,7.91,26.44
2026-06-06 08:15:56.367,0.0,0.0,0.0,0.0,0,0,7.91,26.44
2026-06-06 08:15:56.868,0.0,0.0,0.0,0.0,0,0,7.91,26.44
2026-06-06 08:15:57.368,0.0,0.0,0.0,0.0,0,0,7.91,26.44
2026-06-06 08:15:57.854,0.0,0.0,0.0,0.0,0,0,7.91,26.44
2026-06-06 08:15:58.352,0.0,0.0,0.0,0.0,0,0,7.91,26.44
2026-06-06 08:15:58.907,0.0,0.0,0.0,0.0,0,0,7.91,26.44
2026-06-06 08:15:59.369,0.0,0.0,0.0,0.0,0,0,7.91,26.44
2026-06-06 08:15:59.889,0.0,0.0,0.0,0.0,0,0,7.91,26.44
2026-06-06 08:16:00.371,0.0,0.0,0.0,0.0,0,0,7.91,26.44
2026-06-06 08:16:00.898,0.0,0.0,0.0,0.0,0,0,7.91,26.44
2026-06-06 08:16:01.397,0.0,0.0,0.0,0.0,0,0,7.91,26.44
2026-06-06 08:16:01.854,0.0,0.0,0.0,0.0,0,0,7.91,26.44
2026-06-06 08:16:02.400,0.0,0.0,0.0,0.0,0,0,7.91,26.44
2026-06-06 08:16:02.855,0.0,0.0,0.0,0.0,0,0,7.91,26.44
2026-06-06 08:16:03.367,0.0,0.0,0.0,0.0,0,0,7.91,26.44
2026-06-06 08:16:03.872,0.0,0.0,0.0,0.0,0,0,7.91,26.44
2026-06-06 08:16:04.368,0.0,0.0,0.0,0.0,0,0,7.91,26.44
2026-06-06 08:16:04.851,0.0,0.0,0.0,0.0,0,0,7.91,26.44
2026-06-06 08:16:05.399,0.0,0.0,0.0,0.0,0,0,7.91,26.44
2026-06-06 08:16:05.885,0.0,0.0,0.0,0.0,0,0,7.91,26.44
2026-06-06 08:16:06.381,0.0,0.0,0.0,0.0,0,0,7.91,26.44
2026-06-06 08:16:06.882,0.0,0.0,0.0,0.0,0,0,7.91,26.44
2026-06-06 08:16:07.382,0.0,0.0,0.0,0.0,0,0,7.91,26.44
2026-06-06 08:16:07.885,0.0,0.0,0.0,0.0,0,0,7.91,26.44
2026-06-06 08:16:08.383,0.0,0.0,0.0,0.0,0,0,7.91,26.44
2026-06-06 08:16:08.882,0.0,0.0,0.0,0.0,0,0,7.91,26.44
2026-06-06 08:16:09.385,0.0,0.0,0.0,0.0,0,0,7.91,26.44
2026-06-06 08:16:09.870,0.0,0.0,0.0,0.0,0,0,7.91,26.44
2026-06-06 08:16:10.402,0.0,0.0,0.0,0.0,0,0,7.91,26.44
2026-06-06 08:16:10.869,0.0,0.0,0.0,0.0,0,0,7.91,26.44
2026-06-06 08:16:11.397,0.0,0.0,0.0,0.0,0,0,7.91,26.44
2026-06-06 08:16:11.872,0.0,0.0,0.0,0.0,0,0,7.91,26.44
2026-06-06 08:16:12.390,0.0,0.0,0.0,0.0,0,0,7.91,26.44
2026-06-06 08:16:12.899,0.0,0.0,0.0,0.0,0,0,7.91,26.44
2026-06-06 08:16:13.398,0.0,0.0,0.0,0.0,0,0,7.91,26.44
2026-06-06 08:16:13.899,0.0,0.0,0.0,0.0,0,0,7.91,26.44
2026-06-06 08:16:14.416,0.0,0.0,0.0,0.0,0,0,7.91,26.44
2026-06-06 08:16:14.912,0.0,0.0,0.0,0.0,0,0,7.91,26.44
2026-06-06 08:16:15.415,0.0,0.0,0.0,0.0,0,0,7.91,26.44
2026-06-06 08:16:15.898,0.0,0.0,0.0,0.0,0,0,7.91,26.44
2026-06-06 08:16:16.401,0.0,0.0,0.0,0.0,0,0,7.91,26.44
2026-06-06 08:16:16.857,0.0,0.0,0.0,0.0,0,0,7.91,26.44
2026-06-06 08:16:17.416,0.0,0.0,0.0,0.0,0,0,7.91,26.44
2026-06-06 08:16:17.917,0.0,0.0,0.0,0.0,0,0,7.91,26.44
2026-06-06 08:16:18.415,0.0,0.0,0.0,0.0,0,0,7.91,26.44
2026-06-06 08:16:18.869,0.0,0.0,0.0,0.0,0,0,7.91,26.44
2026-06-06 08:16:19.393,0.0,0.0,0.0,0.0,0,0,7.91,26.44
2026-06-06 08:16:19.919,0.0,0.0,0.0,0.0,0,0,7.91,26.44
2026-06-06 08:16:20.415,0.0,0.0,0.0,0.0,0,0,7.91,26.44
2026-06-06 08:16:20.917,0.0,0.0,0.0,0.0,0,0,7.91,26.44
2026-06-06 08:16:21.398,0.0,0.0,0.0,0.0,0,0,7.91,26.44
2026-06-06 08:16:21.917,0.0,0.0,0.0,0.0,0,0,7.91,26.44
2026-06-06 08:16:22.368,0.0,0.0,0.0,0.0,0,0,7.91,26.44
2026-06-06 08:16:22.869,0.0,0.0,0.0,0.0,0,0,7.91,26.44
2026-06-06 08:16:23.418,0.0,0.0,0.0,0.0,0,0,7.91,26.44
2026-06-06 08:16:23.870,0.0,0.0,0.0,0.0,0,0,7.91,26.44
2026-06-06 08:16:24.383,0.0,0.0,0.0,0.0,0,0,7.91,26.44
2026-06-06 08:16:24.912,0.0,0.0,0.0,0.0,0,0,7.91,26.44
2026-06-06 08:16:25.373,0.0,0.0,0.0,0.0,0,0,7.91,26.44
2026-06-06 08:16:25.899,0.0,0.0,0.0,0.0,0,0,7.91,26.44
2026-06-06 08:16:26.398,0.0,0.0,0.0,0.0,0,0,7.91,26.44
2026-06-06 08:16:26.918,0.0,0.0,0.0,0.0,0,0,7.91,26.44
2026-06-06 08:16:27.418,0.0,0.0,0.0,0.0,0,0,7.91,26.44
2026-06-06 08:16:27.901,0.0,0.0,0.0,0.0,0,0,7.91,26.44
2026-06-06 08:16:28.372,0.0,0.0,0.0,0.0,0,0,7.91,26.44
2026-06-06 08:16:28.900,0.0,0.0,0.0,0.0,0,0,7.91,26.44
2026-06-06 08:16:29.399,0.0,0.0,0.0,0.0,0,0,7.91,26.44
2026-06-06 08:16:29.898,0.0,0.0,0.0,0.0,0,0,7.91,26.44
2026-06-06 08:16:30.421,0.0,0.0,0.0,0.0,0,0,7.91,26.44
2026-06-06 08:16:30.893,0.0,0.0,0.0,0.0,0,0,7.91,26.44
2026-06-06 08:16:31.387,0.0,0.0,0.0,0.0,0,0,7.91,26.44
2026-06-06 08:16:31.910,0.0,0.0,0.0,0.0,0,0,7.91,26.44
2026-06-06 08:16:32.427,0.0,0.0,0.0,0.0,0,0,7.91,26.44
2026-06-06 08:16:32.927,0.0,0.0,0.0,0.0,0,0,7.91,26.44
2026-06-06 08:16:33.369,0.0,0.0,0.0,0.0,0,0,7.91,26.44
2026-06-06 08:16:33.927,0.0,0.0,0.0,0.0,0,0,7.91,26.44
2026-06-06 08:16:34.428,0.0,0.0,0.0,0.0,0,0,7.91,26.44
2026-06-06 08:16:34.926,0.0,0.0,0.0,0.0,0,0,7.91,26.44
2026-06-06 08:16:35.370,0.0,0.0,0.0,0.0,0,0,7.91,26.44
2026-06-06 08:16:35.873,0.0,0.0,0.0,0.0,0,0,7.91,26.44
2026-06-06 08:16:36.419,0.0,0.0,0.0,0.0,0,0,7.91,26.44
2026-06-06 08:16:36.898,0.0,0.0,0.0,0.0,0,0,7.91,26.44
2026-06-06 08:16:37.398,0.0,0.0,0.0,0.0,0,0,7.91,26.44
2026-06-06 08:16:37.897,0.0,0.0,0.0,0.0,0,0,7.91,26.44
2026-06-06 08:16:38.399,0.0,0.0,0.0,0.0,0,0,7.91,26.44
2026-06-06 08:16:38.900,0.0,0.0,0.0,0.0,0,0,7.91,26.44
2026-06-06 08:16:39.586,0.0,0.0,0.0,0.0,0,0,7.91,26.44
2026-06-06 08:16:39.896,0.0,0.0,0.0,0.0,0,0,7.91,26.44
2026-06-06 08:16:39.899,0.0,0.0,0.0,0.0,0,0,7.91,26.44
2026-06-06 08:16:40.379,0.0,0.0,0.0,0.0,0,0,7.91,26.44
2026-06-06 08:16:41.135,0.0,0.0,0.0,0.0,0,0,7.91,26.44
2026-06-06 08:16:41.371,0.0,0.0,0.0,0.0,0,0,7.91,26.44
2026-06-06 08:16:41.436,0.0,0.0,0.0,0.0,0,0,7.91,26.44
2026-06-06 08:16:41.899,0.0,0.0,0.0,0.0,0,0,7.91,26.44
2026-06-06 08:16:42.606,0.0,0.0,0.0,0.0,0,0,7.91,26.44
2026-06-06 08:16:42.915,0.0,0.0,0.0,0.0,0,0,7.91,26.44
2026-06-06 08:16:42.916,0.0,0.0,0.0,0.0,0,0,7.91,26.44
2026-06-06 08:16:43.414,0.0,0.0,0.0,0.0,0,0,7.91,26.44
2026-06-06 08:16:44.100,0.0,0.0,0.0,0.0,0,0,7.91,26.44
2026-06-06 08:16:44.414,0.0,0.0,0.0,0.0,0,0,7.91,26.44
2026-06-06 08:16:44.414,0.0,0.0,0.0,0.0,0,0,7.91,26.44
2026-06-06 08:16:44.913,0.0,0.0,0.0,0.0,0,0,7.91,26.44
2026-06-06 08:16:45.600,0.0,0.0,0.0,0.0,0,0,7.91,26.44
2026-06-06 08:16:45.919,0.0,0.0,0.0,0.0,0,0,7.91,26.44
2026-06-06 08:16:45.920,0.0,0.0,0.0,0.0,0,0,7.91,26.44
2026-06-06 08:16:46.414,0.0,0.0,0.0,0.0,0,0,7.91,26.44
2026-06-06 08:16:47.101,0.0,0.0,0.0,0.0,0,0,7.91,26.44
2026-06-06 08:16:47.413,0.0,0.0,0.0,0.0,0,0,7.91,26.44
2026-06-06 08:16:47.414,0.0,0.0,0.0,0.0,0,0,7.91,26.44
2026-06-06 08:16:47.913,0.0,0.0,0.0,0.0,0,0,7.91,26.44
2026-06-06 08:16:48.408,0.0,0.0,0.0,0.0,0,0,7.91,26.44
2026-06-06 08:16:48.896,0.0,0.0,0.0,0.0,0,0,7.91,26.44
2026-06-06 08:16:49.396,0.0,0.0,0.0,0.0,0,0,7.91,26.44
2026-06-06 08:16:49.900,0.0,0.0,0.0,0.0,0,0,7.91,26.44
2026-06-06 08:16:50.400,0.0,0.0,0.0,0.0,0,0,7.91,26.44
2026-06-06 08:16:50.900,0.0,0.0,0.0,0.0,0,0,7.91,26.44
2026-06-06 08:16:51.399,0.0,0.0,0.0,0.0,0,0,7.91,26.44
2026-06-06 08:16:51.899,0.0,0.0,0.0,0.0,0,0,7.91,26.44
2026-06-06 08:16:52.401,0.0,0.0,0.0,0.0,0,0,7.91,26.44
2026-06-06 08:16:52.899,0.0,0.0,0.0,0.0,0,0,7.91,26.44
2026-06-06 08:16:53.401,0.0,0.0,0.0,0.0,0,0,7.91,26.44
2026-06-06 08:16:53.898,0.0,0.0,0.0,0.0,0,0,7.91,26.44
2026-06-06 08:16:54.398,0.0,0.0,0.0,0.0,0,0,7.91,26.44
2026-06-06 08:16:54.895,0.0,0.0,0.0,0.0,0,0,7.91,26.44
2026-06-06 08:16:55.419,0.0,0.0,0.0,0.0,0,0,7.91,26.44
2026-06-06 08:16:55.917,0.0,0.0,0.0,0.0,0,0,7.91,26.44
2026-06-06 08:16:56.415,0.0,0.0,0.0,0.0,0,0,7.91,26.44
2026-06-06 08:16:56.938,0.0,0.0,0.0,0.0,0,0,7.91,26.44
2026-06-06 08:16:57.392,0.0,0.0,0.0,0.0,0,0,7.91,26.44
2026-06-06 08:16:57.927,0.0,0.0,0.0,0.0,0,0,7.91,26.44
2026-06-06 08:16:58.408,0.0,0.0,0.0,0.0,0,0,7.91,26.44
2026-06-06 08:16:58.922,0.0,0.0,0.0,0.0,0,0,7.91,26.44
2026-06-06 08:16:59.439,0.0,0.0,0.0,0.0,0,0,7.91,26.44
2026-06-06 08:16:59.901,0.0,0.0,0.0,0.0,0,0,7.91,26.44
2026-06-06 08:17:00.399,0.0,0.0,0.0,0.0,0,0,7.91,26.44
2026-06-06 08:17:00.928,0.0,0.0,0.0,0.0,0,0,7.91,26.44
2026-06-06 08:17:01.418,0.0,0.0,0.0,0.0,0,0,7.91,26.44
2026-06-06 08:17:01.922,0.0,0.0,0.0,0.0,0,0,7.91,26.44
2026-06-06 08:17:02.390,0.0,0.0,0.0,0.0,0,0,7.91,26.44
2026-06-06 08:17:02.912,0.0,0.0,0.0,0.0,0,0,7.91,26.44
2026-06-06 08:17:03.442,0.0,0.0,0.0,0.0,0,0,7.91,26.44
2026-06-06 08:17:03.946,0.0,0.0,0.0,0.0,0,0,7.91,26.44
2026-06-06 08:17:04.443,0.0,0.0,0.0,0.0,0,0,7.91,26.44
2026-06-06 08:17:04.942,0.0,0.0,0.0,0.0,0,0,7.91,26.44
2026-06-06 08:17:05.425,0.0,0.0,0.0,0.0,0,0,7.91,26.44
2026-06-06 08:17:05.921,0.0,0.0,0.0,0.0,0,0,7.91,26.44
2026-06-06 08:17:06.399,0.0,0.0,0.0,0.0,0,0,7.91,26.44
2026-06-06 08:17:06.927,0.0,0.0,0.0,0.0,0,0,7.91,26.44
2026-06-06 08:17:07.418,0.0,0.0,0.0,0.0,0,0,7.91,26.44
2026-06-06 08:17:07.929,0.0,0.0,0.0,0.0,0,0,7.91,26.44
2026-06-06 08:17:08.429,0.0,0.0,0.0,0.0,0,0,7.91,26.44
2026-06-06 08:17:08.927,0.0,0.0,0.0,0.0,0,0,7.91,26.44
2026-06-06 08:17:09.417,0.0,0.0,0.0,0.0,0,0,7.91,26.44
2026-06-06 08:17:09.929,0.0,0.0,0.0,0.0,0,0,7.91,26.44
2026-06-06 08:17:10.428,0.0,0.0,0.0,0.0,0,0,7.91,26.44
2026-06-06 08:17:10.914,0.0,0.0,0.0,0.0,0,0,7.91,26.44
2026-06-06 08:17:11.428,0.0,0.0,0.0,0.0,0,0,7.91,26.44
2026-06-06 08:17:11.928,0.0,0.0,0.0,0.0,0,0,7.91,26.44
2026-06-06 08:17:12.427,0.0,0.0,0.0,0.0,0,0,7.91,26.44
2026-06-06 08:17:12.928,0.0,0.0,0.0,0.0,0,0,7.91,26.44
2026-06-06 08:17:13.399,0.0,0.0,0.0,0.0,0,0,7.91,26.44
2026-06-06 08:17:13.898,0.0,0.0,0.0,0.0,0,0,7.91,26.44
2026-06-06 08:17:14.398,0.0,0.0,0.0,0.0,0,0,7.91,26.44
2026-06-06 08:17:14.928,0.0,0.0,0.0,0.0,0,0,7.91,26.44
2026-06-06 08:17:15.417,0.0,0.0,0.0,0.0,0,0,7.91,26.44
2026-06-06 08:17:15.928,0.0,0.0,0.0,0.0,0,0,7.91,26.44
2026-06-06 08:17:16.427,0.0,0.0,0.0,0.0,0,0,7.91,26.44
2026-06-06 08:17:16.919,0.0,0.0,0.0,0.0,0,0,7.91,26.44
2026-06-06 08:17:17.401,0.0,0.0,0.0,0.0,0,0,7.91,26.44
2026-06-06 08:17:17.918,0.0,0.0,0.0,0.0,0,0,7.91,26.44
2026-06-06 08:17:18.447,0.0,0.0,0.0,0.0,0,0,7.91,26.44
2026-06-06 08:17:18.917,0.0,0.0,0.0,0.0,0,0,7.91,26.44
2026-06-06 08:17:19.418,0.0,0.0,0.0,0.0,0,0,7.91,26.44
2026-06-06 08:17:19.917,0.0,0.0,0.0,0.0,0,0,7.91,26.44
2026-06-06 08:17:20.398,0.0,0.0,0.0,0.0,0,0,7.91,26.44
2026-06-06 08:17:20.925,0.0,0.0,0.0,0.0,0,0,7.91,26.44
2026-06-06 08:17:21.399,0.0,0.0,0.0,0.0,0,0,7.91,26.44
2026-06-06 08:17:21.898,0.0,0.0,0.0,0.0,0,0,7.91,26.44
2026-06-06 08:17:22.400,0.0,0.0,0.0,0.0,0,0,7.91,26.44
2026-06-06 08:17:22.918,0.0,0.0,0.0,0.0,0,0,7.91,26.44
2026-06-06 08:17:23.418,0.0,0.0,0.0,0.0,0,0,7.91,26.44
2026-06-06 08:17:23.942,0.0,0.0,0.0,0.0,0,0,7.91,26.44
2026-06-06 08:17:24.445,0.0,0.0,0.0,0.0,0,0,7.91,26.44
2026-06-06 08:17:24.943,0.0,0.0,0.0,0.0,0,0,7.91,26.44
2026-06-06 08:17:25.427,0.0,0.0,0.0,0.0,0,0,7.91,26.44
2026-06-06 08:17:25.918,0.0,0.0,0.0,0.0,0,0,7.91,26.44
2026-06-06 08:17:26.414,0.0,0.0,0.0,0.0,0,0,7.91,26.44
2026-06-06 08:17:26.912,0.0,0.0,0.0,0.0,0,0,7.91,26.44
2026-06-06 08:17:27.459,0.0,0.0,0.0,0.0,0,0,7.91,26.44
2026-06-06 08:17:27.899,0.0,0.0,0.0,0.0,0,0,7.91,26.44
2026-06-06 08:17:28.421,0.0,0.0,0.0,0.0,0,0,7.91,26.44
2026-06-06 08:17:28.927,0.0,0.0,0.0,0.0,0,0,7.91,26.44
2026-06-06 08:17:29.459,0.0,0.0,0.0,0.0,0,0,7.91,26.44
2026-06-06 08:17:29.929,0.0,0.0,0.0,0.0,0,0,7.91,26.44
2026-06-06 08:17:30.428,0.0,0.0,0.0,0.0,0,0,7.91,26.44
2026-06-06 08:17:30.926,0.0,0.0,0.0,0.0,0,0,7.91,26.44
2026-06-06 08:17:31.428,0.0,0.0,0.0,0.0,0,0,7.91,26.44
2026-06-06 08:17:31.927,0.0,0.0,0.0,0.0,0,0,7.91,26.44
2026-06-06 08:17:32.429,0.0,0.0,0.0,0.0,0,0,7.91,26.44
2026-06-06 08:17:32.928,0.0,0.0,0.0,0.0,0,0,7.91,26.44
2026-06-06 08:17:33.427,0.0,0.0,0.0,0.0,0,0,7.91,26.44
2026-06-06 08:17:33.918,0.0,0.0,0.0,0.0,0,0,7.91,26.44
2026-06-06 08:17:34.441,0.0,0.0,0.0,0.0,0,0,7.91,26.44
2026-06-06 08:17:34.921,0.0,0.0,0.0,0.0,0,0,7.91,26.44
2026-06-06 08:17:35.418,0.0,0.0,0.0,0.0,0,0,7.91,26.44
2026-06-06 08:17:35.948,0.0,0.0,0.0,0.0,0,0,7.91,26.44
2026-06-06 08:17:36.452,0.0,0.0,0.0,0.0,0,0,7.91,26.44
2026-06-06 08:17:36.902,0.0,0.0,0.0,0.0,0,0,7.91,26.44
2026-06-06 08:17:37.459,0.0,0.0,0.0,0.0,0,0,7.91,26.44
2026-06-06 08:17:37.958,0.0,0.0,0.0,0.0,0,0,7.91,26.44
2026-06-06 08:17:38.459,0.0,0.0,0.0,0.0,0,0,7.91,26.44
2026-06-06 08:17:38.926,0.0,0.0,0.0,0.0,0,0,7.91,26.44
2026-06-06 08:17:39.467,0.0,0.0,0.0,0.0,0,0,7.91,26.44
2026-06-06 08:17:39.928,0.0,0.0,0.0,0.0,0,0,7.91,26.44
2026-06-06 08:17:40.428,0.0,0.0,0.0,0.0,0,0,7.91,26.44
2026-06-06 08:17:40.926,0.0,0.0,0.0,0.0,0,0,7.91,26.44
2026-06-06 08:17:41.427,0.0,0.0,0.0,0.0,0,0,7.91,26.44
2026-06-06 08:17:41.929,0.0,0.0,0.0,0.0,0,0,7.91,26.44
2026-06-06 08:17:42.428,0.0,0.0,0.0,0.0,0,0,7.91,26.44
2026-06-06 08:17:42.927,0.0,0.0,0.0,0.0,0,0,7.91,26.44
2026-06-06 08:17:43.428,0.0,0.0,0.0,0.0,0,0,7.91,26.44
2026-06-06 08:17:43.928,0.0,0.0,0.0,0.0,0,0,7.91,26.44
2026-06-06 08:17:44.428,0.0,0.0,0.0,0.0,0,0,7.91,26.44
2026-06-06 08:17:44.919,0.0,0.0,0.0,0.0,0,0,7.91,26.44
2026-06-06 08:17:45.412,0.0,0.0,0.0,0.0,0,0,7.91,26.44
2026-06-06 08:17:46.148,0.0,0.0,0.0,0.0,0,0,7.91,26.44
2026-06-06 08:17:46.457,0.0,0.0,0.0,0.0,0,0,7.91,26.44
2026-06-06 08:17:46.458,0.0,0.0,0.0,0.0,0,0,7.91,26.44
2026-06-06 08:17:46.914,0.0,0.0,0.0,0.0,0,0,7.91,26.44
2026-06-06 08:17:47.665,0.0,0.0,0.0,0.0,0,0,7.91,26.44
2026-06-06 08:17:47.913,0.0,0.0,0.0,0.0,0,0,7.91,26.44
2026-06-06 08:17:47.914,0.0,0.0,0.0,0.0,0,0,7.91,26.44
2026-06-06 08:17:48.413,0.0,0.0,0.0,0.0,0,0,7.91,26.44
2026-06-06 08:17:48.913,0.0,0.0,0.0,0.0,0,0,7.91,26.44
2026-06-06 08:17:49.468,0.0,0.0,0.0,0.0,0,0,7.91,26.44
2026-06-06 08:17:49.947,0.0,0.0,0.0,0.0,0,0,7.91,26.44
2026-06-06 08:17:50.426,0.0,0.0,0.0,0.0,0,0,7.91,26.44
2026-06-06 08:17:50.927,0.0,0.0,0.0,0.0,0,0,7.91,26.44
2026-06-06 08:17:51.444,0.0,0.0,0.0,0.0,0,0,7.91,26.44
2026-06-06 08:17:51.927,0.0,0.0,0.0,0.0,0,0,7.91,26.44
2026-06-06 08:17:52.455,0.0,0.0,0.0,0.0,0,0,7.91,26.44
2026-06-06 08:17:52.917,0.0,0.0,0.0,0.0,0,0,7.91,26.44
2026-06-06 08:17:53.429,0.0,0.0,0.0,0.0,0,0,7.91,26.44
2026-06-06 08:17:53.922,0.0,0.0,0.0,0.0,0,0,7.91,26.44
2026-06-06 08:17:54.438,0.0,0.0,0.0,0.0,0,0,7.91,26.44
2026-06-06 08:17:54.966,0.0,0.0,0.0,0.0,0,0,7.91,26.44
2026-06-06 08:17:55.427,0.0,0.0,0.0,0.0,0,0,7.91,26.44
2026-06-06 08:17:55.967,0.0,0.0,0.0,0.0,0,0,7.91,26.44
2026-06-06 08:17:56.427,0.0,0.0,0.0,0.0,0,0,7.91,26.44
2026-06-06 08:17:56.912,0.0,0.0,0.0,0.0,0,0,7.91,26.44
2026-06-06 08:17:57.417,0.0,0.0,0.0,0.0,0,0,7.91,26.44
2026-06-06 08:17:57.916,0.0,0.0,0.0,0.0,0,0,7.91,26.44
2026-06-06 08:17:58.457,0.0,0.0,0.0,0.0,0,0,7.91,26.44
2026-06-06 08:17:58.947,0.0,0.0,0.0,0.0,0,0,7.91,26.44
2026-06-06 08:17:59.448,0.0,0.0,0.0,0.0,0,0,7.91,26.44
2026-06-06 08:17:59.928,0.0,0.0,0.0,0.0,0,0,7.91,26.44
2026-06-06 08:18:00.429,0.0,0.0,0.0,0.0,0,0,7.91,26.44
2026-06-06 08:18:00.928,0.0,0.0,0.0,0.0,0,0,7.91,26.44
2026-06-06 08:18:01.458,0.0,0.0,0.0,0.0,0,0,7.91,26.44
2026-06-06 08:18:01.968,0.0,0.0,0.0,0.0,0,0,7.91,26.44
2026-06-06 08:18:02.420,0.0,0.0,0.0,0.0,0,0,7.91,26.44
2026-06-06 08:18:02.927,0.0,0.0,0.0,0.0,0,0,7.91,26.44
2026-06-06 08:18:03.428,0.0,0.0,0.0,0.0,0,0,7.91,26.44
2026-06-06 08:18:03.927,0.0,0.0,0.0,0.0,0,0,7.91,26.44
2026-06-06 08:18:04.447,0.0,0.0,0.0,0.0,0,0,7.91,26.44
2026-06-06 08:18:04.930,0.0,0.0,0.0,0.0,0,0,7.91,26.44
2026-06-06 08:18:05.418,0.0,0.0,0.0,0.0,0,0,7.91,26.44
2026-06-06 08:18:05.928,0.0,0.0,0.0,0.0,0,0,7.91,26.44
2026-06-06 08:18:06.427,0.0,0.0,0.0,0.0,0,0,7.91,26.44
2026-06-06 08:18:06.975,0.0,0.0,0.0,0.0,0,0,7.91,26.44
2026-06-06 08:18:07.434,0.0,0.0,0.0,0.0,0,0,7.91,26.44
2026-06-06 08:18:07.979,0.0,0.0,0.0,0.0,0,0,7.91,26.44
2026-06-06 08:18:08.429,0.0,0.0,0.0,0.0,0,0,7.91,26.44
2026-06-06 08:18:08.961,0.0,0.0,0.0,0.0,0,0,7.91,26.44
2026-06-06 08:18:09.449,0.0,0.0,0.0,0.0,0,0,7.91,26.44
2026-06-06 08:18:09.928,0.0,0.0,0.0,0.0,0,0,7.91,26.44
2026-06-06 08:18:10.460,0.0,0.0,0.0,0.0,0,0,7.91,26.44
2026-06-06 08:18:10.960,0.0,0.0,0.0,0.0,0,0,7.91,26.44
2026-06-06 08:18:11.458,0.0,0.0,0.0,0.0,0,0,7.91,26.44
2026-06-06 08:18:11.977,0.0,0.0,0.0,0.0,0,0,7.91,26.44
2026-06-06 08:18:12.448,0.0,0.0,0.0,0.0,0,0,7.91,26.44
2026-06-06 08:18:12.952,0.0,0.0,0.0,0.0,0,0,7.91,26.44
2026-06-06 08:18:13.442,0.0,0.0,0.0,0.0,0,0,7.91,26.44
2026-06-06 08:18:13.948,0.0,0.0,0.0,0.0,0,0,7.91,26.44
2026-06-06 08:18:14.428,0.0,0.0,0.0,0.0,0,0,7.91,26.44
2026-06-06 08:18:14.961,0.0,0.0,0.0,0.0,0,0,7.91,26.44
2026-06-06 08:18:15.449,0.0,0.0,0.0,0.0,0,0,7.91,26.44
2026-06-06 08:18:15.942,0.0,0.0,0.0,0.0,0,0,7.91,26.44
2026-06-06 08:18:16.446,0.0,0.0,0.0,0.0,0,0,7.91,26.44
2026-06-06 08:18:16.944,0.0,0.0,0.0,0.0,0,0,7.91,26.44
2026-06-06 08:18:17.441,0.0,0.0,0.0,0.0,0,0,7.91,26.44
2026-06-06 08:18:17.955,0.0,0.0,0.0,0.0,0,0,7.91,26.44
2026-06-06 08:18:18.472,0.0,0.0,0.0,0.0,0,0,7.91,26.44
2026-06-06 08:18:18.942,0.0,0.0,0.0,0.0,0,0,7.91,26.44
2026-06-06 08:18:19.473,0.0,0.0,0.0,0.0,0,0,7.91,26.44
2026-06-06 08:18:19.952,0.0,0.0,0.0,0.0,0,0,7.91,26.44
2026-06-06 08:18:20.459,0.0,0.0,0.0,0.0,0,0,7.91,26.44
2026-06-06 08:18:20.991,0.0,0.0,0.0,0.0,0,0,7.91,26.44
2026-06-06 08:18:21.450,0.0,0.0,0.0,0.0,0,0,7.91,26.44
2026-06-06 08:18:21.979,0.0,0.0,0.0,0.0,0,0,7.91,26.44
2026-06-06 08:18:22.478,0.0,0.0,0.0,0.0,0,0,7.91,26.44
2026-06-06 08:18:22.975,0.0,0.0,0.0,0.0,0,0,7.91,26.44
2026-06-06 08:18:23.477,0.0,0.0,0.0,0.0,0,0,7.91,26.44
2026-06-06 08:18:23.993,0.0,0.0,0.0,0.0,0,0,7.91,26.44
2026-06-06 08:18:24.429,0.0,0.0,0.0,0.0,0,0,7.91,26.44
2026-06-06 08:18:24.991,0.0,0.0,0.0,0.0,0,0,7.91,26.44
2026-06-06 08:18:25.490,0.0,0.0,0.0,0.0,0,0,7.91,26.44
2026-06-06 08:18:25.979,0.0,0.0,0.0,0.0,0,0,7.91,26.44
2026-06-06 08:18:26.458,0.0,0.0,0.0,0.0,0,0,7.91,26.44
2026-06-06 08:18:26.961,0.0,0.0,0.0,0.0,0,0,7.91,26.44
2026-06-06 08:18:27.471,0.0,0.0,0.0,0.0,0,0,7.91,26.44
2026-06-06 08:18:27.956,0.0,0.0,0.0,0.0,0,0,7.91,26.44
2026-06-06 08:18:28.438,0.0,0.0,0.0,0.0,0,0,7.91,26.44
2026-06-06 08:18:28.953,0.0,0.0,0.0,0.0,0,0,7.91,26.44
2026-06-06 08:18:29.447,0.0,0.0,0.0,0.0,0,0,7.91,26.44
2026-06-06 08:18:29.947,0.0,0.0,0.0,0.0,0,0,7.91,26.44
2026-06-06 08:18:30.448,0.0,0.0,0.0,0.0,0,0,7.91,26.44
2026-06-06 08:18:30.958,0.0,0.0,0.0,0.0,0,0,7.91,26.44
2026-06-06 08:18:31.484,0.0,0.0,0.0,0.0,0,0,7.91,26.44
2026-06-06 08:18:31.939,0.0,0.0,0.0,0.0,0,0,7.91,26.44
2026-06-06 08:18:32.442,0.0,0.0,0.0,0.0,0,0,7.91,26.44
2026-06-06 08:18:32.942,0.0,0.0,0.0,0.0,0,0,7.91,26.44
2026-06-06 08:18:33.444,0.0,0.0,0.0,0.0,0,0,7.91,26.44
2026-06-06 08:18:33.941,0.0,0.0,0.0,0.0,0,0,7.91,26.44
2026-06-06 08:18:34.447,0.0,0.0,0.0,0.0,0,0,7.91,26.44
2026-06-06 08:18:34.954,0.0,0.0,0.0,0.0,0,0,7.91,26.44
2026-06-06 08:18:35.472,0.0,0.0,0.0,0.0,0,0,7.91,26.44
2026-06-06 08:18:35.957,0.0,0.0,0.0,0.0,0,0,7.91,26.44
2026-06-06 08:18:36.443,0.0,0.0,0.0,0.0,0,0,7.91,26.44
2026-06-06 08:18:36.942,0.0,0.0,0.0,0.0,0,0,7.91,26.44
2026-06-06 08:18:37.442,0.0,0.0,0.0,0.0,0,0,7.91,26.44
2026-06-06 08:18:37.946,0.0,0.0,0.0,0.0,0,0,7.91,26.44
2026-06-06 08:18:38.445,0.0,0.0,0.0,0.0,0,0,7.91,26.44
2026-06-06 08:18:38.942,0.0,0.0,0.0,0.0,0,0,7.91,26.44
2026-06-06 08:18:39.443,0.0,0.0,0.0,0.0,0,0,7.91,26.44
2026-06-06 08:18:39.943,0.0,0.0,0.0,0.0,0,0,7.91,26.44
2026-06-06 08:18:40.441,0.0,0.0,0.0,0.0,0,0,7.91,26.44
2026-06-06 08:18:40.992,0.0,0.0,0.0,0.0,0,0,7.91,26.44
2026-06-06 08:18:41.491,0.0,0.0,0.0,0.0,0,0,7.91,26.44
2026-06-06 08:18:41.991,0.0,0.0,0.0,0.0,0,0,7.91,26.44
2026-06-06 08:18:42.491,0.0,0.0,0.0,0.0,0,0,7.91,26.44
2026-06-06 08:18:42.991,0.0,0.0,0.0,0.0,0,0,7.91,26.44
2026-06-06 08:18:43.492,0.0,0.0,0.0,0.0,0,0,7.91,26.44
2026-06-06 08:18:43.992,0.0,0.0,0.0,0.0,0,0,7.91,26.44
2026-06-06 08:18:44.479,0.0,0.0,0.0,0.0,0,0,7.91,26.44
2026-06-06 08:18:45.001,0.0,0.0,0.0,0.0,0,0,7.91,26.44
2026-06-06 08:18:45.455,0.0,0.0,0.0,0.0,0,0,7.91,26.44
2026-06-06 08:18:45.978,0.0,0.0,0.0,0.0,0,0,7.91,26.44
2026-06-06 08:18:46.462,0.0,0.0,0.0,0.0,0,0,7.91,26.44
2026-06-06 08:18:46.982,0.0,0.0,0.0,0.0,0,0,7.91,26.44
2026-06-06 08:18:47.485,0.0,0.0,0.0,0.0,0,0,7.91,26.44
2026-06-06 08:18:47.953,0.0,0.0,0.0,0.0,0,0,7.91,26.44
2026-06-06 08:18:48.470,0.0,0.0,0.0,0.0,0,0,7.91,26.44
2026-06-06 08:18:48.986,0.0,0.0,0.0,0.0,0,0,7.91,26.44
2026-06-06 08:18:49.456,0.0,0.0,0.0,0.0,0,0,7.91,26.44
2026-06-06 08:18:49.971,0.0,0.0,0.0,0.0,0,0,7.91,26.44
2026-06-06 08:18:50.478,0.0,0.0,0.0,0.0,0,0,7.91,26.44
2026-06-06 08:18:50.985,0.0,0.0,0.0,0.0,0,0,7.91,26.44
2026-06-06 08:18:51.459,0.0,0.0,0.0,0.0,0,0,7.91,26.44
2026-06-06 08:18:51.959,0.0,0.0,0.0,0.0,0,0,7.91,26.44
2026-06-06 08:18:52.458,0.0,0.0,0.0,0.0,0,0,7.91,26.44
2026-06-06 08:18:52.989,0.0,0.0,0.0,0.0,0,0,7.91,26.44
2026-06-06 08:18:53.455,0.0,0.0,0.0,0.0,0,0,7.91,26.44
2026-06-06 08:18:53.958,0.0,0.0,0.0,0.0,0,0,7.91,26.44
2026-06-06 08:18:54.450,0.0,0.0,0.0,0.0,0,0,7.91,26.44
2026-06-06 08:18:54.958,0.0,0.0,0.0,0.0,0,0,7.91,26.44
2026-06-06 08:18:55.458,0.0,0.0,0.0,0.0,0,0,7.91,26.44
2026-06-06 08:18:55.952,0.0,0.0,0.0,0.0,0,0,7.91,26.44
2026-06-06 08:18:56.494,0.0,0.0,0.0,0.0,0,0,7.91,26.44
2026-06-06 08:18:56.991,0.0,0.0,0.0,0.0,0,0,7.91,26.44
2026-06-06 08:18:57.494,0.0,0.0,0.0,0.0,0,0,7.91,26.44
2026-06-06 08:18:57.992,0.0,0.0,0.0,0.0,0,0,7.91,26.44
2026-06-06 08:18:58.493,0.0,0.0,0.0,0.0,0,0,7.91,26.44
2026-06-06 08:18:58.991,0.0,0.0,0.0,0.0,0,0,7.91,26.44
2026-06-06 08:18:59.452,0.0,0.0,0.0,0.0,0,0,7.91,26.44
2026-06-06 08:18:59.953,0.0,0.0,0.0,0.0,0,0,7.91,26.44
2026-06-06 08:19:00.458,0.0,0.0,0.0,0.0,0,0,7.91,26.44
2026-06-06 08:19:00.977,0.0,0.0,0.0,0.0,0,0,7.91,26.44
2026-06-06 08:19:01.489,0.0,0.0,0.0,0.0,0,0,7.91,26.44
2026-06-06 08:19:01.999,0.0,0.0,0.0,0.0,0,0,7.91,26.44
2026-06-06 08:19:02.492,0.0,0.0,0.0,0.0,0,0,7.91,26.44
2026-06-06 08:19:02.991,0.0,0.0,0.0,0.0,0,0,7.91,26.44
2026-06-06 08:19:03.482,0.0,0.0,0.0,0.0,0,0,7.91,26.44
2026-06-06 08:19:03.981,0.0,0.0,0.0,0.0,0,0,7.91,26.44
2026-06-06 08:19:04.458,0.0,0.0,0.0,0.0,0,0,7.91,26.44
2026-06-06 08:19:04.959,0.0,0.0,0.0,0.0,0,0,7.91,26.44
2026-06-06 08:19:05.459,0.0,0.0,0.0,0.0,0,0,7.91,26.44
2026-06-06 08:19:05.957,0.0,0.0,0.0,0.0,0,0,7.91,26.44
2026-06-06 08:19:06.460,0.0,0.0,0.0,0.0,0,0,7.91,26.44
2026-06-06 08:19:06.958,0.0,0.0,0.0,0.0,0,0,7.91,26.44
2026-06-06 08:19:07.458,0.0,0.0,0.0,0.0,0,0,7.91,26.44
2026-06-06 08:19:08.000,0.0,0.0,0.0,0.0,0,0,7.91,26.44
2026-06-06 08:19:08.507,0.0,0.0,0.0,0.0,0,0,7.91,26.44
2026-06-06 08:19:08.958,0.0,0.0,0.0,0.0,0,0,7.91,26.44
2026-06-06 08:19:09.489,0.0,0.0,0.0,0.0,0,0,7.91,26.44
2026-06-06 08:19:09.981,0.0,0.0,0.0,0.0,0,0,7.91,26.44
2026-06-06 08:19:10.471,0.0,0.0,0.0,0.0,0,0,7.91,26.44
2026-06-06 08:19:10.978,0.0,0.0,0.0,0.0,0,0,7.91,26.44
2026-06-06 08:19:11.502,0.0,0.0,0.0,0.0,0,0,7.91,26.44
2026-06-06 08:19:11.997,0.0,0.0,0.0,0.0,0,0,7.91,26.44
2026-06-06 08:19:12.460,0.0,0.0,0.0,0.0,0,0,7.91,26.44
2026-06-06 08:19:12.975,0.0,0.0,0.0,0.0,0,0,7.91,26.44
2026-06-06 08:19:13.481,0.0,0.0,0.0,0.0,0,0,7.91,26.44
2026-06-06 08:19:13.983,0.0,0.0,0.0,0.0,0,0,7.91,26.44
2026-06-06 08:19:14.481,0.0,0.0,0.0,0.0,0,0,7.91,26.44
2026-06-06 08:19:15.006,0.0,0.0,0.0,0.0,0,0,7.91,26.44
2026-06-06 08:19:15.478,0.0,0.0,0.0,0.0,0,0,7.91,26.44
2026-06-06 08:19:15.959,0.0,0.0,0.0,0.0,0,0,7.91,26.44
2026-06-06 08:19:16.457,0.0,0.0,0.0,0.0,0,0,7.91,26.44
2026-06-06 08:19:16.958,0.0,0.0,0.0,0.0,0,0,7.91,26.44
2026-06-06 08:19:17.482,0.0,0.0,0.0,0.0,0,0,7.91,26.44
2026-06-06 08:19:17.957,0.0,0.0,0.0,0.0,0,0,7.91,26.44
2026-06-06 08:19:18.460,0.0,0.0,0.0,0.0,0,0,7.91,26.44
2026-06-06 08:19:18.958,0.0,0.0,0.0,0.0,0,0,7.91,26.44
2026-06-06 08:19:19.457,0.0,0.0,0.0,0.0,0,0,7.91,26.44
2026-06-06 08:19:19.957,0.0,0.0,0.0,0.0,0,0,7.91,26.44
2026-06-06 08:19:20.458,0.0,0.0,0.0,0.0,0,0,7.91,26.44
2026-06-06 08:19:21.020,0.0,0.0,0.0,0.0,0,0,7.91,26.44
2026-06-06 08:19:21.505,0.0,0.0,0.0,0.0,0,0,7.91,26.44
2026-06-06 08:19:22.008,0.0,0.0,0.0,0.0,0,0,7.91,26.44
2026-06-06 08:19:22.508,0.0,0.0,0.0,0.0,0,0,7.91,26.44
2026-06-06 08:19:23.006,0.0,0.0,0.0,0.0,0,0,7.91,26.44
2026-06-06 08:19:23.508,0.0,0.0,0.0,0.0,0,0,7.91,26.44
2026-06-06 08:19:23.982,0.0,0.0,0.0,0.0,0,0,7.91,26.44
2026-06-06 08:19:24.494,0.0,0.0,0.0,0.0,0,0,7.91,26.44
2026-06-06 08:19:24.990,0.0,0.0,0.0,0.0,0,0,7.91,26.44
2026-06-06 08:19:25.493,0.0,0.0,0.0,0.0,0,0,7.91,26.44
2026-06-06 08:19:25.980,0.0,0.0,0.0,0.0,0,0,7.91,26.44
2026-06-06 08:19:26.464,0.0,0.0,0.0,0.0,0,0,7.91,26.44
2026-06-06 08:19:27.019,0.0,0.0,0.0,0.0,0,0,7.91,26.44
2026-06-06 08:19:27.490,0.0,0.0,0.0,0.0,0,0,7.91,26.44
2026-06-06 08:19:27.990,0.0,0.0,0.0,0.0,0,0,7.91,26.44
2026-06-06 08:19:28.516,0.0,0.0,0.0,0.0,0,0,7.91,26.44
2026-06-06 08:19:28.975,0.0,0.0,0.0,0.0,0,0,7.91,26.44
2026-06-06 08:19:29.478,0.0,0.0,0.0,0.0,0,0,7.91,26.44
2026-06-06 08:19:29.985,0.0,0.0,0.0,0.0,0,0,7.91,26.44
2026-06-06 08:19:30.482,0.0,0.0,0.0,0.0,0,0,7.91,26.44
2026-06-06 08:19:30.998,0.0,0.0,0.0,0.0,0,0,7.91,26.44
2026-06-06 08:19:31.514,0.0,0.0,0.0,0.0,0,0,7.91,26.44
2026-06-06 08:19:31.982,0.0,0.0,0.0,0.0,0,0,7.91,26.44
2026-06-06 08:19:32.482,0.0,0.0,0.0,0.0,0,0,7.91,26.44
2026-06-06 08:19:32.992,0.0,0.0,0.0,0.0,0,0,7.91,26.44
2026-06-06 08:19:33.480,0.0,0.0,0.0,0.0,0,0,7.91,26.44
2026-06-06 08:19:33.982,0.0,0.0,0.0,0.0,0,0,7.91,26.44
2026-06-06 08:19:34.485,0.0,0.0,0.0,0.0,0,0,7.91,26.44
2026-06-06 08:19:35.021,0.0,0.0,0.0,0.0,0,0,7.91,26.44
2026-06-06 08:19:35.523,0.0,0.0,0.0,0.0,0,0,7.91,26.44
2026-06-06 08:19:36.025,0.0,0.0,0.0,0.0,0,0,7.91,26.44
2026-06-06 08:19:36.523,0.0,0.0,0.0,0.0,0,0,7.91,26.44
2026-06-06 08:19:37.020,0.0,0.0,0.0,0.0,0,0,7.91,26.44
2026-06-06 08:19:37.519,0.0,0.0,0.0,0.0,0,0,7.91,26.44
2026-06-06 08:19:38.020,0.0,0.0,0.0,0.0,0,0,7.91,26.44
2026-06-06 08:19:38.496,0.0,0.0,0.0,0.0,0,0,7.91,26.44
2026-06-06 08:19:38.999,0.0,0.0,0.0,0.0,0,0,7.91,26.44
2026-06-06 08:19:39.508,0.0,0.0,0.0,0.0,0,0,7.91,26.44
2026-06-06 08:19:40.007,0.0,0.0,0.0,0.0,0,0,7.91,26.44
2026-06-06 08:19:40.508,0.0,0.0,0.0,0.0,0,0,7.91,26.44
2026-06-06 08:19:40.976,0.0,0.0,0.0,0.0,0,0,7.91,26.44
2026-06-06 08:19:41.478,0.0,0.0,0.0,0.0,0,0,7.91,26.44
2026-06-06 08:19:41.977,0.0,0.0,0.0,0.0,0,0,7.91,26.44
2026-06-06 08:19:42.495,0.0,0.0,0.0,0.0,0,0,7.91,26.44
2026-06-06 08:19:43.008,0.0,0.0,0.0,0.0,0,0,7.91,26.44
2026-06-06 08:19:43.508,0.0,0.0,0.0,0.0,0,0,7.91,26.44
2026-06-06 08:19:44.007,0.0,0.0,0.0,0.0,0,0,7.91,26.44
2026-06-06 08:19:44.474,0.0,0.0,0.0,0.0,0,0,7.91,26.44
2026-06-06 08:19:44.976,0.0,0.0,0.0,0.0,0,0,7.91,26.44
2026-06-06 08:19:45.473,0.0,0.0,0.0,0.0,0,0,7.91,26.44
2026-06-06 08:19:45.973,0.0,0.0,0.0,0.0,0,0,7.91,26.44
2026-06-06 08:19:46.472,0.0,0.0,0.0,0.0,0,0,7.91,26.44
2026-06-06 08:19:47.036,0.0,0.0,0.0,0.0,0,0,7.91,26.44
2026-06-06 08:19:47.473,0.0,0.0,0.0,0.0,0,0,7.91,26.44
2026-06-06 08:19:48.020,0.0,0.0,0.0,0.0,0,0,7.91,26.44
2026-06-06 08:19:48.524,0.0,0.0,0.0,0.0,0,0,7.91,26.44
2026-06-06 08:19:49.035,0.0,0.0,0.0,0.0,0,0,7.91,26.44
2026-06-06 08:19:49.473,0.0,0.0,0.0,0.0,0,0,7.91,26.44
2026-06-06 08:19:49.974,0.0,0.0,0.0,0.0,0,0,7.91,26.44
2026-06-06 08:19:50.495,0.0,0.0,0.0,0.0,0,0,7.91,26.44
2026-06-06 08:19:51.018,0.0,0.0,0.0,0.0,0,0,7.91,26.44
2026-06-06 08:19:51.499,0.0,0.0,0.0,0.0,0,0,7.91,26.44
2026-06-06 08:19:52.009,0.0,0.0,0.0,0.0,0,0,7.91,26.44
2026-06-06 08:19:52.509,0.0,0.0,0.0,0.0,0,0,7.91,26.44
2026-06-06 08:19:53.032,0.0,0.0,0.0,0.0,0,0,7.91,26.44
2026-06-06 08:19:53.479,0.0,0.0,0.0,0.0,0,0,7.91,26.44
2026-06-06 08:19:54.001,0.0,0.0,0.0,0.0,0,0,7.91,26.44
2026-06-06 08:19:54.509,0.0,0.0,0.0,0.0,0,0,7.91,26.44
2026-06-06 08:19:54.988,0.0,0.0,0.0,0.0,0,0,7.91,26.44
2026-06-06 08:19:55.473,0.0,0.0,0.0,0.0,0,0,7.91,26.44
2026-06-06 08:19:56.038,0.0,0.0,0.0,0.0,0,0,7.91,26.44
2026-06-06 08:19:56.527,0.0,0.0,0.0,0.0,0,0,7.91,26.44
2026-06-06 08:19:56.984,0.0,0.0,0.0,0.0,0,0,7.91,26.44
2026-06-06 08:19:57.496,0.0,0.0,0.0,0.0,0,0,7.91,26.44
2026-06-06 08:19:58.008,0.0,0.0,0.0,0.0,0,0,7.91,26.44
2026-06-06 08:19:58.537,0.0,0.0,0.0,0.0,0,0,7.91,26.44
2026-06-06 08:19:59.007,0.0,0.0,0.0,0.0,0,0,7.91,26.44
2026-06-06 08:19:59.481,0.0,0.0,0.0,0.0,0,0,7.91,26.44
2026-06-06 08:19:59.981,0.0,0.0,0.0,0.0,0,0,7.91,26.44
2026-06-06 08:20:00.513,0.0,0.0,0.0,0.0,0,0,7.91,26.44
2026-06-06 08:20:01.024,0.0,0.0,0.0,0.0,0,0,7.91,26.44
2026-06-06 08:20:01.482,0.0,0.0,0.0,0.0,0,0,7.91,26.44
2026-06-06 08:20:02.037,0.0,0.0,0.0,0.0,0,0,7.91,26.44
2026-06-06 08:20:02.539,0.0,0.0,0.0,0.0,0,0,7.91,26.44
2026-06-06 08:20:03.007,0.0,0.0,0.0,0.0,0,0,7.91,26.44
2026-06-06 08:20:03.503,0.0,0.0,0.0,0.0,0,0,7.91,26.44
2026-06-06 08:20:04.038,0.0,0.0,0.0,0.0,0,0,7.91,26.44
2026-06-06 08:20:04.481,0.0,0.0,0.0,0.0,0,0,7.91,26.44
2026-06-06 08:20:05.037,0.0,0.0,0.0,0.0,0,0,7.91,26.44
2026-06-06 08:20:05.481,0.0,0.0,0.0,0.0,0,0,7.91,26.44
2026-06-06 08:20:06.038,0.0,0.0,0.0,0.0,0,0,7.91,26.44
2026-06-06 08:20:06.497,0.0,0.0,0.0,0.0,0,0,7.91,26.44
2026-06-06 08:20:06.991,0.0,0.0,0.0,0.0,0,0,7.91,26.44
2026-06-06 08:20:07.492,0.0,0.0,0.0,0.0,0,0,7.91,26.44
2026-06-06 08:20:07.990,0.0,0.0,0.0,0.0,0,0,7.91,26.44
2026-06-06 08:20:08.528,0.0,0.0,0.0,0.0,0,0,7.91,26.44
2026-06-06 08:20:09.004,0.0,0.0,0.0,0.0,0,0,7.91,26.44
2026-06-06 08:20:09.528,0.0,0.0,0.0,0.0,0,0,7.91,26.44
2026-06-06 08:20:10.005,0.0,0.0,0.0,0.0,0,0,7.91,26.44
2026-06-06 08:20:10.506,0.0,0.0,0.0,0.0,0,0,7.91,26.44
2026-06-06 08:20:10.988,0.0,0.0,0.0,0.0,0,0,7.91,26.44
2026-06-06 08:20:11.488,0.0,0.0,0.0,0.0,0,0,7.91,26.44
2026-06-06 08:20:12.037,0.0,0.0,0.0,0.0,0,0,7.91,26.44
2026-06-06 08:20:12.484,0.0,0.0,0.0,0.0,0,0,7.91,26.44
2026-06-06 08:20:13.001,0.0,0.0,0.0,0.0,0,0,7.91,26.44
2026-06-06 08:20:13.507,0.0,0.0,0.0,0.0,0,0,7.91,26.44
2026-06-06 08:20:14.030,0.0,0.0,0.0,0.0,0,0,7.91,26.44
2026-06-06 08:20:14.505,0.0,0.0,0.0,0.0,0,0,7.91,26.44
2026-06-06 08:20:15.025,0.0,0.0,0.0,0.0,0,0,7.91,26.44
2026-06-06 08:20:15.504,0.0,0.0,0.0,0.0,0,0,7.91,26.44
2026-06-06 08:20:16.033,0.0,0.0,0.0,0.0,0,0,7.91,26.44
2026-06-06 08:20:16.532,0.0,0.0,0.0,0.0,0,0,7.91,26.44
2026-06-06 08:20:17.037,0.0,0.0,0.0,0.0,0,0,7.91,26.44
2026-06-06 08:20:17.539,0.0,0.0,0.0,0.0,0,0,7.91,26.44
2026-06-06 08:20:18.048,0.0,0.0,0.0,0.0,0,0,7.91,26.44
2026-06-06 08:20:18.508,0.0,0.0,0.0,0.0,0,0,7.91,26.44
2026-06-06 08:20:19.048,0.0,0.0,0.0,0.0,0,0,7.91,26.44
2026-06-06 08:20:19.508,0.0,0.0,0.0,0.0,0,0,7.91,26.44
2026-06-06 08:20:20.031,0.0,0.0,0.0,0.0,0,0,7.91,26.44
2026-06-06 08:20:20.538,0.0,0.0,0.0,0.0,0,0,7.91,26.44
2026-06-06 08:20:21.048,0.0,0.0,0.0,0.0,0,0,7.91,26.44
2026-06-06 08:20:21.507,0.0,0.0,0.0,0.0,0,0,7.91,26.44
2026-06-06 08:20:22.038,0.0,0.0,0.0,0.0,0,0,7.91,26.44
2026-06-06 08:20:22.537,0.0,0.0,0.0,0.0,0,0,7.91,26.44
2026-06-06 08:20:23.045,0.0,0.0,0.0,0.0,0,0,7.91,26.44
2026-06-06 08:20:23.507,0.0,0.0,0.0,0.0,0,0,7.91,26.44
2026-06-06 08:20:24.038,0.0,0.0,0.0,0.0,0,0,7.91,26.44
2026-06-06 08:20:24.538,0.0,0.0,0.0,0.0,0,0,7.91,26.44
2026-06-06 08:20:25.039,0.0,0.0,0.0,0.0,0,0,7.91,26.44
2026-06-06 08:20:25.537,0.0,0.0,0.0,0.0,0,0,7.91,26.44
2026-06-06 08:20:26.038,0.0,0.0,0.0,0.0,0,0,7.91,26.44
2026-06-06 08:20:26.538,0.0,0.0,0.0,0.0,0,0,7.91,26.44
2026-06-06 08:20:27.035,0.0,0.0,0.0,0.0,0,0,7.91,26.44
2026-06-06 08:20:27.535,0.0,0.0,0.0,0.0,0,0,7.91,26.44
2026-06-06 08:20:28.038,0.0,0.0,0.0,0.0,0,0,7.91,26.44
2026-06-06 08:20:28.537,0.0,0.0,0.0,0.0,0,0,7.91,26.44
2026-06-06 08:20:29.037,0.0,0.0,0.0,0.0,0,0,7.91,26.44
2026-06-06 08:20:29.525,0.0,0.0,0.0,0.0,0,0,7.91,26.44
2026-06-06 08:20:30.058,0.0,0.0,0.0,0.0,0,0,7.91,26.44
2026-06-06 08:20:30.512,0.0,0.0,0.0,0.0,0,0,7.91,26.44
2026-06-06 08:20:31.057,0.0,0.0,0.0,0.0,0,0,7.91,26.44
2026-06-06 08:20:31.556,0.0,0.0,0.0,0.0,0,0,7.91,26.44
2026-06-06 08:20:32.053,0.0,0.0,0.0,0.0,0,0,7.91,26.44
2026-06-06 08:20:32.553,0.0,0.0,0.0,0.0,0,0,7.91,26.44
2026-06-06 08:20:33.053,0.0,0.0,0.0,0.0,0,0,7.91,26.44
2026-06-06 08:20:33.553,0.0,0.0,0.0,0.0,0,0,7.91,26.44
2026-06-06 08:20:34.006,0.0,0.0,0.0,0.0,0,0,7.91,26.44
2026-06-06 08:20:34.507,0.0,0.0,0.0,0.0,0,0,7.91,26.44
2026-06-06 08:20:35.006,0.0,0.0,0.0,0.0,0,0,7.91,26.44
2026-06-06 08:20:35.499,0.0,0.0,0.0,0.0,0,0,7.91,26.44
2026-06-06 08:20:36.037,0.0,0.0,0.0,0.0,0,0,7.91,26.44
2026-06-06 08:20:36.527,0.0,0.0,0.0,0.0,0,0,7.91,26.44
2026-06-06 08:20:37.032,0.0,0.0,0.0,0.0,0,0,7.91,26.44
2026-06-06 08:20:37.531,0.0,0.0,0.0,0.0,0,0,7.91,26.44
2026-06-06 08:20:38.037,0.0,0.0,0.0,0.0,0,0,7.91,26.44
2026-06-06 08:20:38.538,0.0,0.0,0.0,0.0,0,0,7.91,26.44
2026-06-06 08:20:39.054,0.0,0.0,0.0,0.0,0,0,7.91,26.44
2026-06-06 08:20:39.538,0.0,0.0,0.0,0.0,0,0,7.91,26.44
2026-06-06 08:20:40.038,0.0,0.0,0.0,0.0,0,0,7.91,26.44
2026-06-06 08:20:40.537,0.0,0.0,0.0,0.0,0,0,7.91,26.44
2026-06-06 08:20:41.040,0.0,0.0,0.0,0.0,0,0,7.91,26.44
2026-06-06 08:20:41.507,0.0,0.0,0.0,0.0,0,0,7.91,26.44
2026-06-06 08:20:42.057,0.0,0.0,0.0,0.0,0,0,7.91,26.44
2026-06-06 08:20:42.513,0.0,0.0,0.0,0.0,0,0,7.91,26.44
2026-06-06 08:20:43.037,0.0,0.0,0.0,0.0,0,0,7.91,26.44
2026-06-06 08:20:43.507,0.0,0.0,0.0,0.0,0,0,7.91,26.44
2026-06-06 08:20:44.031,0.0,0.0,0.0,0.0,0,0,7.91,26.44
2026-06-06 08:20:44.539,0.0,0.0,0.0,0.0,0,0,7.91,26.44
2026-06-06 08:20:45.013,0.0,0.0,0.0,0.0,0,0,7.91,26.44
2026-06-06 08:20:45.507,0.0,0.0,0.0,0.0,0,0,7.91,26.44
2026-06-06 08:20:46.006,0.0,0.0,0.0,0.0,0,0,7.91,26.44
2026-06-06 08:20:46.507,0.0,0.0,0.0,0.0,0,0,7.91,26.44
2026-06-06 08:20:47.055,0.0,0.0,0.0,0.0,0,0,7.91,26.44
2026-06-06 08:20:47.558,0.0,0.0,0.0,0.0,0,0,7.91,26.44
2026-06-06 08:20:48.007,0.0,0.0,0.0,0.0,0,0,7.91,26.44
2026-06-06 08:20:48.567,0.0,0.0,0.0,0.0,0,0,7.91,26.44
2026-06-06 08:20:49.008,0.0,0.0,0.0,0.0,0,0,7.91,26.44
2026-06-06 08:20:49.507,0.0,0.0,0.0,0.0,0,0,7.91,26.44
2026-06-06 08:20:50.052,0.0,0.0,0.0,0.0,0,0,7.91,26.44
2026-06-06 08:20:50.537,0.0,0.0,0.0,0.0,0,0,7.91,26.44
2026-06-06 08:20:51.033,0.0,0.0,0.0,0.0,0,0,7.91,26.44
2026-06-06 08:20:51.567,0.0,0.0,0.0,0.0,0,0,7.91,26.44
2026-06-06 08:20:52.069,0.0,0.0,0.0,0.0,0,0,7.91,26.44
2026-06-06 08:20:52.508,0.0,0.0,0.0,0.0,0,0,7.91,26.44
2026-06-06 08:20:53.007,0.0,0.0,0.0,0.0,0,0,7.91,26.44
2026-06-06 08:20:53.538,0.0,0.0,0.0,0.0,0,0,7.91,26.44
2026-06-06 08:20:54.038,0.0,0.0,0.0,0.0,0,0,7.91,26.44
2026-06-06 08:20:54.511,0.0,0.0,0.0,0.0,0,0,7.91,26.44
2026-06-06 08:20:55.040,0.0,0.0,0.0,0.0,0,0,7.91,26.44
2026-06-06 08:20:55.527,0.0,0.0,0.0,0.0,0,0,7.91,26.44
2026-06-06 08:20:56.068,0.0,0.0,0.0,0.0,0,0,7.91,26.44
2026-06-06 08:20:56.508,0.0,0.0,0.0,0.0,0,0,7.91,26.44
2026-06-06 08:20:57.014,0.0,0.0,0.0,0.0,0,0,7.91,26.44
2026-06-06 08:20:57.732,0.0,0.0,0.0,0.0,0,0,7.91,26.44
2026-06-06 08:20:58.013,0.0,0.0,0.0,0.0,0,0,7.91,26.44
2026-06-06 08:20:58.077,0.0,0.0,0.0,0.0,0,0,7.91,26.44
2026-06-06 08:20:58.568,0.0,0.0,0.0,0.0,0,0,7.91,26.44
2026-06-06 08:20:59.052,0.0,0.0,0.0,0.0,0,0,7.91,26.44
2026-06-06 08:20:59.557,0.0,0.0,0.0,0.0,0,0,7.91,26.44
2026-06-06 08:21:00.056,0.0,0.0,0.0,0.0,0,0,7.91,26.44
2026-06-06 08:21:00.554,0.0,0.0,0.0,0.0,0,0,7.91,26.44
2026-06-06 08:21:01.054,0.0,0.0,0.0,0.0,0,0,7.91,26.44
2026-06-06 08:21:01.554,0.0,0.0,0.0,0.0,0,0,7.91,26.44
2026-06-06 08:21:02.058,0.0,0.0,0.0,0.0,0,0,7.91,26.44
2026-06-06 08:21:02.559,0.0,0.0,0.0,0.0,0,0,7.91,26.44
2026-06-06 08:21:03.055,0.0,0.0,0.0,0.0,0,0,7.91,26.44
2026-06-06 08:21:03.538,0.0,0.0,0.0,0.0,0,0,7.91,26.44
2026-06-06 08:21:04.060,0.0,0.0,0.0,0.0,0,0,7.91,26.44
2026-06-06 08:21:04.527,0.0,0.0,0.0,0.0,0,0,7.91,26.44
2026-06-06 08:21:05.023,0.0,0.0,0.0,0.0,0,0,7.91,26.44
2026-06-06 08:21:05.568,0.0,0.0,0.0,0.0,0,0,7.91,26.44
2026-06-06 08:21:06.037,0.0,0.0,0.0,0.0,0,0,7.91,26.44
2026-06-06 08:21:06.557,0.0,0.0,0.0,0.0,0,0,7.91,26.44
2026-06-06 08:21:07.054,0.0,0.0,0.0,0.0,0,0,7.91,26.44
2026-06-06 08:21:07.568,0.0,0.0,0.0,0.0,0,0,7.91,26.44
2026-06-06 08:21:08.037,0.0,0.0,0.0,0.0,0,0,7.91,26.44
2026-06-06 08:21:08.558,0.0,0.0,0.0,0.0,0,0,7.91,26.44
2026-06-06 08:21:09.062,0.0,0.0,0.0,0.0,0,0,7.91,26.44
2026-06-06 08:21:09.558,0.0,0.0,0.0,0.0,0,0,7.91,26.44
2026-06-06 08:21:10.063,0.0,0.0,0.0,0.0,0,0,7.91,26.44
2026-06-06 08:21:10.577,0.0,0.0,0.0,0.0,0,0,7.91,26.44
2026-06-06 08:21:11.030,0.0,0.0,0.0,0.0,0,0,7.91,26.44
2026-06-06 08:21:11.557,0.0,0.0,0.0,0.0,0,0,7.91,26.44
2026-06-06 08:21:12.038,0.0,0.0,0.0,0.0,0,0,7.91,26.44
2026-06-06 08:21:12.575,0.0,0.0,0.0,0.0,0,0,7.91,26.44
2026-06-06 08:21:13.037,0.0,0.0,0.0,0.0,0,0,7.91,26.44
2026-06-06 08:21:13.559,0.0,0.0,0.0,0.0,0,0,7.91,26.44
2026-06-06 08:21:14.067,0.0,0.0,0.0,0.0,0,0,7.91,26.44
2026-06-06 08:21:14.567,0.0,0.0,0.0,0.0,0,0,7.91,26.44
2026-06-06 08:21:15.068,0.0,0.0,0.0,0.0,0,0,7.91,26.44
2026-06-06 08:21:15.538,0.0,0.0,0.0,0.0,0,0,7.91,26.44
2026-06-06 08:21:16.027,0.0,0.0,0.0,0.0,0,0,7.91,26.44
2026-06-06 08:21:16.567,0.0,0.0,0.0,0.0,0,0,7.91,26.44
2026-06-06 08:21:17.069,0.0,0.0,0.0,0.0,0,0,7.91,26.44
2026-06-06 08:21:17.537,0.0,0.0,0.0,0.0,0,0,7.91,26.44
2026-06-06 08:21:18.069,0.0,0.0,0.0,0.0,0,0,7.91,26.44
2026-06-06 08:21:18.567,0.0,0.0,0.0,0.0,0,0,7.91,26.44
2026-06-06 08:21:19.068,0.0,0.0,0.0,0.0,0,0,7.91,26.44
2026-06-06 08:21:19.537,0.0,0.0,0.0,0.0,0,0,7.91,26.44
2026-06-06 08:21:20.037,0.0,0.0,0.0,0.0,0,0,7.91,26.44
2026-06-06 08:21:20.538,0.0,0.0,0.0,0.0,0,0,7.91,26.44
2026-06-06 08:21:21.030,0.0,0.0,0.0,0.0,0,0,7.91,26.44
2026-06-06 08:21:21.568,0.0,0.0,0.0,0.0,0,0,7.91,26.44
2026-06-06 08:21:22.038,0.0,0.0,0.0,0.0,0,0,7.91,26.44
2026-06-06 08:21:22.573,0.0,0.0,0.0,0.0,0,0,7.91,26.44
2026-06-06 08:21:23.039,0.0,0.0,0.0,0.0,0,0,7.91,26.44
2026-06-06 08:21:23.539,0.0,0.0,0.0,0.0,0,0,7.91,26.44
2026-06-06 08:21:24.037,0.0,0.0,0.0,0.0,0,0,7.91,26.44
2026-06-06 08:21:24.538,0.0,0.0,0.0,0.0,0,0,7.91,26.44
2026-06-06 08:21:25.038,0.0,0.0,0.0,0.0,0,0,7.91,26.44
2026-06-06 08:21:25.536,0.0,0.0,0.0,0.0,0,0,7.91,26.44
2026-06-06 08:21:26.038,0.0,0.0,0.0,0.0,0,0,7.91,26.44
2026-06-06 08:21:26.539,0.0,0.0,0.0,0.0,0,0,7.91,26.44
2026-06-06 08:21:27.087,0.0,0.0,0.0,0.0,0,0,7.91,26.44
2026-06-06 08:21:27.582,0.0,0.0,0.0,0.0,0,0,7.91,26.44
2026-06-06 08:21:28.088,0.0,0.0,0.0,0.0,0,0,7.91,26.44
2026-06-06 08:21:28.567,0.0,0.0,0.0,0.0,0,0,7.91,26.44
2026-06-06 08:21:29.088,0.0,0.0,0.0,0.0,0,0,7.91,26.44
2026-06-06 08:21:29.558,0.0,0.0,0.0,0.0,0,0,7.91,26.44
2026-06-06 08:21:30.055,0.0,0.0,0.0,0.0,0,0,7.91,26.44
2026-06-06 08:21:30.560,0.0,0.0,0.0,0.0,0,0,7.91,26.44
2026-06-06 08:21:31.041,0.0,0.0,0.0,0.0,0,0,7.91,26.44
2026-06-06 08:21:31.583,0.0,0.0,0.0,0.0,0,0,7.91,26.44
2026-06-06 08:21:32.087,0.0,0.0,0.0,0.0,0,0,7.91,26.44
2026-06-06 08:21:32.588,0.0,0.0,0.0,0.0,0,0,7.91,26.44
2026-06-06 08:21:33.025,0.0,0.0,0.0,0.0,0,0,7.91,26.44
2026-06-06 08:21:33.583,0.0,0.0,0.0,0.0,0,0,7.91,26.44
2026-06-06 08:21:34.085,0.0,0.0,0.0,0.0,0,0,7.91,26.44
2026-06-06 08:21:34.588,0.0,0.0,0.0,0.0,0,0,7.91,26.44
2026-06-06 08:21:35.058,0.0,0.0,0.0,0.0,0,0,7.91,26.44
2026-06-06 08:21:35.558,0.0,0.0,0.0,0.0,0,0,7.91,26.44
2026-06-06 08:21:36.037,0.0,0.0,0.0,0.0,0,0,7.91,26.44
2026-06-06 08:21:36.537,0.0,0.0,0.0,0.0,0,0,7.91,26.44
2026-06-06 08:21:37.038,0.0,0.0,0.0,0.0,0,0,7.91,26.44
2026-06-06 08:21:37.536,0.0,0.0,0.0,0.0,0,0,7.91,26.44
2026-06-06 08:21:38.066,0.0,0.0,0.0,0.0,0,0,7.91,26.44
2026-06-06 08:21:38.549,0.0,0.0,0.0,0.0,0,0,7.91,26.44
2026-06-06 08:21:39.083,0.0,0.0,0.0,0.0,0,0,7.91,26.44
2026-06-06 08:21:39.583,0.0,0.0,0.0,0.0,0,0,7.91,26.44
2026-06-06 08:21:40.058,0.0,0.0,0.0,0.0,0,0,7.91,26.44
2026-06-06 08:21:40.588,0.0,0.0,0.0,0.0,0,0,7.91,26.44
2026-06-06 08:21:41.038,0.0,0.0,0.0,0.0,0,0,7.91,26.44
2026-06-06 08:21:41.593,0.0,0.0,0.0,0.0,0,0,7.91,26.44
2026-06-06 08:21:42.067,0.0,0.0,0.0,0.0,0,0,7.91,26.44
2026-06-06 08:21:42.570,0.0,0.0,0.0,0.0,0,0,7.91,26.44
2026-06-06 08:21:43.036,0.0,0.0,0.0,0.0,0,0,7.91,26.44
2026-06-06 08:21:43.538,0.0,0.0,0.0,0.0,0,0,7.91,26.44
2026-06-06 08:21:44.068,0.0,0.0,0.0,0.0,0,0,7.91,26.44
2026-06-06 08:21:44.557,0.0,0.0,0.0,0.0,0,0,7.91,26.44
2026-06-06 08:21:45.054,0.0,0.0,0.0,0.0,0,0,7.91,26.44
2026-06-06 08:21:45.554,0.0,0.0,0.0,0.0,0,0,7.91,26.44
2026-06-06 08:21:46.028,0.0,0.0,0.0,0.0,0,0,7.91,26.44
2026-06-06 08:21:46.537,0.0,0.0,0.0,0.0,0,0,7.91,26.44
2026-06-06 08:21:47.085,0.0,0.0,0.0,0.0,0,0,7.91,26.44
2026-06-06 08:21:47.583,0.0,0.0,0.0,0.0,0,0,7.91,26.44
2026-06-06 08:21:48.081,0.0,0.0,0.0,0.0,0,0,7.91,26.44
2026-06-06 08:21:48.559,0.0,0.0,0.0,0.0,0,0,7.91,26.44
2026-06-06 08:21:49.061,0.0,0.0,0.0,0.0,0,0,7.91,26.44
2026-06-06 08:21:49.566,0.0,0.0,0.0,0.0,0,0,7.91,26.44
2026-06-06 08:21:50.075,0.0,0.0,0.0,0.0,0,0,7.91,26.44
2026-06-06 08:21:50.548,0.0,0.0,0.0,0.0,0,0,7.91,26.44
2026-06-06 08:21:51.062,0.0,0.0,0.0,0.0,0,0,7.91,26.44
2026-06-06 08:21:51.562,0.0,0.0,0.0,0.0,0,0,7.91,26.44
2026-06-06 08:21:52.038,0.0,0.0,0.0,0.0,0,0,7.91,26.44
2026-06-06 08:21:52.599,0.0,0.0,0.0,0.0,0,0,7.91,26.44
2026-06-06 08:21:53.104,0.0,0.0,0.0,0.0,0,0,7.91,26.44
2026-06-06 08:21:53.537,0.0,0.0,0.0,0.0,0,0,7.91,26.44
2026-06-06 08:21:54.037,0.0,0.0,0.0,0.0,0,0,7.91,26.44
2026-06-06 08:21:54.537,0.0,0.0,0.0,0.0,0,0,7.91,26.44
2026-06-06 08:21:55.069,0.0,0.0,0.0,0.0,0,0,7.91,26.44
2026-06-06 08:21:55.568,0.0,0.0,0.0,0.0,0,0,7.91,26.44
2026-06-06 08:21:56.069,0.0,0.0,0.0,0.0,0,0,7.91,26.44
2026-06-06 08:21:56.568,0.0,0.0,0.0,0.0,0,0,7.91,26.44
2026-06-06 08:21:57.068,0.0,0.0,0.0,0.0,0,0,7.91,26.44
2026-06-06 08:21:57.567,0.0,0.0,0.0,0.0,0,0,7.91,26.44
2026-06-06 08:21:58.070,0.0,0.0,0.0,0.0,0,0,7.91,26.44
2026-06-06 08:21:58.567,0.0,0.0,0.0,0.0,0,0,7.91,26.44
2026-06-06 08:21:59.066,0.0,0.0,0.0,0.0,0,0,7.91,26.44
2026-06-06 08:21:59.589,0.0,0.0,0.0,0.0,0,0,7.91,26.44
2026-06-06 08:22:00.053,0.0,0.0,0.0,0.0,0,0,7.91,26.44
2026-06-06 08:22:00.553,0.0,0.0,0.0,0.0,0,0,7.91,26.44
2026-06-06 08:22:01.057,0.0,0.0,0.0,0.0,0,0,7.91,26.44
2026-06-06 08:22:01.557,0.0,0.0,0.0,0.0,0,0,7.91,26.44
2026-06-06 08:22:02.055,0.0,0.0,0.0,0.0,0,0,7.91,26.44
2026-06-06 08:22:02.553,0.0,0.0,0.0,0.0,0,0,7.91,26.44
2026-06-06 08:22:03.052,0.0,0.0,0.0,0.0,0,0,7.91,26.44
2026-06-06 08:22:03.600,0.0,0.0,0.0,0.0,0,0,7.91,26.44
2026-06-06 08:22:04.057,0.0,0.0,0.0,0.0,0,0,7.91,26.44
2026-06-06 08:22:04.560,0.0,0.0,0.0,0.0,0,0,7.91,26.44
2026-06-06 08:22:05.061,0.0,0.0,0.0,0.0,0,0,7.91,26.44
2026-06-06 08:22:05.558,0.0,0.0,0.0,0.0,0,0,7.91,26.44
2026-06-06 08:22:06.089,0.0,0.0,0.0,0.0,0,0,7.91,26.44
2026-06-06 08:22:06.592,0.0,0.0,0.0,0.0,0,0,7.91,26.44
2026-06-06 08:22:07.092,0.0,0.0,0.0,0.0,0,0,7.91,26.44
2026-06-06 08:22:07.598,0.0,0.0,0.0,0.0,0,0,7.91,26.44
2026-06-06 08:22:08.066,0.0,0.0,0.0,0.0,0,0,7.91,26.44
2026-06-06 08:22:08.550,0.0,0.0,0.0,0.0,0,0,7.91,26.44
2026-06-06 08:22:09.054,0.0,0.0,0.0,0.0,0,0,7.91,26.44
2026-06-06 08:22:09.553,0.0,0.0,0.0,0.0,0,0,7.91,26.44
2026-06-06 08:22:10.096,0.0,0.0,0.0,0.0,0,0,7.91,26.44
2026-06-06 08:22:10.600,0.0,0.0,0.0,0.0,0,0,7.91,26.44
2026-06-06 08:22:11.098,0.0,0.0,0.0,0.0,0,0,7.91,26.44
2026-06-06 08:22:11.562,0.0,0.0,0.0,0.0,0,0,7.91,26.44
2026-06-06 08:22:12.088,0.0,0.0,0.0,0.0,0,0,7.91,26.44
2026-06-06 08:22:12.609,0.0,0.0,0.0,0.0,0,0,7.91,26.44
2026-06-06 08:22:13.060,0.0,0.0,0.0,0.0,0,0,7.91,26.44
2026-06-06 08:22:13.558,0.0,0.0,0.0,0.0,0,0,7.91,26.44
2026-06-06 08:22:14.068,0.0,0.0,0.0,0.0,0,0,7.91,26.44
2026-06-06 08:22:14.568,0.0,0.0,0.0,0.0,0,0,7.91,26.44
2026-06-06 08:22:15.099,0.0,0.0,0.0,0.0,0,0,7.91,26.44
2026-06-06 08:22:15.559,0.0,0.0,0.0,0.0,0,0,7.91,26.44
2026-06-06 08:22:16.057,0.0,0.0,0.0,0.0,0,0,7.91,26.44
2026-06-06 08:22:16.559,0.0,0.0,0.0,0.0,0,0,7.91,26.44
2026-06-06 08:22:17.088,0.0,0.0,0.0,0.0,0,0,7.91,26.44
2026-06-06 08:22:17.560,0.0,0.0,0.0,0.0,0,0,7.91,26.44
2026-06-06 08:22:18.089,0.0,0.0,0.0,0.0,0,0,7.91,26.44
2026-06-06 08:22:18.557,0.0,0.0,0.0,0.0,0,0,7.91,26.44
2026-06-06 08:22:19.078,0.0,0.0,0.0,0.0,0,0,7.91,26.44
2026-06-06 08:22:19.601,0.0,0.0,0.0,0.0,0,0,7.91,26.44
2026-06-06 08:22:20.099,0.0,0.0,0.0,0.0,0,0,7.91,26.44
2026-06-06 08:22:20.605,0.0,0.0,0.0,0.0,0,0,7.91,26.44
2026-06-06 08:22:21.067,0.0,0.0,0.0,0.0,0,0,7.91,26.44
2026-06-06 08:22:21.570,0.0,0.0,0.0,0.0,0,0,7.91,26.44
2026-06-06 08:22:22.089,0.0,0.0,0.0,0.0,0,0,7.91,26.44
2026-06-06 08:22:22.569,0.0,0.0,0.0,0.0,0,0,7.91,26.44
2026-06-06 08:22:23.068,0.0,0.0,0.0,0.0,0,0,7.91,26.44
2026-06-06 08:22:23.594,0.0,0.0,0.0,0.0,0,0,7.91,26.44
2026-06-06 08:22:24.057,0.0,0.0,0.0,0.0,0,0,7.91,26.44
2026-06-06 08:22:24.581,0.0,0.0,0.0,0.0,0,0,7.91,26.44
2026-06-06 08:22:25.082,0.0,0.0,0.0,0.0,0,0,7.91,26.44
2026-06-06 08:22:25.557,0.0,0.0,0.0,0.0,0,0,7.91,26.44
2026-06-06 08:22:26.057,0.0,0.0,0.0,0.0,0,0,7.91,26.44
2026-06-06 08:22:26.570,0.0,0.0,0.0,0.0,0,0,7.91,26.44
2026-06-06 08:22:27.118,0.0,0.0,0.0,0.0,0,0,7.91,26.44
2026-06-06 08:22:27.558,0.0,0.0,0.0,0.0,0,0,7.91,26.44
2026-06-06 08:22:28.060,0.0,0.0,0.0,0.0,0,0,7.91,26.44
2026-06-06 08:22:28.559,0.0,0.0,0.0,0.0,0,0,7.91,26.44
2026-06-06 08:22:29.086,0.0,0.0,0.0,0.0,0,0,7.91,26.44
2026-06-06 08:22:29.584,0.0,0.0,0.0,0.0,0,0,7.91,26.44
2026-06-06 08:22:30.068,0.0,0.0,0.0,0.0,0,0,7.91,26.44
2026-06-06 08:22:30.557,0.0,0.0,0.0,0.0,0,0,7.91,26.44
2026-06-06 08:22:31.087,0.0,0.0,0.0,0.0,0,0,7.91,26.44
2026-06-06 08:22:31.557,0.0,0.0,0.0,0.0,0,0,7.91,26.44
2026-06-06 08:22:32.108,0.0,0.0,0.0,0.0,0,0,7.91,26.44
2026-06-06 08:22:32.588,0.0,0.0,0.0,0.0,0,0,7.91,26.44
2026-06-06 08:22:33.054,0.0,0.0,0.0,0.0,0,0,7.91,26.44
2026-06-06 08:22:33.817,0.0,0.0,0.0,0.0,0,0,7.91,26.44
2026-06-06 08:22:34.098,0.0,0.0,0.0,0.0,0,0,7.91,26.44
2026-06-06 08:22:34.099,0.0,0.0,0.0,0.0,0,0,7.91,26.44
2026-06-06 08:22:34.569,0.0,0.0,0.0,0.0,0,0,7.91,26.44
2026-06-06 08:22:35.069,0.0,0.0,0.0,0.0,0,0,7.91,26.44
2026-06-06 08:22:35.567,0.0,0.0,0.0,0.0,0,0,7.91,26.44
2026-06-06 08:22:36.069,0.0,0.0,0.0,0.0,0,0,7.91,26.44
2026-06-06 08:22:36.568,0.0,0.0,0.0,0.0,0,0,7.91,26.44
2026-06-06 08:22:37.068,0.0,0.0,0.0,0.0,0,0,7.91,26.44
2026-06-06 08:22:37.567,0.0,0.0,0.0,0.0,0,0,7.91,26.44
2026-06-06 08:22:38.119,0.0,0.0,0.0,0.0,0,0,7.91,26.44
2026-06-06 08:22:38.618,0.0,0.0,0.0,0.0,0,0,7.91,26.44
2026-06-06 08:22:39.124,0.0,0.0,0.0,0.0,0,0,7.91,26.44
2026-06-06 08:22:39.561,0.0,0.0,0.0,0.0,0,0,7.91,26.44
2026-06-06 08:22:40.125,0.0,0.0,0.0,0.0,0,0,7.91,26.44
2026-06-06 08:22:40.580,0.0,0.0,0.0,0.0,0,0,7.91,26.44
2026-06-06 08:22:41.088,0.0,0.0,0.0,0.0,0,0,7.91,26.44
2026-06-06 08:22:41.595,0.0,0.0,0.0,0.0,0,0,7.91,26.44
2026-06-06 08:22:42.095,0.0,0.0,0.0,0.0,0,0,7.91,26.44
2026-06-06 08:22:42.618,0.0,0.0,0.0,0.0,0,0,7.91,26.44
2026-06-06 08:22:43.118,0.0,0.0,0.0,0.0,0,0,7.91,26.44
2026-06-06 08:22:43.560,0.0,0.0,0.0,0.0,0,0,7.91,26.44
2026-06-06 08:22:44.067,0.0,0.0,0.0,0.0,0,0,7.91,26.44
2026-06-06 08:22:44.618,0.0,0.0,0.0,0.0,0,0,7.91,26.44
2026-06-06 08:22:45.120,0.0,0.0,0.0,0.0,0,0,7.91,26.44
2026-06-06 08:22:45.587,0.0,0.0,0.0,0.0,0,0,7.91,26.44
2026-06-06 08:22:46.091,0.0,0.0,0.0,0.0,0,0,7.91,26.44
2026-06-06 08:22:46.591,0.0,0.0,0.0,0.0,0,0,7.91,26.44
2026-06-06 08:22:47.091,0.0,0.0,0.0,0.0,0,0,7.91,26.44
2026-06-06 08:22:47.615,0.0,0.0,0.0,0.0,0,0,7.91,26.44
2026-06-06 08:22:48.119,0.0,0.0,0.0,0.0,0,0,7.91,26.44
2026-06-06 08:22:48.618,0.0,0.0,0.0,0.0,0,0,7.91,26.44
2026-06-06 08:22:49.118,0.0,0.0,0.0,0.0,0,0,7.91,26.44
2026-06-06 08:22:49.613,0.0,0.0,0.0,0.0,0,0,7.91,26.44
2026-06-06 08:22:50.090,0.0,0.0,0.0,0.0,0,0,7.91,26.44
2026-06-06 08:22:50.618,0.0,0.0,0.0,0.0,0,0,7.91,26.44
2026-06-06 08:22:51.119,0.0,0.0,0.0,0.0,0,0,7.91,26.44
2026-06-06 08:22:51.588,0.0,0.0,0.0,0.0,0,0,7.91,26.44
2026-06-06 08:22:52.087,0.0,0.0,0.0,0.0,0,0,7.91,26.44
2026-06-06 08:22:52.623,0.0,0.0,0.0,0.0,0,0,7.91,26.44
2026-06-06 08:22:53.134,0.0,0.0,0.0,0.0,0,0,7.91,26.44
2026-06-06 08:22:53.598,0.0,0.0,0.0,0.0,0,0,7.91,26.44
2026-06-06 08:22:54.091,0.0,0.0,0.0,0.0,0,0,7.91,26.44
2026-06-06 08:22:54.590,0.0,0.0,0.0,0.0,0,0,7.91,26.44
2026-06-06 08:22:55.087,0.0,0.0,0.0,0.0,0,0,7.91,26.44
2026-06-06 08:22:55.590,0.0,0.0,0.0,0.0,0,0,7.91,26.44
2026-06-06 08:22:56.108,0.0,0.0,0.0,0.0,0,0,7.91,26.44
2026-06-06 08:22:56.619,0.0,0.0,0.0,0.0,0,0,7.91,26.44
2026-06-06 08:22:57.125,0.0,0.0,0.0,0.0,0,0,7.91,26.44
2026-06-06 08:22:57.641,0.0,0.0,0.0,0.0,0,0,7.91,26.44
2026-06-06 08:22:58.092,0.0,0.0,0.0,0.0,0,0,7.91,26.44
2026-06-06 08:22:58.617,0.0,0.0,0.0,0.0,0,0,7.91,26.44
2026-06-06 08:22:59.088,0.0,0.0,0.0,0.0,0,0,7.91,26.44
2026-06-06 08:22:59.616,0.0,0.0,0.0,0.0,0,0,7.91,26.44
2026-06-06 08:23:00.118,0.0,0.0,0.0,0.0,0,0,7.91,26.44
2026-06-06 08:23:00.590,0.0,0.0,0.0,0.0,0,0,7.91,26.44
2026-06-06 08:23:01.088,0.0,0.0,0.0,0.0,0,0,7.91,26.44
2026-06-06 08:23:01.622,0.0,0.0,0.0,0.0,0,0,7.91,26.44
2026-06-06 08:23:02.091,0.0,0.0,0.0,0.0,0,0,7.91,26.44
2026-06-06 08:23:02.618,0.0,0.0,0.0,0.0,0,0,7.91,26.44
2026-06-06 08:23:03.118,0.0,0.0,0.0,0.0,0,0,7.91,26.44
2026-06-06 08:23:03.629,0.0,0.0,0.0,0.0,0,0,7.91,26.44
2026-06-06 08:23:04.090,0.0,0.0,0.0,0.0,0,0,7.91,26.44
2026-06-06 08:23:04.594,0.0,0.0,0.0,0.0,0,0,7.91,26.44
2026-06-06 08:23:05.105,0.0,0.0,0.0,0.0,0,0,7.91,26.44
2026-06-06 08:23:05.816,0.0,0.0,0.0,0.0,0,0,7.91,26.44
2026-06-06 08:23:06.130,0.0,0.0,0.0,0.0,0,0,7.91,26.44
2026-06-06 08:23:06.131,0.0,0.0,0.0,0.0,0,0,7.91,26.44
2026-06-06 08:23:06.612,0.0,0.0,0.0,0.0,0,0,7.91,26.44
2026-06-06 08:23:07.111,0.0,0.0,0.0,0.0,0,0,7.91,26.44
2026-06-06 08:23:07.599,0.0,0.0,0.0,0.0,0,0,7.91,26.44
2026-06-06 08:23:08.102,0.0,0.0,0.0,0.0,0,0,7.91,26.44
2026-06-06 08:23:08.604,0.0,0.0,0.0,0.0,0,0,7.91,26.44
2026-06-06 08:23:09.116,0.0,0.0,0.0,0.0,0,0,7.91,26.44
2026-06-06 08:23:09.615,0.0,0.0,0.0,0.0,0,0,7.91,26.44
2026-06-06 08:23:10.118,0.0,0.0,0.0,0.0,0,0,7.91,26.44
2026-06-06 08:23:10.617,0.0,0.0,0.0,0.0,0,0,7.91,26.44
2026-06-06 08:23:11.130,0.0,0.0,0.0,0.0,0,0,7.91,26.44
2026-06-06 08:23:11.630,0.0,0.0,0.0,0.0,0,0,7.91,26.44
2026-06-06 08:23:12.128,0.0,0.0,0.0,0.0,0,0,7.91,26.44
2026-06-06 08:23:12.588,0.0,0.0,0.0,0.0,0,0,7.91,26.44
2026-06-06 08:23:13.104,0.0,0.0,0.0,0.0,0,0,7.91,26.44
2026-06-06 08:23:13.609,0.0,0.0,0.0,0.0,0,0,7.91,26.44
2026-06-06 08:23:14.117,0.0,0.0,0.0,0.0,0,0,7.91,26.44
2026-06-06 08:23:14.621,0.0,0.0,0.0,0.0,0,0,7.91,26.44
2026-06-06 08:23:15.118,0.0,0.0,0.0,0.0,0,0,7.91,26.44
2026-06-06 08:23:15.578,0.0,0.0,0.0,0.0,0,0,7.91,26.44
2026-06-06 08:23:16.092,0.0,0.0,0.0,0.0,0,0,7.91,26.44
2026-06-06 08:23:16.618,0.0,0.0,0.0,0.0,0,0,7.91,26.44
2026-06-06 08:23:17.138,0.0,0.0,0.0,0.0,0,0,7.91,26.44
2026-06-06 08:23:17.592,0.0,0.0,0.0,0.0,0,0,7.91,26.44
2026-06-06 08:23:18.106,0.0,0.0,0.0,0.0,0,0,7.91,26.44
2026-06-06 08:23:18.590,0.0,0.0,0.0,0.0,0,0,7.91,26.44
2026-06-06 08:23:19.087,0.0,0.0,0.0,0.0,0,0,7.91,26.44
2026-06-06 08:23:19.663,0.0,0.0,0.0,0.0,0,0,7.91,26.44
2026-06-06 08:23:20.089,0.0,0.0,0.0,0.0,0,0,7.91,26.44
2026-06-06 08:23:20.591,0.0,0.0,0.0,0.0,0,0,7.91,26.44
2026-06-06 08:23:21.087,0.0,0.0,0.0,0.0,0,0,7.91,26.44
2026-06-06 08:23:21.599,0.0,0.0,0.0,0.0,0,0,7.91,26.44
2026-06-06 08:23:22.105,0.0,0.0,0.0,0.0,0,0,7.91,26.44
2026-06-06 08:23:22.623,0.0,0.0,0.0,0.0,0,0,7.91,26.44
2026-06-06 08:23:23.122,0.0,0.0,0.0,0.0,0,0,7.91,26.44
2026-06-06 08:23:23.614,0.0,0.0,0.0,0.0,0,0,7.91,26.44
2026-06-06 08:23:24.117,0.0,0.0,0.0,0.0,0,0,7.91,26.44
2026-06-06 08:23:24.620,0.0,0.0,0.0,0.0,0,0,7.91,26.44
2026-06-06 08:23:25.103,0.0,0.0,0.0,0.0,0,0,7.91,26.44
2026-06-06 08:23:25.646,0.0,0.0,0.0,0.0,0,0,7.91,26.44
2026-06-06 08:23:26.149,0.0,0.0,0.0,0.0,0,0,7.91,26.44
2026-06-06 08:23:26.649,0.0,0.0,0.0,0.0,0,0,7.91,26.44
2026-06-06 08:23:27.148,0.0,0.0,0.0,0.0,0,0,7.91,26.44
2026-06-06 08:23:27.648,0.0,0.0,0.0,0.0,0,0,7.91,26.44
2026-06-06 08:23:28.085,0.0,0.0,0.0,0.0,0,0,7.91,26.44
2026-06-06 08:23:28.650,0.0,0.0,0.0,0.0,0,0,7.91,26.44
2026-06-06 08:23:29.149,0.0,0.0,0.0,0.0,0,0,7.91,26.44
2026-06-06 08:23:29.647,0.0,0.0,0.0,0.0,0,0,7.91,26.44
2026-06-06 08:23:30.137,0.0,0.0,0.0,0.0,0,0,7.91,26.44
2026-06-06 08:23:30.637,0.0,0.0,0.0,0.0,0,0,7.91,26.44
2026-06-06 08:23:31.091,0.0,0.0,0.0,0.0,0,0,7.91,26.44
2026-06-06 08:23:31.651,0.0,0.0,0.0,0.0,0,0,7.91,26.44
2026-06-06 08:23:32.123,0.0,0.0,0.0,0.0,0,0,7.91,26.44
2026-06-06 08:23:32.637,0.0,0.0,0.0,0.0,0,0,7.91,26.44
2026-06-06 08:23:33.112,0.0,0.0,0.0,0.0,0,0,7.91,26.44
2026-06-06 08:23:33.627,0.0,0.0,0.0,0.0,0,0,7.91,26.44
2026-06-06 08:23:34.145,0.0,0.0,0.0,0.0,0,0,7.91,26.44
2026-06-06 08:23:34.650,0.0,0.0,0.0,0.0,0,0,7.91,26.44
2026-06-06 08:23:35.146,0.0,0.0,0.0,0.0,0,0,7.91,26.44
2026-06-06 08:23:35.611,0.0,0.0,0.0,0.0,0,0,7.91,26.44
2026-06-06 08:23:36.147,0.0,0.0,0.0,0.0,0,0,7.91,26.44
2026-06-06 08:23:36.618,0.0,0.0,0.0,0.0,0,0,7.91,26.44
2026-06-06 08:23:37.118,0.0,0.0,0.0,0.0,0,0,7.91,26.44
2026-06-06 08:23:37.599,0.0,0.0,0.0,0.0,0,0,7.91,26.44
2026-06-06 08:23:38.102,0.0,0.0,0.0,0.0,0,0,7.91,26.44
2026-06-06 08:23:38.599,0.0,0.0,0.0,0.0,0,0,7.91,26.44
2026-06-06 08:23:39.100,0.0,0.0,0.0,0.0,0,0,7.91,26.44
2026-06-06 08:23:39.600,0.0,0.0,0.0,0.0,0,0,7.91,26.44
2026-06-06 08:23:40.098,0.0,0.0,0.0,0.0,0,0,7.91,26.44
2026-06-06 08:23:40.598,0.0,0.0,0.0,0.0,0,0,7.91,26.44
2026-06-06 08:23:41.099,0.0,0.0,0.0,0.0,0,0,7.91,26.44
2026-06-06 08:23:41.612,0.0,0.0,0.0,0.0,0,0,7.91,26.44
2026-06-06 08:23:42.145,0.0,0.0,0.0,0.0,0,0,7.91,26.44
2026-06-06 08:23:42.647,0.0,0.0,0.0,0.0,0,0,7.91,26.44
2026-06-06 08:23:43.136,0.0,0.0,0.0,0.0,0,0,7.91,26.44
2026-06-06 08:23:43.659,0.0,0.0,0.0,0.0,0,0,7.91,26.44
2026-06-06 08:23:44.126,0.0,0.0,0.0,0.0,0,0,7.91,26.44
2026-06-06 08:23:44.619,0.0,0.0,0.0,0.0,0,0,7.91,26.44
2026-06-06 08:23:45.117,0.0,0.0,0.0,0.0,0,0,7.91,26.44
2026-06-06 08:23:45.615,0.0,0.0,0.0,0.0,0,0,7.91,26.44
2026-06-06 08:23:46.118,0.0,0.0,0.0,0.0,0,0,7.91,26.44
2026-06-06 08:23:46.621,0.0,0.0,0.0,0.0,0,0,7.91,26.44
2026-06-06 08:23:47.132,0.0,0.0,0.0,0.0,0,0,7.91,26.44
2026-06-06 08:23:47.631,0.0,0.0,0.0,0.0,0,0,7.91,26.44
2026-06-06 08:23:48.135,0.0,0.0,0.0,0.0,0,0,7.91,26.44
2026-06-06 08:23:48.617,0.0,0.0,0.0,0.0,0,0,7.91,26.44
2026-06-06 08:23:49.117,0.0,0.0,0.0,0.0,0,0,7.91,26.44
2026-06-06 08:23:49.662,0.0,0.0,0.0,0.0,0,0,7.91,26.44
2026-06-06 08:23:50.168,0.0,0.0,0.0,0.0,0,0,7.91,26.44
2026-06-06 08:23:50.650,0.0,0.0,0.0,0.0,0,0,7.91,26.44
2026-06-06 08:23:51.109,0.0,0.0,0.0,0.0,0,0,7.91,26.44
2026-06-06 08:23:51.648,0.0,0.0,0.0,0.0,0,0,7.91,26.44
2026-06-06 08:23:52.147,0.0,0.0,0.0,0.0,0,0,7.91,26.44
2026-06-06 08:23:52.605,0.0,0.0,0.0,0.0,0,0,7.91,26.44
2026-06-06 08:23:53.163,0.0,0.0,0.0,0.0,0,0,7.91,26.44
2026-06-06 08:23:53.665,0.0,0.0,0.0,0.0,0,0,7.91,26.44
2026-06-06 08:23:54.166,0.0,0.0,0.0,0.0,0,0,7.91,26.44
2026-06-06 08:23:54.660,0.0,0.0,0.0,0.0,0,0,7.91,26.44
2026-06-06 08:23:55.159,0.0,0.0,0.0,0.0,0,0,7.91,26.44
2026-06-06 08:23:55.610,0.0,0.0,0.0,0.0,0,0,7.91,26.44
2026-06-06 08:23:56.129,0.0,0.0,0.0,0.0,0,0,7.91,26.44
2026-06-06 08:23:56.607,0.0,0.0,0.0,0.0,0,0,7.91,26.44
2026-06-06 08:23:57.135,0.0,0.0,0.0,0.0,0,0,7.91,26.44
2026-06-06 08:23:57.647,0.0,0.0,0.0,0.0,0,0,7.91,26.44
2026-06-06 08:23:58.147,0.0,0.0,0.0,0.0,0,0,7.91,26.44
2026-06-06 08:23:58.649,0.0,0.0,0.0,0.0,0,0,7.91,26.44
2026-06-06 08:23:59.148,0.0,0.0,0.0,0.0,0,0,7.91,26.44
2026-06-06 08:23:59.621,0.0,0.0,0.0,0.0,0,0,7.91,26.44
2026-06-06 08:24:00.163,0.0,0.0,0.0,0.0,0,0,7.91,26.44
2026-06-06 08:24:00.666,0.0,0.0,0.0,0.0,0,0,7.91,26.44
2026-06-06 08:24:01.166,0.0,0.0,0.0,0.0,0,0,7.91,26.44
2026-06-06 08:24:01.651,0.0,0.0,0.0,0.0,0,0,7.91,26.44
2026-06-06 08:24:02.148,0.0,0.0,0.0,0.0,0,0,7.91,26.44
2026-06-06 08:24:02.648,0.0,0.0,0.0,0.0,0,0,7.91,26.44
2026-06-06 08:24:03.148,0.0,0.0,0.0,0.0,0,0,7.91,26.44
2026-06-06 08:24:03.648,0.0,0.0,0.0,0.0,0,0,7.91,26.44
2026-06-06 08:24:04.149,0.0,0.0,0.0,0.0,0,0,7.91,26.44
2026-06-06 08:24:04.649,0.0,0.0,0.0,0.0,0,0,7.91,26.44
2026-06-06 08:24:05.148,0.0,0.0,0.0,0.0,0,0,7.91,26.44
2026-06-06 08:24:05.648,0.0,0.0,0.0,0.0,0,0,7.91,26.44
2026-06-06 08:24:06.148,0.0,0.0,0.0,0.0,0,0,7.91,26.44
2026-06-06 08:24:06.647,0.0,0.0,0.0,0.0,0,0,7.91,26.44
2026-06-06 08:24:07.145,0.0,0.0,0.0,0.0,0,0,7.91,26.44
2026-06-06 08:24:07.644,0.0,0.0,0.0,0.0,0,0,7.91,26.44
2026-06-06 08:24:08.161,0.0,0.0,0.0,0.0,0,0,7.91,26.44
2026-06-06 08:24:08.646,0.0,0.0,0.0,0.0,0,0,7.91,26.44
2026-06-06 08:24:09.129,0.0,0.0,0.0,0.0,0,0,7.91,26.44
2026-06-06 08:24:09.658,0.0,0.0,0.0,0.0,0,0,7.91,26.44
2026-06-06 08:24:10.168,0.0,0.0,0.0,0.0,0,0,7.91,26.44
2026-06-06 08:24:10.619,0.0,0.0,0.0,0.0,0,0,7.91,26.44
2026-06-06 08:24:11.118,0.0,0.0,0.0,0.0,0,0,7.91,26.44
2026-06-06 08:24:11.614,0.0,0.0,0.0,0.0,0,0,7.91,26.44
2026-06-06 08:24:12.127,0.0,0.0,0.0,0.0,0,0,7.91,26.44
2026-06-06 08:24:12.648,0.0,0.0,0.0,0.0,0,0,7.91,26.44
2026-06-06 08:24:13.168,0.0,0.0,0.0,0.0,0,0,7.91,26.44
2026-06-06 08:24:13.622,0.0,0.0,0.0,0.0,0,0,7.91,26.44
2026-06-06 08:24:14.169,0.0,0.0,0.0,0.0,0,0,7.91,26.44
2026-06-06 08:24:14.618,0.0,0.0,0.0,0.0,0,0,7.91,26.44
2026-06-06 08:24:15.121,0.0,0.0,0.0,0.0,0,0,7.91,26.44
2026-06-06 08:24:15.615,0.0,0.0,0.0,0.0,0,0,7.91,26.44
2026-06-06 08:24:16.118,0.0,0.0,0.0,0.0,0,0,7.91,26.44
2026-06-06 08:24:16.648,0.0,0.0,0.0,0.0,0,0,7.91,26.44
2026-06-06 08:24:17.148,0.0,0.0,0.0,0.0,0,0,7.91,26.44
2026-06-06 08:24:17.647,0.0,0.0,0.0,0.0,0,0,7.91,26.44
2026-06-06 08:24:18.132,0.0,0.0,0.0,0.0,0,0,7.91,26.44
2026-06-06 08:24:18.631,0.0,0.0,0.0,0.0,0,0,7.91,26.44
2026-06-06 08:24:19.132,0.0,0.0,0.0,0.0,0,0,7.91,26.44
2026-06-06 08:24:19.629,0.0,0.0,0.0,0.0,0,0,7.91,26.44
2026-06-06 08:24:20.167,0.0,0.0,0.0,0.0,0,0,7.91,26.44
2026-06-06 08:24:20.669,0.0,0.0,0.0,0.0,0,0,7.91,26.44
2026-06-06 08:24:21.117,0.0,0.0,0.0,0.0,0,0,7.91,26.44
2026-06-06 08:24:21.672,0.0,0.0,0.0,0.0,0,0,7.91,26.44
2026-06-06 08:24:22.169,0.0,0.0,0.0,0.0,0,0,7.91,26.44
2026-06-06 08:24:22.662,0.0,0.0,0.0,0.0,0,0,7.91,26.44
2026-06-06 08:24:23.167,0.0,0.0,0.0,0.0,0,0,7.91,26.44
2026-06-06 08:24:23.621,0.0,0.0,0.0,0.0,0,0,7.91,26.44
2026-06-06 08:24:24.117,0.0,0.0,0.0,0.0,0,0,7.91,26.44
2026-06-06 08:24:24.647,0.0,0.0,0.0,0.0,0,0,7.91,26.44
2026-06-06 08:24:25.136,0.0,0.0,0.0,0.0,0,0,7.91,26.44
2026-06-06 08:24:25.678,0.0,0.0,0.0,0.0,0,0,7.91,26.44
2026-06-06 08:24:26.178,0.0,0.0,0.0,0.0,0,0,7.91,26.44
2026-06-06 08:24:26.677,0.0,0.0,0.0,0.0,0,0,7.91,26.44
2026-06-06 08:24:27.117,0.0,0.0,0.0,0.0,0,0,7.91,26.44
2026-06-06 08:24:27.679,0.0,0.0,0.0,0.0,0,0,7.91,26.44
2026-06-06 08:24:28.178,0.0,0.0,0.0,0.0,0,0,7.91,26.44
2026-06-06 08:24:28.677,0.0,0.0,0.0,0.0,0,0,7.91,26.44
2026-06-06 08:24:29.179,0.0,0.0,0.0,0.0,0,0,7.91,26.44
2026-06-06 08:24:29.678,0.0,0.0,0.0,0.0,0,0,7.91,26.44
2026-06-06 08:24:30.178,0.0,0.0,0.0,0.0,0,0,7.91,26.44
2026-06-06 08:24:30.644,0.0,0.0,0.0,0.0,0,0,7.91,26.44
2026-06-06 08:24:31.147,0.0,0.0,0.0,0.0,0,0,7.91,26.44
2026-06-06 08:24:31.624,0.0,0.0,0.0,0.0,0,0,7.91,26.44
2026-06-06 08:24:32.169,0.0,0.0,0.0,0.0,0,0,7.91,26.44
2026-06-06 08:24:32.678,0.0,0.0,0.0,0.0,0,0,7.91,26.44
2026-06-06 08:24:33.179,0.0,0.0,0.0,0.0,0,0,7.91,26.44
2026-06-06 08:24:33.649,0.0,0.0,0.0,0.0,0,0,7.91,26.44
2026-06-06 08:24:34.149,0.0,0.0,0.0,0.0,0,0,7.91,26.44
2026-06-06 08:24:34.678,0.0,0.0,0.0,0.0,0,0,7.91,26.44
2026-06-06 08:24:35.178,0.0,0.0,0.0,0.0,0,0,7.91,26.44
2026-06-06 08:24:35.670,0.0,0.0,0.0,0.0,0,0,7.91,26.44
2026-06-06 08:24:36.149,0.0,0.0,0.0,0.0,0,0,7.91,26.44
2026-06-06 08:24:36.648,0.0,0.0,0.0,0.0,0,0,7.91,26.44
2026-06-06 08:24:37.167,0.0,0.0,0.0,0.0,0,0,7.91,26.44
2026-06-06 08:24:37.669,0.0,0.0,0.0,0.0,0,0,7.91,26.44
2026-06-06 08:24:38.147,0.0,0.0,0.0,0.0,0,0,7.91,26.44
2026-06-06 08:24:38.647,0.0,0.0,0.0,0.0,0,0,7.91,26.44
2026-06-06 08:24:39.168,0.0,0.0,0.0,0.0,0,0,7.91,26.44
2026-06-06 08:24:39.631,0.0,0.0,0.0,0.0,0,0,7.91,26.44
2026-06-06 08:24:40.149,0.0,0.0,0.0,0.0,0,0,7.91,26.44
2026-06-06 08:24:40.648,0.0,0.0,0.0,0.0,0,0,7.91,26.44
2026-06-06 08:24:41.147,0.0,0.0,0.0,0.0,0,0,7.91,26.44
2026-06-06 08:24:41.870,0.0,0.0,0.0,0.0,0,0,7.91,26.44
2026-06-06 08:24:42.178,0.0,0.0,0.0,0.0,0,0,7.91,26.44
2026-06-06 08:24:42.179,0.0,0.0,0.0,0.0,0,0,7.91,26.44
2026-06-06 08:24:42.687,0.0,0.0,0.0,0.0,0,0,7.91,26.44
2026-06-06 08:24:43.167,0.0,0.0,0.0,0.0,0,0,7.91,26.44
2026-06-06 08:24:43.632,0.0,0.0,0.0,0.0,0,0,7.91,26.44
2026-06-06 08:24:44.131,0.0,0.0,0.0,0.0,0,0,7.91,26.44
2026-06-06 08:24:44.633,0.0,0.0,0.0,0.0,0,0,7.91,26.44
2026-06-06 08:24:45.193,0.0,0.0,0.0,0.0,0,0,7.91,26.44
2026-06-06 08:24:45.629,0.0,0.0,0.0,0.0,0,0,7.91,26.44
2026-06-06 08:24:46.192,0.0,0.0,0.0,0.0,0,0,7.91,26.44
2026-06-06 08:24:46.692,0.0,0.0,0.0,0.0,0,0,7.91,26.44
2026-06-06 08:24:47.191,0.0,0.0,0.0,0.0,0,0,7.91,26.44
2026-06-06 08:24:47.660,0.0,0.0,0.0,0.0,0,0,7.91,26.44
2026-06-06 08:24:48.167,0.0,0.0,0.0,0.0,0,0,7.91,26.44
2026-06-06 08:24:48.679,0.0,0.0,0.0,0.0,0,0,7.91,26.44
2026-06-06 08:24:49.153,0.0,0.0,0.0,0.0,0,0,7.91,26.44
2026-06-06 08:24:49.670,0.0,0.0,0.0,0.0,0,0,7.91,26.44
2026-06-06 08:24:50.179,0.0,0.0,0.0,0.0,0,0,7.91,26.44
2026-06-06 08:24:50.678,0.0,0.0,0.0,0.0,0,0,7.91,26.44
2026-06-06 08:24:51.166,0.0,0.0,0.0,0.0,0,0,7.91,26.44
2026-06-06 08:24:51.679,0.0,0.0,0.0,0.0,0,0,7.91,26.44
2026-06-06 08:24:52.181,0.0,0.0,0.0,0.0,0,0,7.91,26.44
2026-06-06 08:24:52.678,0.0,0.0,0.0,0.0,0,0,7.91,26.44
2026-06-06 08:24:53.179,0.0,0.0,0.0,0.0,0,0,7.91,26.44
2026-06-06 08:24:53.690,0.0,0.0,0.0,0.0,0,0,7.91,26.44
2026-06-06 08:24:54.191,0.0,0.0,0.0,0.0,0,0,7.91,26.44
2026-06-06 08:24:54.693,0.0,0.0,0.0,0.0,0,0,7.91,26.44
2026-06-06 08:24:55.193,0.0,0.0,0.0,0.0,0,0,7.91,26.44
2026-06-06 08:24:55.692,0.0,0.0,0.0,0.0,0,0,7.91,26.44
2026-06-06 08:24:56.192,0.0,0.0,0.0,0.0,0,0,7.91,26.44
2026-06-06 08:24:56.693,0.0,0.0,0.0,0.0,0,0,7.91,26.44
2026-06-06 08:24:57.192,0.0,0.0,0.0,0.0,0,0,7.91,26.44
2026-06-06 08:24:57.692,0.0,0.0,0.0,0.0,0,0,7.91,26.44
2026-06-06 08:24:58.160,0.0,0.0,0.0,0.0,0,0,7.91,26.44
2026-06-06 08:24:58.647,0.0,0.0,0.0,0.0,0,0,7.91,26.44
2026-06-06 08:24:59.191,0.0,0.0,0.0,0.0,0,0,7.91,26.44
2026-06-06 08:24:59.693,0.0,0.0,0.0,0.0,0,0,7.91,26.44
2026-06-06 08:25:00.193,0.0,0.0,0.0,0.0,0,0,7.91,26.44
2026-06-06 08:25:00.674,0.0,0.0,0.0,0.0,0,0,7.91,26.44
2026-06-06 08:25:01.160,0.0,0.0,0.0,0.0,0,0,7.91,26.44
2026-06-06 08:25:01.663,0.0,0.0,0.0,0.0,0,0,7.91,26.44
2026-06-06 08:25:02.167,0.0,0.0,0.0,0.0,0,0,7.91,26.44
2026-06-06 08:25:02.647,0.0,0.0,0.0,0.0,0,0,7.91,26.44
2026-06-06 08:25:03.147,0.0,0.0,0.0,0.0,0,0,7.91,26.44
2026-06-06 08:25:03.647,0.0,0.0,0.0,0.0,0,0,7.91,26.44
2026-06-06 08:25:04.147,0.0,0.0,0.0,0.0,0,0,7.91,26.44
2026-06-06 08:25:04.648,0.0,0.0,0.0,0.0,0,0,7.91,26.44
2026-06-06 08:25:05.148,0.0,0.0,0.0,0.0,0,0,7.91,26.44
2026-06-06 08:25:05.695,0.0,0.0,0.0,0.0,0,0,7.91,26.44
2026-06-06 08:25:06.193,0.0,0.0,0.0,0.0,0,0,7.91,26.44
2026-06-06 08:25:06.693,0.0,0.0,0.0,0.0,0,0,7.91,26.44
2026-06-06 08:25:07.192,0.0,0.0,0.0,0.0,0,0,7.91,26.44
2026-06-06 08:25:07.697,0.0,0.0,0.0,0.0,0,0,7.91,26.44
2026-06-06 08:25:08.193,0.0,0.0,0.0,0.0,0,0,7.91,26.44
2026-06-06 08:25:08.674,0.0,0.0,0.0,0.0,0,0,7.91,26.44
2026-06-06 08:25:09.190,0.0,0.0,0.0,0.0,0,0,7.91,26.44
2026-06-06 08:25:09.641,0.0,0.0,0.0,0.0,0,0,7.91,26.44
2026-06-06 08:25:10.142,0.0,0.0,0.0,0.0,0,0,7.91,26.44
2026-06-06 08:25:10.669,0.0,0.0,0.0,0.0,0,0,7.91,26.44
2026-06-06 08:25:11.174,0.0,0.0,0.0,0.0,0,0,7.91,26.44
2026-06-06 08:25:11.693,0.0,0.0,0.0,0.0,0,0,7.91,26.44
2026-06-06 08:25:12.199,0.0,0.0,0.0,0.0,0,0,7.91,26.44
2026-06-06 08:25:12.699,0.0,0.0,0.0,0.0,0,0,7.91,26.44
2026-06-06 08:25:13.166,0.0,0.0,0.0,0.0,0,0,7.91,26.44
2026-06-06 08:25:13.853,0.0,0.0,0.0,0.0,0,0,7.91,26.44
2026-06-06 08:25:14.166,0.0,0.0,0.0,0.0,0,0,7.91,26.44
2026-06-06 08:25:14.167,0.0,0.0,0.0,0.0,0,0,7.91,26.44
2026-06-06 08:25:14.699,0.0,0.0,0.0,0.0,0,0,7.91,26.44
2026-06-06 08:25:15.178,0.0,0.0,0.0,0.0,0,0,7.91,26.44
2026-06-06 08:25:15.668,0.0,0.0,0.0,0.0,0,0,7.91,26.44
2026-06-06 08:25:16.162,0.0,0.0,0.0,0.0,0,0,7.91,26.44
2026-06-06 08:25:16.678,0.0,0.0,0.0,0.0,0,0,7.91,26.44
2026-06-06 08:25:17.178,0.0,0.0,0.0,0.0,0,0,7.91,26.44
2026-06-06 08:25:17.678,0.0,0.0,0.0,0.0,0,0,7.91,26.44
2026-06-06 08:25:18.177,0.0,0.0,0.0,0.0,0,0,7.91,26.44
2026-06-06 08:25:18.677,0.0,0.0,0.0,0.0,0,0,7.91,26.44
2026-06-06 08:25:19.177,0.0,0.0,0.0,0.0,0,0,7.91,26.44
2026-06-06 08:25:19.678,0.0,0.0,0.0,0.0,0,0,7.91,26.44
2026-06-06 08:25:20.178,0.0,0.0,0.0,0.0,0,0,7.91,26.44
2026-06-06 08:25:20.665,0.0,0.0,0.0,0.0,0,0,7.91,26.44
2026-06-06 08:25:21.163,0.0,0.0,0.0,0.0,0,0,7.91,26.44
2026-06-06 08:25:21.662,0.0,0.0,0.0,0.0,0,0,7.91,26.44
2026-06-06 08:25:22.209,0.0,0.0,0.0,0.0,0,0,7.91,26.44
2026-06-06 08:25:22.667,0.0,0.0,0.0,0.0,0,0,7.91,26.44
2026-06-06 08:25:23.167,0.0,0.0,0.0,0.0,0,0,7.91,26.44
2026-06-06 08:25:23.692,0.0,0.0,0.0,0.0,0,0,7.91,26.44
2026-06-06 08:25:24.207,0.0,0.0,0.0,0.0,0,0,7.91,26.44
2026-06-06 08:25:24.709,0.0,0.0,0.0,0.0,0,0,7.91,26.44
2026-06-06 08:25:25.190,0.0,0.0,0.0,0.0,0,0,7.91,26.44
2026-06-06 08:25:25.708,0.0,0.0,0.0,0.0,0,0,7.91,26.44
2026-06-06 08:25:26.209,0.0,0.0,0.0,0.0,0,0,7.91,26.44
2026-06-06 08:25:26.691,0.0,0.0,0.0,0.0,0,0,7.91,26.44
2026-06-06 08:25:27.159,0.0,0.0,0.0,0.0,0,0,7.91,26.44
2026-06-06 08:25:27.674,0.0,0.0,0.0,0.0,0,0,7.91,26.44
2026-06-06 08:25:28.169,0.0,0.0,0.0,0.0,0,0,7.91,26.44
2026-06-06 08:25:28.671,0.0,0.0,0.0,0.0,0,0,7.91,26.44
2026-06-06 08:25:29.177,0.0,0.0,0.0,0.0,0,0,7.91,26.44
2026-06-06 08:25:29.672,0.0,0.0,0.0,0.0,0,0,7.91,26.44
2026-06-06 08:25:30.174,0.0,0.0,0.0,0.0,0,0,7.91,26.44
2026-06-06 08:25:30.662,0.0,0.0,0.0,0.0,0,0,7.91,26.44
2026-06-06 08:25:31.161,0.0,0.0,0.0,0.0,0,0,7.91,26.44
2026-06-06 08:25:31.696,0.0,0.0,0.0,0.0,0,0,7.91,26.44
2026-06-06 08:25:32.203,0.0,0.0,0.0,0.0,0,0,7.91,26.44
2026-06-06 08:25:32.699,0.0,0.0,0.0,0.0,0,0,7.91,26.44
2026-06-06 08:25:33.198,0.0,0.0,0.0,0.0,0,0,7.91,26.44
2026-06-06 08:25:33.694,0.0,0.0,0.0,0.0,0,0,7.91,26.44
2026-06-06 08:25:34.208,0.0,0.0,0.0,0.0,0,0,7.91,26.44
2026-06-06 08:25:34.676,0.0,0.0,0.0,0.0,0,0,7.91,26.44
2026-06-06 08:25:35.159,0.0,0.0,0.0,0.0,0,0,7.91,26.44
2026-06-06 08:25:35.698,0.0,0.0,0.0,0.0,0,0,7.91,26.44
2026-06-06 08:25:36.168,0.0,0.0,0.0,0.0,0,0,7.91,26.44
2026-06-06 08:25:36.691,0.0,0.0,0.0,0.0,0,0,7.91,26.44
2026-06-06 08:25:37.161,0.0,0.0,0.0,0.0,0,0,7.91,26.44
2026-06-06 08:25:37.662,0.0,0.0,0.0,0.0,0,0,7.91,26.44
2026-06-06 08:25:38.165,0.0,0.0,0.0,0.0,0,0,7.91,26.44
2026-06-06 08:25:38.669,0.0,0.0,0.0,0.0,0,0,7.91,26.44
2026-06-06 08:25:39.198,0.0,0.0,0.0,0.0,0,0,7.91,26.44
2026-06-06 08:25:39.683,0.0,0.0,0.0,0.0,0,0,7.91,26.44
2026-06-06 08:25:40.167,0.0,0.0,0.0,0.0,0,0,7.91,26.44
2026-06-06 08:25:40.677,0.0,0.0,0.0,0.0,0,0,7.91,26.44
2026-06-06 08:25:41.178,0.0,0.0,0.0,0.0,0,0,7.91,26.44
2026-06-06 08:25:41.678,0.0,0.0,0.0,0.0,0,0,7.91,26.44
2026-06-06 08:25:42.171,0.0,0.0,0.0,0.0,0,0,7.91,26.44
2026-06-06 08:25:42.677,0.0,0.0,0.0,0.0,0,0,7.91,26.44
2026-06-06 08:25:43.177,0.0,0.0,0.0,0.0,0,0,7.91,26.44
2026-06-06 08:25:43.708,0.0,0.0,0.0,0.0,0,0,7.91,26.44
2026-06-06 08:25:44.194,0.0,0.0,0.0,0.0,0,0,7.91,26.44
2026-06-06 08:25:44.693,0.0,0.0,0.0,0.0,0,0,7.91,26.44
2026-06-06 08:25:45.174,0.0,0.0,0.0,0.0,0,0,7.91,26.44
2026-06-06 08:25:45.708,0.0,0.0,0.0,0.0,0,0,7.91,26.44
2026-06-06 08:25:46.168,0.0,0.0,0.0,0.0,0,0,7.91,26.44
2026-06-06 08:25:46.674,0.0,0.0,0.0,0.0,0,0,7.91,26.44
2026-06-06 08:25:47.191,0.0,0.0,0.0,0.0,0,0,7.91,26.44
2026-06-06 08:25:47.689,0.0,0.0,0.0,0.0,0,0,7.91,26.44
2026-06-06 08:25:48.200,0.0,0.0,0.0,0.0,0,0,7.91,26.44
2026-06-06 08:25:48.701,0.0,0.0,0.0,0.0,0,0,7.91,26.44
2026-06-06 08:25:49.168,0.0,0.0,0.0,0.0,0,0,7.91,26.44
2026-06-06 08:25:49.668,0.0,0.0,0.0,0.0,0,0,7.91,26.44
2026-06-06 08:25:50.218,0.0,0.0,0.0,0.0,0,0,7.91,26.44
2026-06-06 08:25:50.677,0.0,0.0,0.0,0.0,0,0,7.91,26.44
2026-06-06 08:25:51.179,0.0,0.0,0.0,0.0,0,0,7.91,26.44
2026-06-06 08:25:51.694,0.0,0.0,0.0,0.0,0,0,7.91,26.44
2026-06-06 08:25:52.201,0.0,0.0,0.0,0.0,0,0,7.91,26.44
2026-06-06 08:25:52.702,0.0,0.0,0.0,0.0,0,0,7.91,26.44
2026-06-06 08:25:53.199,0.0,0.0,0.0,0.0,0,0,7.91,26.44
2026-06-06 08:25:53.696,0.0,0.0,0.0,0.0,0,0,7.91,26.44
2026-06-06 08:25:54.194,0.0,0.0,0.0,0.0,0,0,7.91,26.44
2026-06-06 08:25:54.680,0.0,0.0,0.0,0.0,0,0,7.91,26.44
2026-06-06 08:25:55.178,0.0,0.0,0.0,0.0,0,0,7.91,26.44
2026-06-06 08:25:55.678,0.0,0.0,0.0,0.0,0,0,7.91,26.44
2026-06-06 08:25:56.178,0.0,0.0,0.0,0.0,0,0,7.91,26.44
2026-06-06 08:25:56.677,0.0,0.0,0.0,0.0,0,0,7.91,26.44
2026-06-06 08:25:57.177,0.0,0.0,0.0,0.0,0,0,7.91,26.44
2026-06-06 08:25:57.677,0.0,0.0,0.0,0.0,0,0,7.91,26.44
2026-06-06 08:25:58.208,0.0,0.0,0.0,0.0,0,0,7.91,26.44
2026-06-06 08:25:58.708,0.0,0.0,0.0,0.0,0,0,7.91,26.44
2026-06-06 08:25:59.199,0.0,0.0,0.0,0.0,0,0,7.91,26.44
2026-06-06 08:25:59.696,0.0,0.0,0.0,0.0,0,0,7.91,26.44
2026-06-06 08:26:00.203,0.0,0.0,0.0,0.0,0,0,7.91,26.44
2026-06-06 08:26:00.674,0.0,0.0,0.0,0.0,0,0,7.91,26.44
2026-06-06 08:26:01.197,0.0,0.0,0.0,0.0,0,0,7.91,26.44
2026-06-06 08:26:01.707,0.0,0.0,0.0,0.0,0,0,7.91,26.44
2026-06-06 08:26:02.188,0.0,0.0,0.0,0.0,0,0,7.91,26.44
2026-06-06 08:26:02.709,0.0,0.0,0.0,0.0,0,0,7.91,26.44
2026-06-06 08:26:03.177,0.0,0.0,0.0,0.0,0,0,7.91,26.44
2026-06-06 08:26:03.727,0.0,0.0,0.0,0.0,0,0,7.91,26.44
2026-06-06 08:26:04.223,0.0,0.0,0.0,0.0,0,0,7.91,26.44
2026-06-06 08:26:04.678,0.0,0.0,0.0,0.0,0,0,7.91,26.44
2026-06-06 08:26:05.227,0.0,0.0,0.0,0.0,0,0,7.91,26.44
2026-06-06 08:26:05.695,0.0,0.0,0.0,0.0,0,0,7.91,26.44
2026-06-06 08:26:06.179,0.0,0.0,0.0,0.0,0,0,7.91,26.44
2026-06-06 08:26:06.677,0.0,0.0,0.0,0.0,0,0,7.91,26.44
2026-06-06 08:26:07.208,0.0,0.0,0.0,0.0,0,0,7.91,26.44
2026-06-06 08:26:07.708,0.0,0.0,0.0,0.0,0,0,7.91,26.44
2026-06-06 08:26:08.227,0.0,0.0,0.0,0.0,0,0,7.91,26.44
2026-06-06 08:26:08.726,0.0,0.0,0.0,0.0,0,0,7.91,26.44
2026-06-06 08:26:09.224,0.0,0.0,0.0,0.0,0,0,7.91,26.44
2026-06-06 08:26:09.726,0.0,0.0,0.0,0.0,0,0,7.91,26.44
2026-06-06 08:26:10.223,0.0,0.0,0.0,0.0,0,0,7.91,26.44
2026-06-06 08:26:10.726,0.0,0.0,0.0,0.0,0,0,7.91,26.44
2026-06-06 08:26:11.179,0.0,0.0,0.0,0.0,0,0,7.91,26.44
2026-06-06 08:26:11.678,0.0,0.0,0.0,0.0,0,0,7.91,26.44
2026-06-06 08:26:12.225,0.0,0.0,0.0,0.0,0,0,7.91,26.44
2026-06-06 08:26:12.705,0.0,0.0,0.0,0.0,0,0,7.91,26.44
2026-06-06 08:26:13.220,0.0,0.0,0.0,0.0,0,0,7.91,26.44
2026-06-06 08:26:13.739,0.0,0.0,0.0,0.0,0,0,7.91,26.44
2026-06-06 08:26:14.191,0.0,0.0,0.0,0.0,0,0,7.91,26.44
2026-06-06 08:26:14.722,0.0,0.0,0.0,0.0,0,0,7.91,26.44
2026-06-06 08:26:15.191,0.0,0.0,0.0,0.0,0,0,7.91,26.44
2026-06-06 08:26:15.696,0.0,0.0,0.0,0.0,0,0,7.91,26.44
2026-06-06 08:26:16.193,0.0,0.0,0.0,0.0,0,0,7.91,26.44
2026-06-06 08:26:16.746,0.0,0.0,0.0,0.0,0,0,7.91,26.44
2026-06-06 08:26:17.229,0.0,0.0,0.0,0.0,0,0,7.91,26.44
2026-06-06 08:26:17.695,0.0,0.0,0.0,0.0,0,0,7.91,26.44
2026-06-06 08:26:18.178,0.0,0.0,0.0,0.0,0,0,7.91,26.44
2026-06-06 08:26:18.729,0.0,0.0,0.0,0.0,0,0,7.91,26.44
2026-06-06 08:26:19.242,0.0,0.0,0.0,0.0,0,0,7.91,26.44
2026-06-06 08:26:19.742,0.0,0.0,0.0,0.0,0,0,7.91,26.44
2026-06-06 08:26:20.226,0.0,0.0,0.0,0.0,0,0,7.91,26.44
2026-06-06 08:26:20.725,0.0,0.0,0.0,0.0,0,0,7.91,26.44
2026-06-06 08:26:21.222,0.0,0.0,0.0,0.0,0,0,7.91,26.44
2026-06-06 08:26:21.708,0.0,0.0,0.0,0.0,0,0,7.91,26.44
2026-06-06 08:26:22.199,0.0,0.0,0.0,0.0,0,0,7.91,26.44
2026-06-06 08:26:22.692,0.0,0.0,0.0,0.0,0,0,7.91,26.44
2026-06-06 08:26:23.196,0.0,0.0,0.0,0.0,0,0,7.91,26.44
2026-06-06 08:26:23.701,0.0,0.0,0.0,0.0,0,0,7.91,26.44
2026-06-06 08:26:24.199,0.0,0.0,0.0,0.0,0,0,7.91,26.44
2026-06-06 08:26:24.702,0.0,0.0,0.0,0.0,0,0,7.91,26.44
2026-06-06 08:26:25.227,0.0,0.0,0.0,0.0,0,0,7.91,26.44
2026-06-06 08:26:25.731,0.0,0.0,0.0,0.0,0,0,7.91,26.44
2026-06-06 08:26:26.197,0.0,0.0,0.0,0.0,0,0,7.91,26.44
2026-06-06 08:26:26.701,0.0,0.0,0.0,0.0,0,0,7.91,26.44
2026-06-06 08:26:27.229,0.0,0.0,0.0,0.0,0,0,7.91,26.44
2026-06-06 08:26:27.733,0.0,0.0,0.0,0.0,0,0,7.91,26.44
2026-06-06 08:26:28.186,0.0,0.0,0.0,0.0,0,0,7.91,26.44
2026-06-06 08:26:28.700,0.0,0.0,0.0,0.0,0,0,7.91,26.44
2026-06-06 08:26:29.208,0.0,0.0,0.0,0.0,0,0,7.91,26.44
2026-06-06 08:26:29.743,0.0,0.0,0.0,0.0,0,0,7.91,26.44
2026-06-06 08:26:30.249,0.0,0.0,0.0,0.0,0,0,7.91,26.44
2026-06-06 08:26:30.701,0.0,0.0,0.0,0.0,0,0,7.91,26.44
2026-06-06 08:26:31.209,0.0,0.0,0.0,0.0,0,0,7.91,26.44
2026-06-06 08:26:31.728,0.0,0.0,0.0,0.0,0,0,7.91,26.44
2026-06-06 08:26:32.199,0.0,0.0,0.0,0.0,0,0,7.91,26.44
2026-06-06 08:26:32.698,0.0,0.0,0.0,0.0,0,0,7.91,26.44
2026-06-06 08:26:33.198,0.0,0.0,0.0,0.0,0,0,7.91,26.44
2026-06-06 08:26:33.718,0.0,0.0,0.0,0.0,0,0,7.91,26.44
2026-06-06 08:26:34.227,0.0,0.0,0.0,0.0,0,0,7.91,26.44
2026-06-06 08:26:34.735,0.0,0.0,0.0,0.0,0,0,7.91,26.44
2026-06-06 08:26:35.199,0.0,0.0,0.0,0.0,0,0,7.91,26.44
2026-06-06 08:26:35.738,0.0,0.0,0.0,0.0,0,0,7.91,26.44
2026-06-06 08:26:36.238,0.0,0.0,0.0,0.0,0,0,7.91,26.44
2026-06-06 08:26:36.698,0.0,0.0,0.0,0.0,0,0,7.91,26.44
2026-06-06 08:26:37.197,0.0,0.0,0.0,0.0,0,0,7.91,26.44
2026-06-06 08:26:37.694,0.0,0.0,0.0,0.0,0,0,7.91,26.44
2026-06-06 08:26:38.199,0.0,0.0,0.0,0.0,0,0,7.91,26.44
2026-06-06 08:26:38.699,0.0,0.0,0.0,0.0,0,0,7.91,26.44
2026-06-06 08:26:39.204,0.0,0.0,0.0,0.0,0,0,7.91,26.44
2026-06-06 08:26:39.727,0.0,0.0,0.0,0.0,0,0,7.91,26.44
2026-06-06 08:26:40.248,0.0,0.0,0.0,0.0,0,0,7.91,26.44
2026-06-06 08:26:40.704,0.0,0.0,0.0,0.0,0,0,7.91,26.44
2026-06-06 08:26:41.193,0.0,0.0,0.0,0.0,0,0,7.91,26.44
2026-06-06 08:26:41.696,0.0,0.0,0.0,0.0,0,0,7.91,26.44
2026-06-06 08:26:42.255,0.0,0.0,0.0,0.0,0,0,7.91,26.44
2026-06-06 08:26:42.695,0.0,0.0,0.0,0.0,0,0,7.91,26.44
2026-06-06 08:26:43.194,0.0,0.0,0.0,0.0,0,0,7.91,26.44
2026-06-06 08:26:43.696,0.0,0.0,0.0,0.0,0,0,7.91,26.44
2026-06-06 08:26:44.196,0.0,0.0,0.0,0.0,0,0,7.91,26.44
2026-06-06 08:26:44.746,0.0,0.0,0.0,0.0,0,0,7.91,26.44
2026-06-06 08:26:45.230,0.0,0.0,0.0,0.0,0,0,7.91,26.44
2026-06-06 08:26:45.726,0.0,0.0,0.0,0.0,0,0,7.91,26.44
2026-06-06 08:26:46.227,0.0,0.0,0.0,0.0,0,0,7.91,26.44
2026-06-06 08:26:46.724,0.0,0.0,0.0,0.0,0,0,7.91,26.44
2026-06-06 08:26:47.227,0.0,0.0,0.0,0.0,0,0,7.91,26.44
2026-06-06 08:26:47.724,0.0,0.0,0.0,0.0,0,0,7.91,26.44
2026-06-06 08:26:48.224,0.0,0.0,0.0,0.0,0,0,7.91,26.44
2026-06-06 08:26:48.723,0.0,0.0,0.0,0.0,0,0,7.91,26.44
2026-06-06 08:26:49.248,0.0,0.0,0.0,0.0,0,0,7.91,26.44
2026-06-06 08:26:49.924,0.0,0.0,0.0,0.0,0,0,7.91,26.44
2026-06-06 08:26:50.199,0.0,0.0,0.0,0.0,0,0,7.91,26.44
2026-06-06 08:26:50.200,0.0,0.0,0.0,0.0,0,0,7.91,26.44
2026-06-06 08:26:50.704,0.0,0.0,0.0,0.0,0,0,7.91,26.44
2026-06-06 08:26:51.204,0.0,0.0,0.0,0.0,0,0,7.91,26.44
2026-06-06 08:26:51.700,0.0,0.0,0.0,0.0,0,0,7.91,26.44
2026-06-06 08:26:52.201,0.0,0.0,0.0,0.0,0,0,7.91,26.44
2026-06-06 08:26:52.708,0.0,0.0,0.0,0.0,0,0,7.91,26.44
2026-06-06 08:26:53.233,0.0,0.0,0.0,0.0,0,0,7.91,26.44
2026-06-06 08:26:53.708,0.0,0.0,0.0,0.0,0,0,7.91,26.44
2026-06-06 08:26:54.207,0.0,0.0,0.0,0.0,0,0,7.91,26.44
2026-06-06 08:26:54.730,0.0,0.0,0.0,0.0,0,0,7.91,26.44
2026-06-06 08:26:55.230,0.0,0.0,0.0,0.0,0,0,7.91,26.44
2026-06-06 08:26:55.708,0.0,0.0,0.0,0.0,0,0,7.91,26.44
2026-06-06 08:26:56.209,0.0,0.0,0.0,0.0,0,0,7.91,26.44
2026-06-06 08:26:56.707,0.0,0.0,0.0,0.0,0,0,7.91,26.44
2026-06-06 08:26:57.198,0.0,0.0,0.0,0.0,0,0,7.91,26.44
2026-06-06 08:26:57.745,0.0,0.0,0.0,0.0,0,0,7.91,26.44
2026-06-06 08:26:58.244,0.0,0.0,0.0,0.0,0,0,7.91,26.44
2026-06-06 08:26:58.743,0.0,0.0,0.0,0.0,0,0,7.91,26.44
2026-06-06 08:26:59.241,0.0,0.0,0.0,0.0,0,0,7.91,26.44
2026-06-06 08:26:59.740,0.0,0.0,0.0,0.0,0,0,7.91,26.44
2026-06-06 08:27:00.240,0.0,0.0,0.0,0.0,0,0,7.91,26.44
2026-06-06 08:27:00.743,0.0,0.0,0.0,0.0,0,0,7.91,26.44
2026-06-06 08:27:01.227,0.0,0.0,0.0,0.0,0,0,7.91,26.44
2026-06-06 08:27:01.699,0.0,0.0,0.0,0.0,0,0,7.91,26.44
2026-06-06 08:27:02.208,0.0,0.0,0.0,0.0,0,0,7.91,26.44
2026-06-06 08:27:02.728,0.0,0.0,0.0,0.0,0,0,7.91,26.44
2026-06-06 08:27:03.258,0.0,0.0,0.0,0.0,0,0,7.91,26.44
2026-06-06 08:27:03.709,0.0,0.0,0.0,0.0,0,0,7.91,26.44
2026-06-06 08:27:04.237,0.0,0.0,0.0,0.0,0,0,7.91,26.44
2026-06-06 08:27:04.757,0.0,0.0,0.0,0.0,0,0,7.91,26.44
2026-06-06 08:27:05.207,0.0,0.0,0.0,0.0,0,0,7.91,26.44
2026-06-06 08:27:05.758,0.0,0.0,0.0,0.0,0,0,7.91,26.44
2026-06-06 08:27:06.262,0.0,0.0,0.0,0.0,0,0,7.91,26.44
2026-06-06 08:27:06.746,0.0,0.0,0.0,0.0,0,0,7.91,26.44
2026-06-06 08:27:07.244,0.0,0.0,0.0,0.0,0,0,7.91,26.44
2026-06-06 08:27:07.727,0.0,0.0,0.0,0.0,0,0,7.91,26.44
2026-06-06 08:27:08.228,0.0,0.0,0.0,0.0,0,0,7.91,26.44
2026-06-06 08:27:08.728,0.0,0.0,0.0,0.0,0,0,7.91,26.44
2026-06-06 08:27:09.257,0.0,0.0,0.0,0.0,0,0,7.91,26.44
2026-06-06 08:27:09.709,0.0,0.0,0.0,0.0,0,0,7.91,26.44
2026-06-06 08:27:10.254,0.0,0.0,0.0,0.0,0,0,7.91,26.44
2026-06-06 08:27:10.758,0.0,0.0,0.0,0.0,0,0,7.91,26.44
2026-06-06 08:27:11.259,0.0,0.0,0.0,0.0,0,0,7.91,26.44
2026-06-06 08:27:11.727,0.0,0.0,0.0,0.0,0,0,7.91,26.44
2026-06-06 08:27:12.208,0.0,0.0,0.0,0.0,0,0,7.91,26.44
2026-06-06 08:27:12.762,0.0,0.0,0.0,0.0,0,0,7.91,26.44
2026-06-06 08:27:13.265,0.0,0.0,0.0,0.0,0,0,7.91,26.44
2026-06-06 08:27:13.711,0.0,0.0,0.0,0.0,0,0,7.91,26.44
2026-06-06 08:27:14.228,0.0,0.0,0.0,0.0,0,0,7.91,26.44
2026-06-06 08:27:14.732,0.0,0.0,0.0,0.0,0,0,7.91,26.44
2026-06-06 08:27:15.257,0.0,0.0,0.0,0.0,0,0,7.91,26.44
2026-06-06 08:27:15.759,0.0,0.0,0.0,0.0,0,0,7.91,26.44
2026-06-06 08:27:16.272,0.0,0.0,0.0,0.0,0,0,7.91,26.44
2026-06-06 08:27:16.731,0.0,0.0,0.0,0.0,0,0,7.91,26.44
2026-06-06 08:27:17.257,0.0,0.0,0.0,0.0,0,0,7.91,26.44
2026-06-06 08:27:17.707,0.0,0.0,0.0,0.0,0,0,7.91,26.44
2026-06-06 08:27:18.229,0.0,0.0,0.0,0.0,0,0,7.91,26.44
2026-06-06 08:27:18.728,0.0,0.0,0.0,0.0,0,0,7.91,26.44
2026-06-06 08:27:19.230,0.0,0.0,0.0,0.0,0,0,7.91,26.44
2026-06-06 08:27:19.732,0.0,0.0,0.0,0.0,0,0,7.91,26.44
2026-06-06 08:27:20.225,0.0,0.0,0.0,0.0,0,0,7.91,26.44
2026-06-06 08:27:20.724,0.0,0.0,0.0,0.0,0,0,7.91,26.44
2026-06-06 08:27:21.225,0.0,0.0,0.0,0.0,0,0,7.91,26.44
2026-06-06 08:27:21.958,0.0,0.0,0.0,0.0,0,0,7.91,26.44
2026-06-06 08:27:22.269,0.0,0.0,0.0,0.0,0,0,7.91,26.44
2026-06-06 08:27:22.270,0.0,0.0,0.0,0.0,0,0,7.91,26.44
2026-06-06 08:27:22.771,0.0,0.0,0.0,0.0,0,0,7.91,26.44
2026-06-06 08:27:23.246,0.0,0.0,0.0,0.0,0,0,7.91,26.44
2026-06-06 08:27:23.721,0.0,0.0,0.0,0.0,0,0,7.91,26.44
2026-06-06 08:27:24.222,0.0,0.0,0.0,0.0,0,0,7.91,26.44
2026-06-06 08:27:24.766,0.0,0.0,0.0,0.0,0,0,7.91,26.44
2026-06-06 08:27:25.254,0.0,0.0,0.0,0.0,0,0,7.91,26.44
2026-06-06 08:27:25.737,0.0,0.0,0.0,0.0,0,0,7.91,26.44
2026-06-06 08:27:26.256,0.0,0.0,0.0,0.0,0,0,7.91,26.44
2026-06-06 08:27:26.768,0.0,0.0,0.0,0.0,0,0,7.91,26.44
2026-06-06 08:27:27.220,0.0,0.0,0.0,0.0,0,0,7.91,26.44
2026-06-06 08:27:27.726,0.0,0.0,0.0,0.0,0,0,7.91,26.44
2026-06-06 08:27:28.248,0.0,0.0,0.0,0.0,0,0,7.91,26.44
2026-06-06 08:27:28.729,0.0,0.0,0.0,0.0,0,0,7.91,26.44
2026-06-06 08:27:29.236,0.0,0.0,0.0,0.0,0,0,7.91,26.44
2026-06-06 08:27:29.746,0.0,0.0,0.0,0.0,0,0,7.91,26.44
2026-06-06 08:27:30.257,0.0,0.0,0.0,0.0,0,0,7.91,26.44
2026-06-06 08:27:30.780,0.0,0.0,0.0,0.0,0,0,7.91,26.44
2026-06-06 08:27:31.257,0.0,0.0,0.0,0.0,0,0,7.91,26.44
2026-06-06 08:27:31.777,0.0,0.0,0.0,0.0,0,0,7.91,26.44
2026-06-06 08:27:32.231,0.0,0.0,0.0,0.0,0,0,7.91,26.44
2026-06-06 08:27:32.757,0.0,0.0,0.0,0.0,0,0,7.91,26.44
2026-06-06 08:27:33.280,0.0,0.0,0.0,0.0,0,0,7.91,26.44
2026-06-06 08:27:33.727,0.0,0.0,0.0,0.0,0,0,7.91,26.44
2026-06-06 08:27:34.227,0.0,0.0,0.0,0.0,0,0,7.91,26.44
2026-06-06 08:27:34.732,0.0,0.0,0.0,0.0,0,0,7.91,26.44
2026-06-06 08:27:35.246,0.0,0.0,0.0,0.0,0,0,7.91,26.44
2026-06-06 08:27:35.775,0.0,0.0,0.0,0.0,0,0,7.91,26.44
2026-06-06 08:27:36.230,0.0,0.0,0.0,0.0,0,0,7.91,26.44
2026-06-06 08:27:36.757,0.0,0.0,0.0,0.0,0,0,7.91,26.44
2026-06-06 08:27:37.261,0.0,0.0,0.0,0.0,0,0,7.91,26.44
2026-06-06 08:27:37.727,0.0,0.0,0.0,0.0,0,0,7.91,26.44
2026-06-06 08:27:38.257,0.0,0.0,0.0,0.0,0,0,7.91,26.44
2026-06-06 08:27:38.759,0.0,0.0,0.0,0.0,0,0,7.91,26.44
2026-06-06 08:27:39.258,0.0,0.0,0.0,0.0,0,0,7.91,26.44
2026-06-06 08:27:39.757,0.0,0.0,0.0,0.0,0,0,7.91,26.44
2026-06-06 08:27:40.255,0.0,0.0,0.0,0.0,0,0,7.91,26.44
2026-06-06 08:27:40.757,0.0,0.0,0.0,0.0,0,0,7.91,26.44
2026-06-06 08:27:41.256,0.0,0.0,0.0,0.0,0,0,7.91,26.44
2026-06-06 08:27:41.758,0.0,0.0,0.0,0.0,0,0,7.91,26.44
2026-06-06 08:27:42.254,0.0,0.0,0.0,0.0,0,0,7.91,26.44
2026-06-06 08:27:42.757,0.0,0.0,0.0,0.0,0,0,7.91,26.44
2026-06-06 08:27:43.254,0.0,0.0,0.0,0.0,0,0,7.91,26.44
2026-06-06 08:27:43.754,0.0,0.0,0.0,0.0,0,0,7.91,26.44
2026-06-06 08:27:44.252,0.0,0.0,0.0,0.0,0,0,7.91,26.44
2026-06-06 08:27:44.747,0.0,0.0,0.0,0.0,0,0,7.91,26.44
2026-06-06 08:27:45.222,0.0,0.0,0.0,0.0,0,0,7.91,26.44
2026-06-06 08:27:45.784,0.0,0.0,0.0,0.0,0,0,7.91,26.44
2026-06-06 08:27:46.253,0.0,0.0,0.0,0.0,0,0,7.91,26.44
2026-06-06 08:27:46.726,0.0,0.0,0.0,0.0,0,0,7.91,26.44
2026-06-06 08:27:47.246,0.0,0.0,0.0,0.0,0,0,7.91,26.44
2026-06-06 08:27:47.759,0.0,0.0,0.0,0.0,0,0,7.91,26.44
2026-06-06 08:27:48.270,0.0,0.0,0.0,0.0,0,0,7.91,26.44
2026-06-06 08:27:48.728,0.0,0.0,0.0,0.0,0,0,7.91,26.44
2026-06-06 08:27:49.227,0.0,0.0,0.0,0.0,0,0,7.91,26.44
2026-06-06 08:27:49.775,0.0,0.0,0.0,0.0,0,0,7.91,26.44
2026-06-06 08:27:50.231,0.0,0.0,0.0,0.0,0,0,7.91,26.44
2026-06-06 08:27:50.732,0.0,0.0,0.0,0.0,0,0,7.91,26.44
2026-06-06 08:27:51.257,0.0,0.0,0.0,0.0,0,0,7.91,26.44
2026-06-06 08:27:51.763,0.0,0.0,0.0,0.0,0,0,7.91,26.44
2026-06-06 08:27:52.273,0.0,0.0,0.0,0.0,0,0,7.91,26.44
2026-06-06 08:27:52.747,0.0,0.0,0.0,0.0,0,0,7.91,26.44
2026-06-06 08:27:53.287,0.0,0.0,0.0,0.0,0,0,7.91,26.44
2026-06-06 08:27:53.758,0.0,0.0,0.0,0.0,0,0,7.91,26.44
2026-06-06 08:27:54.272,0.0,0.0,0.0,0.0,0,0,7.91,26.44
2026-06-06 08:27:54.757,0.0,0.0,0.0,0.0,0,0,7.91,26.44
2026-06-06 08:27:55.258,0.0,0.0,0.0,0.0,0,0,7.91,26.44
2026-06-06 08:27:55.744,0.0,0.0,0.0,0.0,0,0,7.91,26.44
2026-06-06 08:27:56.244,0.0,0.0,0.0,0.0,0,0,7.91,26.44
2026-06-06 08:27:56.743,0.0,0.0,0.0,0.0,0,0,7.91,26.44
2026-06-06 08:27:57.242,0.0,0.0,0.0,0.0,0,0,7.91,26.44
2026-06-06 08:27:57.742,0.0,0.0,0.0,0.0,0,0,7.91,26.44
2026-06-06 08:27:58.241,0.0,0.0,0.0,0.0,0,0,7.91,26.44
2026-06-06 08:27:58.758,0.0,0.0,0.0,0.0,0,0,7.91,26.44
2026-06-06 08:27:59.259,0.0,0.0,0.0,0.0,0,0,7.91,26.44
2026-06-06 08:27:59.756,0.0,0.0,0.0,0.0,0,0,7.91,26.44
2026-06-06 08:28:00.256,0.0,0.0,0.0,0.0,0,0,7.91,26.44
2026-06-06 08:28:00.758,0.0,0.0,0.0,0.0,0,0,7.91,26.44
2026-06-06 08:28:01.258,0.0,0.0,0.0,0.0,0,0,7.91,26.44
2026-06-06 08:28:01.760,0.0,0.0,0.0,0.0,0,0,7.91,26.44
2026-06-06 08:28:02.256,0.0,0.0,0.0,0.0,0,0,7.91,26.44
2026-06-06 08:28:02.758,0.0,0.0,0.0,0.0,0,0,7.91,26.44
2026-06-06 08:28:03.258,0.0,0.0,0.0,0.0,0,0,7.91,26.44
2026-06-06 08:28:03.757,0.0,0.0,0.0,0.0,0,0,7.91,26.44
2026-06-06 08:28:04.256,0.0,0.0,0.0,0.0,0,0,7.91,26.44
2026-06-06 08:28:04.757,0.0,0.0,0.0,0.0,0,0,7.91,26.44
2026-06-06 08:28:05.254,0.0,0.0,0.0,0.0,0,0,7.91,26.44
2026-06-06 08:28:05.752,0.0,0.0,0.0,0.0,0,0,7.91,26.44
2026-06-06 08:28:06.254,0.0,0.0,0.0,0.0,0,0,7.91,26.44
2026-06-06 08:28:06.789,0.0,0.0,0.0,0.0,0,0,7.91,26.44
2026-06-06 08:28:07.258,0.0,0.0,0.0,0.0,0,0,7.91,26.44
2026-06-06 08:28:07.750,0.0,0.0,0.0,0.0,0,0,7.91,26.44
2026-06-06 08:28:08.255,0.0,0.0,0.0,0.0,0,0,7.91,26.44
2026-06-06 08:28:08.757,0.0,0.0,0.0,0.0,0,0,7.91,26.44
2026-06-06 08:28:09.258,0.0,0.0,0.0,0.0,0,0,7.91,26.44
2026-06-06 08:28:09.757,0.0,0.0,0.0,0.0,0,0,7.91,26.44
2026-06-06 08:28:10.256,0.0,0.0,0.0,0.0,0,0,7.91,26.44
2026-06-06 08:28:10.758,0.0,0.0,0.0,0.0,0,0,7.91,26.44
2026-06-06 08:28:11.286,0.0,0.0,0.0,0.0,0,0,7.91,26.44
2026-06-06 08:28:11.788,0.0,0.0,0.0,0.0,0,0,7.91,26.44
2026-06-06 08:28:12.285,0.0,0.0,0.0,0.0,0,0,7.91,26.44
2026-06-06 08:28:12.788,0.0,0.0,0.0,0.0,0,0,7.91,26.44
2026-06-06 08:28:13.248,0.0,0.0,0.0,0.0,0,0,7.91,26.44
2026-06-06 08:28:13.788,0.0,0.0,0.0,0.0,0,0,7.91,26.44
2026-06-06 08:28:14.255,0.0,0.0,0.0,0.0,0,0,7.91,26.44
2026-06-06 08:28:14.757,0.0,0.0,0.0,0.0,0,0,7.91,26.44
2026-06-06 08:28:15.258,0.0,0.0,0.0,0.0,0,0,7.91,26.44
2026-06-06 08:28:15.758,0.0,0.0,0.0,0.0,0,0,7.91,26.44
2026-06-06 08:28:16.255,0.0,0.0,0.0,0.0,0,0,7.91,26.44
2026-06-06 08:28:16.780,0.0,0.0,0.0,0.0,0,0,7.91,26.44
2026-06-06 08:28:17.299,0.0,0.0,0.0,0.0,0,0,7.91,26.44
2026-06-06 08:28:17.774,0.0,0.0,0.0,0.0,0,0,7.91,26.44
2026-06-06 08:28:18.281,0.0,0.0,0.0,0.0,0,0,7.91,26.44
2026-06-06 08:28:18.782,0.0,0.0,0.0,0.0,0,0,7.91,26.44
2026-06-06 08:28:19.246,0.0,0.0,0.0,0.0,0,0,7.91,26.44
2026-06-06 08:28:19.773,0.0,0.0,0.0,0.0,0,0,7.91,26.44
2026-06-06 08:28:20.272,0.0,0.0,0.0,0.0,0,0,7.91,26.44
2026-06-06 08:28:20.776,0.0,0.0,0.0,0.0,0,0,7.91,26.44
2026-06-06 08:28:21.258,0.0,0.0,0.0,0.0,0,0,7.91,26.44
2026-06-06 08:28:21.804,0.0,0.0,0.0,0.0,0,0,7.91,26.44
2026-06-06 08:28:22.303,0.0,0.0,0.0,0.0,0,0,7.91,26.44
2026-06-06 08:28:22.806,0.0,0.0,0.0,0.0,0,0,7.91,26.44
2026-06-06 08:28:23.288,0.0,0.0,0.0,0.0,0,0,7.91,26.44
2026-06-06 08:28:23.787,0.0,0.0,0.0,0.0,0,0,7.91,26.44
2026-06-06 08:28:24.287,0.0,0.0,0.0,0.0,0,0,7.91,26.44
2026-06-06 08:28:24.788,0.0,0.0,0.0,0.0,0,0,7.91,26.44
2026-06-06 08:28:25.248,0.0,0.0,0.0,0.0,0,0,7.91,26.44
2026-06-06 08:28:25.799,0.0,0.0,0.0,0.0,0,0,7.91,26.44
2026-06-06 08:28:26.251,0.0,0.0,0.0,0.0,0,0,7.91,26.44
2026-06-06 08:28:26.783,0.0,0.0,0.0,0.0,0,0,7.91,26.44
2026-06-06 08:28:27.297,0.0,0.0,0.0,0.0,0,0,7.91,26.44
2026-06-06 08:28:27.749,0.0,0.0,0.0,0.0,0,0,7.91,26.44
2026-06-06 08:28:28.272,0.0,0.0,0.0,0.0,0,0,7.91,26.44
2026-06-06 08:28:28.758,0.0,0.0,0.0,0.0,0,0,7.91,26.44
2026-06-06 08:28:29.288,0.0,0.0,0.0,0.0,0,0,7.91,26.44
2026-06-06 08:28:29.788,0.0,0.0,0.0,0.0,0,0,7.91,26.44
2026-06-06 08:28:30.272,0.0,0.0,0.0,0.0,0,0,7.91,26.44
2026-06-06 08:28:30.760,0.0,0.0,0.0,0.0,0,0,7.91,26.44
2026-06-06 08:28:31.307,0.0,0.0,0.0,0.0,0,0,7.91,26.44
2026-06-06 08:28:31.807,0.0,0.0,0.0,0.0,0,0,7.91,26.44
2026-06-06 08:28:32.303,0.0,0.0,0.0,0.0,0,0,7.91,26.44
2026-06-06 08:28:32.806,0.0,0.0,0.0,0.0,0,0,7.91,26.44
2026-06-06 08:28:33.288,0.0,0.0,0.0,0.0,0,0,7.91,26.44
2026-06-06 08:28:33.762,0.0,0.0,0.0,0.0,0,0,7.91,26.44
2026-06-06 08:28:34.288,0.0,0.0,0.0,0.0,0,0,7.91,26.44
2026-06-06 08:28:34.788,0.0,0.0,0.0,0.0,0,0,7.91,26.44
2026-06-06 08:28:35.288,0.0,0.0,0.0,0.0,0,0,7.91,26.44
2026-06-06 08:28:35.806,0.0,0.0,0.0,0.0,0,0,7.91,26.44
2026-06-06 08:28:36.304,0.0,0.0,0.0,0.0,0,0,7.91,26.44
2026-06-06 08:28:36.778,0.0,0.0,0.0,0.0,0,0,7.91,26.44
2026-06-06 08:28:37.271,0.0,0.0,0.0,0.0,0,0,7.91,26.44
2026-06-06 08:28:37.773,0.0,0.0,0.0,0.0,0,0,7.91,26.44
2026-06-06 08:28:38.270,0.0,0.0,0.0,0.0,0,0,7.91,26.44
2026-06-06 08:28:38.758,0.0,0.0,0.0,0.0,0,0,7.91,26.44
2026-06-06 08:28:39.261,0.0,0.0,0.0,0.0,0,0,7.91,26.44
2026-06-06 08:28:39.819,0.0,0.0,0.0,0.0,0,0,7.91,26.44
2026-06-06 08:28:40.315,0.0,0.0,0.0,0.0,0,0,7.91,26.44
2026-06-06 08:28:40.800,0.0,0.0,0.0,0.0,0,0,7.91,26.44
2026-06-06 08:28:41.257,0.0,0.0,0.0,0.0,0,0,7.91,26.44
2026-06-06 08:28:41.806,0.0,0.0,0.0,0.0,0,0,7.91,26.44
2026-06-06 08:28:42.250,0.0,0.0,0.0,0.0,0,0,7.91,26.44
2026-06-06 08:28:42.818,0.0,0.0,0.0,0.0,0,0,7.91,26.44
2026-06-06 08:28:43.308,0.0,0.0,0.0,0.0,0,0,7.91,26.44
2026-06-06 08:28:43.758,0.0,0.0,0.0,0.0,0,0,7.91,26.44
2026-06-06 08:28:44.266,0.0,0.0,0.0,0.0,0,0,7.91,26.44
2026-06-06 08:28:44.782,0.0,0.0,0.0,0.0,0,0,7.91,26.44
2026-06-06 08:28:45.287,0.0,0.0,0.0,0.0,0,0,7.91,26.44
2026-06-06 08:28:45.787,0.0,0.0,0.0,0.0,0,0,7.91,26.44
2026-06-06 08:28:46.289,0.0,0.0,0.0,0.0,0,0,7.91,26.44
2026-06-06 08:28:46.817,0.0,0.0,0.0,0.0,0,0,7.91,26.44
2026-06-06 08:28:47.287,0.0,0.0,0.0,0.0,0,0,7.91,26.44
2026-06-06 08:28:47.807,0.0,0.0,0.0,0.0,0,0,7.91,26.44
2026-06-06 08:28:48.303,0.0,0.0,0.0,0.0,0,0,7.91,26.44
2026-06-06 08:28:48.788,0.0,0.0,0.0,0.0,0,0,7.91,26.44
2026-06-06 08:28:49.282,0.0,0.0,0.0,0.0,0,0,7.91,26.44
2026-06-06 08:28:49.759,0.0,0.0,0.0,0.0,0,0,7.91,26.44
2026-06-06 08:28:50.310,0.0,0.0,0.0,0.0,0,0,7.91,26.44
2026-06-06 08:28:50.811,0.0,0.0,0.0,0.0,0,0,7.91,26.44
2026-06-06 08:28:51.267,0.0,0.0,0.0,0.0,0,0,7.91,26.44
2026-06-06 08:28:51.775,0.0,0.0,0.0,0.0,0,0,7.91,26.44
2026-06-06 08:28:52.287,0.0,0.0,0.0,0.0,0,0,7.91,26.44
2026-06-06 08:28:52.783,0.0,0.0,0.0,0.0,0,0,7.91,26.44
2026-06-06 08:28:53.314,0.0,0.0,0.0,0.0,0,0,7.91,26.44
2026-06-06 08:28:53.802,0.0,0.0,0.0,0.0,0,0,7.91,26.44
2026-06-06 08:28:54.285,0.0,0.0,0.0,0.0,0,0,7.91,26.44
2026-06-06 08:28:54.815,0.0,0.0,0.0,0.0,0,0,7.91,26.44
2026-06-06 08:28:55.287,0.0,0.0,0.0,0.0,0,0,7.91,26.44
2026-06-06 08:28:55.773,0.0,0.0,0.0,0.0,0,0,7.91,26.44
2026-06-06 08:28:56.272,0.0,0.0,0.0,0.0,0,0,7.91,26.44
2026-06-06 08:28:56.805,0.0,0.0,0.0,0.0,0,0,7.91,26.44
2026-06-06 08:28:57.307,0.0,0.0,0.0,0.0,0,0,7.91,26.44
2026-06-06 08:28:57.980,0.0,0.0,0.0,0.0,0,0,7.91,26.44
2026-06-06 08:28:58.318,0.0,0.0,0.0,0.0,0,0,7.91,26.44
2026-06-06 08:28:58.319,0.0,0.0,0.0,0.0,0,0,7.91,26.44
2026-06-06 08:28:58.819,0.0,0.0,0.0,0.0,0,0,7.91,26.44
2026-06-06 08:28:59.317,0.0,0.0,0.0,0.0,0,0,7.91,26.44
2026-06-06 08:28:59.775,0.0,0.0,0.0,0.0,0,0,7.91,26.44
2026-06-06 08:29:00.319,0.0,0.0,0.0,0.0,0,0,7.91,26.44
2026-06-06 08:29:00.787,0.0,0.0,0.0,0.0,0,0,7.91,26.44
2026-06-06 08:29:01.286,0.0,0.0,0.0,0.0,0,0,7.91,26.44
2026-06-06 08:29:01.807,0.0,0.0,0.0,0.0,0,0,7.91,26.44
2026-06-06 08:29:02.311,0.0,0.0,0.0,0.0,0,0,7.91,26.44
2026-06-06 08:29:02.817,0.0,0.0,0.0,0.0,0,0,7.91,26.44
2026-06-06 08:29:03.280,0.0,0.0,0.0,0.0,0,0,7.91,26.44
2026-06-06 08:29:03.780,0.0,0.0,0.0,0.0,0,0,7.91,26.44
2026-06-06 08:29:04.288,0.0,0.0,0.0,0.0,0,0,7.91,26.44
2026-06-06 08:29:04.789,0.0,0.0,0.0,0.0,0,0,7.91,26.44
2026-06-06 08:29:05.262,0.0,0.0,0.0,0.0,0,0,7.91,26.44
2026-06-06 08:29:05.788,0.0,0.0,0.0,0.0,0,0,7.91,26.44
2026-06-06 08:29:06.288,0.0,0.0,0.0,0.0,0,0,7.91,26.44
2026-06-06 08:29:06.787,0.0,0.0,0.0,0.0,0,0,7.91,26.44
2026-06-06 08:29:07.262,0.0,0.0,0.0,0.0,0,0,7.91,26.44
2026-06-06 08:29:07.818,0.0,0.0,0.0,0.0,0,0,7.91,26.44
2026-06-06 08:29:08.286,0.0,0.0,0.0,0.0,0,0,7.91,26.44
2026-06-06 08:29:08.819,0.0,0.0,0.0,0.0,0,0,7.91,26.44
2026-06-06 08:29:09.288,0.0,0.0,0.0,0.0,0,0,7.91,26.44
2026-06-06 08:29:09.788,0.0,0.0,0.0,0.0,0,0,7.91,26.44
2026-06-06 08:29:10.299,0.0,0.0,0.0,0.0,0,0,7.91,26.44
2026-06-06 08:29:10.812,0.0,0.0,0.0,0.0,0,0,7.91,26.44
2026-06-06 08:29:11.310,0.0,0.0,0.0,0.0,0,0,7.91,26.44
2026-06-06 08:29:11.825,0.0,0.0,0.0,0.0,0,0,7.91,26.44
2026-06-06 08:29:12.287,0.0,0.0,0.0,0.0,0,0,7.91,26.44
2026-06-06 08:29:12.787,0.0,0.0,0.0,0.0,0,0,7.91,26.44
2026-06-06 08:29:13.288,0.0,0.0,0.0,0.0,0,0,7.91,26.44
2026-06-06 08:29:13.789,0.0,0.0,0.0,0.0,0,0,7.91,26.44
2026-06-06 08:29:14.289,0.0,0.0,0.0,0.0,0,0,7.91,26.44
2026-06-06 08:29:14.837,0.0,0.0,0.0,0.0,0,0,7.91,26.44
2026-06-06 08:29:15.318,0.0,0.0,0.0,0.0,0,0,7.91,26.44
2026-06-06 08:29:15.788,0.0,0.0,0.0,0.0,0,0,7.91,26.44
2026-06-06 08:29:16.288,0.0,0.0,0.0,0.0,0,0,7.91,26.44
2026-06-06 08:29:16.818,0.0,0.0,0.0,0.0,0,0,7.91,26.44
2026-06-06 08:29:17.308,0.0,0.0,0.0,0.0,0,0,7.91,26.44
2026-06-06 08:29:17.806,0.0,0.0,0.0,0.0,0,0,7.91,26.44
2026-06-06 08:29:18.304,0.0,0.0,0.0,0.0,0,0,7.91,26.44
2026-06-06 08:29:18.803,0.0,0.0,0.0,0.0,0,0,7.91,26.44
2026-06-06 08:29:19.300,0.0,0.0,0.0,0.0,0,0,7.91,26.44
2026-06-06 08:29:19.814,0.0,0.0,0.0,0.0,0,0,7.91,26.44
2026-06-06 08:29:20.286,0.0,0.0,0.0,0.0,0,0,7.91,26.44
2026-06-06 08:29:20.787,0.0,0.0,0.0,0.0,0,0,7.91,26.44
2026-06-06 08:29:21.285,0.0,0.0,0.0,0.0,0,0,7.91,26.44
2026-06-06 08:29:21.775,0.0,0.0,0.0,0.0,0,0,7.91,26.44
2026-06-06 08:29:22.282,0.0,0.0,0.0,0.0,0,0,7.91,26.44
2026-06-06 08:29:22.778,0.0,0.0,0.0,0.0,0,0,7.91,26.44
2026-06-06 08:29:23.311,0.0,0.0,0.0,0.0,0,0,7.91,26.44
2026-06-06 08:29:23.807,0.0,0.0,0.0,0.0,0,0,7.91,26.44
2026-06-06 08:29:24.314,0.0,0.0,0.0,0.0,0,0,7.91,26.44
2026-06-06 08:29:24.833,0.0,0.0,0.0,0.0,0,0,7.91,26.44
2026-06-06 08:29:25.301,0.0,0.0,0.0,0.0,0,0,7.91,26.44
2026-06-06 08:29:25.831,0.0,0.0,0.0,0.0,0,0,7.91,26.44
2026-06-06 08:29:26.282,0.0,0.0,0.0,0.0,0,0,7.91,26.44
2026-06-06 08:29:26.808,0.0,0.0,0.0,0.0,0,0,7.91,26.44
2026-06-06 08:29:27.312,0.0,0.0,0.0,0.0,0,0,7.91,26.44
2026-06-06 08:29:27.833,0.0,0.0,0.0,0.0,0,0,7.91,26.44
2026-06-06 08:29:28.317,0.0,0.0,0.0,0.0,0,0,7.91,26.44
2026-06-06 08:29:28.787,0.0,0.0,0.0,0.0,0,0,7.91,26.44
2026-06-06 08:29:29.288,0.0,0.0,0.0,0.0,0,0,7.91,26.44
2026-06-06 08:29:30.031,0.0,0.0,0.0,0.0,0,0,7.91,26.44
2026-06-06 08:29:30.311,0.0,0.0,0.0,0.0,0,0,7.91,26.44
2026-06-06 08:29:30.312,0.0,0.0,0.0,0.0,0,0,7.91,26.44
2026-06-06 08:29:30.811,0.0,0.0,0.0,0.0,0,0,7.91,26.44
2026-06-06 08:29:31.288,0.0,0.0,0.0,0.0,0,0,7.91,26.44
2026-06-06 08:29:31.839,0.0,0.0,0.0,0.0,0,0,7.91,26.44
2026-06-06 08:29:32.288,0.0,0.0,0.0,0.0,0,0,7.91,26.44
2026-06-06 08:29:32.786,0.0,0.0,0.0,0.0,0,0,7.91,26.44
2026-06-06 08:29:33.318,0.0,0.0,0.0,0.0,0,0,7.91,26.44
2026-06-06 08:29:33.789,0.0,0.0,0.0,0.0,0,0,7.91,26.44
2026-06-06 08:29:34.303,0.0,0.0,0.0,0.0,0,0,7.91,26.44
2026-06-06 08:29:34.810,0.0,0.0,0.0,0.0,0,0,7.91,26.44
2026-06-06 08:29:35.312,0.0,0.0,0.0,0.0,0,0,7.91,26.44
2026-06-06 08:29:35.811,0.0,0.0,0.0,0.0,0,0,7.91,26.44
2026-06-06 08:29:36.311,0.0,0.0,0.0,0.0,0,0,7.91,26.44
2026-06-06 08:29:36.807,0.0,0.0,0.0,0.0,0,0,7.91,26.44
2026-06-06 08:29:37.314,0.0,0.0,0.0,0.0,0,0,7.91,26.44
2026-06-06 08:29:37.789,0.0,0.0,0.0,0.0,0,0,7.91,26.44
2026-06-06 08:29:38.317,0.0,0.0,0.0,0.0,0,0,7.91,26.44
2026-06-06 08:29:38.810,0.0,0.0,0.0,0.0,0,0,7.91,26.44
2026-06-06 08:29:39.308,0.0,0.0,0.0,0.0,0,0,7.91,26.44
2026-06-06 08:29:39.838,0.0,0.0,0.0,0.0,0,0,7.91,26.44
2026-06-06 08:29:40.287,0.0,0.0,0.0,0.0,0,0,7.91,26.44
2026-06-06 08:29:40.799,0.0,0.0,0.0,0.0,0,0,7.91,26.44
2026-06-06 08:29:41.318,0.0,0.0,0.0,0.0,0,0,7.91,26.44
2026-06-06 08:29:41.819,0.0,0.0,0.0,0.0,0,0,7.91,26.44
2026-06-06 08:29:42.287,0.0,0.0,0.0,0.0,0,0,7.91,26.44
2026-06-06 08:29:42.794,0.0,0.0,0.0,0.0,0,0,7.91,26.44
2026-06-06 08:29:43.339,0.0,0.0,0.0,0.0,0,0,7.91,26.44
2026-06-06 08:29:43.838,0.0,0.0,0.0,0.0,0,0,7.91,26.44
2026-06-06 08:29:44.315,0.0,0.0,0.0,0.0,0,0,7.91,26.44
2026-06-06 08:29:44.844,0.0,0.0,0.0,0.0,0,0,7.91,26.44
2026-06-06 08:29:45.314,0.0,0.0,0.0,0.0,0,0,7.91,26.44
2026-06-06 08:29:45.839,0.0,0.0,0.0,0.0,0,0,7.91,26.44
2026-06-06 08:29:46.344,0.0,0.0,0.0,0.0,0,0,7.91,26.44
2026-06-06 08:29:46.857,0.0,0.0,0.0,0.0,0,0,7.91,26.44
2026-06-06 08:29:47.317,0.0,0.0,0.0,0.0,0,0,7.91,26.44
2026-06-06 08:29:47.818,0.0,0.0,0.0,0.0,0,0,7.91,26.44
2026-06-06 08:29:48.318,0.0,0.0,0.0,0.0,0,0,7.91,26.44
2026-06-06 08:29:48.811,0.0,0.0,0.0,0.0,0,0,7.91,26.44
2026-06-06 08:29:49.327,0.0,0.0,0.0,0.0,0,0,7.91,26.44
2026-06-06 08:29:49.845,0.0,0.0,0.0,0.0,0,0,7.91,26.44
2026-06-06 08:29:50.329,0.0,0.0,0.0,0.0,0,0,7.91,26.44
2026-06-06 08:29:50.839,0.0,0.0,0.0,0.0,0,0,7.91,26.44
2026-06-06 08:29:51.333,0.0,0.0,0.0,0.0,0,0,7.91,26.44
2026-06-06 08:29:51.818,0.0,0.0,0.0,0.0,0,0,7.91,26.44
2026-06-06 08:29:52.345,0.0,0.0,0.0,0.0,0,0,7.91,26.44
2026-06-06 08:29:52.807,0.0,0.0,0.0,0.0,0,0,7.91,26.44
2026-06-06 08:29:53.344,0.0,0.0,0.0,0.0,0,0,7.91,26.44
2026-06-06 08:29:53.809,0.0,0.0,0.0,0.0,0,0,7.91,26.44
2026-06-06 08:29:54.314,0.0,0.0,0.0,0.0,0,0,7.91,26.44
2026-06-06 08:29:54.837,0.0,0.0,0.0,0.0,0,0,7.91,26.44
2026-06-06 08:29:55.316,0.0,0.0,0.0,0.0,0,0,7.91,26.44
2026-06-06 08:29:55.804,0.0,0.0,0.0,0.0,0,0,7.91,26.44
2026-06-06 08:29:56.305,0.0,0.0,0.0,0.0,0,0,7.91,26.44
2026-06-06 08:29:56.855,0.0,0.0,0.0,0.0,0,0,7.91,26.44
2026-06-06 08:29:57.354,0.0,0.0,0.0,0.0,0,0,7.91,26.44
2026-06-06 08:29:57.838,0.0,0.0,0.0,0.0,0,0,7.91,26.44
2026-06-06 08:29:58.337,0.0,0.0,0.0,0.0,0,0,7.91,26.44
2026-06-06 08:29:58.838,0.0,0.0,0.0,0.0,0,0,7.91,26.44
2026-06-06 08:29:59.317,0.0,0.0,0.0,0.0,0,0,7.91,26.44
2026-06-06 08:29:59.818,0.0,0.0,0.0,0.0,0,0,7.91,26.44
2026-06-06 08:30:00.319,0.0,0.0,0.0,0.0,0,0,7.91,26.44
2026-06-06 08:30:00.818,0.0,0.0,0.0,0.0,0,0,7.91,26.44
2026-06-06 08:30:01.318,0.0,0.0,0.0,0.0,0,0,7.91,26.44
2026-06-06 08:30:01.819,0.0,0.0,0.0,0.0,0,0,7.91,26.44
2026-06-06 08:30:02.301,0.0,0.0,0.0,0.0,0,0,7.91,26.44
2026-06-06 08:30:02.804,0.0,0.0,0.0,0.0,0,0,7.91,26.44
2026-06-06 08:30:03.349,0.0,0.0,0.0,0.0,0,0,7.91,26.44
2026-06-06 08:30:03.850,0.0,0.0,0.0,0.0,0,0,7.91,26.44
2026-06-06 08:30:04.351,0.0,0.0,0.0,0.0,0,0,7.91,26.44
2026-06-06 08:30:04.852,0.0,0.0,0.0,0.0,0,0,7.91,26.44
2026-06-06 08:30:05.353,0.0,0.0,0.0,0.0,0,0,7.91,26.44
2026-06-06 08:30:05.817,0.0,0.0,0.0,0.0,0,0,7.91,26.44
2026-06-06 08:30:06.339,0.0,0.0,0.0,0.0,0,0,7.91,26.44
2026-06-06 08:30:06.837,0.0,0.0,0.0,0.0,0,0,7.91,26.44
2026-06-06 08:30:07.336,0.0,0.0,0.0,0.0,0,0,7.91,26.44
2026-06-06 08:30:07.836,0.0,0.0,0.0,0.0,0,0,7.91,26.44
2026-06-06 08:30:08.333,0.0,0.0,0.0,0.0,0,0,7.91,26.44
2026-06-06 08:30:08.834,0.0,0.0,0.0,0.0,0,0,7.91,26.44
2026-06-06 08:30:09.317,0.0,0.0,0.0,0.0,0,0,7.91,26.44
2026-06-06 08:30:09.816,0.0,0.0,0.0,0.0,0,0,7.91,26.44
2026-06-06 08:30:10.314,0.0,0.0,0.0,0.0,0,0,7.91,26.44
2026-06-06 08:30:10.839,0.0,0.0,0.0,0.0,0,0,7.91,26.44
2026-06-06 08:30:11.345,0.0,0.0,0.0,0.0,0,0,7.91,26.44
2026-06-06 08:30:11.807,0.0,0.0,0.0,0.0,0,0,7.91,26.44
2026-06-06 08:30:12.336,0.0,0.0,0.0,0.0,0,0,7.91,26.44
2026-06-06 08:30:12.843,0.0,0.0,0.0,0.0,0,0,7.91,26.44
2026-06-06 08:30:13.310,0.0,0.0,0.0,0.0,0,0,7.91,26.44
2026-06-06 08:30:13.815,0.0,0.0,0.0,0.0,0,0,7.91,26.44
2026-06-06 08:30:14.346,0.0,0.0,0.0,0.0,0,0,7.91,26.44
2026-06-06 08:30:14.848,0.0,0.0,0.0,0.0,0,0,7.91,26.44
2026-06-06 08:30:15.338,0.0,0.0,0.0,0.0,0,0,7.91,26.44
2026-06-06 08:30:15.834,0.0,0.0,0.0,0.0,0,0,7.91,26.44
2026-06-06 08:30:16.319,0.0,0.0,0.0,0.0,0,0,7.91,26.44
2026-06-06 08:30:16.818,0.0,0.0,0.0,0.0,0,0,7.91,26.44
2026-06-06 08:30:17.317,0.0,0.0,0.0,0.0,0,0,7.91,26.44
2026-06-06 08:30:17.818,0.0,0.0,0.0,0.0,0,0,7.91,26.44
2026-06-06 08:30:18.318,0.0,0.0,0.0,0.0,0,0,7.91,26.44
2026-06-06 08:30:18.818,0.0,0.0,0.0,0.0,0,0,7.91,26.44
2026-06-06 08:30:19.319,0.0,0.0,0.0,0.0,0,0,7.91,26.44
2026-06-06 08:30:19.817,0.0,0.0,0.0,0.0,0,0,7.91,26.44
2026-06-06 08:30:20.363,0.0,0.0,0.0,0.0,0,0,7.91,26.44
2026-06-06 08:30:20.812,0.0,0.0,0.0,0.0,0,0,7.91,26.44
2026-06-06 08:30:21.317,0.0,0.0,0.0,0.0,0,0,7.91,26.44
2026-06-06 08:30:21.840,0.0,0.0,0.0,0.0,0,0,7.91,26.44
2026-06-06 08:30:22.336,0.0,0.0,0.0,0.0,0,0,7.91,26.44
2026-06-06 08:30:22.843,0.0,0.0,0.0,0.0,0,0,7.91,26.44
2026-06-06 08:30:23.370,0.0,0.0,0.0,0.0,0,0,7.91,26.44
2026-06-06 08:30:23.814,0.0,0.0,0.0,0.0,0,0,7.91,26.44
2026-06-06 08:30:24.335,0.0,0.0,0.0,0.0,0,0,7.91,26.44
2026-06-06 08:30:24.832,0.0,0.0,0.0,0.0,0,0,7.91,26.44
2026-06-06 08:30:25.358,0.0,0.0,0.0,0.0,0,0,7.91,26.44
2026-06-06 08:30:25.866,0.0,0.0,0.0,0.0,0,0,7.91,26.44
2026-06-06 08:30:26.337,0.0,0.0,0.0,0.0,0,0,7.91,26.44
2026-06-06 08:30:26.840,0.0,0.0,0.0,0.0,0,0,7.91,26.44
2026-06-06 08:30:27.342,0.0,0.0,0.0,0.0,0,0,7.91,26.44
2026-06-06 08:30:27.840,0.0,0.0,0.0,0.0,0,0,7.91,26.44
2026-06-06 08:30:28.369,0.0,0.0,0.0,0.0,0,0,7.91,26.44
2026-06-06 08:30:28.840,0.0,0.0,0.0,0.0,0,0,7.91,26.44
2026-06-06 08:30:29.318,0.0,0.0,0.0,0.0,0,0,7.91,26.44
2026-06-06 08:30:29.819,0.0,0.0,0.0,0.0,0,0,7.91,26.44
2026-06-06 08:30:30.318,0.0,0.0,0.0,0.0,0,0,7.91,26.44
2026-06-06 08:30:30.862,0.0,0.0,0.0,0.0,0,0,7.91,26.44
2026-06-06 08:30:31.339,0.0,0.0,0.0,0.0,0,0,7.91,26.44
2026-06-06 08:30:31.862,0.0,0.0,0.0,0.0,0,0,7.91,26.44
2026-06-06 08:30:32.347,0.0,0.0,0.0,0.0,0,0,7.91,26.44
2026-06-06 08:30:32.867,0.0,0.0,0.0,0.0,0,0,7.91,26.44
2026-06-06 08:30:33.368,0.0,0.0,0.0,0.0,0,0,7.91,26.44
2026-06-06 08:30:33.840,0.0,0.0,0.0,0.0,0,0,7.91,26.44
2026-06-06 08:30:34.334,0.0,0.0,0.0,0.0,0,0,7.91,26.44
2026-06-06 08:30:34.832,0.0,0.0,0.0,0.0,0,0,7.91,26.44
2026-06-06 08:30:35.336,0.0,0.0,0.0,0.0,0,0,7.91,26.44
2026-06-06 08:30:35.837,0.0,0.0,0.0,0.0,0,0,7.91,26.44
2026-06-06 08:30:36.336,0.0,0.0,0.0,0.0,0,0,7.91,26.44
2026-06-06 08:30:36.836,0.0,0.0,0.0,0.0,0,0,7.91,26.44
2026-06-06 08:30:37.337,0.0,0.0,0.0,0.0,0,0,7.91,26.44
2026-06-06 08:30:37.836,0.0,0.0,0.0,0.0,0,0,7.91,26.44
2026-06-06 08:30:38.349,0.0,0.0,0.0,0.0,0,0,7.91,26.44
2026-06-06 08:30:38.851,0.0,0.0,0.0,0.0,0,0,7.91,26.44
2026-06-06 08:30:39.352,0.0,0.0,0.0,0.0,0,0,7.91,26.44
2026-06-06 08:30:39.849,0.0,0.0,0.0,0.0,0,0,7.91,26.44
2026-06-06 08:30:40.348,0.0,0.0,0.0,0.0,0,0,7.91,26.44
2026-06-06 08:30:40.834,0.0,0.0,0.0,0.0,0,0,7.91,26.44
2026-06-06 08:30:41.370,0.0,0.0,0.0,0.0,0,0,7.91,26.44
2026-06-06 08:30:41.855,0.0,0.0,0.0,0.0,0,0,7.91,26.44
2026-06-06 08:30:42.379,0.0,0.0,0.0,0.0,0,0,7.91,26.44
2026-06-06 08:30:42.869,0.0,0.0,0.0,0.0,0,0,7.91,26.44
2026-06-06 08:30:43.359,0.0,0.0,0.0,0.0,0,0,7.91,26.44
2026-06-06 08:30:43.851,0.0,0.0,0.0,0.0,0,0,7.91,26.44
2026-06-06 08:30:44.352,0.0,0.0,0.0,0.0,0,0,7.91,26.44
2026-06-06 08:30:44.857,0.0,0.0,0.0,0.0,0,0,7.91,26.44
2026-06-06 08:30:45.375,0.0,0.0,0.0,0.0,0,0,7.91,26.44
2026-06-06 08:30:45.832,0.0,0.0,0.0,0.0,0,0,7.91,26.44
2026-06-06 08:30:46.318,0.0,0.0,0.0,0.0,0,0,7.91,26.44
2026-06-06 08:30:46.884,0.0,0.0,0.0,0.0,0,0,7.91,26.44
2026-06-06 08:30:47.382,0.0,0.0,0.0,0.0,0,0,7.91,26.44
2026-06-06 08:30:47.879,0.0,0.0,0.0,0.0,0,0,7.91,26.44
2026-06-06 08:30:48.380,0.0,0.0,0.0,0.0,0,0,7.91,26.44
2026-06-06 08:30:48.861,0.0,0.0,0.0,0.0,0,0,7.91,26.44
2026-06-06 08:30:49.366,0.0,0.0,0.0,0.0,0,0,7.91,26.44
2026-06-06 08:30:49.868,0.0,0.0,0.0,0.0,0,0,7.91,26.44
2026-06-06 08:30:50.367,0.0,0.0,0.0,0.0,0,0,7.91,26.44
2026-06-06 08:30:50.854,0.0,0.0,0.0,0.0,0,0,7.91,26.44
2026-06-06 08:30:51.352,0.0,0.0,0.0,0.0,0,0,7.91,26.44
2026-06-06 08:30:51.838,0.0,0.0,0.0,0.0,0,0,7.91,26.44
2026-06-06 08:30:52.335,0.0,0.0,0.0,0.0,0,0,7.91,26.44
2026-06-06 08:30:52.837,0.0,0.0,0.0,0.0,0,0,7.91,26.44
2026-06-06 08:30:53.335,0.0,0.0,0.0,0.0,0,0,7.91,26.44
2026-06-06 08:30:53.838,0.0,0.0,0.0,0.0,0,0,7.91,26.44
2026-06-06 08:30:54.334,0.0,0.0,0.0,0.0,0,0,7.91,26.44
2026-06-06 08:30:54.839,0.0,0.0,0.0,0.0,0,0,7.91,26.44
2026-06-06 08:30:55.387,0.0,0.0,0.0,0.0,0,0,7.91,26.44
2026-06-06 08:30:55.886,0.0,0.0,0.0,0.0,0,0,7.91,26.44
2026-06-06 08:30:56.383,0.0,0.0,0.0,0.0,0,0,7.91,26.44
2026-06-06 08:30:56.885,0.0,0.0,0.0,0.0,0,0,7.91,26.44
2026-06-06 08:30:57.368,0.0,0.0,0.0,0.0,0,0,7.91,26.44
2026-06-06 08:30:57.838,0.0,0.0,0.0,0.0,0,0,7.91,26.44
2026-06-06 08:30:58.367,0.0,0.0,0.0,0.0,0,0,7.91,26.44
2026-06-06 08:30:58.867,0.0,0.0,0.0,0.0,0,0,7.91,26.44
2026-06-06 08:30:59.367,0.0,0.0,0.0,0.0,0,0,7.91,26.44
2026-06-06 08:30:59.888,0.0,0.0,0.0,0.0,0,0,7.91,26.44
2026-06-06 08:31:00.350,0.0,0.0,0.0,0.0,0,0,7.91,26.44
2026-06-06 08:31:00.837,0.0,0.0,0.0,0.0,0,0,7.91,26.44
2026-06-06 08:31:01.341,0.0,0.0,0.0,0.0,0,0,7.91,26.44
2026-06-06 08:31:01.887,0.0,0.0,0.0,0.0,0,0,7.91,26.44
2026-06-06 08:31:02.366,0.0,0.0,0.0,0.0,0,0,7.91,26.44
2026-06-06 08:31:02.868,0.0,0.0,0.0,0.0,0,0,7.91,26.44
2026-06-06 08:31:03.368,0.0,0.0,0.0,0.0,0,0,7.91,26.44
2026-06-06 08:31:03.868,0.0,0.0,0.0,0.0,0,0,7.91,26.44
2026-06-06 08:31:04.366,0.0,0.0,0.0,0.0,0,0,7.91,26.44
2026-06-06 08:31:04.838,0.0,0.0,0.0,0.0,0,0,7.91,26.44
2026-06-06 08:31:05.363,0.0,0.0,0.0,0.0,0,0,7.91,26.44
2026-06-06 08:31:06.081,0.0,0.0,0.0,0.0,0,0,7.91,26.44
2026-06-06 08:31:06.380,0.0,0.0,0.0,0.0,0,0,7.91,26.44
2026-06-06 08:31:06.382,0.0,0.0,0.0,0.0,0,0,7.91,26.44
2026-06-06 08:31:06.858,0.0,0.0,0.0,0.0,0,0,7.91,26.44
2026-06-06 08:31:07.338,0.0,0.0,0.0,0.0,0,0,7.91,26.44
2026-06-06 08:31:07.838,0.0,0.0,0.0,0.0,0,0,7.91,26.44
2026-06-06 08:31:08.341,0.0,0.0,0.0,0.0,0,0,7.91,26.44
2026-06-06 08:31:08.868,0.0,0.0,0.0,0.0,0,0,7.91,26.44
2026-06-06 08:31:09.360,0.0,0.0,0.0,0.0,0,0,7.91,26.44
2026-06-06 08:31:09.868,0.0,0.0,0.0,0.0,0,0,7.91,26.44
2026-06-06 08:31:10.367,0.0,0.0,0.0,0.0,0,0,7.91,26.44
2026-06-06 08:31:10.870,0.0,0.0,0.0,0.0,0,0,7.91,26.44
2026-06-06 08:31:11.374,0.0,0.0,0.0,0.0,0,0,7.91,26.44
2026-06-06 08:31:11.839,0.0,0.0,0.0,0.0,0,0,7.91,26.44
2026-06-06 08:31:12.372,0.0,0.0,0.0,0.0,0,0,7.91,26.44
2026-06-06 08:31:12.868,0.0,0.0,0.0,0.0,0,0,7.91,26.44
2026-06-06 08:31:13.368,0.0,0.0,0.0,0.0,0,0,7.91,26.44
2026-06-06 08:31:13.869,0.0,0.0,0.0,0.0,0,0,7.91,26.44
2026-06-06 08:31:14.367,0.0,0.0,0.0,0.0,0,0,7.91,26.44
2026-06-06 08:31:14.874,0.0,0.0,0.0,0.0,0,0,7.91,26.44
2026-06-06 08:31:15.340,0.0,0.0,0.0,0.0,0,0,7.91,26.44
2026-06-06 08:31:15.841,0.0,0.0,0.0,0.0,0,0,7.91,26.44
2026-06-06 08:31:16.351,0.0,0.0,0.0,0.0,0,0,7.91,26.44
2026-06-06 08:31:16.842,0.0,0.0,0.0,0.0,0,0,7.91,26.44
2026-06-06 08:31:17.341,0.0,0.0,0.0,0.0,0,0,7.91,26.44
2026-06-06 08:31:17.839,0.0,0.0,0.0,0.0,0,0,7.91,26.44
2026-06-06 08:31:18.383,0.0,0.0,0.0,0.0,0,0,7.91,26.44
2026-06-06 08:31:18.868,0.0,0.0,0.0,0.0,0,0,7.91,26.44
2026-06-06 08:31:19.339,0.0,0.0,0.0,0.0,0,0,7.91,26.44
2026-06-06 08:31:19.840,0.0,0.0,0.0,0.0,0,0,7.91,26.44
2026-06-06 08:31:20.402,0.0,0.0,0.0,0.0,0,0,7.91,26.44
2026-06-06 08:31:20.870,0.0,0.0,0.0,0.0,0,0,7.91,26.44
2026-06-06 08:31:21.368,0.0,0.0,0.0,0.0,0,0,7.91,26.44
2026-06-06 08:31:21.873,0.0,0.0,0.0,0.0,0,0,7.91,26.44
2026-06-06 08:31:22.367,0.0,0.0,0.0,0.0,0,0,7.91,26.44
2026-06-06 08:31:22.870,0.0,0.0,0.0,0.0,0,0,7.91,26.44
2026-06-06 08:31:23.369,0.0,0.0,0.0,0.0,0,0,7.91,26.44
2026-06-06 08:31:23.874,0.0,0.0,0.0,0.0,0,0,7.91,26.44
2026-06-06 08:31:24.383,0.0,0.0,0.0,0.0,0,0,7.91,26.44
2026-06-06 08:31:24.870,0.0,0.0,0.0,0.0,0,0,7.91,26.44
2026-06-06 08:31:25.398,0.0,0.0,0.0,0.0,0,0,7.91,26.44
2026-06-06 08:31:25.867,0.0,0.0,0.0,0.0,0,0,7.91,26.44
2026-06-06 08:31:26.382,0.0,0.0,0.0,0.0,0,0,7.91,26.44
2026-06-06 08:31:26.869,0.0,0.0,0.0,0.0,0,0,7.91,26.44
2026-06-06 08:31:27.368,0.0,0.0,0.0,0.0,0,0,7.91,26.44
2026-06-06 08:31:27.869,0.0,0.0,0.0,0.0,0,0,7.91,26.44
2026-06-06 08:31:28.350,0.0,0.0,0.0,0.0,0,0,7.91,26.44
2026-06-06 08:31:28.854,0.0,0.0,0.0,0.0,0,0,7.91,26.44
2026-06-06 08:31:29.348,0.0,0.0,0.0,0.0,0,0,7.91,26.44
2026-06-06 08:31:29.851,0.0,0.0,0.0,0.0,0,0,7.91,26.44
2026-06-06 08:31:30.348,0.0,0.0,0.0,0.0,0,0,7.91,26.44
2026-06-06 08:31:30.850,0.0,0.0,0.0,0.0,0,0,7.91,26.44
2026-06-06 08:31:31.348,0.0,0.0,0.0,0.0,0,0,7.91,26.44
2026-06-06 08:31:31.853,0.0,0.0,0.0,0.0,0,0,7.91,26.44
2026-06-06 08:31:32.351,0.0,0.0,0.0,0.0,0,0,7.91,26.44
2026-06-06 08:31:32.894,0.0,0.0,0.0,0.0,0,0,7.91,26.44
2026-06-06 08:31:33.393,0.0,0.0,0.0,0.0,0,0,7.91,26.44
2026-06-06 08:31:33.882,0.0,0.0,0.0,0.0,0,0,7.91,26.44
2026-06-06 08:31:34.381,0.0,0.0,0.0,0.0,0,0,7.91,26.44
2026-06-06 08:31:34.837,0.0,0.0,0.0,0.0,0,0,7.91,26.44
2026-06-06 08:31:35.387,0.0,0.0,0.0,0.0,0,0,7.91,26.44
2026-06-06 08:31:35.886,0.0,0.0,0.0,0.0,0,0,7.91,26.44
2026-06-06 08:31:36.382,0.0,0.0,0.0,0.0,0,0,7.91,26.44
2026-06-06 08:31:36.896,0.0,0.0,0.0,0.0,0,0,7.91,26.44
2026-06-06 08:31:37.398,0.0,0.0,0.0,0.0,0,0,7.91,26.44
2026-06-06 08:31:38.049,0.0,0.0,0.0,0.0,0,0,7.91,26.44
2026-06-06 08:31:38.453,0.0,0.0,0.0,0.0,0,0,7.91,26.44
2026-06-06 08:31:38.456,0.0,0.0,0.0,0.0,0,0,7.91,26.44
2026-06-06 08:31:38.872,0.0,0.0,0.0,0.0,0,0,7.91,26.44
2026-06-06 08:31:39.386,0.0,0.0,0.0,0.0,0,0,7.91,26.44
2026-06-06 08:31:39.906,0.0,0.0,0.0,0.0,0,0,7.91,26.44
2026-06-06 08:31:40.398,0.0,0.0,0.0,0.0,0,0,7.91,26.44
2026-06-06 08:31:40.852,0.0,0.0,0.0,0.0,0,0,7.91,26.44
2026-06-06 08:31:41.369,0.0,0.0,0.0,0.0,0,0,7.91,26.44
2026-06-06 08:31:41.874,0.0,0.0,0.0,0.0,0,0,7.91,26.44
2026-06-06 08:31:42.367,0.0,0.0,0.0,0.0,0,0,7.91,26.44
2026-06-06 08:31:42.866,0.0,0.0,0.0,0.0,0,0,7.91,26.44
2026-06-06 08:31:43.352,0.0,0.0,0.0,0.0,0,0,7.91,26.44
2026-06-06 08:31:43.915,0.0,0.0,0.0,0.0,0,0,7.91,26.44
2026-06-06 08:31:44.353,0.0,0.0,0.0,0.0,0,0,7.91,26.44
2026-06-06 08:31:44.919,0.0,0.0,0.0,0.0,0,0,7.91,26.44
2026-06-06 08:31:45.415,0.0,0.0,0.0,0.0,0,0,7.91,26.44
2026-06-06 08:31:45.911,0.0,0.0,0.0,0.0,0,0,7.91,26.44
2026-06-06 08:31:46.401,0.0,0.0,0.0,0.0,0,0,7.91,26.44
2026-06-06 08:31:46.849,0.0,0.0,0.0,0.0,0,0,7.91,26.44
2026-06-06 08:31:47.413,0.0,0.0,0.0,0.0,0,0,7.91,26.44
2026-06-06 08:31:47.850,0.0,0.0,0.0,0.0,0,0,7.91,26.44
2026-06-06 08:31:48.424,0.0,0.0,0.0,0.0,0,0,7.91,26.44
2026-06-06 08:31:48.865,0.0,0.0,0.0,0.0,0,0,7.91,26.44
2026-06-06 08:31:49.391,0.0,0.0,0.0,0.0,0,0,7.91,26.44
2026-06-06 08:31:49.887,0.0,0.0,0.0,0.0,0,0,7.91,26.44
2026-06-06 08:31:50.398,0.0,0.0,0.0,0.0,0,0,7.91,26.44
2026-06-06 08:31:50.889,0.0,0.0,0.0,0.0,0,0,7.91,26.44
2026-06-06 08:31:51.369,0.0,0.0,0.0,0.0,0,0,7.91,26.44
2026-06-06 08:31:51.864,0.0,0.0,0.0,0.0,0,0,7.91,26.44
2026-06-06 08:31:52.364,0.0,0.0,0.0,0.0,0,0,7.91,26.44
2026-06-06 08:31:52.868,0.0,0.0,0.0,0.0,0,0,7.91,26.44
2026-06-06 08:31:53.362,0.0,0.0,0.0,0.0,0,0,7.91,26.44
2026-06-06 08:31:53.864,0.0,0.0,0.0,0.0,0,0,7.91,26.44
2026-06-06 08:31:54.362,0.0,0.0,0.0,0.0,0,0,7.91,26.44
2026-06-06 08:31:54.874,0.0,0.0,0.0,0.0,0,0,7.91,26.44
2026-06-06 08:31:55.358,0.0,0.0,0.0,0.0,0,0,7.91,26.44
2026-06-06 08:31:55.903,0.0,0.0,0.0,0.0,0,0,7.91,26.44
2026-06-06 08:31:56.382,0.0,0.0,0.0,0.0,0,0,7.91,26.44
2026-06-06 08:31:56.869,0.0,0.0,0.0,0.0,0,0,7.91,26.44
2026-06-06 08:31:57.369,0.0,0.0,0.0,0.0,0,0,7.91,26.44
2026-06-06 08:31:57.854,0.0,0.0,0.0,0.0,0,0,7.91,26.44
2026-06-06 08:31:58.359,0.0,0.0,0.0,0.0,0,0,7.91,26.44
2026-06-06 08:31:58.876,0.0,0.0,0.0,0.0,0,0,7.91,26.44
2026-06-06 08:31:59.377,0.0,0.0,0.0,0.0,0,0,7.91,26.44
